system:index,fecha,precipitacion_mm,.geo
20130101,2013-01-01,0.0,"{""type"":""MultiPoint"",""coordinates"":[]}"
20130102,2013-01-02,0.0,"{""type"":""MultiPoint"",""coordinates"":[]}"
20130103,2013-01-03,0.0,"{""type"":""MultiPoint"",""coordinates"":[]}"
20130104,2013-01-04,0.0,"{""type"":""MultiPoint"",""coordinates"":[]}"
20130105,2013-01-05,11.674400329589844,"{""type"":""MultiPoint"",""coordinates"":[]}"
20130106,2013-01-06,0.0,"{""type"":""MultiPoint"",""coordinates"":[]}"
20130107,2013-01-07,0.0,"{""type"":""MultiPoint"",""coordinates"":[]}"
20130108,2013-01-08,0.0,"{""type"":""MultiPoint"",""coordinates"":[]}"
20130109,2013-01-09,0.0,"{""type"":""MultiPoint"",""coordinates"":[]}"
20130110,2013-01-10,5.960344314575195,"{""type"":""MultiPoint"",""coordinates"":[]}"
20130111,2013-01-11,0.0,"{""type"":""MultiPoint"",""coordinates"":[]}"
20130112,2013-01-12,0.0,"{""type"":""MultiPoint"",""coordinates"":[]}"
20130113,2013-01-13,0.0,"{""type"":""MultiPoint"",""coordinates"":[]}"
20130114,2013-01-14,7.040803909301758,"{""type"":""MultiPoint"",""coordinates"":[]}"
20130115,2013-01-15,6.735288619995117,"{""type"":""MultiPoint"",""coordinates"":[]}"
20130116,2013-01-16,0.0,"{""type"":""MultiPoint"",""coordinates"":[]}"
20130117,2013-01-17,5.609082221984863,"{""type"":""MultiPoint"",""coordinates"":[]}"
20130118,2013-01-18,0.0,"{""type"":""MultiPoint"",""coordinates"":[]}"
20130119,2013-01-19,0.0,"{""type"":""MultiPoint"",""coordinates"":[]}"
20130120,2013-01-20,0.0,"{""type"":""MultiPoint"",""coordinates"":[]}"
20130121,2013-01-21,0.0,"{""type"":""MultiPoint"",""coordinates"":[]}"
20130122,2013-01-22,0.0,"{""type"":""MultiPoint"",""coordinates"":[]}"
20130123,2013-01-23,0.0,"{""type"":""MultiPoint"",""coordinates"":[]}"
20130124,2013-01-24,0.0,"{""type"":""MultiPoint"",""coordinates"":[]}"
20130125,2013-01-25,7.409856796264648,"{""type"":""MultiPoint"",""coordinates"":[]}"
20130126,2013-01-26,0.0,"{""type"":""MultiPoint"",""coordinates"":[]}"
20130127,2013-01-27,0.0,"{""type"":""MultiPoint"",""coordinates"":[]}"
20130128,2013-01-28,0.0,"{""type"":""MultiPoint"",""coordinates"":[]}"
20130129,2013-01-29,0.0,"{""type"":""MultiPoint"",""coordinates"":[]}"
20130130,2013-01-30,0.0,"{""type"":""MultiPoint"",""coordinates"":[]}"
20130131,2013-01-31,14.636449813842773,"{""type"":""MultiPoint"",""coordinates"":[]}"
20130201,2013-02-01,0.0,"{""type"":""MultiPoint"",""coordinates"":[]}"
20130202,2013-02-02,0.0,"{""type"":""MultiPoint"",""coordinates"":[]}"
20130203,2013-02-03,0.0,"{""type"":""MultiPoint"",""coordinates"":[]}"
20130204,2013-02-04,0.0,"{""type"":""MultiPoint"",""coordinates"":[]}"
20130205,2013-02-05,40.21979904174805,"{""type"":""MultiPoint"",""coordinates"":[]}"
20130206,2013-02-06,15.5253324508667,"{""type"":""MultiPoint"",""coordinates"":[]}"
20130207,2013-02-07,0.0,"{""type"":""MultiPoint"",""coordinates"":[]}"
20130208,2013-02-08,15.5253324508667,"{""type"":""MultiPoint"",""coordinates"":[]}"
20130209,2013-02-09,31.0506649017334,"{""type"":""MultiPoint"",""coordinates"":[]}"
20130210,2013-02-10,0.0,"{""type"":""MultiPoint"",""coordinates"":[]}"
20130211,2013-02-11,0.0,"{""type"":""MultiPoint"",""coordinates"":[]}"
20130212,2013-02-12,0.0,"{""type"":""MultiPoint"",""coordinates"":[]}"
20130213,2013-02-13,0.0,"{""type"":""MultiPoint"",""coordinates"":[]}"
20130214,2013-02-14,20.486940383911133,"{""type"":""MultiPoint"",""coordinates"":[]}"
20130215,2013-02-15,0.0,"{""type"":""MultiPoint"",""coordinates"":[]}"
20130216,2013-02-16,0.0,"{""type"":""MultiPoint"",""coordinates"":[]}"
20130217,2013-02-17,22.78708267211914,"{""type"":""MultiPoint"",""coordinates"":[]}"
20130218,2013-02-18,0.0,"{""type"":""MultiPoint"",""coordinates"":[]}"
20130219,2013-02-19,0.0,"{""type"":""MultiPoint"",""coordinates"":[]}"
20130220,2013-02-20,22.78708267211914,"{""type"":""MultiPoint"",""coordinates"":[]}"
20130221,2013-02-21,0.0,"{""type"":""MultiPoint"",""coordinates"":[]}"
20130222,2013-02-22,7.945300579071045,"{""type"":""MultiPoint"",""coordinates"":[]}"
20130223,2013-02-23,0.0,"{""type"":""MultiPoint"",""coordinates"":[]}"
20130224,2013-02-24,3.9726502895355225,"{""type"":""MultiPoint"",""coordinates"":[]}"
20130225,2013-02-25,0.0,"{""type"":""MultiPoint"",""coordinates"":[]}"
20130226,2013-02-26,0.0,"{""type"":""MultiPoint"",""coordinates"":[]}"
20130227,2013-02-27,0.0,"{""type"":""MultiPoint"",""coordinates"":[]}"
20130228,2013-02-28,0.0,"{""type"":""MultiPoint"",""coordinates"":[]}"
20130301,2013-03-01,0.0,"{""type"":""MultiPoint"",""coordinates"":[]}"
20130302,2013-03-02,0.0,"{""type"":""MultiPoint"",""coordinates"":[]}"
20130303,2013-03-03,0.0,"{""type"":""MultiPoint"",""coordinates"":[]}"
20130304,2013-03-04,8.942488670349121,"{""type"":""MultiPoint"",""coordinates"":[]}"
20130305,2013-03-05,0.0,"{""type"":""MultiPoint"",""coordinates"":[]}"
20130306,2013-03-06,4.589815139770508,"{""type"":""MultiPoint"",""coordinates"":[]}"
20130307,2013-03-07,18.35926055908203,"{""type"":""MultiPoint"",""coordinates"":[]}"
20130308,2013-03-08,0.0,"{""type"":""MultiPoint"",""coordinates"":[]}"
20130309,2013-03-09,0.0,"{""type"":""MultiPoint"",""coordinates"":[]}"
20130310,2013-03-10,0.0,"{""type"":""MultiPoint"",""coordinates"":[]}"
20130311,2013-03-11,0.0,"{""type"":""MultiPoint"",""coordinates"":[]}"
20130312,2013-03-12,0.0,"{""type"":""MultiPoint"",""coordinates"":[]}"
20130313,2013-03-13,0.0,"{""type"":""MultiPoint"",""coordinates"":[]}"
20130314,2013-03-14,13.799306869506836,"{""type"":""MultiPoint"",""coordinates"":[]}"
20130315,2013-03-15,27.598613739013672,"{""type"":""MultiPoint"",""coordinates"":[]}"
20130316,2013-03-16,0.0,"{""type"":""MultiPoint"",""coordinates"":[]}"
20130317,2013-03-17,10.199529647827148,"{""type"":""MultiPoint"",""coordinates"":[]}"
20130318,2013-03-18,20.399059295654297,"{""type"":""MultiPoint"",""coordinates"":[]}"
20130319,2013-03-19,0.0,"{""type"":""MultiPoint"",""coordinates"":[]}"
20130320,2013-03-20,0.0,"{""type"":""MultiPoint"",""coordinates"":[]}"
20130321,2013-03-21,4.4829792976379395,"{""type"":""MultiPoint"",""coordinates"":[]}"
20130322,2013-03-22,6.724469184875488,"{""type"":""MultiPoint"",""coordinates"":[]}"
20130323,2013-03-23,11.20744800567627,"{""type"":""MultiPoint"",""coordinates"":[]}"
20130324,2013-03-24,2.2414896488189697,"{""type"":""MultiPoint"",""coordinates"":[]}"
20130325,2013-03-25,2.2414896488189697,"{""type"":""MultiPoint"",""coordinates"":[]}"
20130326,2013-03-26,10.87929916381836,"{""type"":""MultiPoint"",""coordinates"":[]}"
20130327,2013-03-27,0.0,"{""type"":""MultiPoint"",""coordinates"":[]}"
20130328,2013-03-28,0.0,"{""type"":""MultiPoint"",""coordinates"":[]}"
20130329,2013-03-29,0.0,"{""type"":""MultiPoint"",""coordinates"":[]}"
20130330,2013-03-30,0.0,"{""type"":""MultiPoint"",""coordinates"":[]}"
20130331,2013-03-31,0.0,"{""type"":""MultiPoint"",""coordinates"":[]}"
20130401,2013-04-01,0.0,"{""type"":""MultiPoint"",""coordinates"":[]}"
20130402,2013-04-02,7.412346363067627,"{""type"":""MultiPoint"",""coordinates"":[]}"
20130403,2013-04-03,3.7061731815338135,"{""type"":""MultiPoint"",""coordinates"":[]}"
20130404,2013-04-04,0.0,"{""type"":""MultiPoint"",""coordinates"":[]}"
20130405,2013-04-05,3.7061731815338135,"{""type"":""MultiPoint"",""coordinates"":[]}"
20130406,2013-04-06,0.0,"{""type"":""MultiPoint"",""coordinates"":[]}"
20130407,2013-04-07,4.16347074508667,"{""type"":""MultiPoint"",""coordinates"":[]}"
20130408,2013-04-08,12.490412712097168,"{""type"":""MultiPoint"",""coordinates"":[]}"
20130409,2013-04-09,12.490412712097168,"{""type"":""MultiPoint"",""coordinates"":[]}"
20130410,2013-04-10,4.16347074508667,"{""type"":""MultiPoint"",""coordinates"":[]}"
20130411,2013-04-11,0.0,"{""type"":""MultiPoint"",""coordinates"":[]}"
20130412,2013-04-12,4.14926815032959,"{""type"":""MultiPoint"",""coordinates"":[]}"
20130413,2013-04-13,0.0,"{""type"":""MultiPoint"",""coordinates"":[]}"
20130414,2013-04-14,16.59707260131836,"{""type"":""MultiPoint"",""coordinates"":[]}"
20130415,2013-04-15,0.0,"{""type"":""MultiPoint"",""coordinates"":[]}"
20130416,2013-04-16,0.0,"{""type"":""MultiPoint"",""coordinates"":[]}"
20130417,2013-04-17,10.700002670288086,"{""type"":""MultiPoint"",""coordinates"":[]}"
20130418,2013-04-18,32.10000991821289,"{""type"":""MultiPoint"",""coordinates"":[]}"
20130419,2013-04-19,21.400005340576172,"{""type"":""MultiPoint"",""coordinates"":[]}"
20130420,2013-04-20,0.0,"{""type"":""MultiPoint"",""coordinates"":[]}"
20130421,2013-04-21,14.078221321105957,"{""type"":""MultiPoint"",""coordinates"":[]}"
20130422,2013-04-22,0.0,"{""type"":""MultiPoint"",""coordinates"":[]}"
20130423,2013-04-23,0.0,"{""type"":""MultiPoint"",""coordinates"":[]}"
20130424,2013-04-24,14.078221321105957,"{""type"":""MultiPoint"",""coordinates"":[]}"
20130425,2013-04-25,0.0,"{""type"":""MultiPoint"",""coordinates"":[]}"
20130426,2013-04-26,0.0,"{""type"":""MultiPoint"",""coordinates"":[]}"
20130427,2013-04-27,9.157049179077148,"{""type"":""MultiPoint"",""coordinates"":[]}"
20130428,2013-04-28,18.314098358154297,"{""type"":""MultiPoint"",""coordinates"":[]}"
20130429,2013-04-29,9.157049179077148,"{""type"":""MultiPoint"",""coordinates"":[]}"
20130430,2013-04-30,9.157049179077148,"{""type"":""MultiPoint"",""coordinates"":[]}"
20130501,2013-05-01,23.7000675201416,"{""type"":""MultiPoint"",""coordinates"":[]}"
20130502,2013-05-02,23.7000675201416,"{""type"":""MultiPoint"",""coordinates"":[]}"
20130503,2013-05-03,11.8500337600708,"{""type"":""MultiPoint"",""coordinates"":[]}"
20130504,2013-05-04,0.0,"{""type"":""MultiPoint"",""coordinates"":[]}"
20130505,2013-05-05,35.55010223388672,"{""type"":""MultiPoint"",""coordinates"":[]}"
20130506,2013-05-06,0.0,"{""type"":""MultiPoint"",""coordinates"":[]}"
20130507,2013-05-07,6.617771625518799,"{""type"":""MultiPoint"",""coordinates"":[]}"
20130508,2013-05-08,0.0,"{""type"":""MultiPoint"",""coordinates"":[]}"
20130509,2013-05-09,0.0,"{""type"":""MultiPoint"",""coordinates"":[]}"
20130510,2013-05-10,13.235543251037598,"{""type"":""MultiPoint"",""coordinates"":[]}"
20130511,2013-05-11,0.0,"{""type"":""MultiPoint"",""coordinates"":[]}"
20130512,2013-05-12,0.0,"{""type"":""MultiPoint"",""coordinates"":[]}"
20130513,2013-05-13,5.252386569976807,"{""type"":""MultiPoint"",""coordinates"":[]}"
20130514,2013-05-14,5.252386569976807,"{""type"":""MultiPoint"",""coordinates"":[]}"
20130515,2013-05-15,5.252386569976807,"{""type"":""MultiPoint"",""coordinates"":[]}"
20130516,2013-05-16,0.0,"{""type"":""MultiPoint"",""coordinates"":[]}"
20130517,2013-05-17,25.905200958251953,"{""type"":""MultiPoint"",""coordinates"":[]}"
20130518,2013-05-18,0.0,"{""type"":""MultiPoint"",""coordinates"":[]}"
20130519,2013-05-19,0.0,"{""type"":""MultiPoint"",""coordinates"":[]}"
20130520,2013-05-20,0.0,"{""type"":""MultiPoint"",""coordinates"":[]}"
20130521,2013-05-21,11.991460800170898,"{""type"":""MultiPoint"",""coordinates"":[]}"
20130522,2013-05-22,0.0,"{""type"":""MultiPoint"",""coordinates"":[]}"
20130523,2013-05-23,5.995730400085449,"{""type"":""MultiPoint"",""coordinates"":[]}"
20130524,2013-05-24,11.991460800170898,"{""type"":""MultiPoint"",""coordinates"":[]}"
20130525,2013-05-25,0.0,"{""type"":""MultiPoint"",""coordinates"":[]}"
20130526,2013-05-26,9.191234588623047,"{""type"":""MultiPoint"",""coordinates"":[]}"
20130527,2013-05-27,4.702705383300781,"{""type"":""MultiPoint"",""coordinates"":[]}"
20130528,2013-05-28,2.5006093978881836,"{""type"":""MultiPoint"",""coordinates"":[]}"
20130529,2013-05-29,9.191234588623047,"{""type"":""MultiPoint"",""coordinates"":[]}"
20130530,2013-05-30,4.595617294311523,"{""type"":""MultiPoint"",""coordinates"":[]}"
20130531,2013-05-31,13.786852836608887,"{""type"":""MultiPoint"",""coordinates"":[]}"
20130601,2013-06-01,0.0,"{""type"":""MultiPoint"",""coordinates"":[]}"
20130602,2013-06-02,0.0,"{""type"":""MultiPoint"",""coordinates"":[]}"
20130603,2013-06-03,8.905121803283691,"{""type"":""MultiPoint"",""coordinates"":[]}"
20130604,2013-06-04,0.0,"{""type"":""MultiPoint"",""coordinates"":[]}"
20130605,2013-06-05,0.0,"{""type"":""MultiPoint"",""coordinates"":[]}"
20130606,2013-06-06,0.0,"{""type"":""MultiPoint"",""coordinates"":[]}"
20130607,2013-06-07,0.0,"{""type"":""MultiPoint"",""coordinates"":[]}"
20130608,2013-06-08,0.0,"{""type"":""MultiPoint"",""coordinates"":[]}"
20130609,2013-06-09,0.0,"{""type"":""MultiPoint"",""coordinates"":[]}"
20130610,2013-06-10,0.0,"{""type"":""MultiPoint"",""coordinates"":[]}"
20130611,2013-06-11,0.0,"{""type"":""MultiPoint"",""coordinates"":[]}"
20130612,2013-06-12,0.0,"{""type"":""MultiPoint"",""coordinates"":[]}"
20130613,2013-06-13,0.0,"{""type"":""MultiPoint"",""coordinates"":[]}"
20130614,2013-06-14,0.0,"{""type"":""MultiPoint"",""coordinates"":[]}"
20130615,2013-06-15,8.740763664245605,"{""type"":""MultiPoint"",""coordinates"":[]}"
20130616,2013-06-16,0.0,"{""type"":""MultiPoint"",""coordinates"":[]}"
20130617,2013-06-17,0.0,"{""type"":""MultiPoint"",""coordinates"":[]}"
20130618,2013-06-18,0.0,"{""type"":""MultiPoint"",""coordinates"":[]}"
20130619,2013-06-19,0.0,"{""type"":""MultiPoint"",""coordinates"":[]}"
20130620,2013-06-20,0.0,"{""type"":""MultiPoint"",""coordinates"":[]}"
20130621,2013-06-21,0.0,"{""type"":""MultiPoint"",""coordinates"":[]}"
20130622,2013-06-22,0.0,"{""type"":""MultiPoint"",""coordinates"":[]}"
20130623,2013-06-23,0.0,"{""type"":""MultiPoint"",""coordinates"":[]}"
20130624,2013-06-24,7.186386585235596,"{""type"":""MultiPoint"",""coordinates"":[]}"
20130625,2013-06-25,3.593193292617798,"{""type"":""MultiPoint"",""coordinates"":[]}"
20130626,2013-06-26,0.0,"{""type"":""MultiPoint"",""coordinates"":[]}"
20130627,2013-06-27,0.0,"{""type"":""MultiPoint"",""coordinates"":[]}"
20130628,2013-06-28,14.52334976196289,"{""type"":""MultiPoint"",""coordinates"":[]}"
20130629,2013-06-29,7.261674880981445,"{""type"":""MultiPoint"",""coordinates"":[]}"
20130630,2013-06-30,0.0,"{""type"":""MultiPoint"",""coordinates"":[]}"
20130701,2013-07-01,5.010361671447754,"{""type"":""MultiPoint"",""coordinates"":[]}"
20130702,2013-07-02,0.0,"{""type"":""MultiPoint"",""coordinates"":[]}"
20130703,2013-07-03,5.010361671447754,"{""type"":""MultiPoint"",""coordinates"":[]}"
20130704,2013-07-04,5.010361671447754,"{""type"":""MultiPoint"",""coordinates"":[]}"
20130705,2013-07-05,0.0,"{""type"":""MultiPoint"",""coordinates"":[]}"
20130706,2013-07-06,0.0,"{""type"":""MultiPoint"",""coordinates"":[]}"
20130707,2013-07-07,0.0,"{""type"":""MultiPoint"",""coordinates"":[]}"
20130708,2013-07-08,0.0,"{""type"":""MultiPoint"",""coordinates"":[]}"
20130709,2013-07-09,0.0,"{""type"":""MultiPoint"",""coordinates"":[]}"
20130710,2013-07-10,0.0,"{""type"":""MultiPoint"",""coordinates"":[]}"
20130711,2013-07-11,0.0,"{""type"":""MultiPoint"",""coordinates"":[]}"
20130712,2013-07-12,0.0,"{""type"":""MultiPoint"",""coordinates"":[]}"
20130713,2013-07-13,0.0,"{""type"":""MultiPoint"",""coordinates"":[]}"
20130714,2013-07-14,0.0,"{""type"":""MultiPoint"",""coordinates"":[]}"
20130715,2013-07-15,0.0,"{""type"":""MultiPoint"",""coordinates"":[]}"
20130716,2013-07-16,0.0,"{""type"":""MultiPoint"",""coordinates"":[]}"
20130717,2013-07-17,0.0,"{""type"":""MultiPoint"",""coordinates"":[]}"
20130718,2013-07-18,0.0,"{""type"":""MultiPoint"",""coordinates"":[]}"
20130719,2013-07-19,2.1885814666748047,"{""type"":""MultiPoint"",""coordinates"":[]}"
20130720,2013-07-20,0.7295271158218384,"{""type"":""MultiPoint"",""coordinates"":[]}"
20130721,2013-07-21,0.0,"{""type"":""MultiPoint"",""coordinates"":[]}"
20130722,2013-07-22,1.0341459512710571,"{""type"":""MultiPoint"",""coordinates"":[]}"
20130723,2013-07-23,1.0341459512710571,"{""type"":""MultiPoint"",""coordinates"":[]}"
20130724,2013-07-24,0.0,"{""type"":""MultiPoint"",""coordinates"":[]}"
20130725,2013-07-25,0.0,"{""type"":""MultiPoint"",""coordinates"":[]}"
20130726,2013-07-26,2.6179087162017822,"{""type"":""MultiPoint"",""coordinates"":[]}"
20130727,2013-07-27,0.0,"{""type"":""MultiPoint"",""coordinates"":[]}"
20130728,2013-07-28,0.0,"{""type"":""MultiPoint"",""coordinates"":[]}"
20130729,2013-07-29,0.0,"{""type"":""MultiPoint"",""coordinates"":[]}"
20130730,2013-07-30,0.0,"{""type"":""MultiPoint"",""coordinates"":[]}"
20130731,2013-07-31,0.0,"{""type"":""MultiPoint"",""coordinates"":[]}"
20130801,2013-08-01,0.0,"{""type"":""MultiPoint"",""coordinates"":[]}"
20130802,2013-08-02,0.0,"{""type"":""MultiPoint"",""coordinates"":[]}"
20130803,2013-08-03,0.0,"{""type"":""MultiPoint"",""coordinates"":[]}"
20130804,2013-08-04,0.0,"{""type"":""MultiPoint"",""coordinates"":[]}"
20130805,2013-08-05,0.0,"{""type"":""MultiPoint"",""coordinates"":[]}"
20130806,2013-08-06,0.0,"{""type"":""MultiPoint"",""coordinates"":[]}"
20130807,2013-08-07,7.22182559967041,"{""type"":""MultiPoint"",""coordinates"":[]}"
20130808,2013-08-08,7.22182559967041,"{""type"":""MultiPoint"",""coordinates"":[]}"
20130809,2013-08-09,7.22182559967041,"{""type"":""MultiPoint"",""coordinates"":[]}"
20130810,2013-08-10,0.0,"{""type"":""MultiPoint"",""coordinates"":[]}"
20130811,2013-08-11,8.075077056884766,"{""type"":""MultiPoint"",""coordinates"":[]}"
20130812,2013-08-12,4.037538528442383,"{""type"":""MultiPoint"",""coordinates"":[]}"
20130813,2013-08-13,8.075077056884766,"{""type"":""MultiPoint"",""coordinates"":[]}"
20130814,2013-08-14,4.037538528442383,"{""type"":""MultiPoint"",""coordinates"":[]}"
20130815,2013-08-15,0.0,"{""type"":""MultiPoint"",""coordinates"":[]}"
20130816,2013-08-16,5.680823802947998,"{""type"":""MultiPoint"",""coordinates"":[]}"
20130817,2013-08-17,0.0,"{""type"":""MultiPoint"",""coordinates"":[]}"
20130818,2013-08-18,1.7598720788955688,"{""type"":""MultiPoint"",""coordinates"":[]}"
20130819,2013-08-19,0.7461199760437012,"{""type"":""MultiPoint"",""coordinates"":[]}"
20130820,2013-08-20,1.1550406217575073,"{""type"":""MultiPoint"",""coordinates"":[]}"
20130821,2013-08-21,1.0911626815795898,"{""type"":""MultiPoint"",""coordinates"":[]}"
20130822,2013-08-22,0.0,"{""type"":""MultiPoint"",""coordinates"":[]}"
20130823,2013-08-23,0.0,"{""type"":""MultiPoint"",""coordinates"":[]}"
20130824,2013-08-24,9.87313461303711,"{""type"":""MultiPoint"",""coordinates"":[]}"
20130825,2013-08-25,0.0,"{""type"":""MultiPoint"",""coordinates"":[]}"
20130826,2013-08-26,5.8801140785217285,"{""type"":""MultiPoint"",""coordinates"":[]}"
20130827,2013-08-27,0.0,"{""type"":""MultiPoint"",""coordinates"":[]}"
20130828,2013-08-28,0.0,"{""type"":""MultiPoint"",""coordinates"":[]}"
20130829,2013-08-29,0.0,"{""type"":""MultiPoint"",""coordinates"":[]}"
20130830,2013-08-30,0.0,"{""type"":""MultiPoint"",""coordinates"":[]}"
20130831,2013-08-31,0.0,"{""type"":""MultiPoint"",""coordinates"":[]}"
20130901,2013-09-01,0.0,"{""type"":""MultiPoint"",""coordinates"":[]}"
20130902,2013-09-02,0.0,"{""type"":""MultiPoint"",""coordinates"":[]}"
20130903,2013-09-03,3.5873398780822754,"{""type"":""MultiPoint"",""coordinates"":[]}"
20130904,2013-09-04,3.5873398780822754,"{""type"":""MultiPoint"",""coordinates"":[]}"
20130905,2013-09-05,0.0,"{""type"":""MultiPoint"",""coordinates"":[]}"
20130906,2013-09-06,0.0,"{""type"":""MultiPoint"",""coordinates"":[]}"
20130907,2013-09-07,0.0,"{""type"":""MultiPoint"",""coordinates"":[]}"
20130908,2013-09-08,0.0,"{""type"":""MultiPoint"",""coordinates"":[]}"
20130909,2013-09-09,0.0,"{""type"":""MultiPoint"",""coordinates"":[]}"
20130910,2013-09-10,5.605194568634033,"{""type"":""MultiPoint"",""coordinates"":[]}"
20130911,2013-09-11,0.0,"{""type"":""MultiPoint"",""coordinates"":[]}"
20130912,2013-09-12,5.0987162590026855,"{""type"":""MultiPoint"",""coordinates"":[]}"
20130913,2013-09-13,15.296149253845215,"{""type"":""MultiPoint"",""coordinates"":[]}"
20130914,2013-09-14,5.0987162590026855,"{""type"":""MultiPoint"",""coordinates"":[]}"
20130915,2013-09-15,10.197432518005371,"{""type"":""MultiPoint"",""coordinates"":[]}"
20130916,2013-09-16,3.274080753326416,"{""type"":""MultiPoint"",""coordinates"":[]}"
20130917,2013-09-17,0.0,"{""type"":""MultiPoint"",""coordinates"":[]}"
20130918,2013-09-18,3.274080753326416,"{""type"":""MultiPoint"",""coordinates"":[]}"
20130919,2013-09-19,0.0,"{""type"":""MultiPoint"",""coordinates"":[]}"
20130920,2013-09-20,0.0,"{""type"":""MultiPoint"",""coordinates"":[]}"
20130921,2013-09-21,0.0,"{""type"":""MultiPoint"",""coordinates"":[]}"
20130922,2013-09-22,0.0,"{""type"":""MultiPoint"",""coordinates"":[]}"
20130923,2013-09-23,1.708714246749878,"{""type"":""MultiPoint"",""coordinates"":[]}"
20130924,2013-09-24,1.708714246749878,"{""type"":""MultiPoint"",""coordinates"":[]}"
20130925,2013-09-25,0.0,"{""type"":""MultiPoint"",""coordinates"":[]}"
20130926,2013-09-26,6.680353164672852,"{""type"":""MultiPoint"",""coordinates"":[]}"
20130927,2013-09-27,3.340176582336426,"{""type"":""MultiPoint"",""coordinates"":[]}"
20130928,2013-09-28,16.700881958007812,"{""type"":""MultiPoint"",""coordinates"":[]}"
20130929,2013-09-29,3.340176582336426,"{""type"":""MultiPoint"",""coordinates"":[]}"
20130930,2013-09-30,3.817344903945923,"{""type"":""MultiPoint"",""coordinates"":[]}"
20131001,2013-10-01,0.0,"{""type"":""MultiPoint"",""coordinates"":[]}"
20131002,2013-10-02,4.821967601776123,"{""type"":""MultiPoint"",""coordinates"":[]}"
20131003,2013-10-03,4.821967601776123,"{""type"":""MultiPoint"",""coordinates"":[]}"
20131004,2013-10-04,14.465904235839844,"{""type"":""MultiPoint"",""coordinates"":[]}"
20131005,2013-10-05,0.0,"{""type"":""MultiPoint"",""coordinates"":[]}"
20131006,2013-10-06,0.0,"{""type"":""MultiPoint"",""coordinates"":[]}"
20131007,2013-10-07,0.0,"{""type"":""MultiPoint"",""coordinates"":[]}"
20131008,2013-10-08,0.0,"{""type"":""MultiPoint"",""coordinates"":[]}"
20131009,2013-10-09,0.0,"{""type"":""MultiPoint"",""coordinates"":[]}"
20131010,2013-10-10,12.556053161621094,"{""type"":""MultiPoint"",""coordinates"":[]}"
20131011,2013-10-11,21.622900009155273,"{""type"":""MultiPoint"",""coordinates"":[]}"
20131012,2013-10-12,14.415266990661621,"{""type"":""MultiPoint"",""coordinates"":[]}"
20131013,2013-10-13,21.622900009155273,"{""type"":""MultiPoint"",""coordinates"":[]}"
20131014,2013-10-14,14.415266990661621,"{""type"":""MultiPoint"",""coordinates"":[]}"
20131015,2013-10-15,0.0,"{""type"":""MultiPoint"",""coordinates"":[]}"
20131016,2013-10-16,24.62327003479004,"{""type"":""MultiPoint"",""coordinates"":[]}"
20131017,2013-10-17,16.41551399230957,"{""type"":""MultiPoint"",""coordinates"":[]}"
20131018,2013-10-18,0.0,"{""type"":""MultiPoint"",""coordinates"":[]}"
20131019,2013-10-19,0.0,"{""type"":""MultiPoint"",""coordinates"":[]}"
20131020,2013-10-20,0.0,"{""type"":""MultiPoint"",""coordinates"":[]}"
20131021,2013-10-21,21.8057861328125,"{""type"":""MultiPoint"",""coordinates"":[]}"
20131022,2013-10-22,14.537191390991211,"{""type"":""MultiPoint"",""coordinates"":[]}"
20131023,2013-10-23,0.0,"{""type"":""MultiPoint"",""coordinates"":[]}"
20131024,2013-10-24,7.2685956954956055,"{""type"":""MultiPoint"",""coordinates"":[]}"
20131025,2013-10-25,7.2685956954956055,"{""type"":""MultiPoint"",""coordinates"":[]}"
20131026,2013-10-26,0.0,"{""type"":""MultiPoint"",""coordinates"":[]}"
20131027,2013-10-27,10.832137107849121,"{""type"":""MultiPoint"",""coordinates"":[]}"
20131028,2013-10-28,21.664274215698242,"{""type"":""MultiPoint"",""coordinates"":[]}"
20131029,2013-10-29,10.832137107849121,"{""type"":""MultiPoint"",""coordinates"":[]}"
20131030,2013-10-30,10.832137107849121,"{""type"":""MultiPoint"",""coordinates"":[]}"
20131031,2013-10-31,0.0,"{""type"":""MultiPoint"",""coordinates"":[]}"
20131101,2013-11-01,0.0,"{""type"":""MultiPoint"",""coordinates"":[]}"
20131102,2013-11-02,0.0,"{""type"":""MultiPoint"",""coordinates"":[]}"
20131103,2013-11-03,0.0,"{""type"":""MultiPoint"",""coordinates"":[]}"
20131104,2013-11-04,17.49184226989746,"{""type"":""MultiPoint"",""coordinates"":[]}"
20131105,2013-11-05,34.98368453979492,"{""type"":""MultiPoint"",""coordinates"":[]}"
20131106,2013-11-06,0.0,"{""type"":""MultiPoint"",""coordinates"":[]}"
20131107,2013-11-07,29.868419647216797,"{""type"":""MultiPoint"",""coordinates"":[]}"
20131108,2013-11-08,14.934209823608398,"{""type"":""MultiPoint"",""coordinates"":[]}"
20131109,2013-11-09,14.934209823608398,"{""type"":""MultiPoint"",""coordinates"":[]}"
20131110,2013-11-10,29.868419647216797,"{""type"":""MultiPoint"",""coordinates"":[]}"
20131111,2013-11-11,0.0,"{""type"":""MultiPoint"",""coordinates"":[]}"
20131112,2013-11-12,0.0,"{""type"":""MultiPoint"",""coordinates"":[]}"
20131113,2013-11-13,0.0,"{""type"":""MultiPoint"",""coordinates"":[]}"
20131114,2013-11-14,7.0085296630859375,"{""type"":""MultiPoint"",""coordinates"":[]}"
20131115,2013-11-15,3.5042648315429688,"{""type"":""MultiPoint"",""coordinates"":[]}"
20131116,2013-11-16,0.0,"{""type"":""MultiPoint"",""coordinates"":[]}"
20131117,2013-11-17,0.0,"{""type"":""MultiPoint"",""coordinates"":[]}"
20131118,2013-11-18,8.895281791687012,"{""type"":""MultiPoint"",""coordinates"":[]}"
20131119,2013-11-19,17.790563583374023,"{""type"":""MultiPoint"",""coordinates"":[]}"
20131120,2013-11-20,0.0,"{""type"":""MultiPoint"",""coordinates"":[]}"
20131121,2013-11-21,0.0,"{""type"":""MultiPoint"",""coordinates"":[]}"
20131122,2013-11-22,9.641112327575684,"{""type"":""MultiPoint"",""coordinates"":[]}"
20131123,2013-11-23,0.0,"{""type"":""MultiPoint"",""coordinates"":[]}"
20131124,2013-11-24,19.282224655151367,"{""type"":""MultiPoint"",""coordinates"":[]}"
20131125,2013-11-25,9.641112327575684,"{""type"":""MultiPoint"",""coordinates"":[]}"
20131126,2013-11-26,0.0,"{""type"":""MultiPoint"",""coordinates"":[]}"
20131127,2013-11-27,0.0,"{""type"":""MultiPoint"",""coordinates"":[]}"
20131128,2013-11-28,26.485763549804688,"{""type"":""MultiPoint"",""coordinates"":[]}"
20131129,2013-11-29,0.0,"{""type"":""MultiPoint"",""coordinates"":[]}"
20131130,2013-11-30,0.0,"{""type"":""MultiPoint"",""coordinates"":[]}"
20131201,2013-12-01,13.970584869384766,"{""type"":""MultiPoint"",""coordinates"":[]}"
20131202,2013-12-02,41.91175842285156,"{""type"":""MultiPoint"",""coordinates"":[]}"
20131203,2013-12-03,0.0,"{""type"":""MultiPoint"",""coordinates"":[]}"
20131204,2013-12-04,0.0,"{""type"":""MultiPoint"",""coordinates"":[]}"
20131205,2013-12-05,13.970584869384766,"{""type"":""MultiPoint"",""coordinates"":[]}"
20131206,2013-12-06,19.24455451965332,"{""type"":""MultiPoint"",""coordinates"":[]}"
20131207,2013-12-07,19.24455451965332,"{""type"":""MultiPoint"",""coordinates"":[]}"
20131208,2013-12-08,0.0,"{""type"":""MultiPoint"",""coordinates"":[]}"
20131209,2013-12-09,0.0,"{""type"":""MultiPoint"",""coordinates"":[]}"
20131210,2013-12-10,0.0,"{""type"":""MultiPoint"",""coordinates"":[]}"
20131211,2013-12-11,0.0,"{""type"":""MultiPoint"",""coordinates"":[]}"
20131212,2013-12-12,0.0,"{""type"":""MultiPoint"",""coordinates"":[]}"
20131213,2013-12-13,12.67330265045166,"{""type"":""MultiPoint"",""coordinates"":[]}"
20131214,2013-12-14,0.0,"{""type"":""MultiPoint"",""coordinates"":[]}"
20131215,2013-12-15,0.0,"{""type"":""MultiPoint"",""coordinates"":[]}"
20131216,2013-12-16,0.0,"{""type"":""MultiPoint"",""coordinates"":[]}"
20131217,2013-12-17,0.0,"{""type"":""MultiPoint"",""coordinates"":[]}"
20131218,2013-12-18,29.778535842895508,"{""type"":""MultiPoint"",""coordinates"":[]}"
20131219,2013-12-19,0.0,"{""type"":""MultiPoint"",""coordinates"":[]}"
20131220,2013-12-20,0.0,"{""type"":""MultiPoint"",""coordinates"":[]}"
20131221,2013-12-21,0.0,"{""type"":""MultiPoint"",""coordinates"":[]}"
20131222,2013-12-22,0.0,"{""type"":""MultiPoint"",""coordinates"":[]}"
20131223,2013-12-23,0.0,"{""type"":""MultiPoint"",""coordinates"":[]}"
20131224,2013-12-24,0.0,"{""type"":""MultiPoint"",""coordinates"":[]}"
20131225,2013-12-25,0.0,"{""type"":""MultiPoint"",""coordinates"":[]}"
20131226,2013-12-26,0.0,"{""type"":""MultiPoint"",""coordinates"":[]}"
20131227,2013-12-27,0.0,"{""type"":""MultiPoint"",""coordinates"":[]}"
20131228,2013-12-28,0.0,"{""type"":""MultiPoint"",""coordinates"":[]}"
20131229,2013-12-29,0.0,"{""type"":""MultiPoint"",""coordinates"":[]}"
20131230,2013-12-30,0.0,"{""type"":""MultiPoint"",""coordinates"":[]}"
20131231,2013-12-31,0.0,"{""type"":""MultiPoint"",""coordinates"":[]}"
20140101,2014-01-01,0.0,"{""type"":""MultiPoint"",""coordinates"":[]}"
20140102,2014-01-02,0.0,"{""type"":""MultiPoint"",""coordinates"":[]}"
20140103,2014-01-03,0.0,"{""type"":""MultiPoint"",""coordinates"":[]}"
20140104,2014-01-04,0.0,"{""type"":""MultiPoint"",""coordinates"":[]}"
20140105,2014-01-05,0.0,"{""type"":""MultiPoint"",""coordinates"":[]}"
20140106,2014-01-06,51.61203384399414,"{""type"":""MultiPoint"",""coordinates"":[]}"
20140107,2014-01-07,8.602005958557129,"{""type"":""MultiPoint"",""coordinates"":[]}"
20140108,2014-01-08,0.0,"{""type"":""MultiPoint"",""coordinates"":[]}"
20140109,2014-01-09,0.0,"{""type"":""MultiPoint"",""coordinates"":[]}"
20140110,2014-01-10,0.0,"{""type"":""MultiPoint"",""coordinates"":[]}"
20140111,2014-01-11,0.0,"{""type"":""MultiPoint"",""coordinates"":[]}"
20140112,2014-01-12,0.0,"{""type"":""MultiPoint"",""coordinates"":[]}"
20140113,2014-01-13,0.0,"{""type"":""MultiPoint"",""coordinates"":[]}"
20140114,2014-01-14,0.0,"{""type"":""MultiPoint"",""coordinates"":[]}"
20140115,2014-01-15,0.0,"{""type"":""MultiPoint"",""coordinates"":[]}"
20140116,2014-01-16,0.0,"{""type"":""MultiPoint"",""coordinates"":[]}"
20140117,2014-01-17,0.0,"{""type"":""MultiPoint"",""coordinates"":[]}"
20140118,2014-01-18,0.0,"{""type"":""MultiPoint"",""coordinates"":[]}"
20140119,2014-01-19,0.0,"{""type"":""MultiPoint"",""coordinates"":[]}"
20140120,2014-01-20,0.0,"{""type"":""MultiPoint"",""coordinates"":[]}"
20140121,2014-01-21,0.0,"{""type"":""MultiPoint"",""coordinates"":[]}"
20140122,2014-01-22,0.0,"{""type"":""MultiPoint"",""coordinates"":[]}"
20140123,2014-01-23,0.0,"{""type"":""MultiPoint"",""coordinates"":[]}"
20140124,2014-01-24,0.0,"{""type"":""MultiPoint"",""coordinates"":[]}"
20140125,2014-01-25,0.0,"{""type"":""MultiPoint"",""coordinates"":[]}"
20140126,2014-01-26,0.0,"{""type"":""MultiPoint"",""coordinates"":[]}"
20140127,2014-01-27,0.0,"{""type"":""MultiPoint"",""coordinates"":[]}"
20140128,2014-01-28,0.0,"{""type"":""MultiPoint"",""coordinates"":[]}"
20140129,2014-01-29,0.0,"{""type"":""MultiPoint"",""coordinates"":[]}"
20140130,2014-01-30,54.976078033447266,"{""type"":""MultiPoint"",""coordinates"":[]}"
20140131,2014-01-31,0.0,"{""type"":""MultiPoint"",""coordinates"":[]}"
20140201,2014-02-01,0.0,"{""type"":""MultiPoint"",""coordinates"":[]}"
20140202,2014-02-02,0.0,"{""type"":""MultiPoint"",""coordinates"":[]}"
20140203,2014-02-03,0.0,"{""type"":""MultiPoint"",""coordinates"":[]}"
20140204,2014-02-04,0.0,"{""type"":""MultiPoint"",""coordinates"":[]}"
20140205,2014-02-05,12.374881744384766,"{""type"":""MultiPoint"",""coordinates"":[]}"
20140206,2014-02-06,0.0,"{""type"":""MultiPoint"",""coordinates"":[]}"
20140207,2014-02-07,0.0,"{""type"":""MultiPoint"",""coordinates"":[]}"
20140208,2014-02-08,0.0,"{""type"":""MultiPoint"",""coordinates"":[]}"
20140209,2014-02-09,0.0,"{""type"":""MultiPoint"",""coordinates"":[]}"
20140210,2014-02-10,20.9064884185791,"{""type"":""MultiPoint"",""coordinates"":[]}"
20140211,2014-02-11,11.842503547668457,"{""type"":""MultiPoint"",""coordinates"":[]}"
20140212,2014-02-12,11.842503547668457,"{""type"":""MultiPoint"",""coordinates"":[]}"
20140213,2014-02-13,0.0,"{""type"":""MultiPoint"",""coordinates"":[]}"
20140214,2014-02-14,0.0,"{""type"":""MultiPoint"",""coordinates"":[]}"
20140215,2014-02-15,0.0,"{""type"":""MultiPoint"",""coordinates"":[]}"
20140216,2014-02-16,0.0,"{""type"":""MultiPoint"",""coordinates"":[]}"
20140217,2014-02-17,10.871672630310059,"{""type"":""MultiPoint"",""coordinates"":[]}"
20140218,2014-02-18,10.871672630310059,"{""type"":""MultiPoint"",""coordinates"":[]}"
20140219,2014-02-19,32.61501693725586,"{""type"":""MultiPoint"",""coordinates"":[]}"
20140220,2014-02-20,0.0,"{""type"":""MultiPoint"",""coordinates"":[]}"
20140221,2014-02-21,26.610191345214844,"{""type"":""MultiPoint"",""coordinates"":[]}"
20140222,2014-02-22,0.0,"{""type"":""MultiPoint"",""coordinates"":[]}"
20140223,2014-02-23,0.0,"{""type"":""MultiPoint"",""coordinates"":[]}"
20140224,2014-02-24,0.0,"{""type"":""MultiPoint"",""coordinates"":[]}"
20140225,2014-02-25,13.305095672607422,"{""type"":""MultiPoint"",""coordinates"":[]}"
20140226,2014-02-26,0.0,"{""type"":""MultiPoint"",""coordinates"":[]}"
20140227,2014-02-27,23.187091827392578,"{""type"":""MultiPoint"",""coordinates"":[]}"
20140228,2014-02-28,15.458062171936035,"{""type"":""MultiPoint"",""coordinates"":[]}"
20140301,2014-03-01,21.483667373657227,"{""type"":""MultiPoint"",""coordinates"":[]}"
20140302,2014-03-02,0.0,"{""type"":""MultiPoint"",""coordinates"":[]}"
20140303,2014-03-03,0.0,"{""type"":""MultiPoint"",""coordinates"":[]}"
20140304,2014-03-04,0.0,"{""type"":""MultiPoint"",""coordinates"":[]}"
20140305,2014-03-05,0.0,"{""type"":""MultiPoint"",""coordinates"":[]}"
20140306,2014-03-06,4.784332752227783,"{""type"":""MultiPoint"",""coordinates"":[]}"
20140307,2014-03-07,0.0,"{""type"":""MultiPoint"",""coordinates"":[]}"
20140308,2014-03-08,9.568665504455566,"{""type"":""MultiPoint"",""coordinates"":[]}"
20140309,2014-03-09,4.784332752227783,"{""type"":""MultiPoint"",""coordinates"":[]}"
20140310,2014-03-10,9.568665504455566,"{""type"":""MultiPoint"",""coordinates"":[]}"
20140311,2014-03-11,0.0,"{""type"":""MultiPoint"",""coordinates"":[]}"
20140312,2014-03-12,0.0,"{""type"":""MultiPoint"",""coordinates"":[]}"
20140313,2014-03-13,0.0,"{""type"":""MultiPoint"",""coordinates"":[]}"
20140314,2014-03-14,15.019075393676758,"{""type"":""MultiPoint"",""coordinates"":[]}"
20140315,2014-03-15,15.019075393676758,"{""type"":""MultiPoint"",""coordinates"":[]}"
20140316,2014-03-16,7.765716075897217,"{""type"":""MultiPoint"",""coordinates"":[]}"
20140317,2014-03-17,0.0,"{""type"":""MultiPoint"",""coordinates"":[]}"
20140318,2014-03-18,15.531432151794434,"{""type"":""MultiPoint"",""coordinates"":[]}"
20140319,2014-03-19,0.0,"{""type"":""MultiPoint"",""coordinates"":[]}"
20140320,2014-03-20,0.0,"{""type"":""MultiPoint"",""coordinates"":[]}"
20140321,2014-03-21,6.628031253814697,"{""type"":""MultiPoint"",""coordinates"":[]}"
20140322,2014-03-22,0.0,"{""type"":""MultiPoint"",""coordinates"":[]}"
20140323,2014-03-23,3.3140156269073486,"{""type"":""MultiPoint"",""coordinates"":[]}"
20140324,2014-03-24,6.628031253814697,"{""type"":""MultiPoint"",""coordinates"":[]}"
20140325,2014-03-25,3.3140156269073486,"{""type"":""MultiPoint"",""coordinates"":[]}"
20140326,2014-03-26,9.592240333557129,"{""type"":""MultiPoint"",""coordinates"":[]}"
20140327,2014-03-27,9.592240333557129,"{""type"":""MultiPoint"",""coordinates"":[]}"
20140328,2014-03-28,0.0,"{""type"":""MultiPoint"",""coordinates"":[]}"
20140329,2014-03-29,0.0,"{""type"":""MultiPoint"",""coordinates"":[]}"
20140330,2014-03-30,0.0,"{""type"":""MultiPoint"",""coordinates"":[]}"
20140331,2014-03-31,0.0,"{""type"":""MultiPoint"",""coordinates"":[]}"
20140401,2014-04-01,0.0,"{""type"":""MultiPoint"",""coordinates"":[]}"
20140402,2014-04-02,0.0,"{""type"":""MultiPoint"",""coordinates"":[]}"
20140403,2014-04-03,4.508562088012695,"{""type"":""MultiPoint"",""coordinates"":[]}"
20140404,2014-04-04,0.0,"{""type"":""MultiPoint"",""coordinates"":[]}"
20140405,2014-04-05,9.01712417602539,"{""type"":""MultiPoint"",""coordinates"":[]}"
20140406,2014-04-06,3.164921522140503,"{""type"":""MultiPoint"",""coordinates"":[]}"
20140407,2014-04-07,9.494765281677246,"{""type"":""MultiPoint"",""coordinates"":[]}"
20140408,2014-04-08,0.0,"{""type"":""MultiPoint"",""coordinates"":[]}"
20140409,2014-04-09,3.164921522140503,"{""type"":""MultiPoint"",""coordinates"":[]}"
20140410,2014-04-10,0.0,"{""type"":""MultiPoint"",""coordinates"":[]}"
20140411,2014-04-11,0.0,"{""type"":""MultiPoint"",""coordinates"":[]}"
20140412,2014-04-12,0.0,"{""type"":""MultiPoint"",""coordinates"":[]}"
20140413,2014-04-13,0.0,"{""type"":""MultiPoint"",""coordinates"":[]}"
20140414,2014-04-14,0.0,"{""type"":""MultiPoint"",""coordinates"":[]}"
20140415,2014-04-15,11.20545482635498,"{""type"":""MultiPoint"",""coordinates"":[]}"
20140416,2014-04-16,0.0,"{""type"":""MultiPoint"",""coordinates"":[]}"
20140417,2014-04-17,0.0,"{""type"":""MultiPoint"",""coordinates"":[]}"
20140418,2014-04-18,0.0,"{""type"":""MultiPoint"",""coordinates"":[]}"
20140419,2014-04-19,40.92556381225586,"{""type"":""MultiPoint"",""coordinates"":[]}"
20140420,2014-04-20,13.641853332519531,"{""type"":""MultiPoint"",""coordinates"":[]}"
20140421,2014-04-21,0.0,"{""type"":""MultiPoint"",""coordinates"":[]}"
20140422,2014-04-22,8.573664665222168,"{""type"":""MultiPoint"",""coordinates"":[]}"
20140423,2014-04-23,8.573664665222168,"{""type"":""MultiPoint"",""coordinates"":[]}"
20140424,2014-04-24,17.147329330444336,"{""type"":""MultiPoint"",""coordinates"":[]}"
20140425,2014-04-25,0.0,"{""type"":""MultiPoint"",""coordinates"":[]}"
20140426,2014-04-26,5.324626445770264,"{""type"":""MultiPoint"",""coordinates"":[]}"
20140427,2014-04-27,0.0,"{""type"":""MultiPoint"",""coordinates"":[]}"
20140428,2014-04-28,5.324626445770264,"{""type"":""MultiPoint"",""coordinates"":[]}"
20140429,2014-04-29,10.649252891540527,"{""type"":""MultiPoint"",""coordinates"":[]}"
20140430,2014-04-30,0.0,"{""type"":""MultiPoint"",""coordinates"":[]}"
20140501,2014-05-01,10.86064624786377,"{""type"":""MultiPoint"",""coordinates"":[]}"
20140502,2014-05-02,0.0,"{""type"":""MultiPoint"",""coordinates"":[]}"
20140503,2014-05-03,3.6202151775360107,"{""type"":""MultiPoint"",""coordinates"":[]}"
20140504,2014-05-04,0.0,"{""type"":""MultiPoint"",""coordinates"":[]}"
20140505,2014-05-05,3.6202151775360107,"{""type"":""MultiPoint"",""coordinates"":[]}"
20140506,2014-05-06,13.761877059936523,"{""type"":""MultiPoint"",""coordinates"":[]}"
20140507,2014-05-07,18.349170684814453,"{""type"":""MultiPoint"",""coordinates"":[]}"
20140508,2014-05-08,0.0,"{""type"":""MultiPoint"",""coordinates"":[]}"
20140509,2014-05-09,9.174585342407227,"{""type"":""MultiPoint"",""coordinates"":[]}"
20140510,2014-05-10,0.0,"{""type"":""MultiPoint"",""coordinates"":[]}"
20140511,2014-05-11,0.0,"{""type"":""MultiPoint"",""coordinates"":[]}"
20140512,2014-05-12,0.0,"{""type"":""MultiPoint"",""coordinates"":[]}"
20140513,2014-05-13,9.215025901794434,"{""type"":""MultiPoint"",""coordinates"":[]}"
20140514,2014-05-14,0.0,"{""type"":""MultiPoint"",""coordinates"":[]}"
20140515,2014-05-15,18.430051803588867,"{""type"":""MultiPoint"",""coordinates"":[]}"
20140516,2014-05-16,5.364097595214844,"{""type"":""MultiPoint"",""coordinates"":[]}"
20140517,2014-05-17,5.364097595214844,"{""type"":""MultiPoint"",""coordinates"":[]}"
20140518,2014-05-18,0.0,"{""type"":""MultiPoint"",""coordinates"":[]}"
20140519,2014-05-19,5.364097595214844,"{""type"":""MultiPoint"",""coordinates"":[]}"
20140520,2014-05-20,10.728195190429688,"{""type"":""MultiPoint"",""coordinates"":[]}"
20140521,2014-05-21,0.0,"{""type"":""MultiPoint"",""coordinates"":[]}"
20140522,2014-05-22,0.0,"{""type"":""MultiPoint"",""coordinates"":[]}"
20140523,2014-05-23,6.921306610107422,"{""type"":""MultiPoint"",""coordinates"":[]}"
20140524,2014-05-24,27.685226440429688,"{""type"":""MultiPoint"",""coordinates"":[]}"
20140525,2014-05-25,0.0,"{""type"":""MultiPoint"",""coordinates"":[]}"
20140526,2014-05-26,0.0,"{""type"":""MultiPoint"",""coordinates"":[]}"
20140527,2014-05-27,6.305122375488281,"{""type"":""MultiPoint"",""coordinates"":[]}"
20140528,2014-05-28,0.0,"{""type"":""MultiPoint"",""coordinates"":[]}"
20140529,2014-05-29,3.1525611877441406,"{""type"":""MultiPoint"",""coordinates"":[]}"
20140530,2014-05-30,6.305122375488281,"{""type"":""MultiPoint"",""coordinates"":[]}"
20140531,2014-05-31,0.0,"{""type"":""MultiPoint"",""coordinates"":[]}"
20140601,2014-06-01,0.0,"{""type"":""MultiPoint"",""coordinates"":[]}"
20140602,2014-06-02,1.8942393064498901,"{""type"":""MultiPoint"",""coordinates"":[]}"
20140603,2014-06-03,0.0,"{""type"":""MultiPoint"",""coordinates"":[]}"
20140604,2014-06-04,3.7884786128997803,"{""type"":""MultiPoint"",""coordinates"":[]}"
20140605,2014-06-05,0.0,"{""type"":""MultiPoint"",""coordinates"":[]}"
20140606,2014-06-06,0.0,"{""type"":""MultiPoint"",""coordinates"":[]}"
20140607,2014-06-07,0.0,"{""type"":""MultiPoint"",""coordinates"":[]}"
20140608,2014-06-08,9.739358901977539,"{""type"":""MultiPoint"",""coordinates"":[]}"
20140609,2014-06-09,0.0,"{""type"":""MultiPoint"",""coordinates"":[]}"
20140610,2014-06-10,0.0,"{""type"":""MultiPoint"",""coordinates"":[]}"
20140611,2014-06-11,0.0,"{""type"":""MultiPoint"",""coordinates"":[]}"
20140612,2014-06-12,0.0,"{""type"":""MultiPoint"",""coordinates"":[]}"
20140613,2014-06-13,0.0,"{""type"":""MultiPoint"",""coordinates"":[]}"
20140614,2014-06-14,0.0,"{""type"":""MultiPoint"",""coordinates"":[]}"
20140615,2014-06-15,7.038623809814453,"{""type"":""MultiPoint"",""coordinates"":[]}"
20140616,2014-06-16,0.0,"{""type"":""MultiPoint"",""coordinates"":[]}"
20140617,2014-06-17,0.0,"{""type"":""MultiPoint"",""coordinates"":[]}"
20140618,2014-06-18,5.76892614364624,"{""type"":""MultiPoint"",""coordinates"":[]}"
20140619,2014-06-19,0.0,"{""type"":""MultiPoint"",""coordinates"":[]}"
20140620,2014-06-20,0.0,"{""type"":""MultiPoint"",""coordinates"":[]}"
20140621,2014-06-21,0.0,"{""type"":""MultiPoint"",""coordinates"":[]}"
20140622,2014-06-22,0.0,"{""type"":""MultiPoint"",""coordinates"":[]}"
20140623,2014-06-23,0.0,"{""type"":""MultiPoint"",""coordinates"":[]}"
20140624,2014-06-24,12.055505752563477,"{""type"":""MultiPoint"",""coordinates"":[]}"
20140625,2014-06-25,12.055505752563477,"{""type"":""MultiPoint"",""coordinates"":[]}"
20140626,2014-06-26,0.0,"{""type"":""MultiPoint"",""coordinates"":[]}"
20140627,2014-06-27,0.0,"{""type"":""MultiPoint"",""coordinates"":[]}"
20140628,2014-06-28,0.0,"{""type"":""MultiPoint"",""coordinates"":[]}"
20140629,2014-06-29,0.0,"{""type"":""MultiPoint"",""coordinates"":[]}"
20140630,2014-06-30,5.168054103851318,"{""type"":""MultiPoint"",""coordinates"":[]}"
20140701,2014-07-01,0.0,"{""type"":""MultiPoint"",""coordinates"":[]}"
20140702,2014-07-02,0.0,"{""type"":""MultiPoint"",""coordinates"":[]}"
20140703,2014-07-03,0.0,"{""type"":""MultiPoint"",""coordinates"":[]}"
20140704,2014-07-04,0.0,"{""type"":""MultiPoint"",""coordinates"":[]}"
20140705,2014-07-05,16.05814552307129,"{""type"":""MultiPoint"",""coordinates"":[]}"
20140706,2014-07-06,0.0,"{""type"":""MultiPoint"",""coordinates"":[]}"
20140707,2014-07-07,0.0,"{""type"":""MultiPoint"",""coordinates"":[]}"
20140708,2014-07-08,0.0,"{""type"":""MultiPoint"",""coordinates"":[]}"
20140709,2014-07-09,0.0,"{""type"":""MultiPoint"",""coordinates"":[]}"
20140710,2014-07-10,0.0,"{""type"":""MultiPoint"",""coordinates"":[]}"
20140711,2014-07-11,0.0,"{""type"":""MultiPoint"",""coordinates"":[]}"
20140712,2014-07-12,0.0,"{""type"":""MultiPoint"",""coordinates"":[]}"
20140713,2014-07-13,0.0,"{""type"":""MultiPoint"",""coordinates"":[]}"
20140714,2014-07-14,0.0,"{""type"":""MultiPoint"",""coordinates"":[]}"
20140715,2014-07-15,0.0,"{""type"":""MultiPoint"",""coordinates"":[]}"
20140716,2014-07-16,0.0,"{""type"":""MultiPoint"",""coordinates"":[]}"
20140717,2014-07-17,0.0,"{""type"":""MultiPoint"",""coordinates"":[]}"
20140718,2014-07-18,0.0,"{""type"":""MultiPoint"",""coordinates"":[]}"
20140719,2014-07-19,0.0,"{""type"":""MultiPoint"",""coordinates"":[]}"
20140720,2014-07-20,0.0,"{""type"":""MultiPoint"",""coordinates"":[]}"
20140721,2014-07-21,0.0,"{""type"":""MultiPoint"",""coordinates"":[]}"
20140722,2014-07-22,5.315618991851807,"{""type"":""MultiPoint"",""coordinates"":[]}"
20140723,2014-07-23,0.0,"{""type"":""MultiPoint"",""coordinates"":[]}"
20140724,2014-07-24,0.0,"{""type"":""MultiPoint"",""coordinates"":[]}"
20140725,2014-07-25,0.0,"{""type"":""MultiPoint"",""coordinates"":[]}"
20140726,2014-07-26,0.0,"{""type"":""MultiPoint"",""coordinates"":[]}"
20140727,2014-07-27,4.507542133331299,"{""type"":""MultiPoint"",""coordinates"":[]}"
20140728,2014-07-28,0.0,"{""type"":""MultiPoint"",""coordinates"":[]}"
20140729,2014-07-29,0.0,"{""type"":""MultiPoint"",""coordinates"":[]}"
20140730,2014-07-30,0.0,"{""type"":""MultiPoint"",""coordinates"":[]}"
20140731,2014-07-31,0.0,"{""type"":""MultiPoint"",""coordinates"":[]}"
20140801,2014-08-01,0.0,"{""type"":""MultiPoint"",""coordinates"":[]}"
20140802,2014-08-02,4.63956880569458,"{""type"":""MultiPoint"",""coordinates"":[]}"
20140803,2014-08-03,0.0,"{""type"":""MultiPoint"",""coordinates"":[]}"
20140804,2014-08-04,0.0,"{""type"":""MultiPoint"",""coordinates"":[]}"
20140805,2014-08-05,4.63956880569458,"{""type"":""MultiPoint"",""coordinates"":[]}"
20140806,2014-08-06,0.0,"{""type"":""MultiPoint"",""coordinates"":[]}"
20140807,2014-08-07,0.0,"{""type"":""MultiPoint"",""coordinates"":[]}"
20140808,2014-08-08,0.0,"{""type"":""MultiPoint"",""coordinates"":[]}"
20140809,2014-08-09,0.0,"{""type"":""MultiPoint"",""coordinates"":[]}"
20140810,2014-08-10,6.447336196899414,"{""type"":""MultiPoint"",""coordinates"":[]}"
20140811,2014-08-11,0.0,"{""type"":""MultiPoint"",""coordinates"":[]}"
20140812,2014-08-12,3.273629665374756,"{""type"":""MultiPoint"",""coordinates"":[]}"
20140813,2014-08-13,0.0,"{""type"":""MultiPoint"",""coordinates"":[]}"
20140814,2014-08-14,0.0,"{""type"":""MultiPoint"",""coordinates"":[]}"
20140815,2014-08-15,0.0,"{""type"":""MultiPoint"",""coordinates"":[]}"
20140816,2014-08-16,0.0,"{""type"":""MultiPoint"",""coordinates"":[]}"
20140817,2014-08-17,0.0,"{""type"":""MultiPoint"",""coordinates"":[]}"
20140818,2014-08-18,1.2281723022460938,"{""type"":""MultiPoint"",""coordinates"":[]}"
20140819,2014-08-19,1.2281723022460938,"{""type"":""MultiPoint"",""coordinates"":[]}"
20140820,2014-08-20,0.0,"{""type"":""MultiPoint"",""coordinates"":[]}"
20140821,2014-08-21,0.0,"{""type"":""MultiPoint"",""coordinates"":[]}"
20140822,2014-08-22,0.0,"{""type"":""MultiPoint"",""coordinates"":[]}"
20140823,2014-08-23,4.6042962074279785,"{""type"":""MultiPoint"",""coordinates"":[]}"
20140824,2014-08-24,0.0,"{""type"":""MultiPoint"",""coordinates"":[]}"
20140825,2014-08-25,2.3021481037139893,"{""type"":""MultiPoint"",""coordinates"":[]}"
20140826,2014-08-26,8.654928207397461,"{""type"":""MultiPoint"",""coordinates"":[]}"
20140827,2014-08-27,0.0,"{""type"":""MultiPoint"",""coordinates"":[]}"
20140828,2014-08-28,0.0,"{""type"":""MultiPoint"",""coordinates"":[]}"
20140829,2014-08-29,0.0,"{""type"":""MultiPoint"",""coordinates"":[]}"
20140830,2014-08-30,0.0,"{""type"":""MultiPoint"",""coordinates"":[]}"
20140831,2014-08-31,0.0,"{""type"":""MultiPoint"",""coordinates"":[]}"
20140901,2014-09-01,0.0,"{""type"":""MultiPoint"",""coordinates"":[]}"
20140902,2014-09-02,0.0,"{""type"":""MultiPoint"",""coordinates"":[]}"
20140903,2014-09-03,0.0,"{""type"":""MultiPoint"",""coordinates"":[]}"
20140904,2014-09-04,6.319656848907471,"{""type"":""MultiPoint"",""coordinates"":[]}"
20140905,2014-09-05,3.1598284244537354,"{""type"":""MultiPoint"",""coordinates"":[]}"
20140906,2014-09-06,0.0,"{""type"":""MultiPoint"",""coordinates"":[]}"
20140907,2014-09-07,0.0,"{""type"":""MultiPoint"",""coordinates"":[]}"
20140908,2014-09-08,0.0,"{""type"":""MultiPoint"",""coordinates"":[]}"
20140909,2014-09-09,0.0,"{""type"":""MultiPoint"",""coordinates"":[]}"
20140910,2014-09-10,0.0,"{""type"":""MultiPoint"",""coordinates"":[]}"
20140911,2014-09-11,4.241658687591553,"{""type"":""MultiPoint"",""coordinates"":[]}"
20140912,2014-09-12,8.483317375183105,"{""type"":""MultiPoint"",""coordinates"":[]}"
20140913,2014-09-13,8.483317375183105,"{""type"":""MultiPoint"",""coordinates"":[]}"
20140914,2014-09-14,8.483317375183105,"{""type"":""MultiPoint"",""coordinates"":[]}"
20140915,2014-09-15,8.483317375183105,"{""type"":""MultiPoint"",""coordinates"":[]}"
20140916,2014-09-16,6.985994338989258,"{""type"":""MultiPoint"",""coordinates"":[]}"
20140917,2014-09-17,0.0,"{""type"":""MultiPoint"",""coordinates"":[]}"
20140918,2014-09-18,13.971988677978516,"{""type"":""MultiPoint"",""coordinates"":[]}"
20140919,2014-09-19,20.957983016967773,"{""type"":""MultiPoint"",""coordinates"":[]}"
20140920,2014-09-20,20.957983016967773,"{""type"":""MultiPoint"",""coordinates"":[]}"
20140921,2014-09-21,27.826995849609375,"{""type"":""MultiPoint"",""coordinates"":[]}"
20140922,2014-09-22,0.0,"{""type"":""MultiPoint"",""coordinates"":[]}"
20140923,2014-09-23,18.551328659057617,"{""type"":""MultiPoint"",""coordinates"":[]}"
20140924,2014-09-24,9.275664329528809,"{""type"":""MultiPoint"",""coordinates"":[]}"
20140925,2014-09-25,0.0,"{""type"":""MultiPoint"",""coordinates"":[]}"
20140926,2014-09-26,20.34089469909668,"{""type"":""MultiPoint"",""coordinates"":[]}"
20140927,2014-09-27,0.0,"{""type"":""MultiPoint"",""coordinates"":[]}"
20140928,2014-09-28,0.0,"{""type"":""MultiPoint"",""coordinates"":[]}"
20140929,2014-09-29,0.0,"{""type"":""MultiPoint"",""coordinates"":[]}"
20140930,2014-09-30,0.0,"{""type"":""MultiPoint"",""coordinates"":[]}"
20141001,2014-10-01,0.0,"{""type"":""MultiPoint"",""coordinates"":[]}"
20141002,2014-10-02,0.0,"{""type"":""MultiPoint"",""coordinates"":[]}"
20141003,2014-10-03,0.0,"{""type"":""MultiPoint"",""coordinates"":[]}"
20141004,2014-10-04,0.0,"{""type"":""MultiPoint"",""coordinates"":[]}"
20141005,2014-10-05,14.594428062438965,"{""type"":""MultiPoint"",""coordinates"":[]}"
20141006,2014-10-06,17.06516456604004,"{""type"":""MultiPoint"",""coordinates"":[]}"
20141007,2014-10-07,17.06516456604004,"{""type"":""MultiPoint"",""coordinates"":[]}"
20141008,2014-10-08,5.688387393951416,"{""type"":""MultiPoint"",""coordinates"":[]}"
20141009,2014-10-09,11.376774787902832,"{""type"":""MultiPoint"",""coordinates"":[]}"
20141010,2014-10-10,0.0,"{""type"":""MultiPoint"",""coordinates"":[]}"
20141011,2014-10-11,0.0,"{""type"":""MultiPoint"",""coordinates"":[]}"
20141012,2014-10-12,0.0,"{""type"":""MultiPoint"",""coordinates"":[]}"
20141013,2014-10-13,11.106118202209473,"{""type"":""MultiPoint"",""coordinates"":[]}"
20141014,2014-10-14,0.0,"{""type"":""MultiPoint"",""coordinates"":[]}"
20141015,2014-10-15,0.0,"{""type"":""MultiPoint"",""coordinates"":[]}"
20141016,2014-10-16,0.0,"{""type"":""MultiPoint"",""coordinates"":[]}"
20141017,2014-10-17,0.0,"{""type"":""MultiPoint"",""coordinates"":[]}"
20141018,2014-10-18,20.44560432434082,"{""type"":""MultiPoint"",""coordinates"":[]}"
20141019,2014-10-19,20.44560432434082,"{""type"":""MultiPoint"",""coordinates"":[]}"
20141020,2014-10-20,0.0,"{""type"":""MultiPoint"",""coordinates"":[]}"
20141021,2014-10-21,0.0,"{""type"":""MultiPoint"",""coordinates"":[]}"
20141022,2014-10-22,13.138225555419922,"{""type"":""MultiPoint"",""coordinates"":[]}"
20141023,2014-10-23,6.569112777709961,"{""type"":""MultiPoint"",""coordinates"":[]}"
20141024,2014-10-24,6.569112777709961,"{""type"":""MultiPoint"",""coordinates"":[]}"
20141025,2014-10-25,19.707338333129883,"{""type"":""MultiPoint"",""coordinates"":[]}"
20141026,2014-10-26,22.898391723632812,"{""type"":""MultiPoint"",""coordinates"":[]}"
20141027,2014-10-27,0.0,"{""type"":""MultiPoint"",""coordinates"":[]}"
20141028,2014-10-28,0.0,"{""type"":""MultiPoint"",""coordinates"":[]}"
20141029,2014-10-29,11.449195861816406,"{""type"":""MultiPoint"",""coordinates"":[]}"
20141030,2014-10-30,0.0,"{""type"":""MultiPoint"",""coordinates"":[]}"
20141031,2014-10-31,34.34758758544922,"{""type"":""MultiPoint"",""coordinates"":[]}"
20141101,2014-11-01,6.169219970703125,"{""type"":""MultiPoint"",""coordinates"":[]}"
20141102,2014-11-02,6.169219970703125,"{""type"":""MultiPoint"",""coordinates"":[]}"
20141103,2014-11-03,0.0,"{""type"":""MultiPoint"",""coordinates"":[]}"
20141104,2014-11-04,18.507659912109375,"{""type"":""MultiPoint"",""coordinates"":[]}"
20141105,2014-11-05,24.6768798828125,"{""type"":""MultiPoint"",""coordinates"":[]}"
20141106,2014-11-06,0.0,"{""type"":""MultiPoint"",""coordinates"":[]}"
20141107,2014-11-07,0.0,"{""type"":""MultiPoint"",""coordinates"":[]}"
20141108,2014-11-08,43.12672805786133,"{""type"":""MultiPoint"",""coordinates"":[]}"
20141109,2014-11-09,14.37557601928711,"{""type"":""MultiPoint"",""coordinates"":[]}"
20141110,2014-11-10,14.37557601928711,"{""type"":""MultiPoint"",""coordinates"":[]}"
20141111,2014-11-11,13.755653381347656,"{""type"":""MultiPoint"",""coordinates"":[]}"
20141112,2014-11-12,6.877826690673828,"{""type"":""MultiPoint"",""coordinates"":[]}"
20141113,2014-11-13,0.0,"{""type"":""MultiPoint"",""coordinates"":[]}"
20141114,2014-11-14,0.0,"{""type"":""MultiPoint"",""coordinates"":[]}"
20141115,2014-11-15,6.877826690673828,"{""type"":""MultiPoint"",""coordinates"":[]}"
20141116,2014-11-16,0.0,"{""type"":""MultiPoint"",""coordinates"":[]}"
20141117,2014-11-17,0.0,"{""type"":""MultiPoint"",""coordinates"":[]}"
20141118,2014-11-18,22.305809020996094,"{""type"":""MultiPoint"",""coordinates"":[]}"
20141119,2014-11-19,0.0,"{""type"":""MultiPoint"",""coordinates"":[]}"
20141120,2014-11-20,0.0,"{""type"":""MultiPoint"",""coordinates"":[]}"
20141121,2014-11-21,0.0,"{""type"":""MultiPoint"",""coordinates"":[]}"
20141122,2014-11-22,0.0,"{""type"":""MultiPoint"",""coordinates"":[]}"
20141123,2014-11-23,0.0,"{""type"":""MultiPoint"",""coordinates"":[]}"
20141124,2014-11-24,0.0,"{""type"":""MultiPoint"",""coordinates"":[]}"
20141125,2014-11-25,0.0,"{""type"":""MultiPoint"",""coordinates"":[]}"
20141126,2014-11-26,0.0,"{""type"":""MultiPoint"",""coordinates"":[]}"
20141127,2014-11-27,0.0,"{""type"":""MultiPoint"",""coordinates"":[]}"
20141128,2014-11-28,0.0,"{""type"":""MultiPoint"",""coordinates"":[]}"
20141129,2014-11-29,0.0,"{""type"":""MultiPoint"",""coordinates"":[]}"
20141130,2014-11-30,15.086517333984375,"{""type"":""MultiPoint"",""coordinates"":[]}"
20141201,2014-12-01,0.0,"{""type"":""MultiPoint"",""coordinates"":[]}"
20141202,2014-12-02,0.0,"{""type"":""MultiPoint"",""coordinates"":[]}"
20141203,2014-12-03,5.568102836608887,"{""type"":""MultiPoint"",""coordinates"":[]}"
20141204,2014-12-04,0.0,"{""type"":""MultiPoint"",""coordinates"":[]}"
20141205,2014-12-05,11.136205673217773,"{""type"":""MultiPoint"",""coordinates"":[]}"
20141206,2014-12-06,0.0,"{""type"":""MultiPoint"",""coordinates"":[]}"
20141207,2014-12-07,0.0,"{""type"":""MultiPoint"",""coordinates"":[]}"
20141208,2014-12-08,0.0,"{""type"":""MultiPoint"",""coordinates"":[]}"
20141209,2014-12-09,50.497283935546875,"{""type"":""MultiPoint"",""coordinates"":[]}"
20141210,2014-12-10,0.0,"{""type"":""MultiPoint"",""coordinates"":[]}"
20141211,2014-12-11,0.0,"{""type"":""MultiPoint"",""coordinates"":[]}"
20141212,2014-12-12,0.0,"{""type"":""MultiPoint"",""coordinates"":[]}"
20141213,2014-12-13,29.162137985229492,"{""type"":""MultiPoint"",""coordinates"":[]}"
20141214,2014-12-14,9.720712661743164,"{""type"":""MultiPoint"",""coordinates"":[]}"
20141215,2014-12-15,0.0,"{""type"":""MultiPoint"",""coordinates"":[]}"
20141216,2014-12-16,0.0,"{""type"":""MultiPoint"",""coordinates"":[]}"
20141217,2014-12-17,15.144022941589355,"{""type"":""MultiPoint"",""coordinates"":[]}"
20141218,2014-12-18,0.0,"{""type"":""MultiPoint"",""coordinates"":[]}"
20141219,2014-12-19,0.0,"{""type"":""MultiPoint"",""coordinates"":[]}"
20141220,2014-12-20,15.144022941589355,"{""type"":""MultiPoint"",""coordinates"":[]}"
20141221,2014-12-21,0.0,"{""type"":""MultiPoint"",""coordinates"":[]}"
20141222,2014-12-22,0.0,"{""type"":""MultiPoint"",""coordinates"":[]}"
20141223,2014-12-23,0.0,"{""type"":""MultiPoint"",""coordinates"":[]}"
20141224,2014-12-24,0.0,"{""type"":""MultiPoint"",""coordinates"":[]}"
20141225,2014-12-25,0.0,"{""type"":""MultiPoint"",""coordinates"":[]}"
20141226,2014-12-26,0.0,"{""type"":""MultiPoint"",""coordinates"":[]}"
20141227,2014-12-27,0.0,"{""type"":""MultiPoint"",""coordinates"":[]}"
20141228,2014-12-28,0.0,"{""type"":""MultiPoint"",""coordinates"":[]}"
20141229,2014-12-29,0.0,"{""type"":""MultiPoint"",""coordinates"":[]}"
20141230,2014-12-30,0.0,"{""type"":""MultiPoint"",""coordinates"":[]}"
20141231,2014-12-31,7.965501308441162,"{""type"":""MultiPoint"",""coordinates"":[]}"
20150101,2015-01-01,0.0,"{""type"":""MultiPoint"",""coordinates"":[]}"
20150102,2015-01-02,0.0,"{""type"":""MultiPoint"",""coordinates"":[]}"
20150103,2015-01-03,0.0,"{""type"":""MultiPoint"",""coordinates"":[]}"
20150104,2015-01-04,0.0,"{""type"":""MultiPoint"",""coordinates"":[]}"
20150105,2015-01-05,0.0,"{""type"":""MultiPoint"",""coordinates"":[]}"
20150106,2015-01-06,0.0,"{""type"":""MultiPoint"",""coordinates"":[]}"
20150107,2015-01-07,0.0,"{""type"":""MultiPoint"",""coordinates"":[]}"
20150108,2015-01-08,0.0,"{""type"":""MultiPoint"",""coordinates"":[]}"
20150109,2015-01-09,0.0,"{""type"":""MultiPoint"",""coordinates"":[]}"
20150110,2015-01-10,0.0,"{""type"":""MultiPoint"",""coordinates"":[]}"
20150111,2015-01-11,0.0,"{""type"":""MultiPoint"",""coordinates"":[]}"
20150112,2015-01-12,0.0,"{""type"":""MultiPoint"",""coordinates"":[]}"
20150113,2015-01-13,0.0,"{""type"":""MultiPoint"",""coordinates"":[]}"
20150114,2015-01-14,0.0,"{""type"":""MultiPoint"",""coordinates"":[]}"
20150115,2015-01-15,14.628978729248047,"{""type"":""MultiPoint"",""coordinates"":[]}"
20150116,2015-01-16,0.0,"{""type"":""MultiPoint"",""coordinates"":[]}"
20150117,2015-01-17,41.6721076965332,"{""type"":""MultiPoint"",""coordinates"":[]}"
20150118,2015-01-18,0.0,"{""type"":""MultiPoint"",""coordinates"":[]}"
20150119,2015-01-19,0.0,"{""type"":""MultiPoint"",""coordinates"":[]}"
20150120,2015-01-20,0.0,"{""type"":""MultiPoint"",""coordinates"":[]}"
20150121,2015-01-21,11.463387489318848,"{""type"":""MultiPoint"",""coordinates"":[]}"
20150122,2015-01-22,0.0,"{""type"":""MultiPoint"",""coordinates"":[]}"
20150123,2015-01-23,0.0,"{""type"":""MultiPoint"",""coordinates"":[]}"
20150124,2015-01-24,0.0,"{""type"":""MultiPoint"",""coordinates"":[]}"
20150125,2015-01-25,11.463387489318848,"{""type"":""MultiPoint"",""coordinates"":[]}"
20150126,2015-01-26,0.0,"{""type"":""MultiPoint"",""coordinates"":[]}"
20150127,2015-01-27,12.046086311340332,"{""type"":""MultiPoint"",""coordinates"":[]}"
20150128,2015-01-28,0.0,"{""type"":""MultiPoint"",""coordinates"":[]}"
20150129,2015-01-29,0.0,"{""type"":""MultiPoint"",""coordinates"":[]}"
20150130,2015-01-30,0.0,"{""type"":""MultiPoint"",""coordinates"":[]}"
20150131,2015-01-31,12.046086311340332,"{""type"":""MultiPoint"",""coordinates"":[]}"
20150201,2015-02-01,11.4923095703125,"{""type"":""MultiPoint"",""coordinates"":[]}"
20150202,2015-02-02,0.0,"{""type"":""MultiPoint"",""coordinates"":[]}"
20150203,2015-02-03,0.0,"{""type"":""MultiPoint"",""coordinates"":[]}"
20150204,2015-02-04,0.0,"{""type"":""MultiPoint"",""coordinates"":[]}"
20150205,2015-02-05,5.74615478515625,"{""type"":""MultiPoint"",""coordinates"":[]}"
20150206,2015-02-06,20.13707733154297,"{""type"":""MultiPoint"",""coordinates"":[]}"
20150207,2015-02-07,0.0,"{""type"":""MultiPoint"",""coordinates"":[]}"
20150208,2015-02-08,0.0,"{""type"":""MultiPoint"",""coordinates"":[]}"
20150209,2015-02-09,0.0,"{""type"":""MultiPoint"",""coordinates"":[]}"
20150210,2015-02-10,0.0,"{""type"":""MultiPoint"",""coordinates"":[]}"
20150211,2015-02-11,9.299378395080566,"{""type"":""MultiPoint"",""coordinates"":[]}"
20150212,2015-02-12,0.0,"{""type"":""MultiPoint"",""coordinates"":[]}"
20150213,2015-02-13,0.0,"{""type"":""MultiPoint"",""coordinates"":[]}"
20150214,2015-02-14,0.0,"{""type"":""MultiPoint"",""coordinates"":[]}"
20150215,2015-02-15,13.949067115783691,"{""type"":""MultiPoint"",""coordinates"":[]}"
20150216,2015-02-16,0.0,"{""type"":""MultiPoint"",""coordinates"":[]}"
20150217,2015-02-17,0.0,"{""type"":""MultiPoint"",""coordinates"":[]}"
20150218,2015-02-18,0.0,"{""type"":""MultiPoint"",""coordinates"":[]}"
20150219,2015-02-19,0.0,"{""type"":""MultiPoint"",""coordinates"":[]}"
20150220,2015-02-20,0.0,"{""type"":""MultiPoint"",""coordinates"":[]}"
20150221,2015-02-21,0.0,"{""type"":""MultiPoint"",""coordinates"":[]}"
20150222,2015-02-22,0.0,"{""type"":""MultiPoint"",""coordinates"":[]}"
20150223,2015-02-23,0.0,"{""type"":""MultiPoint"",""coordinates"":[]}"
20150224,2015-02-24,0.0,"{""type"":""MultiPoint"",""coordinates"":[]}"
20150225,2015-02-25,0.0,"{""type"":""MultiPoint"",""coordinates"":[]}"
20150226,2015-02-26,0.0,"{""type"":""MultiPoint"",""coordinates"":[]}"
20150227,2015-02-27,0.0,"{""type"":""MultiPoint"",""coordinates"":[]}"
20150228,2015-02-28,7.627584934234619,"{""type"":""MultiPoint"",""coordinates"":[]}"
20150301,2015-03-01,5.70940637588501,"{""type"":""MultiPoint"",""coordinates"":[]}"
20150302,2015-03-02,17.128219604492188,"{""type"":""MultiPoint"",""coordinates"":[]}"
20150303,2015-03-03,0.0,"{""type"":""MultiPoint"",""coordinates"":[]}"
20150304,2015-03-04,0.0,"{""type"":""MultiPoint"",""coordinates"":[]}"
20150305,2015-03-05,0.0,"{""type"":""MultiPoint"",""coordinates"":[]}"
20150306,2015-03-06,4.578272819519043,"{""type"":""MultiPoint"",""coordinates"":[]}"
20150307,2015-03-07,4.578272819519043,"{""type"":""MultiPoint"",""coordinates"":[]}"
20150308,2015-03-08,0.0,"{""type"":""MultiPoint"",""coordinates"":[]}"
20150309,2015-03-09,0.0,"{""type"":""MultiPoint"",""coordinates"":[]}"
20150310,2015-03-10,0.0,"{""type"":""MultiPoint"",""coordinates"":[]}"
20150311,2015-03-11,0.0,"{""type"":""MultiPoint"",""coordinates"":[]}"
20150312,2015-03-12,0.0,"{""type"":""MultiPoint"",""coordinates"":[]}"
20150313,2015-03-13,0.0,"{""type"":""MultiPoint"",""coordinates"":[]}"
20150314,2015-03-14,0.0,"{""type"":""MultiPoint"",""coordinates"":[]}"
20150315,2015-03-15,0.0,"{""type"":""MultiPoint"",""coordinates"":[]}"
20150316,2015-03-16,13.588314056396484,"{""type"":""MultiPoint"",""coordinates"":[]}"
20150317,2015-03-17,0.0,"{""type"":""MultiPoint"",""coordinates"":[]}"
20150318,2015-03-18,54.35325622558594,"{""type"":""MultiPoint"",""coordinates"":[]}"
20150319,2015-03-19,0.0,"{""type"":""MultiPoint"",""coordinates"":[]}"
20150320,2015-03-20,0.0,"{""type"":""MultiPoint"",""coordinates"":[]}"
20150321,2015-03-21,0.0,"{""type"":""MultiPoint"",""coordinates"":[]}"
20150322,2015-03-22,0.0,"{""type"":""MultiPoint"",""coordinates"":[]}"
20150323,2015-03-23,0.0,"{""type"":""MultiPoint"",""coordinates"":[]}"
20150324,2015-03-24,8.660457611083984,"{""type"":""MultiPoint"",""coordinates"":[]}"
20150325,2015-03-25,8.660457611083984,"{""type"":""MultiPoint"",""coordinates"":[]}"
20150326,2015-03-26,21.706539154052734,"{""type"":""MultiPoint"",""coordinates"":[]}"
20150327,2015-03-27,0.0,"{""type"":""MultiPoint"",""coordinates"":[]}"
20150328,2015-03-28,10.853269577026367,"{""type"":""MultiPoint"",""coordinates"":[]}"
20150329,2015-03-29,54.26634979248047,"{""type"":""MultiPoint"",""coordinates"":[]}"
20150330,2015-03-30,0.0,"{""type"":""MultiPoint"",""coordinates"":[]}"
20150331,2015-03-31,32.55980682373047,"{""type"":""MultiPoint"",""coordinates"":[]}"
20150401,2015-04-01,17.87185287475586,"{""type"":""MultiPoint"",""coordinates"":[]}"
20150402,2015-04-02,0.0,"{""type"":""MultiPoint"",""coordinates"":[]}"
20150403,2015-04-03,17.87185287475586,"{""type"":""MultiPoint"",""coordinates"":[]}"
20150404,2015-04-04,0.0,"{""type"":""MultiPoint"",""coordinates"":[]}"
20150405,2015-04-05,29.786422729492188,"{""type"":""MultiPoint"",""coordinates"":[]}"
20150406,2015-04-06,5.863109111785889,"{""type"":""MultiPoint"",""coordinates"":[]}"
20150407,2015-04-07,5.863109111785889,"{""type"":""MultiPoint"",""coordinates"":[]}"
20150408,2015-04-08,0.0,"{""type"":""MultiPoint"",""coordinates"":[]}"
20150409,2015-04-09,0.0,"{""type"":""MultiPoint"",""coordinates"":[]}"
20150410,2015-04-10,0.0,"{""type"":""MultiPoint"",""coordinates"":[]}"
20150411,2015-04-11,0.0,"{""type"":""MultiPoint"",""coordinates"":[]}"
20150412,2015-04-12,5.278124809265137,"{""type"":""MultiPoint"",""coordinates"":[]}"
20150413,2015-04-13,0.0,"{""type"":""MultiPoint"",""coordinates"":[]}"
20150414,2015-04-14,0.0,"{""type"":""MultiPoint"",""coordinates"":[]}"
20150415,2015-04-15,21.112499237060547,"{""type"":""MultiPoint"",""coordinates"":[]}"
20150416,2015-04-16,32.844966888427734,"{""type"":""MultiPoint"",""coordinates"":[]}"
20150417,2015-04-17,0.0,"{""type"":""MultiPoint"",""coordinates"":[]}"
20150418,2015-04-18,16.422483444213867,"{""type"":""MultiPoint"",""coordinates"":[]}"
20150419,2015-04-19,32.844966888427734,"{""type"":""MultiPoint"",""coordinates"":[]}"
20150420,2015-04-20,32.844966888427734,"{""type"":""MultiPoint"",""coordinates"":[]}"
20150421,2015-04-21,11.074166297912598,"{""type"":""MultiPoint"",""coordinates"":[]}"
20150422,2015-04-22,0.0,"{""type"":""MultiPoint"",""coordinates"":[]}"
20150423,2015-04-23,0.0,"{""type"":""MultiPoint"",""coordinates"":[]}"
20150424,2015-04-24,0.0,"{""type"":""MultiPoint"",""coordinates"":[]}"
20150425,2015-04-25,11.074166297912598,"{""type"":""MultiPoint"",""coordinates"":[]}"
20150426,2015-04-26,0.0,"{""type"":""MultiPoint"",""coordinates"":[]}"
20150427,2015-04-27,0.0,"{""type"":""MultiPoint"",""coordinates"":[]}"
20150428,2015-04-28,0.0,"{""type"":""MultiPoint"",""coordinates"":[]}"
20150429,2015-04-29,0.0,"{""type"":""MultiPoint"",""coordinates"":[]}"
20150430,2015-04-30,11.345102310180664,"{""type"":""MultiPoint"",""coordinates"":[]}"
20150501,2015-05-01,0.0,"{""type"":""MultiPoint"",""coordinates"":[]}"
20150502,2015-05-02,0.0,"{""type"":""MultiPoint"",""coordinates"":[]}"
20150503,2015-05-03,12.184368133544922,"{""type"":""MultiPoint"",""coordinates"":[]}"
20150504,2015-05-04,4.061455726623535,"{""type"":""MultiPoint"",""coordinates"":[]}"
20150505,2015-05-05,0.0,"{""type"":""MultiPoint"",""coordinates"":[]}"
20150506,2015-05-06,0.0,"{""type"":""MultiPoint"",""coordinates"":[]}"
20150507,2015-05-07,0.0,"{""type"":""MultiPoint"",""coordinates"":[]}"
20150508,2015-05-08,0.0,"{""type"":""MultiPoint"",""coordinates"":[]}"
20150509,2015-05-09,0.0,"{""type"":""MultiPoint"",""coordinates"":[]}"
20150510,2015-05-10,0.0,"{""type"":""MultiPoint"",""coordinates"":[]}"
20150511,2015-05-11,0.0,"{""type"":""MultiPoint"",""coordinates"":[]}"
20150512,2015-05-12,0.0,"{""type"":""MultiPoint"",""coordinates"":[]}"
20150513,2015-05-13,0.0,"{""type"":""MultiPoint"",""coordinates"":[]}"
20150514,2015-05-14,0.0,"{""type"":""MultiPoint"",""coordinates"":[]}"
20150515,2015-05-15,6.990166664123535,"{""type"":""MultiPoint"",""coordinates"":[]}"
20150516,2015-05-16,0.0,"{""type"":""MultiPoint"",""coordinates"":[]}"
20150517,2015-05-17,0.0,"{""type"":""MultiPoint"",""coordinates"":[]}"
20150518,2015-05-18,12.308693885803223,"{""type"":""MultiPoint"",""coordinates"":[]}"
20150519,2015-05-19,0.0,"{""type"":""MultiPoint"",""coordinates"":[]}"
20150520,2015-05-20,0.0,"{""type"":""MultiPoint"",""coordinates"":[]}"
20150521,2015-05-21,5.644461631774902,"{""type"":""MultiPoint"",""coordinates"":[]}"
20150522,2015-05-22,0.0,"{""type"":""MultiPoint"",""coordinates"":[]}"
20150523,2015-05-23,0.0,"{""type"":""MultiPoint"",""coordinates"":[]}"
20150524,2015-05-24,0.0,"{""type"":""MultiPoint"",""coordinates"":[]}"
20150525,2015-05-25,0.0,"{""type"":""MultiPoint"",""coordinates"":[]}"
20150526,2015-05-26,0.0,"{""type"":""MultiPoint"",""coordinates"":[]}"
20150527,2015-05-27,10.407018661499023,"{""type"":""MultiPoint"",""coordinates"":[]}"
20150528,2015-05-28,0.0,"{""type"":""MultiPoint"",""coordinates"":[]}"
20150529,2015-05-29,0.0,"{""type"":""MultiPoint"",""coordinates"":[]}"
20150530,2015-05-30,0.0,"{""type"":""MultiPoint"",""coordinates"":[]}"
20150531,2015-05-31,10.407018661499023,"{""type"":""MultiPoint"",""coordinates"":[]}"
20150601,2015-06-01,0.0,"{""type"":""MultiPoint"",""coordinates"":[]}"
20150602,2015-06-02,0.0,"{""type"":""MultiPoint"",""coordinates"":[]}"
20150603,2015-06-03,0.0,"{""type"":""MultiPoint"",""coordinates"":[]}"
20150604,2015-06-04,0.0,"{""type"":""MultiPoint"",""coordinates"":[]}"
20150605,2015-06-05,15.923733711242676,"{""type"":""MultiPoint"",""coordinates"":[]}"
20150606,2015-06-06,0.0,"{""type"":""MultiPoint"",""coordinates"":[]}"
20150607,2015-06-07,7.648047924041748,"{""type"":""MultiPoint"",""coordinates"":[]}"
20150608,2015-06-08,7.648047924041748,"{""type"":""MultiPoint"",""coordinates"":[]}"
20150609,2015-06-09,0.0,"{""type"":""MultiPoint"",""coordinates"":[]}"
20150610,2015-06-10,0.0,"{""type"":""MultiPoint"",""coordinates"":[]}"
20150611,2015-06-11,0.0,"{""type"":""MultiPoint"",""coordinates"":[]}"
20150612,2015-06-12,0.0,"{""type"":""MultiPoint"",""coordinates"":[]}"
20150613,2015-06-13,0.0,"{""type"":""MultiPoint"",""coordinates"":[]}"
20150614,2015-06-14,0.0,"{""type"":""MultiPoint"",""coordinates"":[]}"
20150615,2015-06-15,10.975253105163574,"{""type"":""MultiPoint"",""coordinates"":[]}"
20150616,2015-06-16,0.0,"{""type"":""MultiPoint"",""coordinates"":[]}"
20150617,2015-06-17,0.0,"{""type"":""MultiPoint"",""coordinates"":[]}"
20150618,2015-06-18,0.0,"{""type"":""MultiPoint"",""coordinates"":[]}"
20150619,2015-06-19,0.0,"{""type"":""MultiPoint"",""coordinates"":[]}"
20150620,2015-06-20,0.0,"{""type"":""MultiPoint"",""coordinates"":[]}"
20150621,2015-06-21,0.0,"{""type"":""MultiPoint"",""coordinates"":[]}"
20150622,2015-06-22,0.0,"{""type"":""MultiPoint"",""coordinates"":[]}"
20150623,2015-06-23,0.0,"{""type"":""MultiPoint"",""coordinates"":[]}"
20150624,2015-06-24,0.0,"{""type"":""MultiPoint"",""coordinates"":[]}"
20150625,2015-06-25,0.0,"{""type"":""MultiPoint"",""coordinates"":[]}"
20150626,2015-06-26,0.0,"{""type"":""MultiPoint"",""coordinates"":[]}"
20150627,2015-06-27,0.0,"{""type"":""MultiPoint"",""coordinates"":[]}"
20150628,2015-06-28,0.0,"{""type"":""MultiPoint"",""coordinates"":[]}"
20150629,2015-06-29,0.0,"{""type"":""MultiPoint"",""coordinates"":[]}"
20150630,2015-06-30,0.0,"{""type"":""MultiPoint"",""coordinates"":[]}"
20150701,2015-07-01,0.0,"{""type"":""MultiPoint"",""coordinates"":[]}"
20150702,2015-07-02,0.0,"{""type"":""MultiPoint"",""coordinates"":[]}"
20150703,2015-07-03,0.0,"{""type"":""MultiPoint"",""coordinates"":[]}"
20150704,2015-07-04,0.0,"{""type"":""MultiPoint"",""coordinates"":[]}"
20150705,2015-07-05,0.0,"{""type"":""MultiPoint"",""coordinates"":[]}"
20150706,2015-07-06,0.0,"{""type"":""MultiPoint"",""coordinates"":[]}"
20150707,2015-07-07,0.0,"{""type"":""MultiPoint"",""coordinates"":[]}"
20150708,2015-07-08,4.011081695556641,"{""type"":""MultiPoint"",""coordinates"":[]}"
20150709,2015-07-09,0.0,"{""type"":""MultiPoint"",""coordinates"":[]}"
20150710,2015-07-10,0.0,"{""type"":""MultiPoint"",""coordinates"":[]}"
20150711,2015-07-11,0.0,"{""type"":""MultiPoint"",""coordinates"":[]}"
20150712,2015-07-12,0.0,"{""type"":""MultiPoint"",""coordinates"":[]}"
20150713,2015-07-13,0.0,"{""type"":""MultiPoint"",""coordinates"":[]}"
20150714,2015-07-14,0.0,"{""type"":""MultiPoint"",""coordinates"":[]}"
20150715,2015-07-15,7.253445625305176,"{""type"":""MultiPoint"",""coordinates"":[]}"
20150716,2015-07-16,6.0057220458984375,"{""type"":""MultiPoint"",""coordinates"":[]}"
20150717,2015-07-17,0.0,"{""type"":""MultiPoint"",""coordinates"":[]}"
20150718,2015-07-18,6.0057220458984375,"{""type"":""MultiPoint"",""coordinates"":[]}"
20150719,2015-07-19,0.0,"{""type"":""MultiPoint"",""coordinates"":[]}"
20150720,2015-07-20,0.0,"{""type"":""MultiPoint"",""coordinates"":[]}"
20150721,2015-07-21,7.844115257263184,"{""type"":""MultiPoint"",""coordinates"":[]}"
20150722,2015-07-22,0.0,"{""type"":""MultiPoint"",""coordinates"":[]}"
20150723,2015-07-23,0.0,"{""type"":""MultiPoint"",""coordinates"":[]}"
20150724,2015-07-24,0.0,"{""type"":""MultiPoint"",""coordinates"":[]}"
20150725,2015-07-25,0.0,"{""type"":""MultiPoint"",""coordinates"":[]}"
20150726,2015-07-26,0.0,"{""type"":""MultiPoint"",""coordinates"":[]}"
20150727,2015-07-27,0.0,"{""type"":""MultiPoint"",""coordinates"":[]}"
20150728,2015-07-28,0.0,"{""type"":""MultiPoint"",""coordinates"":[]}"
20150729,2015-07-29,3.4479095935821533,"{""type"":""MultiPoint"",""coordinates"":[]}"
20150730,2015-07-30,3.4479095935821533,"{""type"":""MultiPoint"",""coordinates"":[]}"
20150731,2015-07-31,0.0,"{""type"":""MultiPoint"",""coordinates"":[]}"
20150801,2015-08-01,0.0,"{""type"":""MultiPoint"",""coordinates"":[]}"
20150802,2015-08-02,0.0,"{""type"":""MultiPoint"",""coordinates"":[]}"
20150803,2015-08-03,0.0,"{""type"":""MultiPoint"",""coordinates"":[]}"
20150804,2015-08-04,0.0,"{""type"":""MultiPoint"",""coordinates"":[]}"
20150805,2015-08-05,0.0,"{""type"":""MultiPoint"",""coordinates"":[]}"
20150806,2015-08-06,0.0,"{""type"":""MultiPoint"",""coordinates"":[]}"
20150807,2015-08-07,0.0,"{""type"":""MultiPoint"",""coordinates"":[]}"
20150808,2015-08-08,5.941972255706787,"{""type"":""MultiPoint"",""coordinates"":[]}"
20150809,2015-08-09,2.9709861278533936,"{""type"":""MultiPoint"",""coordinates"":[]}"
20150810,2015-08-10,0.0,"{""type"":""MultiPoint"",""coordinates"":[]}"
20150811,2015-08-11,7.944206237792969,"{""type"":""MultiPoint"",""coordinates"":[]}"
20150812,2015-08-12,0.0,"{""type"":""MultiPoint"",""coordinates"":[]}"
20150813,2015-08-13,0.0,"{""type"":""MultiPoint"",""coordinates"":[]}"
20150814,2015-08-14,0.0,"{""type"":""MultiPoint"",""coordinates"":[]}"
20150815,2015-08-15,0.0,"{""type"":""MultiPoint"",""coordinates"":[]}"
20150816,2015-08-16,0.0,"{""type"":""MultiPoint"",""coordinates"":[]}"
20150817,2015-08-17,0.0,"{""type"":""MultiPoint"",""coordinates"":[]}"
20150818,2015-08-18,0.0,"{""type"":""MultiPoint"",""coordinates"":[]}"
20150819,2015-08-19,0.0,"{""type"":""MultiPoint"",""coordinates"":[]}"
20150820,2015-08-20,0.0,"{""type"":""MultiPoint"",""coordinates"":[]}"
20150821,2015-08-21,10.313344955444336,"{""type"":""MultiPoint"",""coordinates"":[]}"
20150822,2015-08-22,0.0,"{""type"":""MultiPoint"",""coordinates"":[]}"
20150823,2015-08-23,0.0,"{""type"":""MultiPoint"",""coordinates"":[]}"
20150824,2015-08-24,10.313344955444336,"{""type"":""MultiPoint"",""coordinates"":[]}"
20150825,2015-08-25,0.0,"{""type"":""MultiPoint"",""coordinates"":[]}"
20150826,2015-08-26,2.811591148376465,"{""type"":""MultiPoint"",""coordinates"":[]}"
20150827,2015-08-27,5.62318229675293,"{""type"":""MultiPoint"",""coordinates"":[]}"
20150828,2015-08-28,0.0,"{""type"":""MultiPoint"",""coordinates"":[]}"
20150829,2015-08-29,0.0,"{""type"":""MultiPoint"",""coordinates"":[]}"
20150830,2015-08-30,0.0,"{""type"":""MultiPoint"",""coordinates"":[]}"
20150831,2015-08-31,2.811591148376465,"{""type"":""MultiPoint"",""coordinates"":[]}"
20150901,2015-09-01,0.0,"{""type"":""MultiPoint"",""coordinates"":[]}"
20150902,2015-09-02,0.0,"{""type"":""MultiPoint"",""coordinates"":[]}"
20150903,2015-09-03,0.0,"{""type"":""MultiPoint"",""coordinates"":[]}"
20150904,2015-09-04,0.0,"{""type"":""MultiPoint"",""coordinates"":[]}"
20150905,2015-09-05,0.0,"{""type"":""MultiPoint"",""coordinates"":[]}"
20150906,2015-09-06,15.11772632598877,"{""type"":""MultiPoint"",""coordinates"":[]}"
20150907,2015-09-07,0.0,"{""type"":""MultiPoint"",""coordinates"":[]}"
20150908,2015-09-08,7.558863162994385,"{""type"":""MultiPoint"",""coordinates"":[]}"
20150909,2015-09-09,0.0,"{""type"":""MultiPoint"",""coordinates"":[]}"
20150910,2015-09-10,22.676589965820312,"{""type"":""MultiPoint"",""coordinates"":[]}"
20150911,2015-09-11,0.0,"{""type"":""MultiPoint"",""coordinates"":[]}"
20150912,2015-09-12,0.0,"{""type"":""MultiPoint"",""coordinates"":[]}"
20150913,2015-09-13,0.0,"{""type"":""MultiPoint"",""coordinates"":[]}"
20150914,2015-09-14,0.0,"{""type"":""MultiPoint"",""coordinates"":[]}"
20150915,2015-09-15,0.0,"{""type"":""MultiPoint"",""coordinates"":[]}"
20150916,2015-09-16,0.0,"{""type"":""MultiPoint"",""coordinates"":[]}"
20150917,2015-09-17,4.674856185913086,"{""type"":""MultiPoint"",""coordinates"":[]}"
20150918,2015-09-18,9.349712371826172,"{""type"":""MultiPoint"",""coordinates"":[]}"
20150919,2015-09-19,14.024568557739258,"{""type"":""MultiPoint"",""coordinates"":[]}"
20150920,2015-09-20,9.349712371826172,"{""type"":""MultiPoint"",""coordinates"":[]}"
20150921,2015-09-21,0.0,"{""type"":""MultiPoint"",""coordinates"":[]}"
20150922,2015-09-22,0.0,"{""type"":""MultiPoint"",""coordinates"":[]}"
20150923,2015-09-23,0.0,"{""type"":""MultiPoint"",""coordinates"":[]}"
20150924,2015-09-24,5.65276575088501,"{""type"":""MultiPoint"",""coordinates"":[]}"
20150925,2015-09-25,0.0,"{""type"":""MultiPoint"",""coordinates"":[]}"
20150926,2015-09-26,0.0,"{""type"":""MultiPoint"",""coordinates"":[]}"
20150927,2015-09-27,0.0,"{""type"":""MultiPoint"",""coordinates"":[]}"
20150928,2015-09-28,0.0,"{""type"":""MultiPoint"",""coordinates"":[]}"
20150929,2015-09-29,0.0,"{""type"":""MultiPoint"",""coordinates"":[]}"
20150930,2015-09-30,10.052496910095215,"{""type"":""MultiPoint"",""coordinates"":[]}"
20151001,2015-10-01,0.0,"{""type"":""MultiPoint"",""coordinates"":[]}"
20151002,2015-10-02,0.0,"{""type"":""MultiPoint"",""coordinates"":[]}"
20151003,2015-10-03,0.0,"{""type"":""MultiPoint"",""coordinates"":[]}"
20151004,2015-10-04,0.0,"{""type"":""MultiPoint"",""coordinates"":[]}"
20151005,2015-10-05,9.474416732788086,"{""type"":""MultiPoint"",""coordinates"":[]}"
20151006,2015-10-06,0.0,"{""type"":""MultiPoint"",""coordinates"":[]}"
20151007,2015-10-07,6.2207159996032715,"{""type"":""MultiPoint"",""coordinates"":[]}"
20151008,2015-10-08,0.0,"{""type"":""MultiPoint"",""coordinates"":[]}"
20151009,2015-10-09,6.2207159996032715,"{""type"":""MultiPoint"",""coordinates"":[]}"
20151010,2015-10-10,0.0,"{""type"":""MultiPoint"",""coordinates"":[]}"
20151011,2015-10-11,10.555379867553711,"{""type"":""MultiPoint"",""coordinates"":[]}"
20151012,2015-10-12,7.036920070648193,"{""type"":""MultiPoint"",""coordinates"":[]}"
20151013,2015-10-13,0.0,"{""type"":""MultiPoint"",""coordinates"":[]}"
20151014,2015-10-14,17.592300415039062,"{""type"":""MultiPoint"",""coordinates"":[]}"
20151015,2015-10-15,0.0,"{""type"":""MultiPoint"",""coordinates"":[]}"
20151016,2015-10-16,12.329062461853027,"{""type"":""MultiPoint"",""coordinates"":[]}"
20151017,2015-10-17,0.0,"{""type"":""MultiPoint"",""coordinates"":[]}"
20151018,2015-10-18,6.164531230926514,"{""type"":""MultiPoint"",""coordinates"":[]}"
20151019,2015-10-19,0.0,"{""type"":""MultiPoint"",""coordinates"":[]}"
20151020,2015-10-20,0.0,"{""type"":""MultiPoint"",""coordinates"":[]}"
20151021,2015-10-21,7.744723796844482,"{""type"":""MultiPoint"",""coordinates"":[]}"
20151022,2015-10-22,0.0,"{""type"":""MultiPoint"",""coordinates"":[]}"
20151023,2015-10-23,7.744723796844482,"{""type"":""MultiPoint"",""coordinates"":[]}"
20151024,2015-10-24,0.0,"{""type"":""MultiPoint"",""coordinates"":[]}"
20151025,2015-10-25,0.0,"{""type"":""MultiPoint"",""coordinates"":[]}"
20151026,2015-10-26,0.0,"{""type"":""MultiPoint"",""coordinates"":[]}"
20151027,2015-10-27,0.0,"{""type"":""MultiPoint"",""coordinates"":[]}"
20151028,2015-10-28,0.0,"{""type"":""MultiPoint"",""coordinates"":[]}"
20151029,2015-10-29,5.683683395385742,"{""type"":""MultiPoint"",""coordinates"":[]}"
20151030,2015-10-30,5.683683395385742,"{""type"":""MultiPoint"",""coordinates"":[]}"
20151031,2015-10-31,5.683683395385742,"{""type"":""MultiPoint"",""coordinates"":[]}"
20151101,2015-11-01,12.971903800964355,"{""type"":""MultiPoint"",""coordinates"":[]}"
20151102,2015-11-02,6.485951900482178,"{""type"":""MultiPoint"",""coordinates"":[]}"
20151103,2015-11-03,0.0,"{""type"":""MultiPoint"",""coordinates"":[]}"
20151104,2015-11-04,6.485951900482178,"{""type"":""MultiPoint"",""coordinates"":[]}"
20151105,2015-11-05,12.971903800964355,"{""type"":""MultiPoint"",""coordinates"":[]}"
20151106,2015-11-06,14.889087677001953,"{""type"":""MultiPoint"",""coordinates"":[]}"
20151107,2015-11-07,0.0,"{""type"":""MultiPoint"",""coordinates"":[]}"
20151108,2015-11-08,0.0,"{""type"":""MultiPoint"",""coordinates"":[]}"
20151109,2015-11-09,14.889087677001953,"{""type"":""MultiPoint"",""coordinates"":[]}"
20151110,2015-11-10,14.889087677001953,"{""type"":""MultiPoint"",""coordinates"":[]}"
20151111,2015-11-11,0.0,"{""type"":""MultiPoint"",""coordinates"":[]}"
20151112,2015-11-12,4.258297443389893,"{""type"":""MultiPoint"",""coordinates"":[]}"
20151113,2015-11-13,4.258297443389893,"{""type"":""MultiPoint"",""coordinates"":[]}"
20151114,2015-11-14,0.0,"{""type"":""MultiPoint"",""coordinates"":[]}"
20151115,2015-11-15,8.516594886779785,"{""type"":""MultiPoint"",""coordinates"":[]}"
20151116,2015-11-16,15.69687271118164,"{""type"":""MultiPoint"",""coordinates"":[]}"
20151117,2015-11-17,15.69687271118164,"{""type"":""MultiPoint"",""coordinates"":[]}"
20151118,2015-11-18,0.0,"{""type"":""MultiPoint"",""coordinates"":[]}"
20151119,2015-11-19,0.0,"{""type"":""MultiPoint"",""coordinates"":[]}"
20151120,2015-11-20,0.0,"{""type"":""MultiPoint"",""coordinates"":[]}"
20151121,2015-11-21,0.0,"{""type"":""MultiPoint"",""coordinates"":[]}"
20151122,2015-11-22,0.0,"{""type"":""MultiPoint"",""coordinates"":[]}"
20151123,2015-11-23,0.0,"{""type"":""MultiPoint"",""coordinates"":[]}"
20151124,2015-11-24,0.0,"{""type"":""MultiPoint"",""coordinates"":[]}"
20151125,2015-11-25,83.36802673339844,"{""type"":""MultiPoint"",""coordinates"":[]}"
20151126,2015-11-26,0.0,"{""type"":""MultiPoint"",""coordinates"":[]}"
20151127,2015-11-27,0.0,"{""type"":""MultiPoint"",""coordinates"":[]}"
20151128,2015-11-28,0.0,"{""type"":""MultiPoint"",""coordinates"":[]}"
20151129,2015-11-29,0.0,"{""type"":""MultiPoint"",""coordinates"":[]}"
20151130,2015-11-30,0.0,"{""type"":""MultiPoint"",""coordinates"":[]}"
20151201,2015-12-01,0.0,"{""type"":""MultiPoint"",""coordinates"":[]}"
20151202,2015-12-02,0.0,"{""type"":""MultiPoint"",""coordinates"":[]}"
20151203,2015-12-03,0.0,"{""type"":""MultiPoint"",""coordinates"":[]}"
20151204,2015-12-04,20.980192184448242,"{""type"":""MultiPoint"",""coordinates"":[]}"
20151205,2015-12-05,0.0,"{""type"":""MultiPoint"",""coordinates"":[]}"
20151206,2015-12-06,0.0,"{""type"":""MultiPoint"",""coordinates"":[]}"
20151207,2015-12-07,0.0,"{""type"":""MultiPoint"",""coordinates"":[]}"
20151208,2015-12-08,0.0,"{""type"":""MultiPoint"",""coordinates"":[]}"
20151209,2015-12-09,0.0,"{""type"":""MultiPoint"",""coordinates"":[]}"
20151210,2015-12-10,0.0,"{""type"":""MultiPoint"",""coordinates"":[]}"
20151211,2015-12-11,0.0,"{""type"":""MultiPoint"",""coordinates"":[]}"
20151212,2015-12-12,0.0,"{""type"":""MultiPoint"",""coordinates"":[]}"
20151213,2015-12-13,0.0,"{""type"":""MultiPoint"",""coordinates"":[]}"
20151214,2015-12-14,0.0,"{""type"":""MultiPoint"",""coordinates"":[]}"
20151215,2015-12-15,13.199352264404297,"{""type"":""MultiPoint"",""coordinates"":[]}"
20151216,2015-12-16,0.0,"{""type"":""MultiPoint"",""coordinates"":[]}"
20151217,2015-12-17,0.0,"{""type"":""MultiPoint"",""coordinates"":[]}"
20151218,2015-12-18,0.0,"{""type"":""MultiPoint"",""coordinates"":[]}"
20151219,2015-12-19,0.0,"{""type"":""MultiPoint"",""coordinates"":[]}"
20151220,2015-12-20,0.0,"{""type"":""MultiPoint"",""coordinates"":[]}"
20151221,2015-12-21,0.0,"{""type"":""MultiPoint"",""coordinates"":[]}"
20151222,2015-12-22,0.0,"{""type"":""MultiPoint"",""coordinates"":[]}"
20151223,2015-12-23,0.0,"{""type"":""MultiPoint"",""coordinates"":[]}"
20151224,2015-12-24,0.0,"{""type"":""MultiPoint"",""coordinates"":[]}"
20151225,2015-12-25,0.0,"{""type"":""MultiPoint"",""coordinates"":[]}"
20151226,2015-12-26,0.0,"{""type"":""MultiPoint"",""coordinates"":[]}"
20151227,2015-12-27,0.0,"{""type"":""MultiPoint"",""coordinates"":[]}"
20151228,2015-12-28,0.0,"{""type"":""MultiPoint"",""coordinates"":[]}"
20151229,2015-12-29,0.0,"{""type"":""MultiPoint"",""coordinates"":[]}"
20151230,2015-12-30,0.0,"{""type"":""MultiPoint"",""coordinates"":[]}"
20151231,2015-12-31,0.0,"{""type"":""MultiPoint"",""coordinates"":[]}"
20160101,2016-01-01,0.0,"{""type"":""MultiPoint"",""coordinates"":[]}"
20160102,2016-01-02,0.0,"{""type"":""MultiPoint"",""coordinates"":[]}"
20160103,2016-01-03,0.0,"{""type"":""MultiPoint"",""coordinates"":[]}"
20160104,2016-01-04,20.993330001831055,"{""type"":""MultiPoint"",""coordinates"":[]}"
20160105,2016-01-05,20.993330001831055,"{""type"":""MultiPoint"",""coordinates"":[]}"
20160106,2016-01-06,0.0,"{""type"":""MultiPoint"",""coordinates"":[]}"
20160107,2016-01-07,0.0,"{""type"":""MultiPoint"",""coordinates"":[]}"
20160108,2016-01-08,0.0,"{""type"":""MultiPoint"",""coordinates"":[]}"
20160109,2016-01-09,0.0,"{""type"":""MultiPoint"",""coordinates"":[]}"
20160110,2016-01-10,0.0,"{""type"":""MultiPoint"",""coordinates"":[]}"
20160111,2016-01-11,0.0,"{""type"":""MultiPoint"",""coordinates"":[]}"
20160112,2016-01-12,0.0,"{""type"":""MultiPoint"",""coordinates"":[]}"
20160113,2016-01-13,0.0,"{""type"":""MultiPoint"",""coordinates"":[]}"
20160114,2016-01-14,18.468341827392578,"{""type"":""MultiPoint"",""coordinates"":[]}"
20160115,2016-01-15,0.0,"{""type"":""MultiPoint"",""coordinates"":[]}"
20160116,2016-01-16,0.0,"{""type"":""MultiPoint"",""coordinates"":[]}"
20160117,2016-01-17,0.0,"{""type"":""MultiPoint"",""coordinates"":[]}"
20160118,2016-01-18,0.0,"{""type"":""MultiPoint"",""coordinates"":[]}"
20160119,2016-01-19,0.0,"{""type"":""MultiPoint"",""coordinates"":[]}"
20160120,2016-01-20,0.0,"{""type"":""MultiPoint"",""coordinates"":[]}"
20160121,2016-01-21,0.0,"{""type"":""MultiPoint"",""coordinates"":[]}"
20160122,2016-01-22,7.278547286987305,"{""type"":""MultiPoint"",""coordinates"":[]}"
20160123,2016-01-23,7.278547286987305,"{""type"":""MultiPoint"",""coordinates"":[]}"
20160124,2016-01-24,7.278547286987305,"{""type"":""MultiPoint"",""coordinates"":[]}"
20160125,2016-01-25,0.0,"{""type"":""MultiPoint"",""coordinates"":[]}"
20160126,2016-01-26,0.0,"{""type"":""MultiPoint"",""coordinates"":[]}"
20160127,2016-01-27,0.0,"{""type"":""MultiPoint"",""coordinates"":[]}"
20160128,2016-01-28,0.0,"{""type"":""MultiPoint"",""coordinates"":[]}"
20160129,2016-01-29,0.0,"{""type"":""MultiPoint"",""coordinates"":[]}"
20160130,2016-01-30,0.0,"{""type"":""MultiPoint"",""coordinates"":[]}"
20160131,2016-01-31,0.0,"{""type"":""MultiPoint"",""coordinates"":[]}"
20160201,2016-02-01,0.0,"{""type"":""MultiPoint"",""coordinates"":[]}"
20160202,2016-02-02,0.0,"{""type"":""MultiPoint"",""coordinates"":[]}"
20160203,2016-02-03,0.0,"{""type"":""MultiPoint"",""coordinates"":[]}"
20160204,2016-02-04,0.0,"{""type"":""MultiPoint"",""coordinates"":[]}"
20160205,2016-02-05,0.0,"{""type"":""MultiPoint"",""coordinates"":[]}"
20160206,2016-02-06,0.0,"{""type"":""MultiPoint"",""coordinates"":[]}"
20160207,2016-02-07,0.0,"{""type"":""MultiPoint"",""coordinates"":[]}"
20160208,2016-02-08,30.240276336669922,"{""type"":""MultiPoint"",""coordinates"":[]}"
20160209,2016-02-09,0.0,"{""type"":""MultiPoint"",""coordinates"":[]}"
20160210,2016-02-10,0.0,"{""type"":""MultiPoint"",""coordinates"":[]}"
20160211,2016-02-11,0.0,"{""type"":""MultiPoint"",""coordinates"":[]}"
20160212,2016-02-12,0.0,"{""type"":""MultiPoint"",""coordinates"":[]}"
20160213,2016-02-13,0.0,"{""type"":""MultiPoint"",""coordinates"":[]}"
20160214,2016-02-14,0.0,"{""type"":""MultiPoint"",""coordinates"":[]}"
20160215,2016-02-15,0.0,"{""type"":""MultiPoint"",""coordinates"":[]}"
20160216,2016-02-16,0.0,"{""type"":""MultiPoint"",""coordinates"":[]}"
20160217,2016-02-17,0.0,"{""type"":""MultiPoint"",""coordinates"":[]}"
20160218,2016-02-18,0.0,"{""type"":""MultiPoint"",""coordinates"":[]}"
20160219,2016-02-19,36.135154724121094,"{""type"":""MultiPoint"",""coordinates"":[]}"
20160220,2016-02-20,0.0,"{""type"":""MultiPoint"",""coordinates"":[]}"
20160221,2016-02-21,0.0,"{""type"":""MultiPoint"",""coordinates"":[]}"
20160222,2016-02-22,0.0,"{""type"":""MultiPoint"",""coordinates"":[]}"
20160223,2016-02-23,0.0,"{""type"":""MultiPoint"",""coordinates"":[]}"
20160224,2016-02-24,30.24789047241211,"{""type"":""MultiPoint"",""coordinates"":[]}"
20160225,2016-02-25,15.123945236206055,"{""type"":""MultiPoint"",""coordinates"":[]}"
20160226,2016-02-26,0.0,"{""type"":""MultiPoint"",""coordinates"":[]}"
20160227,2016-02-27,0.0,"{""type"":""MultiPoint"",""coordinates"":[]}"
20160228,2016-02-28,0.0,"{""type"":""MultiPoint"",""coordinates"":[]}"
20160229,2016-02-29,0.0,"{""type"":""MultiPoint"",""coordinates"":[]}"
20160301,2016-03-01,0.0,"{""type"":""MultiPoint"",""coordinates"":[]}"
20160302,2016-03-02,6.034133434295654,"{""type"":""MultiPoint"",""coordinates"":[]}"
20160303,2016-03-03,0.0,"{""type"":""MultiPoint"",""coordinates"":[]}"
20160304,2016-03-04,6.034133434295654,"{""type"":""MultiPoint"",""coordinates"":[]}"
20160305,2016-03-05,6.034133434295654,"{""type"":""MultiPoint"",""coordinates"":[]}"
20160306,2016-03-06,4.535157680511475,"{""type"":""MultiPoint"",""coordinates"":[]}"
20160307,2016-03-07,0.0,"{""type"":""MultiPoint"",""coordinates"":[]}"
20160308,2016-03-08,0.0,"{""type"":""MultiPoint"",""coordinates"":[]}"
20160309,2016-03-09,9.07031536102295,"{""type"":""MultiPoint"",""coordinates"":[]}"
20160310,2016-03-10,13.605474472045898,"{""type"":""MultiPoint"",""coordinates"":[]}"
20160311,2016-03-11,12.215277671813965,"{""type"":""MultiPoint"",""coordinates"":[]}"
20160312,2016-03-12,12.215277671813965,"{""type"":""MultiPoint"",""coordinates"":[]}"
20160313,2016-03-13,12.215277671813965,"{""type"":""MultiPoint"",""coordinates"":[]}"
20160314,2016-03-14,24.43055534362793,"{""type"":""MultiPoint"",""coordinates"":[]}"
20160315,2016-03-15,0.0,"{""type"":""MultiPoint"",""coordinates"":[]}"
20160316,2016-03-16,0.0,"{""type"":""MultiPoint"",""coordinates"":[]}"
20160317,2016-03-17,16.310302734375,"{""type"":""MultiPoint"",""coordinates"":[]}"
20160318,2016-03-18,4.07757568359375,"{""type"":""MultiPoint"",""coordinates"":[]}"
20160319,2016-03-19,0.0,"{""type"":""MultiPoint"",""coordinates"":[]}"
20160320,2016-03-20,8.1551513671875,"{""type"":""MultiPoint"",""coordinates"":[]}"
20160321,2016-03-21,0.0,"{""type"":""MultiPoint"",""coordinates"":[]}"
20160322,2016-03-22,0.0,"{""type"":""MultiPoint"",""coordinates"":[]}"
20160323,2016-03-23,0.0,"{""type"":""MultiPoint"",""coordinates"":[]}"
20160324,2016-03-24,0.0,"{""type"":""MultiPoint"",""coordinates"":[]}"
20160325,2016-03-25,0.0,"{""type"":""MultiPoint"",""coordinates"":[]}"
20160326,2016-03-26,0.0,"{""type"":""MultiPoint"",""coordinates"":[]}"
20160327,2016-03-27,0.0,"{""type"":""MultiPoint"",""coordinates"":[]}"
20160328,2016-03-28,14.76555061340332,"{""type"":""MultiPoint"",""coordinates"":[]}"
20160329,2016-03-29,4.921850681304932,"{""type"":""MultiPoint"",""coordinates"":[]}"
20160330,2016-03-30,0.0,"{""type"":""MultiPoint"",""coordinates"":[]}"
20160331,2016-03-31,14.76555061340332,"{""type"":""MultiPoint"",""coordinates"":[]}"
20160401,2016-04-01,0.0,"{""type"":""MultiPoint"",""coordinates"":[]}"
20160402,2016-04-02,24.99970054626465,"{""type"":""MultiPoint"",""coordinates"":[]}"
20160403,2016-04-03,0.0,"{""type"":""MultiPoint"",""coordinates"":[]}"
20160404,2016-04-04,0.0,"{""type"":""MultiPoint"",""coordinates"":[]}"
20160405,2016-04-05,4.999939918518066,"{""type"":""MultiPoint"",""coordinates"":[]}"
20160406,2016-04-06,0.0,"{""type"":""MultiPoint"",""coordinates"":[]}"
20160407,2016-04-07,0.0,"{""type"":""MultiPoint"",""coordinates"":[]}"
20160408,2016-04-08,0.0,"{""type"":""MultiPoint"",""coordinates"":[]}"
20160409,2016-04-09,13.375720977783203,"{""type"":""MultiPoint"",""coordinates"":[]}"
20160410,2016-04-10,13.375720977783203,"{""type"":""MultiPoint"",""coordinates"":[]}"
20160411,2016-04-11,8.344856262207031,"{""type"":""MultiPoint"",""coordinates"":[]}"
20160412,2016-04-12,16.689712524414062,"{""type"":""MultiPoint"",""coordinates"":[]}"
20160413,2016-04-13,0.0,"{""type"":""MultiPoint"",""coordinates"":[]}"
20160414,2016-04-14,0.0,"{""type"":""MultiPoint"",""coordinates"":[]}"
20160415,2016-04-15,0.0,"{""type"":""MultiPoint"",""coordinates"":[]}"
20160416,2016-04-16,12.142101287841797,"{""type"":""MultiPoint"",""coordinates"":[]}"
20160417,2016-04-17,18.213151931762695,"{""type"":""MultiPoint"",""coordinates"":[]}"
20160418,2016-04-18,0.0,"{""type"":""MultiPoint"",""coordinates"":[]}"
20160419,2016-04-19,0.0,"{""type"":""MultiPoint"",""coordinates"":[]}"
20160420,2016-04-20,0.0,"{""type"":""MultiPoint"",""coordinates"":[]}"
20160421,2016-04-21,0.0,"{""type"":""MultiPoint"",""coordinates"":[]}"
20160422,2016-04-22,5.600351810455322,"{""type"":""MultiPoint"",""coordinates"":[]}"
20160423,2016-04-23,5.600351810455322,"{""type"":""MultiPoint"",""coordinates"":[]}"
20160424,2016-04-24,11.200703620910645,"{""type"":""MultiPoint"",""coordinates"":[]}"
20160425,2016-04-25,11.200703620910645,"{""type"":""MultiPoint"",""coordinates"":[]}"
20160426,2016-04-26,0.0,"{""type"":""MultiPoint"",""coordinates"":[]}"
20160427,2016-04-27,6.925551414489746,"{""type"":""MultiPoint"",""coordinates"":[]}"
20160428,2016-04-28,6.925551414489746,"{""type"":""MultiPoint"",""coordinates"":[]}"
20160429,2016-04-29,20.776655197143555,"{""type"":""MultiPoint"",""coordinates"":[]}"
20160430,2016-04-30,13.851102828979492,"{""type"":""MultiPoint"",""coordinates"":[]}"
20160501,2016-05-01,4.830846309661865,"{""type"":""MultiPoint"",""coordinates"":[]}"
20160502,2016-05-02,2.4154231548309326,"{""type"":""MultiPoint"",""coordinates"":[]}"
20160503,2016-05-03,2.4154231548309326,"{""type"":""MultiPoint"",""coordinates"":[]}"
20160504,2016-05-04,12.07711410522461,"{""type"":""MultiPoint"",""coordinates"":[]}"
20160505,2016-05-05,0.0,"{""type"":""MultiPoint"",""coordinates"":[]}"
20160506,2016-05-06,4.634379863739014,"{""type"":""MultiPoint"",""coordinates"":[]}"
20160507,2016-05-07,18.537519454956055,"{""type"":""MultiPoint"",""coordinates"":[]}"
20160508,2016-05-08,0.0,"{""type"":""MultiPoint"",""coordinates"":[]}"
20160509,2016-05-09,13.903138160705566,"{""type"":""MultiPoint"",""coordinates"":[]}"
20160510,2016-05-10,23.171899795532227,"{""type"":""MultiPoint"",""coordinates"":[]}"
20160511,2016-05-11,0.0,"{""type"":""MultiPoint"",""coordinates"":[]}"
20160512,2016-05-12,0.0,"{""type"":""MultiPoint"",""coordinates"":[]}"
20160513,2016-05-13,0.0,"{""type"":""MultiPoint"",""coordinates"":[]}"
20160514,2016-05-14,0.0,"{""type"":""MultiPoint"",""coordinates"":[]}"
20160515,2016-05-15,0.0,"{""type"":""MultiPoint"",""coordinates"":[]}"
20160516,2016-05-16,0.0,"{""type"":""MultiPoint"",""coordinates"":[]}"
20160517,2016-05-17,0.0,"{""type"":""MultiPoint"",""coordinates"":[]}"
20160518,2016-05-18,0.0,"{""type"":""MultiPoint"",""coordinates"":[]}"
20160519,2016-05-19,4.433478832244873,"{""type"":""MultiPoint"",""coordinates"":[]}"
20160520,2016-05-20,2.2167394161224365,"{""type"":""MultiPoint"",""coordinates"":[]}"
20160521,2016-05-21,13.690442085266113,"{""type"":""MultiPoint"",""coordinates"":[]}"
20160522,2016-05-22,0.0,"{""type"":""MultiPoint"",""coordinates"":[]}"
20160523,2016-05-23,0.0,"{""type"":""MultiPoint"",""coordinates"":[]}"
20160524,2016-05-24,0.0,"{""type"":""MultiPoint"",""coordinates"":[]}"
20160525,2016-05-25,0.0,"{""type"":""MultiPoint"",""coordinates"":[]}"
20160526,2016-05-26,11.298968315124512,"{""type"":""MultiPoint"",""coordinates"":[]}"
20160527,2016-05-27,0.0,"{""type"":""MultiPoint"",""coordinates"":[]}"
20160528,2016-05-28,7.532645225524902,"{""type"":""MultiPoint"",""coordinates"":[]}"
20160529,2016-05-29,0.0,"{""type"":""MultiPoint"",""coordinates"":[]}"
20160530,2016-05-30,3.766322612762451,"{""type"":""MultiPoint"",""coordinates"":[]}"
20160531,2016-05-31,7.532645225524902,"{""type"":""MultiPoint"",""coordinates"":[]}"
20160601,2016-06-01,0.0,"{""type"":""MultiPoint"",""coordinates"":[]}"
20160602,2016-06-02,0.0,"{""type"":""MultiPoint"",""coordinates"":[]}"
20160603,2016-06-03,0.0,"{""type"":""MultiPoint"",""coordinates"":[]}"
20160604,2016-06-04,0.0,"{""type"":""MultiPoint"",""coordinates"":[]}"
20160605,2016-06-05,12.005698204040527,"{""type"":""MultiPoint"",""coordinates"":[]}"
20160606,2016-06-06,5.035516262054443,"{""type"":""MultiPoint"",""coordinates"":[]}"
20160607,2016-06-07,5.035516262054443,"{""type"":""MultiPoint"",""coordinates"":[]}"
20160608,2016-06-08,0.0,"{""type"":""MultiPoint"",""coordinates"":[]}"
20160609,2016-06-09,0.0,"{""type"":""MultiPoint"",""coordinates"":[]}"
20160610,2016-06-10,0.0,"{""type"":""MultiPoint"",""coordinates"":[]}"
20160611,2016-06-11,0.0,"{""type"":""MultiPoint"",""coordinates"":[]}"
20160612,2016-06-12,0.0,"{""type"":""MultiPoint"",""coordinates"":[]}"
20160613,2016-06-13,0.0,"{""type"":""MultiPoint"",""coordinates"":[]}"
20160614,2016-06-14,7.5196709632873535,"{""type"":""MultiPoint"",""coordinates"":[]}"
20160615,2016-06-15,7.5196709632873535,"{""type"":""MultiPoint"",""coordinates"":[]}"
20160616,2016-06-16,0.0,"{""type"":""MultiPoint"",""coordinates"":[]}"
20160617,2016-06-17,0.0,"{""type"":""MultiPoint"",""coordinates"":[]}"
20160618,2016-06-18,0.0,"{""type"":""MultiPoint"",""coordinates"":[]}"
20160619,2016-06-19,0.0,"{""type"":""MultiPoint"",""coordinates"":[]}"
20160620,2016-06-20,0.0,"{""type"":""MultiPoint"",""coordinates"":[]}"
20160621,2016-06-21,0.0,"{""type"":""MultiPoint"",""coordinates"":[]}"
20160622,2016-06-22,0.0,"{""type"":""MultiPoint"",""coordinates"":[]}"
20160623,2016-06-23,0.0,"{""type"":""MultiPoint"",""coordinates"":[]}"
20160624,2016-06-24,0.0,"{""type"":""MultiPoint"",""coordinates"":[]}"
20160625,2016-06-25,0.0,"{""type"":""MultiPoint"",""coordinates"":[]}"
20160626,2016-06-26,0.0,"{""type"":""MultiPoint"",""coordinates"":[]}"
20160627,2016-06-27,0.0,"{""type"":""MultiPoint"",""coordinates"":[]}"
20160628,2016-06-28,0.0,"{""type"":""MultiPoint"",""coordinates"":[]}"
20160629,2016-06-29,0.0,"{""type"":""MultiPoint"",""coordinates"":[]}"
20160630,2016-06-30,0.0,"{""type"":""MultiPoint"",""coordinates"":[]}"
20160701,2016-07-01,3.4081618785858154,"{""type"":""MultiPoint"",""coordinates"":[]}"
20160702,2016-07-02,1.7040809392929077,"{""type"":""MultiPoint"",""coordinates"":[]}"
20160703,2016-07-03,3.4081618785858154,"{""type"":""MultiPoint"",""coordinates"":[]}"
20160704,2016-07-04,1.7040809392929077,"{""type"":""MultiPoint"",""coordinates"":[]}"
20160705,2016-07-05,0.0,"{""type"":""MultiPoint"",""coordinates"":[]}"
20160706,2016-07-06,3.6027462482452393,"{""type"":""MultiPoint"",""coordinates"":[]}"
20160707,2016-07-07,0.0,"{""type"":""MultiPoint"",""coordinates"":[]}"
20160708,2016-07-08,0.0,"{""type"":""MultiPoint"",""coordinates"":[]}"
20160709,2016-07-09,0.0,"{""type"":""MultiPoint"",""coordinates"":[]}"
20160710,2016-07-10,0.0,"{""type"":""MultiPoint"",""coordinates"":[]}"
20160711,2016-07-11,0.0,"{""type"":""MultiPoint"",""coordinates"":[]}"
20160712,2016-07-12,1.4459465742111206,"{""type"":""MultiPoint"",""coordinates"":[]}"
20160713,2016-07-13,1.4459465742111206,"{""type"":""MultiPoint"",""coordinates"":[]}"
20160714,2016-07-14,2.891893148422241,"{""type"":""MultiPoint"",""coordinates"":[]}"
20160715,2016-07-15,0.0,"{""type"":""MultiPoint"",""coordinates"":[]}"
20160716,2016-07-16,0.0,"{""type"":""MultiPoint"",""coordinates"":[]}"
20160717,2016-07-17,5.360185623168945,"{""type"":""MultiPoint"",""coordinates"":[]}"
20160718,2016-07-18,2.6800928115844727,"{""type"":""MultiPoint"",""coordinates"":[]}"
20160719,2016-07-19,0.0,"{""type"":""MultiPoint"",""coordinates"":[]}"
20160720,2016-07-20,0.0,"{""type"":""MultiPoint"",""coordinates"":[]}"
20160721,2016-07-21,0.0,"{""type"":""MultiPoint"",""coordinates"":[]}"
20160722,2016-07-22,0.0,"{""type"":""MultiPoint"",""coordinates"":[]}"
20160723,2016-07-23,0.0,"{""type"":""MultiPoint"",""coordinates"":[]}"
20160724,2016-07-24,0.0,"{""type"":""MultiPoint"",""coordinates"":[]}"
20160725,2016-07-25,0.0,"{""type"":""MultiPoint"",""coordinates"":[]}"
20160726,2016-07-26,0.0,"{""type"":""MultiPoint"",""coordinates"":[]}"
20160727,2016-07-27,1.8592772483825684,"{""type"":""MultiPoint"",""coordinates"":[]}"
20160728,2016-07-28,0.0,"{""type"":""MultiPoint"",""coordinates"":[]}"
20160729,2016-07-29,0.0,"{""type"":""MultiPoint"",""coordinates"":[]}"
20160730,2016-07-30,0.0,"{""type"":""MultiPoint"",""coordinates"":[]}"
20160731,2016-07-31,1.8592772483825684,"{""type"":""MultiPoint"",""coordinates"":[]}"
20160801,2016-08-01,0.0,"{""type"":""MultiPoint"",""coordinates"":[]}"
20160802,2016-08-02,0.0,"{""type"":""MultiPoint"",""coordinates"":[]}"
20160803,2016-08-03,1.2411181926727295,"{""type"":""MultiPoint"",""coordinates"":[]}"
20160804,2016-08-04,2.482236385345459,"{""type"":""MultiPoint"",""coordinates"":[]}"
20160805,2016-08-05,0.0,"{""type"":""MultiPoint"",""coordinates"":[]}"
20160806,2016-08-06,0.0,"{""type"":""MultiPoint"",""coordinates"":[]}"
20160807,2016-08-07,0.0,"{""type"":""MultiPoint"",""coordinates"":[]}"
20160808,2016-08-08,3.342461347579956,"{""type"":""MultiPoint"",""coordinates"":[]}"
20160809,2016-08-09,0.0,"{""type"":""MultiPoint"",""coordinates"":[]}"
20160810,2016-08-10,0.0,"{""type"":""MultiPoint"",""coordinates"":[]}"
20160811,2016-08-11,1.7260524034500122,"{""type"":""MultiPoint"",""coordinates"":[]}"
20160812,2016-08-12,1.7260524034500122,"{""type"":""MultiPoint"",""coordinates"":[]}"
20160813,2016-08-13,0.8630262017250061,"{""type"":""MultiPoint"",""coordinates"":[]}"
20160814,2016-08-14,0.8630262017250061,"{""type"":""MultiPoint"",""coordinates"":[]}"
20160815,2016-08-15,0.0,"{""type"":""MultiPoint"",""coordinates"":[]}"
20160816,2016-08-16,1.4714586734771729,"{""type"":""MultiPoint"",""coordinates"":[]}"
20160817,2016-08-17,0.0,"{""type"":""MultiPoint"",""coordinates"":[]}"
20160818,2016-08-18,2.9429173469543457,"{""type"":""MultiPoint"",""coordinates"":[]}"
20160819,2016-08-19,1.4714586734771729,"{""type"":""MultiPoint"",""coordinates"":[]}"
20160820,2016-08-20,0.0,"{""type"":""MultiPoint"",""coordinates"":[]}"
20160821,2016-08-21,0.0,"{""type"":""MultiPoint"",""coordinates"":[]}"
20160822,2016-08-22,0.0,"{""type"":""MultiPoint"",""coordinates"":[]}"
20160823,2016-08-23,0.0,"{""type"":""MultiPoint"",""coordinates"":[]}"
20160824,2016-08-24,0.0,"{""type"":""MultiPoint"",""coordinates"":[]}"
20160825,2016-08-25,0.0,"{""type"":""MultiPoint"",""coordinates"":[]}"
20160826,2016-08-26,0.0,"{""type"":""MultiPoint"",""coordinates"":[]}"
20160827,2016-08-27,0.0,"{""type"":""MultiPoint"",""coordinates"":[]}"
20160828,2016-08-28,4.782811164855957,"{""type"":""MultiPoint"",""coordinates"":[]}"
20160829,2016-08-29,0.0,"{""type"":""MultiPoint"",""coordinates"":[]}"
20160830,2016-08-30,9.565622329711914,"{""type"":""MultiPoint"",""coordinates"":[]}"
20160831,2016-08-31,0.0,"{""type"":""MultiPoint"",""coordinates"":[]}"
20160901,2016-09-01,2.8757009506225586,"{""type"":""MultiPoint"",""coordinates"":[]}"
20160902,2016-09-02,0.0,"{""type"":""MultiPoint"",""coordinates"":[]}"
20160903,2016-09-03,0.0,"{""type"":""MultiPoint"",""coordinates"":[]}"
20160904,2016-09-04,5.751401901245117,"{""type"":""MultiPoint"",""coordinates"":[]}"
20160905,2016-09-05,2.8757009506225586,"{""type"":""MultiPoint"",""coordinates"":[]}"
20160906,2016-09-06,0.0,"{""type"":""MultiPoint"",""coordinates"":[]}"
20160907,2016-09-07,0.0,"{""type"":""MultiPoint"",""coordinates"":[]}"
20160908,2016-09-08,0.0,"{""type"":""MultiPoint"",""coordinates"":[]}"
20160909,2016-09-09,0.0,"{""type"":""MultiPoint"",""coordinates"":[]}"
20160910,2016-09-10,11.623250961303711,"{""type"":""MultiPoint"",""coordinates"":[]}"
20160911,2016-09-11,0.0,"{""type"":""MultiPoint"",""coordinates"":[]}"
20160912,2016-09-12,0.0,"{""type"":""MultiPoint"",""coordinates"":[]}"
20160913,2016-09-13,0.0,"{""type"":""MultiPoint"",""coordinates"":[]}"
20160914,2016-09-14,0.0,"{""type"":""MultiPoint"",""coordinates"":[]}"
20160915,2016-09-15,29.80693817138672,"{""type"":""MultiPoint"",""coordinates"":[]}"
20160916,2016-09-16,0.0,"{""type"":""MultiPoint"",""coordinates"":[]}"
20160917,2016-09-17,0.0,"{""type"":""MultiPoint"",""coordinates"":[]}"
20160918,2016-09-18,0.0,"{""type"":""MultiPoint"",""coordinates"":[]}"
20160919,2016-09-19,0.0,"{""type"":""MultiPoint"",""coordinates"":[]}"
20160920,2016-09-20,0.0,"{""type"":""MultiPoint"",""coordinates"":[]}"
20160921,2016-09-21,1.503414273262024,"{""type"":""MultiPoint"",""coordinates"":[]}"
20160922,2016-09-22,0.0,"{""type"":""MultiPoint"",""coordinates"":[]}"
20160923,2016-09-23,0.0,"{""type"":""MultiPoint"",""coordinates"":[]}"
20160924,2016-09-24,1.503414273262024,"{""type"":""MultiPoint"",""coordinates"":[]}"
20160925,2016-09-25,4.510242938995361,"{""type"":""MultiPoint"",""coordinates"":[]}"
20160926,2016-09-26,0.0,"{""type"":""MultiPoint"",""coordinates"":[]}"
20160927,2016-09-27,28.144699096679688,"{""type"":""MultiPoint"",""coordinates"":[]}"
20160928,2016-09-28,0.0,"{""type"":""MultiPoint"",""coordinates"":[]}"
20160929,2016-09-29,0.0,"{""type"":""MultiPoint"",""coordinates"":[]}"
20160930,2016-09-30,18.763134002685547,"{""type"":""MultiPoint"",""coordinates"":[]}"
20161001,2016-10-01,17.191312789916992,"{""type"":""MultiPoint"",""coordinates"":[]}"
20161002,2016-10-02,5.730437755584717,"{""type"":""MultiPoint"",""coordinates"":[]}"
20161003,2016-10-03,0.0,"{""type"":""MultiPoint"",""coordinates"":[]}"
20161004,2016-10-04,0.0,"{""type"":""MultiPoint"",""coordinates"":[]}"
20161005,2016-10-05,22.921751022338867,"{""type"":""MultiPoint"",""coordinates"":[]}"
20161006,2016-10-06,0.0,"{""type"":""MultiPoint"",""coordinates"":[]}"
20161007,2016-10-07,22.7147159576416,"{""type"":""MultiPoint"",""coordinates"":[]}"
20161008,2016-10-08,9.937686920166016,"{""type"":""MultiPoint"",""coordinates"":[]}"
20161009,2016-10-09,0.0,"{""type"":""MultiPoint"",""coordinates"":[]}"
20161010,2016-10-10,4.968843460083008,"{""type"":""MultiPoint"",""coordinates"":[]}"
20161011,2016-10-11,0.0,"{""type"":""MultiPoint"",""coordinates"":[]}"
20161012,2016-10-12,9.686158180236816,"{""type"":""MultiPoint"",""coordinates"":[]}"
20161013,2016-10-13,4.843079090118408,"{""type"":""MultiPoint"",""coordinates"":[]}"
20161014,2016-10-14,9.686158180236816,"{""type"":""MultiPoint"",""coordinates"":[]}"
20161015,2016-10-15,4.843079090118408,"{""type"":""MultiPoint"",""coordinates"":[]}"
20161016,2016-10-16,18.648950576782227,"{""type"":""MultiPoint"",""coordinates"":[]}"
20161017,2016-10-17,6.216318130493164,"{""type"":""MultiPoint"",""coordinates"":[]}"
20161018,2016-10-18,18.648950576782227,"{""type"":""MultiPoint"",""coordinates"":[]}"
20161019,2016-10-19,0.0,"{""type"":""MultiPoint"",""coordinates"":[]}"
20161020,2016-10-20,0.0,"{""type"":""MultiPoint"",""coordinates"":[]}"
20161021,2016-10-21,0.0,"{""type"":""MultiPoint"",""coordinates"":[]}"
20161022,2016-10-22,9.417646408081055,"{""type"":""MultiPoint"",""coordinates"":[]}"
20161023,2016-10-23,4.708823204040527,"{""type"":""MultiPoint"",""coordinates"":[]}"
20161024,2016-10-24,0.0,"{""type"":""MultiPoint"",""coordinates"":[]}"
20161025,2016-10-25,4.708823204040527,"{""type"":""MultiPoint"",""coordinates"":[]}"
20161026,2016-10-26,6.584728240966797,"{""type"":""MultiPoint"",""coordinates"":[]}"
20161027,2016-10-27,0.0,"{""type"":""MultiPoint"",""coordinates"":[]}"
20161028,2016-10-28,13.169456481933594,"{""type"":""MultiPoint"",""coordinates"":[]}"
20161029,2016-10-29,26.338912963867188,"{""type"":""MultiPoint"",""coordinates"":[]}"
20161030,2016-10-30,0.0,"{""type"":""MultiPoint"",""coordinates"":[]}"
20161031,2016-10-31,6.584728240966797,"{""type"":""MultiPoint"",""coordinates"":[]}"
20161101,2016-11-01,18.086427688598633,"{""type"":""MultiPoint"",""coordinates"":[]}"
20161102,2016-11-02,0.0,"{""type"":""MultiPoint"",""coordinates"":[]}"
20161103,2016-11-03,0.0,"{""type"":""MultiPoint"",""coordinates"":[]}"
20161104,2016-11-04,0.0,"{""type"":""MultiPoint"",""coordinates"":[]}"
20161105,2016-11-05,0.0,"{""type"":""MultiPoint"",""coordinates"":[]}"
20161106,2016-11-06,0.0,"{""type"":""MultiPoint"",""coordinates"":[]}"
20161107,2016-11-07,11.133604049682617,"{""type"":""MultiPoint"",""coordinates"":[]}"
20161108,2016-11-08,0.0,"{""type"":""MultiPoint"",""coordinates"":[]}"
20161109,2016-11-09,11.133604049682617,"{""type"":""MultiPoint"",""coordinates"":[]}"
20161110,2016-11-10,22.267208099365234,"{""type"":""MultiPoint"",""coordinates"":[]}"
20161111,2016-11-11,30.893131256103516,"{""type"":""MultiPoint"",""coordinates"":[]}"
20161112,2016-11-12,0.0,"{""type"":""MultiPoint"",""coordinates"":[]}"
20161113,2016-11-13,6.17862606048584,"{""type"":""MultiPoint"",""coordinates"":[]}"
20161114,2016-11-14,0.0,"{""type"":""MultiPoint"",""coordinates"":[]}"
20161115,2016-11-15,12.35725212097168,"{""type"":""MultiPoint"",""coordinates"":[]}"
20161116,2016-11-16,0.0,"{""type"":""MultiPoint"",""coordinates"":[]}"
20161117,2016-11-17,24.571287155151367,"{""type"":""MultiPoint"",""coordinates"":[]}"
20161118,2016-11-18,24.571287155151367,"{""type"":""MultiPoint"",""coordinates"":[]}"
20161119,2016-11-19,24.571287155151367,"{""type"":""MultiPoint"",""coordinates"":[]}"
20161120,2016-11-20,0.0,"{""type"":""MultiPoint"",""coordinates"":[]}"
20161121,2016-11-21,0.0,"{""type"":""MultiPoint"",""coordinates"":[]}"
20161122,2016-11-22,0.0,"{""type"":""MultiPoint"",""coordinates"":[]}"
20161123,2016-11-23,0.0,"{""type"":""MultiPoint"",""coordinates"":[]}"
20161124,2016-11-24,0.0,"{""type"":""MultiPoint"",""coordinates"":[]}"
20161125,2016-11-25,22.825910568237305,"{""type"":""MultiPoint"",""coordinates"":[]}"
20161126,2016-11-26,22.62360382080078,"{""type"":""MultiPoint"",""coordinates"":[]}"
20161127,2016-11-27,0.0,"{""type"":""MultiPoint"",""coordinates"":[]}"
20161128,2016-11-28,0.0,"{""type"":""MultiPoint"",""coordinates"":[]}"
20161129,2016-11-29,22.62360382080078,"{""type"":""MultiPoint"",""coordinates"":[]}"
20161130,2016-11-30,0.0,"{""type"":""MultiPoint"",""coordinates"":[]}"
20161201,2016-12-01,0.0,"{""type"":""MultiPoint"",""coordinates"":[]}"
20161202,2016-12-02,0.0,"{""type"":""MultiPoint"",""coordinates"":[]}"
20161203,2016-12-03,26.92060089111328,"{""type"":""MultiPoint"",""coordinates"":[]}"
20161204,2016-12-04,0.0,"{""type"":""MultiPoint"",""coordinates"":[]}"
20161205,2016-12-05,13.46030044555664,"{""type"":""MultiPoint"",""coordinates"":[]}"
20161206,2016-12-06,0.0,"{""type"":""MultiPoint"",""coordinates"":[]}"
20161207,2016-12-07,12.381759643554688,"{""type"":""MultiPoint"",""coordinates"":[]}"
20161208,2016-12-08,0.0,"{""type"":""MultiPoint"",""coordinates"":[]}"
20161209,2016-12-09,24.763519287109375,"{""type"":""MultiPoint"",""coordinates"":[]}"
20161210,2016-12-10,0.0,"{""type"":""MultiPoint"",""coordinates"":[]}"
20161211,2016-12-11,0.0,"{""type"":""MultiPoint"",""coordinates"":[]}"
20161212,2016-12-12,7.54727029800415,"{""type"":""MultiPoint"",""coordinates"":[]}"
20161213,2016-12-13,3.773635149002075,"{""type"":""MultiPoint"",""coordinates"":[]}"
20161214,2016-12-14,0.0,"{""type"":""MultiPoint"",""coordinates"":[]}"
20161215,2016-12-15,0.0,"{""type"":""MultiPoint"",""coordinates"":[]}"
20161216,2016-12-16,12.98254680633545,"{""type"":""MultiPoint"",""coordinates"":[]}"
20161217,2016-12-17,0.0,"{""type"":""MultiPoint"",""coordinates"":[]}"
20161218,2016-12-18,0.0,"{""type"":""MultiPoint"",""coordinates"":[]}"
20161219,2016-12-19,0.0,"{""type"":""MultiPoint"",""coordinates"":[]}"
20161220,2016-12-20,0.0,"{""type"":""MultiPoint"",""coordinates"":[]}"
20161221,2016-12-21,15.603191375732422,"{""type"":""MultiPoint"",""coordinates"":[]}"
20161222,2016-12-22,0.0,"{""type"":""MultiPoint"",""coordinates"":[]}"
20161223,2016-12-23,0.0,"{""type"":""MultiPoint"",""coordinates"":[]}"
20161224,2016-12-24,0.0,"{""type"":""MultiPoint"",""coordinates"":[]}"
20161225,2016-12-25,0.0,"{""type"":""MultiPoint"",""coordinates"":[]}"
20161226,2016-12-26,13.7247953414917,"{""type"":""MultiPoint"",""coordinates"":[]}"
20161227,2016-12-27,13.7247953414917,"{""type"":""MultiPoint"",""coordinates"":[]}"
20161228,2016-12-28,0.0,"{""type"":""MultiPoint"",""coordinates"":[]}"
20161229,2016-12-29,0.0,"{""type"":""MultiPoint"",""coordinates"":[]}"
20161230,2016-12-30,0.0,"{""type"":""MultiPoint"",""coordinates"":[]}"
20161231,2016-12-31,27.4495906829834,"{""type"":""MultiPoint"",""coordinates"":[]}"
20170101,2017-01-01,10.411913871765137,"{""type"":""MultiPoint"",""coordinates"":[]}"
20170102,2017-01-02,0.0,"{""type"":""MultiPoint"",""coordinates"":[]}"
20170103,2017-01-03,20.823827743530273,"{""type"":""MultiPoint"",""coordinates"":[]}"
20170104,2017-01-04,0.0,"{""type"":""MultiPoint"",""coordinates"":[]}"
20170105,2017-01-05,10.411913871765137,"{""type"":""MultiPoint"",""coordinates"":[]}"
20170106,2017-01-06,0.0,"{""type"":""MultiPoint"",""coordinates"":[]}"
20170107,2017-01-07,0.0,"{""type"":""MultiPoint"",""coordinates"":[]}"
20170108,2017-01-08,33.98871994018555,"{""type"":""MultiPoint"",""coordinates"":[]}"
20170109,2017-01-09,0.0,"{""type"":""MultiPoint"",""coordinates"":[]}"
20170110,2017-01-10,0.0,"{""type"":""MultiPoint"",""coordinates"":[]}"
20170111,2017-01-11,0.0,"{""type"":""MultiPoint"",""coordinates"":[]}"
20170112,2017-01-12,39.65000915527344,"{""type"":""MultiPoint"",""coordinates"":[]}"
20170113,2017-01-13,0.0,"{""type"":""MultiPoint"",""coordinates"":[]}"
20170114,2017-01-14,0.0,"{""type"":""MultiPoint"",""coordinates"":[]}"
20170115,2017-01-15,0.0,"{""type"":""MultiPoint"",""coordinates"":[]}"
20170116,2017-01-16,0.0,"{""type"":""MultiPoint"",""coordinates"":[]}"
20170117,2017-01-17,0.0,"{""type"":""MultiPoint"",""coordinates"":[]}"
20170118,2017-01-18,0.0,"{""type"":""MultiPoint"",""coordinates"":[]}"
20170119,2017-01-19,0.0,"{""type"":""MultiPoint"",""coordinates"":[]}"
20170120,2017-01-20,0.0,"{""type"":""MultiPoint"",""coordinates"":[]}"
20170121,2017-01-21,0.0,"{""type"":""MultiPoint"",""coordinates"":[]}"
20170122,2017-01-22,0.0,"{""type"":""MultiPoint"",""coordinates"":[]}"
20170123,2017-01-23,0.0,"{""type"":""MultiPoint"",""coordinates"":[]}"
20170124,2017-01-24,0.0,"{""type"":""MultiPoint"",""coordinates"":[]}"
20170125,2017-01-25,0.0,"{""type"":""MultiPoint"",""coordinates"":[]}"
20170126,2017-01-26,0.0,"{""type"":""MultiPoint"",""coordinates"":[]}"
20170127,2017-01-27,0.0,"{""type"":""MultiPoint"",""coordinates"":[]}"
20170128,2017-01-28,0.0,"{""type"":""MultiPoint"",""coordinates"":[]}"
20170129,2017-01-29,0.0,"{""type"":""MultiPoint"",""coordinates"":[]}"
20170130,2017-01-30,38.38041687011719,"{""type"":""MultiPoint"",""coordinates"":[]}"
20170131,2017-01-31,0.0,"{""type"":""MultiPoint"",""coordinates"":[]}"
20170201,2017-02-01,25.635360717773438,"{""type"":""MultiPoint"",""coordinates"":[]}"
20170202,2017-02-02,12.817680358886719,"{""type"":""MultiPoint"",""coordinates"":[]}"
20170203,2017-02-03,0.0,"{""type"":""MultiPoint"",""coordinates"":[]}"
20170204,2017-02-04,0.0,"{""type"":""MultiPoint"",""coordinates"":[]}"
20170205,2017-02-05,0.0,"{""type"":""MultiPoint"",""coordinates"":[]}"
20170206,2017-02-06,0.0,"{""type"":""MultiPoint"",""coordinates"":[]}"
20170207,2017-02-07,0.0,"{""type"":""MultiPoint"",""coordinates"":[]}"
20170208,2017-02-08,0.0,"{""type"":""MultiPoint"",""coordinates"":[]}"
20170209,2017-02-09,9.113807678222656,"{""type"":""MultiPoint"",""coordinates"":[]}"
20170210,2017-02-10,9.113807678222656,"{""type"":""MultiPoint"",""coordinates"":[]}"
20170211,2017-02-11,0.0,"{""type"":""MultiPoint"",""coordinates"":[]}"
20170212,2017-02-12,0.0,"{""type"":""MultiPoint"",""coordinates"":[]}"
20170213,2017-02-13,0.0,"{""type"":""MultiPoint"",""coordinates"":[]}"
20170214,2017-02-14,0.0,"{""type"":""MultiPoint"",""coordinates"":[]}"
20170215,2017-02-15,0.0,"{""type"":""MultiPoint"",""coordinates"":[]}"
20170216,2017-02-16,0.0,"{""type"":""MultiPoint"",""coordinates"":[]}"
20170217,2017-02-17,0.0,"{""type"":""MultiPoint"",""coordinates"":[]}"
20170218,2017-02-18,0.0,"{""type"":""MultiPoint"",""coordinates"":[]}"
20170219,2017-02-19,0.0,"{""type"":""MultiPoint"",""coordinates"":[]}"
20170220,2017-02-20,0.0,"{""type"":""MultiPoint"",""coordinates"":[]}"
20170221,2017-02-21,60.813472747802734,"{""type"":""MultiPoint"",""coordinates"":[]}"
20170222,2017-02-22,0.0,"{""type"":""MultiPoint"",""coordinates"":[]}"
20170223,2017-02-23,0.0,"{""type"":""MultiPoint"",""coordinates"":[]}"
20170224,2017-02-24,0.0,"{""type"":""MultiPoint"",""coordinates"":[]}"
20170225,2017-02-25,0.0,"{""type"":""MultiPoint"",""coordinates"":[]}"
20170226,2017-02-26,14.23939037322998,"{""type"":""MultiPoint"",""coordinates"":[]}"
20170227,2017-02-27,0.0,"{""type"":""MultiPoint"",""coordinates"":[]}"
20170228,2017-02-28,0.0,"{""type"":""MultiPoint"",""coordinates"":[]}"
20170301,2017-03-01,17.562002182006836,"{""type"":""MultiPoint"",""coordinates"":[]}"
20170302,2017-03-02,8.781001091003418,"{""type"":""MultiPoint"",""coordinates"":[]}"
20170303,2017-03-03,0.0,"{""type"":""MultiPoint"",""coordinates"":[]}"
20170304,2017-03-04,0.0,"{""type"":""MultiPoint"",""coordinates"":[]}"
20170305,2017-03-05,8.781001091003418,"{""type"":""MultiPoint"",""coordinates"":[]}"
20170306,2017-03-06,7.0226149559021,"{""type"":""MultiPoint"",""coordinates"":[]}"
20170307,2017-03-07,28.0904598236084,"{""type"":""MultiPoint"",""coordinates"":[]}"
20170308,2017-03-08,14.0452299118042,"{""type"":""MultiPoint"",""coordinates"":[]}"
20170309,2017-03-09,0.0,"{""type"":""MultiPoint"",""coordinates"":[]}"
20170310,2017-03-10,0.0,"{""type"":""MultiPoint"",""coordinates"":[]}"
20170311,2017-03-11,19.815656661987305,"{""type"":""MultiPoint"",""coordinates"":[]}"
20170312,2017-03-12,19.815656661987305,"{""type"":""MultiPoint"",""coordinates"":[]}"
20170313,2017-03-13,0.0,"{""type"":""MultiPoint"",""coordinates"":[]}"
20170314,2017-03-14,0.0,"{""type"":""MultiPoint"",""coordinates"":[]}"
20170315,2017-03-15,19.815656661987305,"{""type"":""MultiPoint"",""coordinates"":[]}"
20170316,2017-03-16,0.0,"{""type"":""MultiPoint"",""coordinates"":[]}"
20170317,2017-03-17,14.79350757598877,"{""type"":""MultiPoint"",""coordinates"":[]}"
20170318,2017-03-18,0.0,"{""type"":""MultiPoint"",""coordinates"":[]}"
20170319,2017-03-19,0.0,"{""type"":""MultiPoint"",""coordinates"":[]}"
20170320,2017-03-20,0.0,"{""type"":""MultiPoint"",""coordinates"":[]}"
20170321,2017-03-21,12.339966773986816,"{""type"":""MultiPoint"",""coordinates"":[]}"
20170322,2017-03-22,0.0,"{""type"":""MultiPoint"",""coordinates"":[]}"
20170323,2017-03-23,12.339966773986816,"{""type"":""MultiPoint"",""coordinates"":[]}"
20170324,2017-03-24,12.339966773986816,"{""type"":""MultiPoint"",""coordinates"":[]}"
20170325,2017-03-25,0.0,"{""type"":""MultiPoint"",""coordinates"":[]}"
20170326,2017-03-26,4.72492790222168,"{""type"":""MultiPoint"",""coordinates"":[]}"
20170327,2017-03-27,18.89971160888672,"{""type"":""MultiPoint"",""coordinates"":[]}"
20170328,2017-03-28,4.72492790222168,"{""type"":""MultiPoint"",""coordinates"":[]}"
20170329,2017-03-29,4.72492790222168,"{""type"":""MultiPoint"",""coordinates"":[]}"
20170330,2017-03-30,9.44985580444336,"{""type"":""MultiPoint"",""coordinates"":[]}"
20170331,2017-03-31,0.0,"{""type"":""MultiPoint"",""coordinates"":[]}"
20170401,2017-04-01,6.250383377075195,"{""type"":""MultiPoint"",""coordinates"":[]}"
20170402,2017-04-02,0.0,"{""type"":""MultiPoint"",""coordinates"":[]}"
20170403,2017-04-03,0.0,"{""type"":""MultiPoint"",""coordinates"":[]}"
20170404,2017-04-04,0.0,"{""type"":""MultiPoint"",""coordinates"":[]}"
20170405,2017-04-05,0.0,"{""type"":""MultiPoint"",""coordinates"":[]}"
20170406,2017-04-06,0.0,"{""type"":""MultiPoint"",""coordinates"":[]}"
20170407,2017-04-07,0.0,"{""type"":""MultiPoint"",""coordinates"":[]}"
20170408,2017-04-08,12.67096996307373,"{""type"":""MultiPoint"",""coordinates"":[]}"
20170409,2017-04-09,25.34193992614746,"{""type"":""MultiPoint"",""coordinates"":[]}"
20170410,2017-04-10,0.0,"{""type"":""MultiPoint"",""coordinates"":[]}"
20170411,2017-04-11,5.397698879241943,"{""type"":""MultiPoint"",""coordinates"":[]}"
20170412,2017-04-12,5.397698879241943,"{""type"":""MultiPoint"",""coordinates"":[]}"
20170413,2017-04-13,0.0,"{""type"":""MultiPoint"",""coordinates"":[]}"
20170414,2017-04-14,16.193096160888672,"{""type"":""MultiPoint"",""coordinates"":[]}"
20170415,2017-04-15,0.0,"{""type"":""MultiPoint"",""coordinates"":[]}"
20170416,2017-04-16,0.0,"{""type"":""MultiPoint"",""coordinates"":[]}"
20170417,2017-04-17,0.0,"{""type"":""MultiPoint"",""coordinates"":[]}"
20170418,2017-04-18,0.0,"{""type"":""MultiPoint"",""coordinates"":[]}"
20170419,2017-04-19,15.599122047424316,"{""type"":""MultiPoint"",""coordinates"":[]}"
20170420,2017-04-20,38.997802734375,"{""type"":""MultiPoint"",""coordinates"":[]}"
20170421,2017-04-21,24.485715866088867,"{""type"":""MultiPoint"",""coordinates"":[]}"
20170422,2017-04-22,0.0,"{""type"":""MultiPoint"",""coordinates"":[]}"
20170423,2017-04-23,0.0,"{""type"":""MultiPoint"",""coordinates"":[]}"
20170424,2017-04-24,16.323808670043945,"{""type"":""MultiPoint"",""coordinates"":[]}"
20170425,2017-04-25,0.0,"{""type"":""MultiPoint"",""coordinates"":[]}"
20170426,2017-04-26,5.1411848068237305,"{""type"":""MultiPoint"",""coordinates"":[]}"
20170427,2017-04-27,0.0,"{""type"":""MultiPoint"",""coordinates"":[]}"
20170428,2017-04-28,1.713728427886963,"{""type"":""MultiPoint"",""coordinates"":[]}"
20170429,2017-04-29,0.0,"{""type"":""MultiPoint"",""coordinates"":[]}"
20170430,2017-04-30,5.1411848068237305,"{""type"":""MultiPoint"",""coordinates"":[]}"
20170501,2017-05-01,0.0,"{""type"":""MultiPoint"",""coordinates"":[]}"
20170502,2017-05-02,12.973299980163574,"{""type"":""MultiPoint"",""coordinates"":[]}"
20170503,2017-05-03,6.486649990081787,"{""type"":""MultiPoint"",""coordinates"":[]}"
20170504,2017-05-04,0.0,"{""type"":""MultiPoint"",""coordinates"":[]}"
20170505,2017-05-05,19.459949493408203,"{""type"":""MultiPoint"",""coordinates"":[]}"
20170506,2017-05-06,29.273286819458008,"{""type"":""MultiPoint"",""coordinates"":[]}"
20170507,2017-05-07,0.0,"{""type"":""MultiPoint"",""coordinates"":[]}"
20170508,2017-05-08,17.56397247314453,"{""type"":""MultiPoint"",""coordinates"":[]}"
20170509,2017-05-09,11.709314346313477,"{""type"":""MultiPoint"",""coordinates"":[]}"
20170510,2017-05-10,5.854657173156738,"{""type"":""MultiPoint"",""coordinates"":[]}"
20170511,2017-05-11,9.295307159423828,"{""type"":""MultiPoint"",""coordinates"":[]}"
20170512,2017-05-12,9.295307159423828,"{""type"":""MultiPoint"",""coordinates"":[]}"
20170513,2017-05-13,0.0,"{""type"":""MultiPoint"",""coordinates"":[]}"
20170514,2017-05-14,18.590614318847656,"{""type"":""MultiPoint"",""coordinates"":[]}"
20170515,2017-05-15,13.942961692810059,"{""type"":""MultiPoint"",""coordinates"":[]}"
20170516,2017-05-16,5.249493598937988,"{""type"":""MultiPoint"",""coordinates"":[]}"
20170517,2017-05-17,2.624746799468994,"{""type"":""MultiPoint"",""coordinates"":[]}"
20170518,2017-05-18,2.624746799468994,"{""type"":""MultiPoint"",""coordinates"":[]}"
20170519,2017-05-19,0.0,"{""type"":""MultiPoint"",""coordinates"":[]}"
20170520,2017-05-20,0.0,"{""type"":""MultiPoint"",""coordinates"":[]}"
20170521,2017-05-21,0.0,"{""type"":""MultiPoint"",""coordinates"":[]}"
20170522,2017-05-22,9.111798286437988,"{""type"":""MultiPoint"",""coordinates"":[]}"
20170523,2017-05-23,0.0,"{""type"":""MultiPoint"",""coordinates"":[]}"
20170524,2017-05-24,0.0,"{""type"":""MultiPoint"",""coordinates"":[]}"
20170525,2017-05-25,0.0,"{""type"":""MultiPoint"",""coordinates"":[]}"
20170526,2017-05-26,0.0,"{""type"":""MultiPoint"",""coordinates"":[]}"
20170527,2017-05-27,0.0,"{""type"":""MultiPoint"",""coordinates"":[]}"
20170528,2017-05-28,0.0,"{""type"":""MultiPoint"",""coordinates"":[]}"
20170529,2017-05-29,0.0,"{""type"":""MultiPoint"",""coordinates"":[]}"
20170530,2017-05-30,6.925043106079102,"{""type"":""MultiPoint"",""coordinates"":[]}"
20170531,2017-05-31,0.0,"{""type"":""MultiPoint"",""coordinates"":[]}"
20170601,2017-06-01,2.4164319038391113,"{""type"":""MultiPoint"",""coordinates"":[]}"
20170602,2017-06-02,2.4164319038391113,"{""type"":""MultiPoint"",""coordinates"":[]}"
20170603,2017-06-03,0.0,"{""type"":""MultiPoint"",""coordinates"":[]}"
20170604,2017-06-04,0.0,"{""type"":""MultiPoint"",""coordinates"":[]}"
20170605,2017-06-05,3.624647855758667,"{""type"":""MultiPoint"",""coordinates"":[]}"
20170606,2017-06-06,0.0,"{""type"":""MultiPoint"",""coordinates"":[]}"
20170607,2017-06-07,10.976883888244629,"{""type"":""MultiPoint"",""coordinates"":[]}"
20170608,2017-06-08,0.0,"{""type"":""MultiPoint"",""coordinates"":[]}"
20170609,2017-06-09,7.317922592163086,"{""type"":""MultiPoint"",""coordinates"":[]}"
20170610,2017-06-10,3.658961296081543,"{""type"":""MultiPoint"",""coordinates"":[]}"
20170611,2017-06-11,15.783858299255371,"{""type"":""MultiPoint"",""coordinates"":[]}"
20170612,2017-06-12,15.783858299255371,"{""type"":""MultiPoint"",""coordinates"":[]}"
20170613,2017-06-13,0.0,"{""type"":""MultiPoint"",""coordinates"":[]}"
20170614,2017-06-14,0.0,"{""type"":""MultiPoint"",""coordinates"":[]}"
20170615,2017-06-15,0.0,"{""type"":""MultiPoint"",""coordinates"":[]}"
20170616,2017-06-16,0.0,"{""type"":""MultiPoint"",""coordinates"":[]}"
20170617,2017-06-17,0.0,"{""type"":""MultiPoint"",""coordinates"":[]}"
20170618,2017-06-18,0.0,"{""type"":""MultiPoint"",""coordinates"":[]}"
20170619,2017-06-19,13.187289237976074,"{""type"":""MultiPoint"",""coordinates"":[]}"
20170620,2017-06-20,13.187289237976074,"{""type"":""MultiPoint"",""coordinates"":[]}"
20170621,2017-06-21,8.803675651550293,"{""type"":""MultiPoint"",""coordinates"":[]}"
20170622,2017-06-22,0.0,"{""type"":""MultiPoint"",""coordinates"":[]}"
20170623,2017-06-23,0.0,"{""type"":""MultiPoint"",""coordinates"":[]}"
20170624,2017-06-24,0.0,"{""type"":""MultiPoint"",""coordinates"":[]}"
20170625,2017-06-25,2.934558629989624,"{""type"":""MultiPoint"",""coordinates"":[]}"
20170626,2017-06-26,0.0,"{""type"":""MultiPoint"",""coordinates"":[]}"
20170627,2017-06-27,0.0,"{""type"":""MultiPoint"",""coordinates"":[]}"
20170628,2017-06-28,0.0,"{""type"":""MultiPoint"",""coordinates"":[]}"
20170629,2017-06-29,0.0,"{""type"":""MultiPoint"",""coordinates"":[]}"
20170630,2017-06-30,0.0,"{""type"":""MultiPoint"",""coordinates"":[]}"
20170701,2017-07-01,0.0,"{""type"":""MultiPoint"",""coordinates"":[]}"
20170702,2017-07-02,0.0,"{""type"":""MultiPoint"",""coordinates"":[]}"
20170703,2017-07-03,0.0,"{""type"":""MultiPoint"",""coordinates"":[]}"
20170704,2017-07-04,0.0,"{""type"":""MultiPoint"",""coordinates"":[]}"
20170705,2017-07-05,4.366648197174072,"{""type"":""MultiPoint"",""coordinates"":[]}"
20170706,2017-07-06,0.0,"{""type"":""MultiPoint"",""coordinates"":[]}"
20170707,2017-07-07,0.0,"{""type"":""MultiPoint"",""coordinates"":[]}"
20170708,2017-07-08,0.0,"{""type"":""MultiPoint"",""coordinates"":[]}"
20170709,2017-07-09,0.0,"{""type"":""MultiPoint"",""coordinates"":[]}"
20170710,2017-07-10,0.0,"{""type"":""MultiPoint"",""coordinates"":[]}"
20170711,2017-07-11,0.0,"{""type"":""MultiPoint"",""coordinates"":[]}"
20170712,2017-07-12,0.0,"{""type"":""MultiPoint"",""coordinates"":[]}"
20170713,2017-07-13,0.0,"{""type"":""MultiPoint"",""coordinates"":[]}"
20170714,2017-07-14,0.0,"{""type"":""MultiPoint"",""coordinates"":[]}"
20170715,2017-07-15,0.0,"{""type"":""MultiPoint"",""coordinates"":[]}"
20170716,2017-07-16,2.761286973953247,"{""type"":""MultiPoint"",""coordinates"":[]}"
20170717,2017-07-17,5.522573947906494,"{""type"":""MultiPoint"",""coordinates"":[]}"
20170718,2017-07-18,2.761286973953247,"{""type"":""MultiPoint"",""coordinates"":[]}"
20170719,2017-07-19,2.761286973953247,"{""type"":""MultiPoint"",""coordinates"":[]}"
20170720,2017-07-20,0.0,"{""type"":""MultiPoint"",""coordinates"":[]}"
20170721,2017-07-21,0.0,"{""type"":""MultiPoint"",""coordinates"":[]}"
20170722,2017-07-22,0.0,"{""type"":""MultiPoint"",""coordinates"":[]}"
20170723,2017-07-23,0.0,"{""type"":""MultiPoint"",""coordinates"":[]}"
20170724,2017-07-24,0.0,"{""type"":""MultiPoint"",""coordinates"":[]}"
20170725,2017-07-25,0.0,"{""type"":""MultiPoint"",""coordinates"":[]}"
20170726,2017-07-26,0.0,"{""type"":""MultiPoint"",""coordinates"":[]}"
20170727,2017-07-27,0.0,"{""type"":""MultiPoint"",""coordinates"":[]}"
20170728,2017-07-28,0.0,"{""type"":""MultiPoint"",""coordinates"":[]}"
20170729,2017-07-29,0.0,"{""type"":""MultiPoint"",""coordinates"":[]}"
20170730,2017-07-30,0.0,"{""type"":""MultiPoint"",""coordinates"":[]}"
20170731,2017-07-31,0.0,"{""type"":""MultiPoint"",""coordinates"":[]}"
20170801,2017-08-01,0.0,"{""type"":""MultiPoint"",""coordinates"":[]}"
20170802,2017-08-02,0.0,"{""type"":""MultiPoint"",""coordinates"":[]}"
20170803,2017-08-03,0.0,"{""type"":""MultiPoint"",""coordinates"":[]}"
20170804,2017-08-04,2.573274612426758,"{""type"":""MultiPoint"",""coordinates"":[]}"
20170805,2017-08-05,0.0,"{""type"":""MultiPoint"",""coordinates"":[]}"
20170806,2017-08-06,0.0,"{""type"":""MultiPoint"",""coordinates"":[]}"
20170807,2017-08-07,1.5863168239593506,"{""type"":""MultiPoint"",""coordinates"":[]}"
20170808,2017-08-08,1.5863168239593506,"{""type"":""MultiPoint"",""coordinates"":[]}"
20170809,2017-08-09,3.172633647918701,"{""type"":""MultiPoint"",""coordinates"":[]}"
20170810,2017-08-10,0.0,"{""type"":""MultiPoint"",""coordinates"":[]}"
20170811,2017-08-11,0.0,"{""type"":""MultiPoint"",""coordinates"":[]}"
20170812,2017-08-12,4.919317245483398,"{""type"":""MultiPoint"",""coordinates"":[]}"
20170813,2017-08-13,0.0,"{""type"":""MultiPoint"",""coordinates"":[]}"
20170814,2017-08-14,0.0,"{""type"":""MultiPoint"",""coordinates"":[]}"
20170815,2017-08-15,1.2298293113708496,"{""type"":""MultiPoint"",""coordinates"":[]}"
20170816,2017-08-16,10.071020126342773,"{""type"":""MultiPoint"",""coordinates"":[]}"
20170817,2017-08-17,0.0,"{""type"":""MultiPoint"",""coordinates"":[]}"
20170818,2017-08-18,10.071020126342773,"{""type"":""MultiPoint"",""coordinates"":[]}"
20170819,2017-08-19,10.071020126342773,"{""type"":""MultiPoint"",""coordinates"":[]}"
20170820,2017-08-20,0.0,"{""type"":""MultiPoint"",""coordinates"":[]}"
20170821,2017-08-21,0.0,"{""type"":""MultiPoint"",""coordinates"":[]}"
20170822,2017-08-22,0.0,"{""type"":""MultiPoint"",""coordinates"":[]}"
20170823,2017-08-23,0.0,"{""type"":""MultiPoint"",""coordinates"":[]}"
20170824,2017-08-24,5.683006286621094,"{""type"":""MultiPoint"",""coordinates"":[]}"
20170825,2017-08-25,0.0,"{""type"":""MultiPoint"",""coordinates"":[]}"
20170826,2017-08-26,0.0,"{""type"":""MultiPoint"",""coordinates"":[]}"
20170827,2017-08-27,4.2916741371154785,"{""type"":""MultiPoint"",""coordinates"":[]}"
20170828,2017-08-28,4.2916741371154785,"{""type"":""MultiPoint"",""coordinates"":[]}"
20170829,2017-08-29,0.0,"{""type"":""MultiPoint"",""coordinates"":[]}"
20170830,2017-08-30,0.0,"{""type"":""MultiPoint"",""coordinates"":[]}"
20170831,2017-08-31,0.0,"{""type"":""MultiPoint"",""coordinates"":[]}"
20170901,2017-09-01,0.0,"{""type"":""MultiPoint"",""coordinates"":[]}"
20170902,2017-09-02,0.0,"{""type"":""MultiPoint"",""coordinates"":[]}"
20170903,2017-09-03,0.0,"{""type"":""MultiPoint"",""coordinates"":[]}"
20170904,2017-09-04,0.0,"{""type"":""MultiPoint"",""coordinates"":[]}"
20170905,2017-09-05,1.7906993627548218,"{""type"":""MultiPoint"",""coordinates"":[]}"
20170906,2017-09-06,0.0,"{""type"":""MultiPoint"",""coordinates"":[]}"
20170907,2017-09-07,7.304299831390381,"{""type"":""MultiPoint"",""coordinates"":[]}"
20170908,2017-09-08,7.304299831390381,"{""type"":""MultiPoint"",""coordinates"":[]}"
20170909,2017-09-09,0.0,"{""type"":""MultiPoint"",""coordinates"":[]}"
20170910,2017-09-10,7.304299831390381,"{""type"":""MultiPoint"",""coordinates"":[]}"
20170911,2017-09-11,2.8555121421813965,"{""type"":""MultiPoint"",""coordinates"":[]}"
20170912,2017-09-12,2.8555121421813965,"{""type"":""MultiPoint"",""coordinates"":[]}"
20170913,2017-09-13,5.711024284362793,"{""type"":""MultiPoint"",""coordinates"":[]}"
20170914,2017-09-14,0.0,"{""type"":""MultiPoint"",""coordinates"":[]}"
20170915,2017-09-15,5.711024284362793,"{""type"":""MultiPoint"",""coordinates"":[]}"
20170916,2017-09-16,0.0,"{""type"":""MultiPoint"",""coordinates"":[]}"
20170917,2017-09-17,5.237932205200195,"{""type"":""MultiPoint"",""coordinates"":[]}"
20170918,2017-09-18,0.0,"{""type"":""MultiPoint"",""coordinates"":[]}"
20170919,2017-09-19,0.0,"{""type"":""MultiPoint"",""coordinates"":[]}"
20170920,2017-09-20,5.237932205200195,"{""type"":""MultiPoint"",""coordinates"":[]}"
20170921,2017-09-21,0.0,"{""type"":""MultiPoint"",""coordinates"":[]}"
20170922,2017-09-22,0.0,"{""type"":""MultiPoint"",""coordinates"":[]}"
20170923,2017-09-23,6.013111591339111,"{""type"":""MultiPoint"",""coordinates"":[]}"
20170924,2017-09-24,0.0,"{""type"":""MultiPoint"",""coordinates"":[]}"
20170925,2017-09-25,0.0,"{""type"":""MultiPoint"",""coordinates"":[]}"
20170926,2017-09-26,0.0,"{""type"":""MultiPoint"",""coordinates"":[]}"
20170927,2017-09-27,0.0,"{""type"":""MultiPoint"",""coordinates"":[]}"
20170928,2017-09-28,8.972707748413086,"{""type"":""MultiPoint"",""coordinates"":[]}"
20170929,2017-09-29,2.9909026622772217,"{""type"":""MultiPoint"",""coordinates"":[]}"
20170930,2017-09-30,11.963610649108887,"{""type"":""MultiPoint"",""coordinates"":[]}"
20171001,2017-10-01,0.0,"{""type"":""MultiPoint"",""coordinates"":[]}"
20171002,2017-10-02,22.498159408569336,"{""type"":""MultiPoint"",""coordinates"":[]}"
20171003,2017-10-03,17.99852752685547,"{""type"":""MultiPoint"",""coordinates"":[]}"
20171004,2017-10-04,17.99852752685547,"{""type"":""MultiPoint"",""coordinates"":[]}"
20171005,2017-10-05,4.499631881713867,"{""type"":""MultiPoint"",""coordinates"":[]}"
20171006,2017-10-06,7.293195724487305,"{""type"":""MultiPoint"",""coordinates"":[]}"
20171007,2017-10-07,3.6465978622436523,"{""type"":""MultiPoint"",""coordinates"":[]}"
20171008,2017-10-08,0.0,"{""type"":""MultiPoint"",""coordinates"":[]}"
20171009,2017-10-09,10.93979263305664,"{""type"":""MultiPoint"",""coordinates"":[]}"
20171010,2017-10-10,3.6465978622436523,"{""type"":""MultiPoint"",""coordinates"":[]}"
20171011,2017-10-11,12.3508882522583,"{""type"":""MultiPoint"",""coordinates"":[]}"
20171012,2017-10-12,0.0,"{""type"":""MultiPoint"",""coordinates"":[]}"
20171013,2017-10-13,0.0,"{""type"":""MultiPoint"",""coordinates"":[]}"
20171014,2017-10-14,0.0,"{""type"":""MultiPoint"",""coordinates"":[]}"
20171015,2017-10-15,0.0,"{""type"":""MultiPoint"",""coordinates"":[]}"
20171016,2017-10-16,0.0,"{""type"":""MultiPoint"",""coordinates"":[]}"
20171017,2017-10-17,0.0,"{""type"":""MultiPoint"",""coordinates"":[]}"
20171018,2017-10-18,0.0,"{""type"":""MultiPoint"",""coordinates"":[]}"
20171019,2017-10-19,15.587084770202637,"{""type"":""MultiPoint"",""coordinates"":[]}"
20171020,2017-10-20,7.793542385101318,"{""type"":""MultiPoint"",""coordinates"":[]}"
20171021,2017-10-21,10.657946586608887,"{""type"":""MultiPoint"",""coordinates"":[]}"
20171022,2017-10-22,14.21059513092041,"{""type"":""MultiPoint"",""coordinates"":[]}"
20171023,2017-10-23,0.0,"{""type"":""MultiPoint"",""coordinates"":[]}"
20171024,2017-10-24,3.5526487827301025,"{""type"":""MultiPoint"",""coordinates"":[]}"
20171025,2017-10-25,3.5526487827301025,"{""type"":""MultiPoint"",""coordinates"":[]}"
20171026,2017-10-26,20.51048469543457,"{""type"":""MultiPoint"",""coordinates"":[]}"
20171027,2017-10-27,0.0,"{""type"":""MultiPoint"",""coordinates"":[]}"
20171028,2017-10-28,20.51048469543457,"{""type"":""MultiPoint"",""coordinates"":[]}"
20171029,2017-10-29,13.673656463623047,"{""type"":""MultiPoint"",""coordinates"":[]}"
20171030,2017-10-30,13.673656463623047,"{""type"":""MultiPoint"",""coordinates"":[]}"
20171031,2017-10-31,6.836828231811523,"{""type"":""MultiPoint"",""coordinates"":[]}"
20171101,2017-11-01,3.896284580230713,"{""type"":""MultiPoint"",""coordinates"":[]}"
20171102,2017-11-02,3.896284580230713,"{""type"":""MultiPoint"",""coordinates"":[]}"
20171103,2017-11-03,11.688854217529297,"{""type"":""MultiPoint"",""coordinates"":[]}"
20171104,2017-11-04,11.688854217529297,"{""type"":""MultiPoint"",""coordinates"":[]}"
20171105,2017-11-05,0.0,"{""type"":""MultiPoint"",""coordinates"":[]}"
20171106,2017-11-06,0.0,"{""type"":""MultiPoint"",""coordinates"":[]}"
20171107,2017-11-07,18.227264404296875,"{""type"":""MultiPoint"",""coordinates"":[]}"
20171108,2017-11-08,18.227264404296875,"{""type"":""MultiPoint"",""coordinates"":[]}"
20171109,2017-11-09,18.227264404296875,"{""type"":""MultiPoint"",""coordinates"":[]}"
20171110,2017-11-10,0.0,"{""type"":""MultiPoint"",""coordinates"":[]}"
20171111,2017-11-11,22.354148864746094,"{""type"":""MultiPoint"",""coordinates"":[]}"
20171112,2017-11-12,0.0,"{""type"":""MultiPoint"",""coordinates"":[]}"
20171113,2017-11-13,0.0,"{""type"":""MultiPoint"",""coordinates"":[]}"
20171114,2017-11-14,0.0,"{""type"":""MultiPoint"",""coordinates"":[]}"
20171115,2017-11-15,22.354148864746094,"{""type"":""MultiPoint"",""coordinates"":[]}"
20171116,2017-11-16,32.676578521728516,"{""type"":""MultiPoint"",""coordinates"":[]}"
20171117,2017-11-17,0.0,"{""type"":""MultiPoint"",""coordinates"":[]}"
20171118,2017-11-18,0.0,"{""type"":""MultiPoint"",""coordinates"":[]}"
20171119,2017-11-19,0.0,"{""type"":""MultiPoint"",""coordinates"":[]}"
20171120,2017-11-20,16.338289260864258,"{""type"":""MultiPoint"",""coordinates"":[]}"
20171121,2017-11-21,0.0,"{""type"":""MultiPoint"",""coordinates"":[]}"
20171122,2017-11-22,0.0,"{""type"":""MultiPoint"",""coordinates"":[]}"
20171123,2017-11-23,0.0,"{""type"":""MultiPoint"",""coordinates"":[]}"
20171124,2017-11-24,35.09062576293945,"{""type"":""MultiPoint"",""coordinates"":[]}"
20171125,2017-11-25,8.772656440734863,"{""type"":""MultiPoint"",""coordinates"":[]}"
20171126,2017-11-26,0.0,"{""type"":""MultiPoint"",""coordinates"":[]}"
20171127,2017-11-27,0.0,"{""type"":""MultiPoint"",""coordinates"":[]}"
20171128,2017-11-28,5.36361026763916,"{""type"":""MultiPoint"",""coordinates"":[]}"
20171129,2017-11-29,5.36361026763916,"{""type"":""MultiPoint"",""coordinates"":[]}"
20171130,2017-11-30,10.72722053527832,"{""type"":""MultiPoint"",""coordinates"":[]}"
20171201,2017-12-01,0.0,"{""type"":""MultiPoint"",""coordinates"":[]}"
20171202,2017-12-02,0.0,"{""type"":""MultiPoint"",""coordinates"":[]}"
20171203,2017-12-03,0.0,"{""type"":""MultiPoint"",""coordinates"":[]}"
20171204,2017-12-04,0.0,"{""type"":""MultiPoint"",""coordinates"":[]}"
20171205,2017-12-05,0.0,"{""type"":""MultiPoint"",""coordinates"":[]}"
20171206,2017-12-06,0.0,"{""type"":""MultiPoint"",""coordinates"":[]}"
20171207,2017-12-07,0.0,"{""type"":""MultiPoint"",""coordinates"":[]}"
20171208,2017-12-08,8.24550724029541,"{""type"":""MultiPoint"",""coordinates"":[]}"
20171209,2017-12-09,24.73651885986328,"{""type"":""MultiPoint"",""coordinates"":[]}"
20171210,2017-12-10,8.24550724029541,"{""type"":""MultiPoint"",""coordinates"":[]}"
20171211,2017-12-11,0.0,"{""type"":""MultiPoint"",""coordinates"":[]}"
20171212,2017-12-12,0.0,"{""type"":""MultiPoint"",""coordinates"":[]}"
20171213,2017-12-13,0.0,"{""type"":""MultiPoint"",""coordinates"":[]}"
20171214,2017-12-14,0.0,"{""type"":""MultiPoint"",""coordinates"":[]}"
20171215,2017-12-15,0.0,"{""type"":""MultiPoint"",""coordinates"":[]}"
20171216,2017-12-16,0.0,"{""type"":""MultiPoint"",""coordinates"":[]}"
20171217,2017-12-17,0.0,"{""type"":""MultiPoint"",""coordinates"":[]}"
20171218,2017-12-18,0.0,"{""type"":""MultiPoint"",""coordinates"":[]}"
20171219,2017-12-19,0.0,"{""type"":""MultiPoint"",""coordinates"":[]}"
20171220,2017-12-20,0.0,"{""type"":""MultiPoint"",""coordinates"":[]}"
20171221,2017-12-21,0.0,"{""type"":""MultiPoint"",""coordinates"":[]}"
20171222,2017-12-22,0.0,"{""type"":""MultiPoint"",""coordinates"":[]}"
20171223,2017-12-23,0.0,"{""type"":""MultiPoint"",""coordinates"":[]}"
20171224,2017-12-24,0.0,"{""type"":""MultiPoint"",""coordinates"":[]}"
20171225,2017-12-25,0.0,"{""type"":""MultiPoint"",""coordinates"":[]}"
20171226,2017-12-26,0.0,"{""type"":""MultiPoint"",""coordinates"":[]}"
20171227,2017-12-27,22.40566062927246,"{""type"":""MultiPoint"",""coordinates"":[]}"
20171228,2017-12-28,0.0,"{""type"":""MultiPoint"",""coordinates"":[]}"
20171229,2017-12-29,22.40566062927246,"{""type"":""MultiPoint"",""coordinates"":[]}"
20171230,2017-12-30,0.0,"{""type"":""MultiPoint"",""coordinates"":[]}"
20171231,2017-12-31,22.40566062927246,"{""type"":""MultiPoint"",""coordinates"":[]}"
20180101,2018-01-01,0.0,"{""type"":""MultiPoint"",""coordinates"":[]}"
20180102,2018-01-02,0.0,"{""type"":""MultiPoint"",""coordinates"":[]}"
20180103,2018-01-03,0.0,"{""type"":""MultiPoint"",""coordinates"":[]}"
20180104,2018-01-04,21.36830711364746,"{""type"":""MultiPoint"",""coordinates"":[]}"
20180105,2018-01-05,21.36830711364746,"{""type"":""MultiPoint"",""coordinates"":[]}"
20180106,2018-01-06,19.148279190063477,"{""type"":""MultiPoint"",""coordinates"":[]}"
20180107,2018-01-07,0.0,"{""type"":""MultiPoint"",""coordinates"":[]}"
20180108,2018-01-08,0.0,"{""type"":""MultiPoint"",""coordinates"":[]}"
20180109,2018-01-09,19.148279190063477,"{""type"":""MultiPoint"",""coordinates"":[]}"
20180110,2018-01-10,0.0,"{""type"":""MultiPoint"",""coordinates"":[]}"
20180111,2018-01-11,0.0,"{""type"":""MultiPoint"",""coordinates"":[]}"
20180112,2018-01-12,0.0,"{""type"":""MultiPoint"",""coordinates"":[]}"
20180113,2018-01-13,22.39068031311035,"{""type"":""MultiPoint"",""coordinates"":[]}"
20180114,2018-01-14,0.0,"{""type"":""MultiPoint"",""coordinates"":[]}"
20180115,2018-01-15,22.39068031311035,"{""type"":""MultiPoint"",""coordinates"":[]}"
20180116,2018-01-16,0.0,"{""type"":""MultiPoint"",""coordinates"":[]}"
20180117,2018-01-17,0.0,"{""type"":""MultiPoint"",""coordinates"":[]}"
20180118,2018-01-18,0.0,"{""type"":""MultiPoint"",""coordinates"":[]}"
20180119,2018-01-19,0.0,"{""type"":""MultiPoint"",""coordinates"":[]}"
20180120,2018-01-20,0.0,"{""type"":""MultiPoint"",""coordinates"":[]}"
20180121,2018-01-21,0.0,"{""type"":""MultiPoint"",""coordinates"":[]}"
20180122,2018-01-22,0.0,"{""type"":""MultiPoint"",""coordinates"":[]}"
20180123,2018-01-23,0.0,"{""type"":""MultiPoint"",""coordinates"":[]}"
20180124,2018-01-24,0.0,"{""type"":""MultiPoint"",""coordinates"":[]}"
20180125,2018-01-25,0.0,"{""type"":""MultiPoint"",""coordinates"":[]}"
20180126,2018-01-26,7.5606465339660645,"{""type"":""MultiPoint"",""coordinates"":[]}"
20180127,2018-01-27,0.0,"{""type"":""MultiPoint"",""coordinates"":[]}"
20180128,2018-01-28,15.121293067932129,"{""type"":""MultiPoint"",""coordinates"":[]}"
20180129,2018-01-29,0.0,"{""type"":""MultiPoint"",""coordinates"":[]}"
20180130,2018-01-30,7.5606465339660645,"{""type"":""MultiPoint"",""coordinates"":[]}"
20180131,2018-01-31,0.0,"{""type"":""MultiPoint"",""coordinates"":[]}"
20180201,2018-02-01,0.0,"{""type"":""MultiPoint"",""coordinates"":[]}"
20180202,2018-02-02,0.0,"{""type"":""MultiPoint"",""coordinates"":[]}"
20180203,2018-02-03,11.483428001403809,"{""type"":""MultiPoint"",""coordinates"":[]}"
20180204,2018-02-04,7.6366376876831055,"{""type"":""MultiPoint"",""coordinates"":[]}"
20180205,2018-02-05,6.469164848327637,"{""type"":""MultiPoint"",""coordinates"":[]}"
20180206,2018-02-06,12.9440336227417,"{""type"":""MultiPoint"",""coordinates"":[]}"
20180207,2018-02-07,0.0,"{""type"":""MultiPoint"",""coordinates"":[]}"
20180208,2018-02-08,0.0,"{""type"":""MultiPoint"",""coordinates"":[]}"
20180209,2018-02-09,0.0,"{""type"":""MultiPoint"",""coordinates"":[]}"
20180210,2018-02-10,0.0,"{""type"":""MultiPoint"",""coordinates"":[]}"
20180211,2018-02-11,0.0,"{""type"":""MultiPoint"",""coordinates"":[]}"
20180212,2018-02-12,0.0,"{""type"":""MultiPoint"",""coordinates"":[]}"
20180213,2018-02-13,0.0,"{""type"":""MultiPoint"",""coordinates"":[]}"
20180214,2018-02-14,7.2933454513549805,"{""type"":""MultiPoint"",""coordinates"":[]}"
20180215,2018-02-15,14.123083114624023,"{""type"":""MultiPoint"",""coordinates"":[]}"
20180216,2018-02-16,0.0,"{""type"":""MultiPoint"",""coordinates"":[]}"
20180217,2018-02-17,0.0,"{""type"":""MultiPoint"",""coordinates"":[]}"
20180218,2018-02-18,10.170626640319824,"{""type"":""MultiPoint"",""coordinates"":[]}"
20180219,2018-02-19,13.261253356933594,"{""type"":""MultiPoint"",""coordinates"":[]}"
20180220,2018-02-20,10.648038864135742,"{""type"":""MultiPoint"",""coordinates"":[]}"
20180221,2018-02-21,0.0,"{""type"":""MultiPoint"",""coordinates"":[]}"
20180222,2018-02-22,0.0,"{""type"":""MultiPoint"",""coordinates"":[]}"
20180223,2018-02-23,7.23441743850708,"{""type"":""MultiPoint"",""coordinates"":[]}"
20180224,2018-02-24,0.0,"{""type"":""MultiPoint"",""coordinates"":[]}"
20180225,2018-02-25,0.0,"{""type"":""MultiPoint"",""coordinates"":[]}"
20180226,2018-02-26,0.0,"{""type"":""MultiPoint"",""coordinates"":[]}"
20180227,2018-02-27,0.0,"{""type"":""MultiPoint"",""coordinates"":[]}"
20180228,2018-02-28,0.0,"{""type"":""MultiPoint"",""coordinates"":[]}"
20180301,2018-03-01,0.0,"{""type"":""MultiPoint"",""coordinates"":[]}"
20180302,2018-03-02,26.355093002319336,"{""type"":""MultiPoint"",""coordinates"":[]}"
20180303,2018-03-03,0.0,"{""type"":""MultiPoint"",""coordinates"":[]}"
20180304,2018-03-04,0.0,"{""type"":""MultiPoint"",""coordinates"":[]}"
20180305,2018-03-05,0.0,"{""type"":""MultiPoint"",""coordinates"":[]}"
20180306,2018-03-06,0.0,"{""type"":""MultiPoint"",""coordinates"":[]}"
20180307,2018-03-07,0.0,"{""type"":""MultiPoint"",""coordinates"":[]}"
20180308,2018-03-08,0.0,"{""type"":""MultiPoint"",""coordinates"":[]}"
20180309,2018-03-09,0.0,"{""type"":""MultiPoint"",""coordinates"":[]}"
20180310,2018-03-10,0.0,"{""type"":""MultiPoint"",""coordinates"":[]}"
20180311,2018-03-11,0.0,"{""type"":""MultiPoint"",""coordinates"":[]}"
20180312,2018-03-12,0.0,"{""type"":""MultiPoint"",""coordinates"":[]}"
20180313,2018-03-13,0.0,"{""type"":""MultiPoint"",""coordinates"":[]}"
20180314,2018-03-14,0.0,"{""type"":""MultiPoint"",""coordinates"":[]}"
20180315,2018-03-15,0.0,"{""type"":""MultiPoint"",""coordinates"":[]}"
20180316,2018-03-16,0.0,"{""type"":""MultiPoint"",""coordinates"":[]}"
20180317,2018-03-17,0.0,"{""type"":""MultiPoint"",""coordinates"":[]}"
20180318,2018-03-18,11.552932739257812,"{""type"":""MultiPoint"",""coordinates"":[]}"
20180319,2018-03-19,0.0,"{""type"":""MultiPoint"",""coordinates"":[]}"
20180320,2018-03-20,0.0,"{""type"":""MultiPoint"",""coordinates"":[]}"
20180321,2018-03-21,0.0,"{""type"":""MultiPoint"",""coordinates"":[]}"
20180322,2018-03-22,0.0,"{""type"":""MultiPoint"",""coordinates"":[]}"
20180323,2018-03-23,11.125288963317871,"{""type"":""MultiPoint"",""coordinates"":[]}"
20180324,2018-03-24,22.250577926635742,"{""type"":""MultiPoint"",""coordinates"":[]}"
20180325,2018-03-25,0.0,"{""type"":""MultiPoint"",""coordinates"":[]}"
20180326,2018-03-26,0.0,"{""type"":""MultiPoint"",""coordinates"":[]}"
20180327,2018-03-27,23.475162506103516,"{""type"":""MultiPoint"",""coordinates"":[]}"
20180328,2018-03-28,23.475162506103516,"{""type"":""MultiPoint"",""coordinates"":[]}"
20180329,2018-03-29,0.0,"{""type"":""MultiPoint"",""coordinates"":[]}"
20180330,2018-03-30,23.475162506103516,"{""type"":""MultiPoint"",""coordinates"":[]}"
20180331,2018-03-31,11.737581253051758,"{""type"":""MultiPoint"",""coordinates"":[]}"
20180401,2018-04-01,23.184326171875,"{""type"":""MultiPoint"",""coordinates"":[]}"
20180402,2018-04-02,7.728108882904053,"{""type"":""MultiPoint"",""coordinates"":[]}"
20180403,2018-04-03,7.728108882904053,"{""type"":""MultiPoint"",""coordinates"":[]}"
20180404,2018-04-04,7.728108882904053,"{""type"":""MultiPoint"",""coordinates"":[]}"
20180405,2018-04-05,0.0,"{""type"":""MultiPoint"",""coordinates"":[]}"
20180406,2018-04-06,11.069385528564453,"{""type"":""MultiPoint"",""coordinates"":[]}"
20180407,2018-04-07,0.0,"{""type"":""MultiPoint"",""coordinates"":[]}"
20180408,2018-04-08,0.0,"{""type"":""MultiPoint"",""coordinates"":[]}"
20180409,2018-04-09,0.0,"{""type"":""MultiPoint"",""coordinates"":[]}"
20180410,2018-04-10,22.138771057128906,"{""type"":""MultiPoint"",""coordinates"":[]}"
20180411,2018-04-11,0.0,"{""type"":""MultiPoint"",""coordinates"":[]}"
20180412,2018-04-12,15.742152214050293,"{""type"":""MultiPoint"",""coordinates"":[]}"
20180413,2018-04-13,7.8710761070251465,"{""type"":""MultiPoint"",""coordinates"":[]}"
20180414,2018-04-14,7.8710761070251465,"{""type"":""MultiPoint"",""coordinates"":[]}"
20180415,2018-04-15,0.0,"{""type"":""MultiPoint"",""coordinates"":[]}"
20180416,2018-04-16,2.7787234783172607,"{""type"":""MultiPoint"",""coordinates"":[]}"
20180417,2018-04-17,0.0,"{""type"":""MultiPoint"",""coordinates"":[]}"
20180418,2018-04-18,0.0,"{""type"":""MultiPoint"",""coordinates"":[]}"
20180419,2018-04-19,0.0,"{""type"":""MultiPoint"",""coordinates"":[]}"
20180420,2018-04-20,11.114893913269043,"{""type"":""MultiPoint"",""coordinates"":[]}"
20180421,2018-04-21,0.0,"{""type"":""MultiPoint"",""coordinates"":[]}"
20180422,2018-04-22,0.0,"{""type"":""MultiPoint"",""coordinates"":[]}"
20180423,2018-04-23,0.0,"{""type"":""MultiPoint"",""coordinates"":[]}"
20180424,2018-04-24,2.9862921237945557,"{""type"":""MultiPoint"",""coordinates"":[]}"
20180425,2018-04-25,5.972584247589111,"{""type"":""MultiPoint"",""coordinates"":[]}"
20180426,2018-04-26,8.273882865905762,"{""type"":""MultiPoint"",""coordinates"":[]}"
20180427,2018-04-27,12.410823822021484,"{""type"":""MultiPoint"",""coordinates"":[]}"
20180428,2018-04-28,4.136941432952881,"{""type"":""MultiPoint"",""coordinates"":[]}"
20180429,2018-04-29,4.136941432952881,"{""type"":""MultiPoint"",""coordinates"":[]}"
20180430,2018-04-30,0.0,"{""type"":""MultiPoint"",""coordinates"":[]}"
20180501,2018-05-01,0.0,"{""type"":""MultiPoint"",""coordinates"":[]}"
20180502,2018-05-02,10.832911491394043,"{""type"":""MultiPoint"",""coordinates"":[]}"
20180503,2018-05-03,5.4164557456970215,"{""type"":""MultiPoint"",""coordinates"":[]}"
20180504,2018-05-04,21.665822982788086,"{""type"":""MultiPoint"",""coordinates"":[]}"
20180505,2018-05-05,0.0,"{""type"":""MultiPoint"",""coordinates"":[]}"
20180506,2018-05-06,0.0,"{""type"":""MultiPoint"",""coordinates"":[]}"
20180507,2018-05-07,20.55317497253418,"{""type"":""MultiPoint"",""coordinates"":[]}"
20180508,2018-05-08,0.0,"{""type"":""MultiPoint"",""coordinates"":[]}"
20180509,2018-05-09,0.0,"{""type"":""MultiPoint"",""coordinates"":[]}"
20180510,2018-05-10,0.0,"{""type"":""MultiPoint"",""coordinates"":[]}"
20180511,2018-05-11,0.0,"{""type"":""MultiPoint"",""coordinates"":[]}"
20180512,2018-05-12,0.0,"{""type"":""MultiPoint"",""coordinates"":[]}"
20180513,2018-05-13,22.947118759155273,"{""type"":""MultiPoint"",""coordinates"":[]}"
20180514,2018-05-14,11.473559379577637,"{""type"":""MultiPoint"",""coordinates"":[]}"
20180515,2018-05-15,5.736779689788818,"{""type"":""MultiPoint"",""coordinates"":[]}"
20180516,2018-05-16,5.033838748931885,"{""type"":""MultiPoint"",""coordinates"":[]}"
20180517,2018-05-17,0.0,"{""type"":""MultiPoint"",""coordinates"":[]}"
20180518,2018-05-18,20.13535499572754,"{""type"":""MultiPoint"",""coordinates"":[]}"
20180519,2018-05-19,20.13535499572754,"{""type"":""MultiPoint"",""coordinates"":[]}"
20180520,2018-05-20,15.101516723632812,"{""type"":""MultiPoint"",""coordinates"":[]}"
20180521,2018-05-21,16.633380889892578,"{""type"":""MultiPoint"",""coordinates"":[]}"
20180522,2018-05-22,0.0,"{""type"":""MultiPoint"",""coordinates"":[]}"
20180523,2018-05-23,5.544460296630859,"{""type"":""MultiPoint"",""coordinates"":[]}"
20180524,2018-05-24,0.0,"{""type"":""MultiPoint"",""coordinates"":[]}"
20180525,2018-05-25,0.0,"{""type"":""MultiPoint"",""coordinates"":[]}"
20180526,2018-05-26,0.0,"{""type"":""MultiPoint"",""coordinates"":[]}"
20180527,2018-05-27,6.131966590881348,"{""type"":""MultiPoint"",""coordinates"":[]}"
20180528,2018-05-28,0.0,"{""type"":""MultiPoint"",""coordinates"":[]}"
20180529,2018-05-29,0.0,"{""type"":""MultiPoint"",""coordinates"":[]}"
20180530,2018-05-30,24.52786636352539,"{""type"":""MultiPoint"",""coordinates"":[]}"
20180531,2018-05-31,6.131966590881348,"{""type"":""MultiPoint"",""coordinates"":[]}"
20180601,2018-06-01,1.749330759048462,"{""type"":""MultiPoint"",""coordinates"":[]}"
20180602,2018-06-02,3.498661518096924,"{""type"":""MultiPoint"",""coordinates"":[]}"
20180603,2018-06-03,0.0,"{""type"":""MultiPoint"",""coordinates"":[]}"
20180604,2018-06-04,3.498661518096924,"{""type"":""MultiPoint"",""coordinates"":[]}"
20180605,2018-06-05,3.498661518096924,"{""type"":""MultiPoint"",""coordinates"":[]}"
20180606,2018-06-06,0.0,"{""type"":""MultiPoint"",""coordinates"":[]}"
20180607,2018-06-07,0.0,"{""type"":""MultiPoint"",""coordinates"":[]}"
20180608,2018-06-08,0.0,"{""type"":""MultiPoint"",""coordinates"":[]}"
20180609,2018-06-09,0.0,"{""type"":""MultiPoint"",""coordinates"":[]}"
20180610,2018-06-10,2.862548351287842,"{""type"":""MultiPoint"",""coordinates"":[]}"
20180611,2018-06-11,4.694761753082275,"{""type"":""MultiPoint"",""coordinates"":[]}"
20180612,2018-06-12,2.3473808765411377,"{""type"":""MultiPoint"",""coordinates"":[]}"
20180613,2018-06-13,2.3473808765411377,"{""type"":""MultiPoint"",""coordinates"":[]}"
20180614,2018-06-14,0.0,"{""type"":""MultiPoint"",""coordinates"":[]}"
20180615,2018-06-15,0.0,"{""type"":""MultiPoint"",""coordinates"":[]}"
20180616,2018-06-16,0.0,"{""type"":""MultiPoint"",""coordinates"":[]}"
20180617,2018-06-17,0.0,"{""type"":""MultiPoint"",""coordinates"":[]}"
20180618,2018-06-18,0.0,"{""type"":""MultiPoint"",""coordinates"":[]}"
20180619,2018-06-19,0.0,"{""type"":""MultiPoint"",""coordinates"":[]}"
20180620,2018-06-20,0.0,"{""type"":""MultiPoint"",""coordinates"":[]}"
20180621,2018-06-21,0.0,"{""type"":""MultiPoint"",""coordinates"":[]}"
20180622,2018-06-22,0.0,"{""type"":""MultiPoint"",""coordinates"":[]}"
20180623,2018-06-23,4.214386940002441,"{""type"":""MultiPoint"",""coordinates"":[]}"
20180624,2018-06-24,6.321579933166504,"{""type"":""MultiPoint"",""coordinates"":[]}"
20180625,2018-06-25,0.0,"{""type"":""MultiPoint"",""coordinates"":[]}"
20180626,2018-06-26,9.760069847106934,"{""type"":""MultiPoint"",""coordinates"":[]}"
20180627,2018-06-27,0.0,"{""type"":""MultiPoint"",""coordinates"":[]}"
20180628,2018-06-28,0.0,"{""type"":""MultiPoint"",""coordinates"":[]}"
20180629,2018-06-29,0.0,"{""type"":""MultiPoint"",""coordinates"":[]}"
20180630,2018-06-30,0.0,"{""type"":""MultiPoint"",""coordinates"":[]}"
20180701,2018-07-01,0.0,"{""type"":""MultiPoint"",""coordinates"":[]}"
20180702,2018-07-02,7.938115119934082,"{""type"":""MultiPoint"",""coordinates"":[]}"
20180703,2018-07-03,3.969057559967041,"{""type"":""MultiPoint"",""coordinates"":[]}"
20180704,2018-07-04,0.0,"{""type"":""MultiPoint"",""coordinates"":[]}"
20180705,2018-07-05,0.0,"{""type"":""MultiPoint"",""coordinates"":[]}"
20180706,2018-07-06,0.0,"{""type"":""MultiPoint"",""coordinates"":[]}"
20180707,2018-07-07,1.2917696237564087,"{""type"":""MultiPoint"",""coordinates"":[]}"
20180708,2018-07-08,0.0,"{""type"":""MultiPoint"",""coordinates"":[]}"
20180709,2018-07-09,2.5835392475128174,"{""type"":""MultiPoint"",""coordinates"":[]}"
20180710,2018-07-10,0.0,"{""type"":""MultiPoint"",""coordinates"":[]}"
20180711,2018-07-11,0.0,"{""type"":""MultiPoint"",""coordinates"":[]}"
20180712,2018-07-12,0.0,"{""type"":""MultiPoint"",""coordinates"":[]}"
20180713,2018-07-13,0.0,"{""type"":""MultiPoint"",""coordinates"":[]}"
20180714,2018-07-14,0.0,"{""type"":""MultiPoint"",""coordinates"":[]}"
20180715,2018-07-15,0.0,"{""type"":""MultiPoint"",""coordinates"":[]}"
20180716,2018-07-16,0.0,"{""type"":""MultiPoint"",""coordinates"":[]}"
20180717,2018-07-17,0.0,"{""type"":""MultiPoint"",""coordinates"":[]}"
20180718,2018-07-18,0.0,"{""type"":""MultiPoint"",""coordinates"":[]}"
20180719,2018-07-19,0.0,"{""type"":""MultiPoint"",""coordinates"":[]}"
20180720,2018-07-20,2.6638035774230957,"{""type"":""MultiPoint"",""coordinates"":[]}"
20180721,2018-07-21,0.0,"{""type"":""MultiPoint"",""coordinates"":[]}"
20180722,2018-07-22,0.0,"{""type"":""MultiPoint"",""coordinates"":[]}"
20180723,2018-07-23,0.0,"{""type"":""MultiPoint"",""coordinates"":[]}"
20180724,2018-07-24,0.0,"{""type"":""MultiPoint"",""coordinates"":[]}"
20180725,2018-07-25,0.0,"{""type"":""MultiPoint"",""coordinates"":[]}"
20180726,2018-07-26,0.0,"{""type"":""MultiPoint"",""coordinates"":[]}"
20180727,2018-07-27,5.955976486206055,"{""type"":""MultiPoint"",""coordinates"":[]}"
20180728,2018-07-28,5.955976486206055,"{""type"":""MultiPoint"",""coordinates"":[]}"
20180729,2018-07-29,0.0,"{""type"":""MultiPoint"",""coordinates"":[]}"
20180730,2018-07-30,0.0,"{""type"":""MultiPoint"",""coordinates"":[]}"
20180731,2018-07-31,0.0,"{""type"":""MultiPoint"",""coordinates"":[]}"
20180801,2018-08-01,0.0,"{""type"":""MultiPoint"",""coordinates"":[]}"
20180802,2018-08-02,0.0,"{""type"":""MultiPoint"",""coordinates"":[]}"
20180803,2018-08-03,0.0,"{""type"":""MultiPoint"",""coordinates"":[]}"
20180804,2018-08-04,3.99841046333313,"{""type"":""MultiPoint"",""coordinates"":[]}"
20180805,2018-08-05,7.99682092666626,"{""type"":""MultiPoint"",""coordinates"":[]}"
20180806,2018-08-06,0.0,"{""type"":""MultiPoint"",""coordinates"":[]}"
20180807,2018-08-07,0.0,"{""type"":""MultiPoint"",""coordinates"":[]}"
20180808,2018-08-08,0.0,"{""type"":""MultiPoint"",""coordinates"":[]}"
20180809,2018-08-09,0.0,"{""type"":""MultiPoint"",""coordinates"":[]}"
20180810,2018-08-10,0.0,"{""type"":""MultiPoint"",""coordinates"":[]}"
20180811,2018-08-11,0.0,"{""type"":""MultiPoint"",""coordinates"":[]}"
20180812,2018-08-12,0.0,"{""type"":""MultiPoint"",""coordinates"":[]}"
20180813,2018-08-13,2.221553087234497,"{""type"":""MultiPoint"",""coordinates"":[]}"
20180814,2018-08-14,2.221553087234497,"{""type"":""MultiPoint"",""coordinates"":[]}"
20180815,2018-08-15,2.221553087234497,"{""type"":""MultiPoint"",""coordinates"":[]}"
20180816,2018-08-16,0.0,"{""type"":""MultiPoint"",""coordinates"":[]}"
20180817,2018-08-17,0.17740514874458313,"{""type"":""MultiPoint"",""coordinates"":[]}"
20180818,2018-08-18,0.20109203457832336,"{""type"":""MultiPoint"",""coordinates"":[]}"
20180819,2018-08-19,0.516345202922821,"{""type"":""MultiPoint"",""coordinates"":[]}"
20180820,2018-08-20,0.26053735613822937,"{""type"":""MultiPoint"",""coordinates"":[]}"
20180821,2018-08-21,0.0,"{""type"":""MultiPoint"",""coordinates"":[]}"
20180822,2018-08-22,0.0,"{""type"":""MultiPoint"",""coordinates"":[]}"
20180823,2018-08-23,0.0,"{""type"":""MultiPoint"",""coordinates"":[]}"
20180824,2018-08-24,3.309652090072632,"{""type"":""MultiPoint"",""coordinates"":[]}"
20180825,2018-08-25,0.0,"{""type"":""MultiPoint"",""coordinates"":[]}"
20180826,2018-08-26,0.0,"{""type"":""MultiPoint"",""coordinates"":[]}"
20180827,2018-08-27,6.240764617919922,"{""type"":""MultiPoint"",""coordinates"":[]}"
20180828,2018-08-28,0.0,"{""type"":""MultiPoint"",""coordinates"":[]}"
20180829,2018-08-29,0.0,"{""type"":""MultiPoint"",""coordinates"":[]}"
20180830,2018-08-30,12.481529235839844,"{""type"":""MultiPoint"",""coordinates"":[]}"
20180831,2018-08-31,0.0,"{""type"":""MultiPoint"",""coordinates"":[]}"
20180901,2018-09-01,0.0,"{""type"":""MultiPoint"",""coordinates"":[]}"
20180902,2018-09-02,14.960892677307129,"{""type"":""MultiPoint"",""coordinates"":[]}"
20180903,2018-09-03,14.960892677307129,"{""type"":""MultiPoint"",""coordinates"":[]}"
20180904,2018-09-04,7.4804463386535645,"{""type"":""MultiPoint"",""coordinates"":[]}"
20180905,2018-09-05,0.0,"{""type"":""MultiPoint"",""coordinates"":[]}"
20180906,2018-09-06,0.0,"{""type"":""MultiPoint"",""coordinates"":[]}"
20180907,2018-09-07,0.0,"{""type"":""MultiPoint"",""coordinates"":[]}"
20180908,2018-09-08,0.0,"{""type"":""MultiPoint"",""coordinates"":[]}"
20180909,2018-09-09,0.0,"{""type"":""MultiPoint"",""coordinates"":[]}"
20180910,2018-09-10,0.0,"{""type"":""MultiPoint"",""coordinates"":[]}"
20180911,2018-09-11,0.0,"{""type"":""MultiPoint"",""coordinates"":[]}"
20180912,2018-09-12,12.427571296691895,"{""type"":""MultiPoint"",""coordinates"":[]}"
20180913,2018-09-13,0.0,"{""type"":""MultiPoint"",""coordinates"":[]}"
20180914,2018-09-14,24.85514259338379,"{""type"":""MultiPoint"",""coordinates"":[]}"
20180915,2018-09-15,12.427571296691895,"{""type"":""MultiPoint"",""coordinates"":[]}"
20180916,2018-09-16,0.0,"{""type"":""MultiPoint"",""coordinates"":[]}"
20180917,2018-09-17,0.0,"{""type"":""MultiPoint"",""coordinates"":[]}"
20180918,2018-09-18,0.0,"{""type"":""MultiPoint"",""coordinates"":[]}"
20180919,2018-09-19,7.077218055725098,"{""type"":""MultiPoint"",""coordinates"":[]}"
20180920,2018-09-20,3.538609027862549,"{""type"":""MultiPoint"",""coordinates"":[]}"
20180921,2018-09-21,0.0,"{""type"":""MultiPoint"",""coordinates"":[]}"
20180922,2018-09-22,2.870002269744873,"{""type"":""MultiPoint"",""coordinates"":[]}"
20180923,2018-09-23,0.0,"{""type"":""MultiPoint"",""coordinates"":[]}"
20180924,2018-09-24,0.0,"{""type"":""MultiPoint"",""coordinates"":[]}"
20180925,2018-09-25,0.0,"{""type"":""MultiPoint"",""coordinates"":[]}"
20180926,2018-09-26,0.0,"{""type"":""MultiPoint"",""coordinates"":[]}"
20180927,2018-09-27,13.880821228027344,"{""type"":""MultiPoint"",""coordinates"":[]}"
20180928,2018-09-28,0.0,"{""type"":""MultiPoint"",""coordinates"":[]}"
20180929,2018-09-29,13.880821228027344,"{""type"":""MultiPoint"",""coordinates"":[]}"
20180930,2018-09-30,0.0,"{""type"":""MultiPoint"",""coordinates"":[]}"
20181001,2018-10-01,0.0,"{""type"":""MultiPoint"",""coordinates"":[]}"
20181002,2018-10-02,12.033761024475098,"{""type"":""MultiPoint"",""coordinates"":[]}"
20181003,2018-10-03,0.0,"{""type"":""MultiPoint"",""coordinates"":[]}"
20181004,2018-10-04,18.050642013549805,"{""type"":""MultiPoint"",""coordinates"":[]}"
20181005,2018-10-05,12.033761024475098,"{""type"":""MultiPoint"",""coordinates"":[]}"
20181006,2018-10-06,27.57662582397461,"{""type"":""MultiPoint"",""coordinates"":[]}"
20181007,2018-10-07,18.384416580200195,"{""type"":""MultiPoint"",""coordinates"":[]}"
20181008,2018-10-08,27.57662582397461,"{""type"":""MultiPoint"",""coordinates"":[]}"
20181009,2018-10-09,27.57662582397461,"{""type"":""MultiPoint"",""coordinates"":[]}"
20181010,2018-10-10,9.192208290100098,"{""type"":""MultiPoint"",""coordinates"":[]}"
20181011,2018-10-11,19.022499084472656,"{""type"":""MultiPoint"",""coordinates"":[]}"
20181012,2018-10-12,0.0,"{""type"":""MultiPoint"",""coordinates"":[]}"
20181013,2018-10-13,0.0,"{""type"":""MultiPoint"",""coordinates"":[]}"
20181014,2018-10-14,0.0,"{""type"":""MultiPoint"",""coordinates"":[]}"
20181015,2018-10-15,28.533750534057617,"{""type"":""MultiPoint"",""coordinates"":[]}"
20181016,2018-10-16,0.0,"{""type"":""MultiPoint"",""coordinates"":[]}"
20181017,2018-10-17,53.31494140625,"{""type"":""MultiPoint"",""coordinates"":[]}"
20181018,2018-10-18,0.0,"{""type"":""MultiPoint"",""coordinates"":[]}"
20181019,2018-10-19,0.0,"{""type"":""MultiPoint"",""coordinates"":[]}"
20181020,2018-10-20,0.0,"{""type"":""MultiPoint"",""coordinates"":[]}"
20181021,2018-10-21,24.12293243408203,"{""type"":""MultiPoint"",""coordinates"":[]}"
20181022,2018-10-22,0.0,"{""type"":""MultiPoint"",""coordinates"":[]}"
20181023,2018-10-23,0.0,"{""type"":""MultiPoint"",""coordinates"":[]}"
20181024,2018-10-24,12.061466217041016,"{""type"":""MultiPoint"",""coordinates"":[]}"
20181025,2018-10-25,12.061466217041016,"{""type"":""MultiPoint"",""coordinates"":[]}"
20181026,2018-10-26,0.0,"{""type"":""MultiPoint"",""coordinates"":[]}"
20181027,2018-10-27,0.0,"{""type"":""MultiPoint"",""coordinates"":[]}"
20181028,2018-10-28,0.0,"{""type"":""MultiPoint"",""coordinates"":[]}"
20181029,2018-10-29,65.38575744628906,"{""type"":""MultiPoint"",""coordinates"":[]}"
20181030,2018-10-30,0.0,"{""type"":""MultiPoint"",""coordinates"":[]}"
20181031,2018-10-31,0.0,"{""type"":""MultiPoint"",""coordinates"":[]}"
20181101,2018-11-01,0.0,"{""type"":""MultiPoint"",""coordinates"":[]}"
20181102,2018-11-02,12.234123229980469,"{""type"":""MultiPoint"",""coordinates"":[]}"
20181103,2018-11-03,12.234123229980469,"{""type"":""MultiPoint"",""coordinates"":[]}"
20181104,2018-11-04,0.0,"{""type"":""MultiPoint"",""coordinates"":[]}"
20181105,2018-11-05,0.0,"{""type"":""MultiPoint"",""coordinates"":[]}"
20181106,2018-11-06,0.0,"{""type"":""MultiPoint"",""coordinates"":[]}"
20181107,2018-11-07,15.436224937438965,"{""type"":""MultiPoint"",""coordinates"":[]}"
20181108,2018-11-08,0.0,"{""type"":""MultiPoint"",""coordinates"":[]}"
20181109,2018-11-09,30.87244987487793,"{""type"":""MultiPoint"",""coordinates"":[]}"
20181110,2018-11-10,0.0,"{""type"":""MultiPoint"",""coordinates"":[]}"
20181111,2018-11-11,0.0,"{""type"":""MultiPoint"",""coordinates"":[]}"
20181112,2018-11-12,15.74738597869873,"{""type"":""MultiPoint"",""coordinates"":[]}"
20181113,2018-11-13,15.74738597869873,"{""type"":""MultiPoint"",""coordinates"":[]}"
20181114,2018-11-14,0.0,"{""type"":""MultiPoint"",""coordinates"":[]}"
20181115,2018-11-15,0.0,"{""type"":""MultiPoint"",""coordinates"":[]}"
20181116,2018-11-16,0.0,"{""type"":""MultiPoint"",""coordinates"":[]}"
20181117,2018-11-17,0.0,"{""type"":""MultiPoint"",""coordinates"":[]}"
20181118,2018-11-18,52.54615783691406,"{""type"":""MultiPoint"",""coordinates"":[]}"
20181119,2018-11-19,0.0,"{""type"":""MultiPoint"",""coordinates"":[]}"
20181120,2018-11-20,0.0,"{""type"":""MultiPoint"",""coordinates"":[]}"
20181121,2018-11-21,0.0,"{""type"":""MultiPoint"",""coordinates"":[]}"
20181122,2018-11-22,20.171245574951172,"{""type"":""MultiPoint"",""coordinates"":[]}"
20181123,2018-11-23,10.085622787475586,"{""type"":""MultiPoint"",""coordinates"":[]}"
20181124,2018-11-24,0.0,"{""type"":""MultiPoint"",""coordinates"":[]}"
20181125,2018-11-25,10.085622787475586,"{""type"":""MultiPoint"",""coordinates"":[]}"
20181126,2018-11-26,7.971049785614014,"{""type"":""MultiPoint"",""coordinates"":[]}"
20181127,2018-11-27,0.0,"{""type"":""MultiPoint"",""coordinates"":[]}"
20181128,2018-11-28,7.971049785614014,"{""type"":""MultiPoint"",""coordinates"":[]}"
20181129,2018-11-29,0.0,"{""type"":""MultiPoint"",""coordinates"":[]}"
20181130,2018-11-30,7.971049785614014,"{""type"":""MultiPoint"",""coordinates"":[]}"
20181201,2018-12-01,0.0,"{""type"":""MultiPoint"",""coordinates"":[]}"
20181202,2018-12-02,0.0,"{""type"":""MultiPoint"",""coordinates"":[]}"
20181203,2018-12-03,0.0,"{""type"":""MultiPoint"",""coordinates"":[]}"
20181204,2018-12-04,0.0,"{""type"":""MultiPoint"",""coordinates"":[]}"
20181205,2018-12-05,0.0,"{""type"":""MultiPoint"",""coordinates"":[]}"
20181206,2018-12-06,8.176271438598633,"{""type"":""MultiPoint"",""coordinates"":[]}"
20181207,2018-12-07,0.0,"{""type"":""MultiPoint"",""coordinates"":[]}"
20181208,2018-12-08,0.0,"{""type"":""MultiPoint"",""coordinates"":[]}"
20181209,2018-12-09,0.0,"{""type"":""MultiPoint"",""coordinates"":[]}"
20181210,2018-12-10,0.0,"{""type"":""MultiPoint"",""coordinates"":[]}"
20181211,2018-12-11,0.0,"{""type"":""MultiPoint"",""coordinates"":[]}"
20181212,2018-12-12,0.0,"{""type"":""MultiPoint"",""coordinates"":[]}"
20181213,2018-12-13,5.05733585357666,"{""type"":""MultiPoint"",""coordinates"":[]}"
20181214,2018-12-14,0.0,"{""type"":""MultiPoint"",""coordinates"":[]}"
20181215,2018-12-15,0.0,"{""type"":""MultiPoint"",""coordinates"":[]}"
20181216,2018-12-16,0.0,"{""type"":""MultiPoint"",""coordinates"":[]}"
20181217,2018-12-17,7.338664531707764,"{""type"":""MultiPoint"",""coordinates"":[]}"
20181218,2018-12-18,0.0,"{""type"":""MultiPoint"",""coordinates"":[]}"
20181219,2018-12-19,0.0,"{""type"":""MultiPoint"",""coordinates"":[]}"
20181220,2018-12-20,0.0,"{""type"":""MultiPoint"",""coordinates"":[]}"
20181221,2018-12-21,10.430493354797363,"{""type"":""MultiPoint"",""coordinates"":[]}"
20181222,2018-12-22,0.0,"{""type"":""MultiPoint"",""coordinates"":[]}"
20181223,2018-12-23,0.0,"{""type"":""MultiPoint"",""coordinates"":[]}"
20181224,2018-12-24,0.0,"{""type"":""MultiPoint"",""coordinates"":[]}"
20181225,2018-12-25,0.0,"{""type"":""MultiPoint"",""coordinates"":[]}"
20181226,2018-12-26,0.0,"{""type"":""MultiPoint"",""coordinates"":[]}"
20181227,2018-12-27,11.733114242553711,"{""type"":""MultiPoint"",""coordinates"":[]}"
20181228,2018-12-28,0.0,"{""type"":""MultiPoint"",""coordinates"":[]}"
20181229,2018-12-29,0.0,"{""type"":""MultiPoint"",""coordinates"":[]}"
20181230,2018-12-30,0.0,"{""type"":""MultiPoint"",""coordinates"":[]}"
20181231,2018-12-31,0.0,"{""type"":""MultiPoint"",""coordinates"":[]}"
20190101,2019-01-01,0.0,"{""type"":""MultiPoint"",""coordinates"":[]}"
20190102,2019-01-02,0.0,"{""type"":""MultiPoint"",""coordinates"":[]}"
20190103,2019-01-03,0.0,"{""type"":""MultiPoint"",""coordinates"":[]}"
20190104,2019-01-04,0.0,"{""type"":""MultiPoint"",""coordinates"":[]}"
20190105,2019-01-05,0.0,"{""type"":""MultiPoint"",""coordinates"":[]}"
20190106,2019-01-06,0.0,"{""type"":""MultiPoint"",""coordinates"":[]}"
20190107,2019-01-07,13.081775665283203,"{""type"":""MultiPoint"",""coordinates"":[]}"
20190108,2019-01-08,0.0,"{""type"":""MultiPoint"",""coordinates"":[]}"
20190109,2019-01-09,0.0,"{""type"":""MultiPoint"",""coordinates"":[]}"
20190110,2019-01-10,0.0,"{""type"":""MultiPoint"",""coordinates"":[]}"
20190111,2019-01-11,0.0,"{""type"":""MultiPoint"",""coordinates"":[]}"
20190112,2019-01-12,0.0,"{""type"":""MultiPoint"",""coordinates"":[]}"
20190113,2019-01-13,0.0,"{""type"":""MultiPoint"",""coordinates"":[]}"
20190114,2019-01-14,0.0,"{""type"":""MultiPoint"",""coordinates"":[]}"
20190115,2019-01-15,0.0,"{""type"":""MultiPoint"",""coordinates"":[]}"
20190116,2019-01-16,14.965409278869629,"{""type"":""MultiPoint"",""coordinates"":[]}"
20190117,2019-01-17,0.0,"{""type"":""MultiPoint"",""coordinates"":[]}"
20190118,2019-01-18,0.0,"{""type"":""MultiPoint"",""coordinates"":[]}"
20190119,2019-01-19,0.0,"{""type"":""MultiPoint"",""coordinates"":[]}"
20190120,2019-01-20,0.0,"{""type"":""MultiPoint"",""coordinates"":[]}"
20190121,2019-01-21,0.0,"{""type"":""MultiPoint"",""coordinates"":[]}"
20190122,2019-01-22,0.0,"{""type"":""MultiPoint"",""coordinates"":[]}"
20190123,2019-01-23,0.0,"{""type"":""MultiPoint"",""coordinates"":[]}"
20190124,2019-01-24,0.0,"{""type"":""MultiPoint"",""coordinates"":[]}"
20190125,2019-01-25,0.0,"{""type"":""MultiPoint"",""coordinates"":[]}"
20190126,2019-01-26,0.0,"{""type"":""MultiPoint"",""coordinates"":[]}"
20190127,2019-01-27,0.0,"{""type"":""MultiPoint"",""coordinates"":[]}"
20190128,2019-01-28,31.90019989013672,"{""type"":""MultiPoint"",""coordinates"":[]}"
20190129,2019-01-29,0.0,"{""type"":""MultiPoint"",""coordinates"":[]}"
20190130,2019-01-30,0.0,"{""type"":""MultiPoint"",""coordinates"":[]}"
20190131,2019-01-31,0.0,"{""type"":""MultiPoint"",""coordinates"":[]}"
20190201,2019-02-01,0.0,"{""type"":""MultiPoint"",""coordinates"":[]}"
20190202,2019-02-02,0.0,"{""type"":""MultiPoint"",""coordinates"":[]}"
20190203,2019-02-03,0.0,"{""type"":""MultiPoint"",""coordinates"":[]}"
20190204,2019-02-04,0.0,"{""type"":""MultiPoint"",""coordinates"":[]}"
20190205,2019-02-05,0.0,"{""type"":""MultiPoint"",""coordinates"":[]}"
20190206,2019-02-06,0.0,"{""type"":""MultiPoint"",""coordinates"":[]}"
20190207,2019-02-07,13.996541976928711,"{""type"":""MultiPoint"",""coordinates"":[]}"
20190208,2019-02-08,27.993083953857422,"{""type"":""MultiPoint"",""coordinates"":[]}"
20190209,2019-02-09,0.0,"{""type"":""MultiPoint"",""coordinates"":[]}"
20190210,2019-02-10,0.0,"{""type"":""MultiPoint"",""coordinates"":[]}"
20190211,2019-02-11,0.0,"{""type"":""MultiPoint"",""coordinates"":[]}"
20190212,2019-02-12,0.0,"{""type"":""MultiPoint"",""coordinates"":[]}"
20190213,2019-02-13,0.0,"{""type"":""MultiPoint"",""coordinates"":[]}"
20190214,2019-02-14,0.0,"{""type"":""MultiPoint"",""coordinates"":[]}"
20190215,2019-02-15,0.0,"{""type"":""MultiPoint"",""coordinates"":[]}"
20190216,2019-02-16,0.0,"{""type"":""MultiPoint"",""coordinates"":[]}"
20190217,2019-02-17,12.914668083190918,"{""type"":""MultiPoint"",""coordinates"":[]}"
20190218,2019-02-18,25.829336166381836,"{""type"":""MultiPoint"",""coordinates"":[]}"
20190219,2019-02-19,0.0,"{""type"":""MultiPoint"",""coordinates"":[]}"
20190220,2019-02-20,38.7440071105957,"{""type"":""MultiPoint"",""coordinates"":[]}"
20190221,2019-02-21,0.0,"{""type"":""MultiPoint"",""coordinates"":[]}"
20190222,2019-02-22,12.369331359863281,"{""type"":""MultiPoint"",""coordinates"":[]}"
20190223,2019-02-23,0.0,"{""type"":""MultiPoint"",""coordinates"":[]}"
20190224,2019-02-24,49.477325439453125,"{""type"":""MultiPoint"",""coordinates"":[]}"
20190225,2019-02-25,0.0,"{""type"":""MultiPoint"",""coordinates"":[]}"
20190226,2019-02-26,13.517998695373535,"{""type"":""MultiPoint"",""coordinates"":[]}"
20190227,2019-02-27,0.0,"{""type"":""MultiPoint"",""coordinates"":[]}"
20190228,2019-02-28,0.0,"{""type"":""MultiPoint"",""coordinates"":[]}"
20190301,2019-03-01,0.0,"{""type"":""MultiPoint"",""coordinates"":[]}"
20190302,2019-03-02,31.504276275634766,"{""type"":""MultiPoint"",""coordinates"":[]}"
20190303,2019-03-03,0.0,"{""type"":""MultiPoint"",""coordinates"":[]}"
20190304,2019-03-04,0.0,"{""type"":""MultiPoint"",""coordinates"":[]}"
20190305,2019-03-05,21.002849578857422,"{""type"":""MultiPoint"",""coordinates"":[]}"
20190306,2019-03-06,11.063977241516113,"{""type"":""MultiPoint"",""coordinates"":[]}"
20190307,2019-03-07,22.127954483032227,"{""type"":""MultiPoint"",""coordinates"":[]}"
20190308,2019-03-08,0.0,"{""type"":""MultiPoint"",""coordinates"":[]}"
20190309,2019-03-09,0.0,"{""type"":""MultiPoint"",""coordinates"":[]}"
20190310,2019-03-10,11.063977241516113,"{""type"":""MultiPoint"",""coordinates"":[]}"
20190311,2019-03-11,14.779644966125488,"{""type"":""MultiPoint"",""coordinates"":[]}"
20190312,2019-03-12,0.0,"{""type"":""MultiPoint"",""coordinates"":[]}"
20190313,2019-03-13,0.0,"{""type"":""MultiPoint"",""coordinates"":[]}"
20190314,2019-03-14,29.559289932250977,"{""type"":""MultiPoint"",""coordinates"":[]}"
20190315,2019-03-15,0.0,"{""type"":""MultiPoint"",""coordinates"":[]}"
20190316,2019-03-16,0.0,"{""type"":""MultiPoint"",""coordinates"":[]}"
20190317,2019-03-17,13.725643157958984,"{""type"":""MultiPoint"",""coordinates"":[]}"
20190318,2019-03-18,13.725643157958984,"{""type"":""MultiPoint"",""coordinates"":[]}"
20190319,2019-03-19,27.45128631591797,"{""type"":""MultiPoint"",""coordinates"":[]}"
20190320,2019-03-20,0.0,"{""type"":""MultiPoint"",""coordinates"":[]}"
20190321,2019-03-21,0.0,"{""type"":""MultiPoint"",""coordinates"":[]}"
20190322,2019-03-22,13.534696578979492,"{""type"":""MultiPoint"",""coordinates"":[]}"
20190323,2019-03-23,13.534696578979492,"{""type"":""MultiPoint"",""coordinates"":[]}"
20190324,2019-03-24,0.0,"{""type"":""MultiPoint"",""coordinates"":[]}"
20190325,2019-03-25,0.0,"{""type"":""MultiPoint"",""coordinates"":[]}"
20190326,2019-03-26,10.044317245483398,"{""type"":""MultiPoint"",""coordinates"":[]}"
20190327,2019-03-27,0.0,"{""type"":""MultiPoint"",""coordinates"":[]}"
20190328,2019-03-28,0.0,"{""type"":""MultiPoint"",""coordinates"":[]}"
20190329,2019-03-29,10.044317245483398,"{""type"":""MultiPoint"",""coordinates"":[]}"
20190330,2019-03-30,0.0,"{""type"":""MultiPoint"",""coordinates"":[]}"
20190331,2019-03-31,0.0,"{""type"":""MultiPoint"",""coordinates"":[]}"
20190401,2019-04-01,21.957178115844727,"{""type"":""MultiPoint"",""coordinates"":[]}"
20190402,2019-04-02,10.978589057922363,"{""type"":""MultiPoint"",""coordinates"":[]}"
20190403,2019-04-03,0.0,"{""type"":""MultiPoint"",""coordinates"":[]}"
20190404,2019-04-04,0.0,"{""type"":""MultiPoint"",""coordinates"":[]}"
20190405,2019-04-05,21.957178115844727,"{""type"":""MultiPoint"",""coordinates"":[]}"
20190406,2019-04-06,16.07402229309082,"{""type"":""MultiPoint"",""coordinates"":[]}"
20190407,2019-04-07,0.0,"{""type"":""MultiPoint"",""coordinates"":[]}"
20190408,2019-04-08,8.03701114654541,"{""type"":""MultiPoint"",""coordinates"":[]}"
20190409,2019-04-09,8.03701114654541,"{""type"":""MultiPoint"",""coordinates"":[]}"
20190410,2019-04-10,8.03701114654541,"{""type"":""MultiPoint"",""coordinates"":[]}"
20190411,2019-04-11,7.042912006378174,"{""type"":""MultiPoint"",""coordinates"":[]}"
20190412,2019-04-12,7.042912006378174,"{""type"":""MultiPoint"",""coordinates"":[]}"
20190413,2019-04-13,0.0,"{""type"":""MultiPoint"",""coordinates"":[]}"
20190414,2019-04-14,3.521456003189087,"{""type"":""MultiPoint"",""coordinates"":[]}"
20190415,2019-04-15,7.042912006378174,"{""type"":""MultiPoint"",""coordinates"":[]}"
20190416,2019-04-16,3.7761616706848145,"{""type"":""MultiPoint"",""coordinates"":[]}"
20190417,2019-04-17,3.7761616706848145,"{""type"":""MultiPoint"",""coordinates"":[]}"
20190418,2019-04-18,11.328485488891602,"{""type"":""MultiPoint"",""coordinates"":[]}"
20190419,2019-04-19,3.7761616706848145,"{""type"":""MultiPoint"",""coordinates"":[]}"
20190420,2019-04-20,7.552323341369629,"{""type"":""MultiPoint"",""coordinates"":[]}"
20190421,2019-04-21,4.142173767089844,"{""type"":""MultiPoint"",""coordinates"":[]}"
20190422,2019-04-22,8.060083389282227,"{""type"":""MultiPoint"",""coordinates"":[]}"
20190423,2019-04-23,4.293842792510986,"{""type"":""MultiPoint"",""coordinates"":[]}"
20190424,2019-04-24,7.366874694824219,"{""type"":""MultiPoint"",""coordinates"":[]}"
20190425,2019-04-25,2.7210166454315186,"{""type"":""MultiPoint"",""coordinates"":[]}"
20190426,2019-04-26,4.077872276306152,"{""type"":""MultiPoint"",""coordinates"":[]}"
20190427,2019-04-27,4.077872276306152,"{""type"":""MultiPoint"",""coordinates"":[]}"
20190428,2019-04-28,4.077872276306152,"{""type"":""MultiPoint"",""coordinates"":[]}"
20190429,2019-04-29,0.0,"{""type"":""MultiPoint"",""coordinates"":[]}"
20190430,2019-04-30,0.0,"{""type"":""MultiPoint"",""coordinates"":[]}"
20190501,2019-05-01,0.0,"{""type"":""MultiPoint"",""coordinates"":[]}"
20190502,2019-05-02,0.0,"{""type"":""MultiPoint"",""coordinates"":[]}"
20190503,2019-05-03,0.0,"{""type"":""MultiPoint"",""coordinates"":[]}"
20190504,2019-05-04,0.0,"{""type"":""MultiPoint"",""coordinates"":[]}"
20190505,2019-05-05,0.0,"{""type"":""MultiPoint"",""coordinates"":[]}"
20190506,2019-05-06,0.0,"{""type"":""MultiPoint"",""coordinates"":[]}"
20190507,2019-05-07,0.0,"{""type"":""MultiPoint"",""coordinates"":[]}"
20190508,2019-05-08,17.02454948425293,"{""type"":""MultiPoint"",""coordinates"":[]}"
20190509,2019-05-09,0.0,"{""type"":""MultiPoint"",""coordinates"":[]}"
20190510,2019-05-10,5.674849987030029,"{""type"":""MultiPoint"",""coordinates"":[]}"
20190511,2019-05-11,2.962043046951294,"{""type"":""MultiPoint"",""coordinates"":[]}"
20190512,2019-05-12,2.962043046951294,"{""type"":""MultiPoint"",""coordinates"":[]}"
20190513,2019-05-13,0.0,"{""type"":""MultiPoint"",""coordinates"":[]}"
20190514,2019-05-14,8.886129379272461,"{""type"":""MultiPoint"",""coordinates"":[]}"
20190515,2019-05-15,5.924086093902588,"{""type"":""MultiPoint"",""coordinates"":[]}"
20190516,2019-05-16,0.0,"{""type"":""MultiPoint"",""coordinates"":[]}"
20190517,2019-05-17,22.83559799194336,"{""type"":""MultiPoint"",""coordinates"":[]}"
20190518,2019-05-18,7.611865997314453,"{""type"":""MultiPoint"",""coordinates"":[]}"
20190519,2019-05-19,15.223731994628906,"{""type"":""MultiPoint"",""coordinates"":[]}"
20190520,2019-05-20,0.0,"{""type"":""MultiPoint"",""coordinates"":[]}"
20190521,2019-05-21,0.0,"{""type"":""MultiPoint"",""coordinates"":[]}"
20190522,2019-05-22,4.537015914916992,"{""type"":""MultiPoint"",""coordinates"":[]}"
20190523,2019-05-23,13.61104679107666,"{""type"":""MultiPoint"",""coordinates"":[]}"
20190524,2019-05-24,0.0,"{""type"":""MultiPoint"",""coordinates"":[]}"
20190525,2019-05-25,22.68507957458496,"{""type"":""MultiPoint"",""coordinates"":[]}"
20190526,2019-05-26,7.5660576820373535,"{""type"":""MultiPoint"",""coordinates"":[]}"
20190527,2019-05-27,15.132115364074707,"{""type"":""MultiPoint"",""coordinates"":[]}"
20190528,2019-05-28,7.5660576820373535,"{""type"":""MultiPoint"",""coordinates"":[]}"
20190529,2019-05-29,0.0,"{""type"":""MultiPoint"",""coordinates"":[]}"
20190530,2019-05-30,7.5660576820373535,"{""type"":""MultiPoint"",""coordinates"":[]}"
20190531,2019-05-31,15.132115364074707,"{""type"":""MultiPoint"",""coordinates"":[]}"
20190601,2019-06-01,10.335249900817871,"{""type"":""MultiPoint"",""coordinates"":[]}"
20190602,2019-06-02,0.0,"{""type"":""MultiPoint"",""coordinates"":[]}"
20190603,2019-06-03,0.0,"{""type"":""MultiPoint"",""coordinates"":[]}"
20190604,2019-06-04,0.0,"{""type"":""MultiPoint"",""coordinates"":[]}"
20190605,2019-06-05,0.0,"{""type"":""MultiPoint"",""coordinates"":[]}"
20190606,2019-06-06,0.0,"{""type"":""MultiPoint"",""coordinates"":[]}"
20190607,2019-06-07,10.8956298828125,"{""type"":""MultiPoint"",""coordinates"":[]}"
20190608,2019-06-08,0.0,"{""type"":""MultiPoint"",""coordinates"":[]}"
20190609,2019-06-09,0.0,"{""type"":""MultiPoint"",""coordinates"":[]}"
20190610,2019-06-10,0.0,"{""type"":""MultiPoint"",""coordinates"":[]}"
20190611,2019-06-11,3.0823044776916504,"{""type"":""MultiPoint"",""coordinates"":[]}"
20190612,2019-06-12,5.612058162689209,"{""type"":""MultiPoint"",""coordinates"":[]}"
20190613,2019-06-13,0.7868725061416626,"{""type"":""MultiPoint"",""coordinates"":[]}"
20190614,2019-06-14,0.95982426404953,"{""type"":""MultiPoint"",""coordinates"":[]}"
20190615,2019-06-15,0.6246547102928162,"{""type"":""MultiPoint"",""coordinates"":[]}"
20190616,2019-06-16,4.477916717529297,"{""type"":""MultiPoint"",""coordinates"":[]}"
20190617,2019-06-17,0.0,"{""type"":""MultiPoint"",""coordinates"":[]}"
20190618,2019-06-18,0.0,"{""type"":""MultiPoint"",""coordinates"":[]}"
20190619,2019-06-19,2.2389583587646484,"{""type"":""MultiPoint"",""coordinates"":[]}"
20190620,2019-06-20,1.1194791793823242,"{""type"":""MultiPoint"",""coordinates"":[]}"
20190621,2019-06-21,2.698634147644043,"{""type"":""MultiPoint"",""coordinates"":[]}"
20190622,2019-06-22,2.698634147644043,"{""type"":""MultiPoint"",""coordinates"":[]}"
20190623,2019-06-23,0.0,"{""type"":""MultiPoint"",""coordinates"":[]}"
20190624,2019-06-24,5.397268295288086,"{""type"":""MultiPoint"",""coordinates"":[]}"
20190625,2019-06-25,0.0,"{""type"":""MultiPoint"",""coordinates"":[]}"
20190626,2019-06-26,0.0,"{""type"":""MultiPoint"",""coordinates"":[]}"
20190627,2019-06-27,0.0,"{""type"":""MultiPoint"",""coordinates"":[]}"
20190628,2019-06-28,0.0,"{""type"":""MultiPoint"",""coordinates"":[]}"
20190629,2019-06-29,0.0,"{""type"":""MultiPoint"",""coordinates"":[]}"
20190630,2019-06-30,0.0,"{""type"":""MultiPoint"",""coordinates"":[]}"
20190701,2019-07-01,0.0,"{""type"":""MultiPoint"",""coordinates"":[]}"
20190702,2019-07-02,0.0,"{""type"":""MultiPoint"",""coordinates"":[]}"
20190703,2019-07-03,2.4671382904052734,"{""type"":""MultiPoint"",""coordinates"":[]}"
20190704,2019-07-04,0.0,"{""type"":""MultiPoint"",""coordinates"":[]}"
20190705,2019-07-05,4.934276580810547,"{""type"":""MultiPoint"",""coordinates"":[]}"
20190706,2019-07-06,1.8424509763717651,"{""type"":""MultiPoint"",""coordinates"":[]}"
20190707,2019-07-07,0.0,"{""type"":""MultiPoint"",""coordinates"":[]}"
20190708,2019-07-08,0.0,"{""type"":""MultiPoint"",""coordinates"":[]}"
20190709,2019-07-09,0.0,"{""type"":""MultiPoint"",""coordinates"":[]}"
20190710,2019-07-10,0.0,"{""type"":""MultiPoint"",""coordinates"":[]}"
20190711,2019-07-11,0.0,"{""type"":""MultiPoint"",""coordinates"":[]}"
20190712,2019-07-12,0.0,"{""type"":""MultiPoint"",""coordinates"":[]}"
20190713,2019-07-13,1.6110563278198242,"{""type"":""MultiPoint"",""coordinates"":[]}"
20190714,2019-07-14,0.0,"{""type"":""MultiPoint"",""coordinates"":[]}"
20190715,2019-07-15,1.6110563278198242,"{""type"":""MultiPoint"",""coordinates"":[]}"
20190716,2019-07-16,0.0,"{""type"":""MultiPoint"",""coordinates"":[]}"
20190717,2019-07-17,0.0,"{""type"":""MultiPoint"",""coordinates"":[]}"
20190718,2019-07-18,0.0,"{""type"":""MultiPoint"",""coordinates"":[]}"
20190719,2019-07-19,2.647538185119629,"{""type"":""MultiPoint"",""coordinates"":[]}"
20190720,2019-07-20,0.0,"{""type"":""MultiPoint"",""coordinates"":[]}"
20190721,2019-07-21,1.3227483034133911,"{""type"":""MultiPoint"",""coordinates"":[]}"
20190722,2019-07-22,0.0,"{""type"":""MultiPoint"",""coordinates"":[]}"
20190723,2019-07-23,1.3227483034133911,"{""type"":""MultiPoint"",""coordinates"":[]}"
20190724,2019-07-24,2.6454966068267822,"{""type"":""MultiPoint"",""coordinates"":[]}"
20190725,2019-07-25,0.0,"{""type"":""MultiPoint"",""coordinates"":[]}"
20190726,2019-07-26,3.607954502105713,"{""type"":""MultiPoint"",""coordinates"":[]}"
20190727,2019-07-27,0.0,"{""type"":""MultiPoint"",""coordinates"":[]}"
20190728,2019-07-28,0.0,"{""type"":""MultiPoint"",""coordinates"":[]}"
20190729,2019-07-29,0.0,"{""type"":""MultiPoint"",""coordinates"":[]}"
20190730,2019-07-30,0.0,"{""type"":""MultiPoint"",""coordinates"":[]}"
20190731,2019-07-31,0.0,"{""type"":""MultiPoint"",""coordinates"":[]}"
20190801,2019-08-01,0.0,"{""type"":""MultiPoint"",""coordinates"":[]}"
20190802,2019-08-02,0.0,"{""type"":""MultiPoint"",""coordinates"":[]}"
20190803,2019-08-03,8.045835494995117,"{""type"":""MultiPoint"",""coordinates"":[]}"
20190804,2019-08-04,0.0,"{""type"":""MultiPoint"",""coordinates"":[]}"
20190805,2019-08-05,0.0,"{""type"":""MultiPoint"",""coordinates"":[]}"
20190806,2019-08-06,0.0,"{""type"":""MultiPoint"",""coordinates"":[]}"
20190807,2019-08-07,0.0,"{""type"":""MultiPoint"",""coordinates"":[]}"
20190808,2019-08-08,0.0,"{""type"":""MultiPoint"",""coordinates"":[]}"
20190809,2019-08-09,0.0,"{""type"":""MultiPoint"",""coordinates"":[]}"
20190810,2019-08-10,0.0,"{""type"":""MultiPoint"",""coordinates"":[]}"
20190811,2019-08-11,0.0,"{""type"":""MultiPoint"",""coordinates"":[]}"
20190812,2019-08-12,0.0,"{""type"":""MultiPoint"",""coordinates"":[]}"
20190813,2019-08-13,0.0,"{""type"":""MultiPoint"",""coordinates"":[]}"
20190814,2019-08-14,0.0,"{""type"":""MultiPoint"",""coordinates"":[]}"
20190815,2019-08-15,0.0,"{""type"":""MultiPoint"",""coordinates"":[]}"
20190816,2019-08-16,0.0,"{""type"":""MultiPoint"",""coordinates"":[]}"
20190817,2019-08-17,0.0,"{""type"":""MultiPoint"",""coordinates"":[]}"
20190818,2019-08-18,0.0,"{""type"":""MultiPoint"",""coordinates"":[]}"
20190819,2019-08-19,0.0,"{""type"":""MultiPoint"",""coordinates"":[]}"
20190820,2019-08-20,0.0,"{""type"":""MultiPoint"",""coordinates"":[]}"
20190821,2019-08-21,0.0,"{""type"":""MultiPoint"",""coordinates"":[]}"
20190822,2019-08-22,0.0,"{""type"":""MultiPoint"",""coordinates"":[]}"
20190823,2019-08-23,0.0,"{""type"":""MultiPoint"",""coordinates"":[]}"
20190824,2019-08-24,0.0,"{""type"":""MultiPoint"",""coordinates"":[]}"
20190825,2019-08-25,0.0,"{""type"":""MultiPoint"",""coordinates"":[]}"
20190826,2019-08-26,0.0,"{""type"":""MultiPoint"",""coordinates"":[]}"
20190827,2019-08-27,0.0,"{""type"":""MultiPoint"",""coordinates"":[]}"
20190828,2019-08-28,0.0,"{""type"":""MultiPoint"",""coordinates"":[]}"
20190829,2019-08-29,0.0,"{""type"":""MultiPoint"",""coordinates"":[]}"
20190830,2019-08-30,0.0,"{""type"":""MultiPoint"",""coordinates"":[]}"
20190831,2019-08-31,8.832716941833496,"{""type"":""MultiPoint"",""coordinates"":[]}"
20190901,2019-09-01,0.0,"{""type"":""MultiPoint"",""coordinates"":[]}"
20190902,2019-09-02,5.391188621520996,"{""type"":""MultiPoint"",""coordinates"":[]}"
20190903,2019-09-03,0.0,"{""type"":""MultiPoint"",""coordinates"":[]}"
20190904,2019-09-04,0.0,"{""type"":""MultiPoint"",""coordinates"":[]}"
20190905,2019-09-05,0.0,"{""type"":""MultiPoint"",""coordinates"":[]}"
20190906,2019-09-06,2.8509011268615723,"{""type"":""MultiPoint"",""coordinates"":[]}"
20190907,2019-09-07,0.0,"{""type"":""MultiPoint"",""coordinates"":[]}"
20190908,2019-09-08,0.0,"{""type"":""MultiPoint"",""coordinates"":[]}"
20190909,2019-09-09,0.0,"{""type"":""MultiPoint"",""coordinates"":[]}"
20190910,2019-09-10,0.0,"{""type"":""MultiPoint"",""coordinates"":[]}"
20190911,2019-09-11,0.0,"{""type"":""MultiPoint"",""coordinates"":[]}"
20190912,2019-09-12,0.0,"{""type"":""MultiPoint"",""coordinates"":[]}"
20190913,2019-09-13,4.765517711639404,"{""type"":""MultiPoint"",""coordinates"":[]}"
20190914,2019-09-14,2.382758855819702,"{""type"":""MultiPoint"",""coordinates"":[]}"
20190915,2019-09-15,0.0,"{""type"":""MultiPoint"",""coordinates"":[]}"
20190916,2019-09-16,4.8824782371521,"{""type"":""MultiPoint"",""coordinates"":[]}"
20190917,2019-09-17,0.0,"{""type"":""MultiPoint"",""coordinates"":[]}"
20190918,2019-09-18,0.0,"{""type"":""MultiPoint"",""coordinates"":[]}"
20190919,2019-09-19,9.7649564743042,"{""type"":""MultiPoint"",""coordinates"":[]}"
20190920,2019-09-20,19.5299129486084,"{""type"":""MultiPoint"",""coordinates"":[]}"
20190921,2019-09-21,4.571721076965332,"{""type"":""MultiPoint"",""coordinates"":[]}"
20190922,2019-09-22,0.0,"{""type"":""MultiPoint"",""coordinates"":[]}"
20190923,2019-09-23,4.571721076965332,"{""type"":""MultiPoint"",""coordinates"":[]}"
20190924,2019-09-24,4.571721076965332,"{""type"":""MultiPoint"",""coordinates"":[]}"
20190925,2019-09-25,4.571721076965332,"{""type"":""MultiPoint"",""coordinates"":[]}"
20190926,2019-09-26,0.0,"{""type"":""MultiPoint"",""coordinates"":[]}"
20190927,2019-09-27,0.0,"{""type"":""MultiPoint"",""coordinates"":[]}"
20190928,2019-09-28,9.78641414642334,"{""type"":""MultiPoint"",""coordinates"":[]}"
20190929,2019-09-29,4.89320707321167,"{""type"":""MultiPoint"",""coordinates"":[]}"
20190930,2019-09-30,4.89320707321167,"{""type"":""MultiPoint"",""coordinates"":[]}"
20191001,2019-10-01,3.9720258712768555,"{""type"":""MultiPoint"",""coordinates"":[]}"
20191002,2019-10-02,3.9720258712768555,"{""type"":""MultiPoint"",""coordinates"":[]}"
20191003,2019-10-03,27.804182052612305,"{""type"":""MultiPoint"",""coordinates"":[]}"
20191004,2019-10-04,0.0,"{""type"":""MultiPoint"",""coordinates"":[]}"
20191005,2019-10-05,0.0,"{""type"":""MultiPoint"",""coordinates"":[]}"
20191006,2019-10-06,5.431458473205566,"{""type"":""MultiPoint"",""coordinates"":[]}"
20191007,2019-10-07,5.431458473205566,"{""type"":""MultiPoint"",""coordinates"":[]}"
20191008,2019-10-08,0.0,"{""type"":""MultiPoint"",""coordinates"":[]}"
20191009,2019-10-09,0.0,"{""type"":""MultiPoint"",""coordinates"":[]}"
20191010,2019-10-10,0.0,"{""type"":""MultiPoint"",""coordinates"":[]}"
20191011,2019-10-11,12.65365219116211,"{""type"":""MultiPoint"",""coordinates"":[]}"
20191012,2019-10-12,12.65365219116211,"{""type"":""MultiPoint"",""coordinates"":[]}"
20191013,2019-10-13,3.1634130477905273,"{""type"":""MultiPoint"",""coordinates"":[]}"
20191014,2019-10-14,6.326826095581055,"{""type"":""MultiPoint"",""coordinates"":[]}"
20191015,2019-10-15,3.1634130477905273,"{""type"":""MultiPoint"",""coordinates"":[]}"
20191016,2019-10-16,12.396449089050293,"{""type"":""MultiPoint"",""coordinates"":[]}"
20191017,2019-10-17,0.0,"{""type"":""MultiPoint"",""coordinates"":[]}"
20191018,2019-10-18,18.594675064086914,"{""type"":""MultiPoint"",""coordinates"":[]}"
20191019,2019-10-19,12.396449089050293,"{""type"":""MultiPoint"",""coordinates"":[]}"
20191020,2019-10-20,0.0,"{""type"":""MultiPoint"",""coordinates"":[]}"
20191021,2019-10-21,6.007043361663818,"{""type"":""MultiPoint"",""coordinates"":[]}"
20191022,2019-10-22,0.0,"{""type"":""MultiPoint"",""coordinates"":[]}"
20191023,2019-10-23,18.021129608154297,"{""type"":""MultiPoint"",""coordinates"":[]}"
20191024,2019-10-24,18.021129608154297,"{""type"":""MultiPoint"",""coordinates"":[]}"
20191025,2019-10-25,6.007043361663818,"{""type"":""MultiPoint"",""coordinates"":[]}"
20191026,2019-10-26,3.6965715885162354,"{""type"":""MultiPoint"",""coordinates"":[]}"
20191027,2019-10-27,11.089715003967285,"{""type"":""MultiPoint"",""coordinates"":[]}"
20191028,2019-10-28,0.0,"{""type"":""MultiPoint"",""coordinates"":[]}"
20191029,2019-10-29,0.0,"{""type"":""MultiPoint"",""coordinates"":[]}"
20191030,2019-10-30,3.6965715885162354,"{""type"":""MultiPoint"",""coordinates"":[]}"
20191031,2019-10-31,3.6965715885162354,"{""type"":""MultiPoint"",""coordinates"":[]}"
20191101,2019-11-01,7.732356071472168,"{""type"":""MultiPoint"",""coordinates"":[]}"
20191102,2019-11-02,15.464712142944336,"{""type"":""MultiPoint"",""coordinates"":[]}"
20191103,2019-11-03,7.732356071472168,"{""type"":""MultiPoint"",""coordinates"":[]}"
20191104,2019-11-04,7.732356071472168,"{""type"":""MultiPoint"",""coordinates"":[]}"
20191105,2019-11-05,0.0,"{""type"":""MultiPoint"",""coordinates"":[]}"
20191106,2019-11-06,0.0,"{""type"":""MultiPoint"",""coordinates"":[]}"
20191107,2019-11-07,0.0,"{""type"":""MultiPoint"",""coordinates"":[]}"
20191108,2019-11-08,7.946784019470215,"{""type"":""MultiPoint"",""coordinates"":[]}"
20191109,2019-11-09,15.89356803894043,"{""type"":""MultiPoint"",""coordinates"":[]}"
20191110,2019-11-10,7.946784019470215,"{""type"":""MultiPoint"",""coordinates"":[]}"
20191111,2019-11-11,16.961748123168945,"{""type"":""MultiPoint"",""coordinates"":[]}"
20191112,2019-11-12,7.768855571746826,"{""type"":""MultiPoint"",""coordinates"":[]}"
20191113,2019-11-13,7.3077826499938965,"{""type"":""MultiPoint"",""coordinates"":[]}"
20191114,2019-11-14,10.051901817321777,"{""type"":""MultiPoint"",""coordinates"":[]}"
20191115,2019-11-15,15.797762870788574,"{""type"":""MultiPoint"",""coordinates"":[]}"
20191116,2019-11-16,0.0,"{""type"":""MultiPoint"",""coordinates"":[]}"
20191117,2019-11-17,0.0,"{""type"":""MultiPoint"",""coordinates"":[]}"
20191118,2019-11-18,0.0,"{""type"":""MultiPoint"",""coordinates"":[]}"
20191119,2019-11-19,7.235628604888916,"{""type"":""MultiPoint"",""coordinates"":[]}"
20191120,2019-11-20,7.235628604888916,"{""type"":""MultiPoint"",""coordinates"":[]}"
20191121,2019-11-21,0.0,"{""type"":""MultiPoint"",""coordinates"":[]}"
20191122,2019-11-22,15.745841026306152,"{""type"":""MultiPoint"",""coordinates"":[]}"
20191123,2019-11-23,0.0,"{""type"":""MultiPoint"",""coordinates"":[]}"
20191124,2019-11-24,0.0,"{""type"":""MultiPoint"",""coordinates"":[]}"
20191125,2019-11-25,0.0,"{""type"":""MultiPoint"",""coordinates"":[]}"
20191126,2019-11-26,12.102248191833496,"{""type"":""MultiPoint"",""coordinates"":[]}"
20191127,2019-11-27,0.0,"{""type"":""MultiPoint"",""coordinates"":[]}"
20191128,2019-11-28,0.0,"{""type"":""MultiPoint"",""coordinates"":[]}"
20191129,2019-11-29,0.0,"{""type"":""MultiPoint"",""coordinates"":[]}"
20191130,2019-11-30,12.102248191833496,"{""type"":""MultiPoint"",""coordinates"":[]}"
20191201,2019-12-01,0.0,"{""type"":""MultiPoint"",""coordinates"":[]}"
20191202,2019-12-02,0.0,"{""type"":""MultiPoint"",""coordinates"":[]}"
20191203,2019-12-03,0.0,"{""type"":""MultiPoint"",""coordinates"":[]}"
20191204,2019-12-04,0.0,"{""type"":""MultiPoint"",""coordinates"":[]}"
20191205,2019-12-05,6.307448387145996,"{""type"":""MultiPoint"",""coordinates"":[]}"
20191206,2019-12-06,0.0,"{""type"":""MultiPoint"",""coordinates"":[]}"
20191207,2019-12-07,40.342872619628906,"{""type"":""MultiPoint"",""coordinates"":[]}"
20191208,2019-12-08,0.0,"{""type"":""MultiPoint"",""coordinates"":[]}"
20191209,2019-12-09,0.0,"{""type"":""MultiPoint"",""coordinates"":[]}"
20191210,2019-12-10,0.0,"{""type"":""MultiPoint"",""coordinates"":[]}"
20191211,2019-12-11,8.265131950378418,"{""type"":""MultiPoint"",""coordinates"":[]}"
20191212,2019-12-12,0.0,"{""type"":""MultiPoint"",""coordinates"":[]}"
20191213,2019-12-13,0.0,"{""type"":""MultiPoint"",""coordinates"":[]}"
20191214,2019-12-14,8.265131950378418,"{""type"":""MultiPoint"",""coordinates"":[]}"
20191215,2019-12-15,8.265131950378418,"{""type"":""MultiPoint"",""coordinates"":[]}"
20191216,2019-12-16,8.419257164001465,"{""type"":""MultiPoint"",""coordinates"":[]}"
20191217,2019-12-17,0.0,"{""type"":""MultiPoint"",""coordinates"":[]}"
20191218,2019-12-18,0.0,"{""type"":""MultiPoint"",""coordinates"":[]}"
20191219,2019-12-19,0.0,"{""type"":""MultiPoint"",""coordinates"":[]}"
20191220,2019-12-20,8.419257164001465,"{""type"":""MultiPoint"",""coordinates"":[]}"
20191221,2019-12-21,0.0,"{""type"":""MultiPoint"",""coordinates"":[]}"
20191222,2019-12-22,0.0,"{""type"":""MultiPoint"",""coordinates"":[]}"
20191223,2019-12-23,8.837931632995605,"{""type"":""MultiPoint"",""coordinates"":[]}"
20191224,2019-12-24,0.0,"{""type"":""MultiPoint"",""coordinates"":[]}"
20191225,2019-12-25,8.837931632995605,"{""type"":""MultiPoint"",""coordinates"":[]}"
20191226,2019-12-26,0.0,"{""type"":""MultiPoint"",""coordinates"":[]}"
20191227,2019-12-27,0.0,"{""type"":""MultiPoint"",""coordinates"":[]}"
20191228,2019-12-28,0.0,"{""type"":""MultiPoint"",""coordinates"":[]}"
20191229,2019-12-29,0.0,"{""type"":""MultiPoint"",""coordinates"":[]}"
20191230,2019-12-30,10.795241355895996,"{""type"":""MultiPoint"",""coordinates"":[]}"
20191231,2019-12-31,32.38572311401367,"{""type"":""MultiPoint"",""coordinates"":[]}"
20200101,2020-01-01,0.0,"{""type"":""MultiPoint"",""coordinates"":[]}"
20200102,2020-01-02,0.0,"{""type"":""MultiPoint"",""coordinates"":[]}"
20200103,2020-01-03,0.0,"{""type"":""MultiPoint"",""coordinates"":[]}"
20200104,2020-01-04,0.0,"{""type"":""MultiPoint"",""coordinates"":[]}"
20200105,2020-01-05,0.0,"{""type"":""MultiPoint"",""coordinates"":[]}"
20200106,2020-01-06,0.0,"{""type"":""MultiPoint"",""coordinates"":[]}"
20200107,2020-01-07,0.0,"{""type"":""MultiPoint"",""coordinates"":[]}"
20200108,2020-01-08,0.0,"{""type"":""MultiPoint"",""coordinates"":[]}"
20200109,2020-01-09,0.0,"{""type"":""MultiPoint"",""coordinates"":[]}"
20200110,2020-01-10,0.0,"{""type"":""MultiPoint"",""coordinates"":[]}"
20200111,2020-01-11,0.0,"{""type"":""MultiPoint"",""coordinates"":[]}"
20200112,2020-01-12,0.0,"{""type"":""MultiPoint"",""coordinates"":[]}"
20200113,2020-01-13,0.0,"{""type"":""MultiPoint"",""coordinates"":[]}"
20200114,2020-01-14,0.0,"{""type"":""MultiPoint"",""coordinates"":[]}"
20200115,2020-01-15,0.0,"{""type"":""MultiPoint"",""coordinates"":[]}"
20200116,2020-01-16,0.0,"{""type"":""MultiPoint"",""coordinates"":[]}"
20200117,2020-01-17,0.0,"{""type"":""MultiPoint"",""coordinates"":[]}"
20200118,2020-01-18,0.0,"{""type"":""MultiPoint"",""coordinates"":[]}"
20200119,2020-01-19,0.0,"{""type"":""MultiPoint"",""coordinates"":[]}"
20200120,2020-01-20,12.073744773864746,"{""type"":""MultiPoint"",""coordinates"":[]}"
20200121,2020-01-21,8.174206733703613,"{""type"":""MultiPoint"",""coordinates"":[]}"
20200122,2020-01-22,0.0,"{""type"":""MultiPoint"",""coordinates"":[]}"
20200123,2020-01-23,0.0,"{""type"":""MultiPoint"",""coordinates"":[]}"
20200124,2020-01-24,8.174206733703613,"{""type"":""MultiPoint"",""coordinates"":[]}"
20200125,2020-01-25,24.52262306213379,"{""type"":""MultiPoint"",""coordinates"":[]}"
20200126,2020-01-26,0.0,"{""type"":""MultiPoint"",""coordinates"":[]}"
20200127,2020-01-27,0.0,"{""type"":""MultiPoint"",""coordinates"":[]}"
20200128,2020-01-28,0.0,"{""type"":""MultiPoint"",""coordinates"":[]}"
20200129,2020-01-29,0.0,"{""type"":""MultiPoint"",""coordinates"":[]}"
20200130,2020-01-30,0.0,"{""type"":""MultiPoint"",""coordinates"":[]}"
20200131,2020-01-31,0.0,"{""type"":""MultiPoint"",""coordinates"":[]}"
20200201,2020-02-01,0.0,"{""type"":""MultiPoint"",""coordinates"":[]}"
20200202,2020-02-02,20.19829559326172,"{""type"":""MultiPoint"",""coordinates"":[]}"
20200203,2020-02-03,0.0,"{""type"":""MultiPoint"",""coordinates"":[]}"
20200204,2020-02-04,0.0,"{""type"":""MultiPoint"",""coordinates"":[]}"
20200205,2020-02-05,0.0,"{""type"":""MultiPoint"",""coordinates"":[]}"
20200206,2020-02-06,0.0,"{""type"":""MultiPoint"",""coordinates"":[]}"
20200207,2020-02-07,0.0,"{""type"":""MultiPoint"",""coordinates"":[]}"
20200208,2020-02-08,0.0,"{""type"":""MultiPoint"",""coordinates"":[]}"
20200209,2020-02-09,0.0,"{""type"":""MultiPoint"",""coordinates"":[]}"
20200210,2020-02-10,0.0,"{""type"":""MultiPoint"",""coordinates"":[]}"
20200211,2020-02-11,0.0,"{""type"":""MultiPoint"",""coordinates"":[]}"
20200212,2020-02-12,0.0,"{""type"":""MultiPoint"",""coordinates"":[]}"
20200213,2020-02-13,0.0,"{""type"":""MultiPoint"",""coordinates"":[]}"
20200214,2020-02-14,0.0,"{""type"":""MultiPoint"",""coordinates"":[]}"
20200215,2020-02-15,28.757625579833984,"{""type"":""MultiPoint"",""coordinates"":[]}"
20200216,2020-02-16,0.0,"{""type"":""MultiPoint"",""coordinates"":[]}"
20200217,2020-02-17,0.0,"{""type"":""MultiPoint"",""coordinates"":[]}"
20200218,2020-02-18,0.0,"{""type"":""MultiPoint"",""coordinates"":[]}"
20200219,2020-02-19,0.0,"{""type"":""MultiPoint"",""coordinates"":[]}"
20200220,2020-02-20,0.0,"{""type"":""MultiPoint"",""coordinates"":[]}"
20200221,2020-02-21,0.0,"{""type"":""MultiPoint"",""coordinates"":[]}"
20200222,2020-02-22,0.0,"{""type"":""MultiPoint"",""coordinates"":[]}"
20200223,2020-02-23,0.0,"{""type"":""MultiPoint"",""coordinates"":[]}"
20200224,2020-02-24,0.0,"{""type"":""MultiPoint"",""coordinates"":[]}"
20200225,2020-02-25,0.0,"{""type"":""MultiPoint"",""coordinates"":[]}"
20200226,2020-02-26,35.05393981933594,"{""type"":""MultiPoint"",""coordinates"":[]}"
20200227,2020-02-27,0.0,"{""type"":""MultiPoint"",""coordinates"":[]}"
20200228,2020-02-28,0.0,"{""type"":""MultiPoint"",""coordinates"":[]}"
20200229,2020-02-29,0.0,"{""type"":""MultiPoint"",""coordinates"":[]}"
20200301,2020-03-01,4.387853622436523,"{""type"":""MultiPoint"",""coordinates"":[]}"
20200302,2020-03-02,0.0,"{""type"":""MultiPoint"",""coordinates"":[]}"
20200303,2020-03-03,8.775707244873047,"{""type"":""MultiPoint"",""coordinates"":[]}"
20200304,2020-03-04,13.163559913635254,"{""type"":""MultiPoint"",""coordinates"":[]}"
20200305,2020-03-05,0.0,"{""type"":""MultiPoint"",""coordinates"":[]}"
20200306,2020-03-06,0.0,"{""type"":""MultiPoint"",""coordinates"":[]}"
20200307,2020-03-07,0.0,"{""type"":""MultiPoint"",""coordinates"":[]}"
20200308,2020-03-08,0.0,"{""type"":""MultiPoint"",""coordinates"":[]}"
20200309,2020-03-09,22.34103775024414,"{""type"":""MultiPoint"",""coordinates"":[]}"
20200310,2020-03-10,0.0,"{""type"":""MultiPoint"",""coordinates"":[]}"
20200311,2020-03-11,12.846692085266113,"{""type"":""MultiPoint"",""coordinates"":[]}"
20200312,2020-03-12,0.0,"{""type"":""MultiPoint"",""coordinates"":[]}"
20200313,2020-03-13,12.846692085266113,"{""type"":""MultiPoint"",""coordinates"":[]}"
20200314,2020-03-14,0.0,"{""type"":""MultiPoint"",""coordinates"":[]}"
20200315,2020-03-15,0.0,"{""type"":""MultiPoint"",""coordinates"":[]}"
20200316,2020-03-16,0.0,"{""type"":""MultiPoint"",""coordinates"":[]}"
20200317,2020-03-17,0.0,"{""type"":""MultiPoint"",""coordinates"":[]}"
20200318,2020-03-18,0.0,"{""type"":""MultiPoint"",""coordinates"":[]}"
20200319,2020-03-19,0.0,"{""type"":""MultiPoint"",""coordinates"":[]}"
20200320,2020-03-20,8.29288101196289,"{""type"":""MultiPoint"",""coordinates"":[]}"
20200321,2020-03-21,0.0,"{""type"":""MultiPoint"",""coordinates"":[]}"
20200322,2020-03-22,0.0,"{""type"":""MultiPoint"",""coordinates"":[]}"
20200323,2020-03-23,0.0,"{""type"":""MultiPoint"",""coordinates"":[]}"
20200324,2020-03-24,0.0,"{""type"":""MultiPoint"",""coordinates"":[]}"
20200325,2020-03-25,0.0,"{""type"":""MultiPoint"",""coordinates"":[]}"
20200326,2020-03-26,0.0,"{""type"":""MultiPoint"",""coordinates"":[]}"
20200327,2020-03-27,0.0,"{""type"":""MultiPoint"",""coordinates"":[]}"
20200328,2020-03-28,0.0,"{""type"":""MultiPoint"",""coordinates"":[]}"
20200329,2020-03-29,0.0,"{""type"":""MultiPoint"",""coordinates"":[]}"
20200330,2020-03-30,0.0,"{""type"":""MultiPoint"",""coordinates"":[]}"
20200331,2020-03-31,0.0,"{""type"":""MultiPoint"",""coordinates"":[]}"
20200401,2020-04-01,0.0,"{""type"":""MultiPoint"",""coordinates"":[]}"
20200402,2020-04-02,0.0,"{""type"":""MultiPoint"",""coordinates"":[]}"
20200403,2020-04-03,0.0,"{""type"":""MultiPoint"",""coordinates"":[]}"
20200404,2020-04-04,0.0,"{""type"":""MultiPoint"",""coordinates"":[]}"
20200405,2020-04-05,0.0,"{""type"":""MultiPoint"",""coordinates"":[]}"
20200406,2020-04-06,0.0,"{""type"":""MultiPoint"",""coordinates"":[]}"
20200407,2020-04-07,9.859442710876465,"{""type"":""MultiPoint"",""coordinates"":[]}"
20200408,2020-04-08,0.0,"{""type"":""MultiPoint"",""coordinates"":[]}"
20200409,2020-04-09,0.0,"{""type"":""MultiPoint"",""coordinates"":[]}"
20200410,2020-04-10,0.0,"{""type"":""MultiPoint"",""coordinates"":[]}"
20200411,2020-04-11,9.261041641235352,"{""type"":""MultiPoint"",""coordinates"":[]}"
20200412,2020-04-12,9.261041641235352,"{""type"":""MultiPoint"",""coordinates"":[]}"
20200413,2020-04-13,9.261041641235352,"{""type"":""MultiPoint"",""coordinates"":[]}"
20200414,2020-04-14,0.0,"{""type"":""MultiPoint"",""coordinates"":[]}"
20200415,2020-04-15,0.0,"{""type"":""MultiPoint"",""coordinates"":[]}"
20200416,2020-04-16,0.0,"{""type"":""MultiPoint"",""coordinates"":[]}"
20200417,2020-04-17,7.208441734313965,"{""type"":""MultiPoint"",""coordinates"":[]}"
20200418,2020-04-18,0.0,"{""type"":""MultiPoint"",""coordinates"":[]}"
20200419,2020-04-19,0.0,"{""type"":""MultiPoint"",""coordinates"":[]}"
20200420,2020-04-20,3.6042208671569824,"{""type"":""MultiPoint"",""coordinates"":[]}"
20200421,2020-04-21,11.431089401245117,"{""type"":""MultiPoint"",""coordinates"":[]}"
20200422,2020-04-22,0.0,"{""type"":""MultiPoint"",""coordinates"":[]}"
20200423,2020-04-23,15.241454124450684,"{""type"":""MultiPoint"",""coordinates"":[]}"
20200424,2020-04-24,3.810363531112671,"{""type"":""MultiPoint"",""coordinates"":[]}"
20200425,2020-04-25,0.0,"{""type"":""MultiPoint"",""coordinates"":[]}"
20200426,2020-04-26,0.0,"{""type"":""MultiPoint"",""coordinates"":[]}"
20200427,2020-04-27,0.0,"{""type"":""MultiPoint"",""coordinates"":[]}"
20200428,2020-04-28,5.694724082946777,"{""type"":""MultiPoint"",""coordinates"":[]}"
20200429,2020-04-29,5.694724082946777,"{""type"":""MultiPoint"",""coordinates"":[]}"
20200430,2020-04-30,5.694724082946777,"{""type"":""MultiPoint"",""coordinates"":[]}"
20200501,2020-05-01,2.8009591102600098,"{""type"":""MultiPoint"",""coordinates"":[]}"
20200502,2020-05-02,0.0,"{""type"":""MultiPoint"",""coordinates"":[]}"
20200503,2020-05-03,0.0,"{""type"":""MultiPoint"",""coordinates"":[]}"
20200504,2020-05-04,0.0,"{""type"":""MultiPoint"",""coordinates"":[]}"
20200505,2020-05-05,2.8009591102600098,"{""type"":""MultiPoint"",""coordinates"":[]}"
20200506,2020-05-06,7.88122034072876,"{""type"":""MultiPoint"",""coordinates"":[]}"
20200507,2020-05-07,0.0,"{""type"":""MultiPoint"",""coordinates"":[]}"
20200508,2020-05-08,3.94061017036438,"{""type"":""MultiPoint"",""coordinates"":[]}"
20200509,2020-05-09,0.0,"{""type"":""MultiPoint"",""coordinates"":[]}"
20200510,2020-05-10,0.0,"{""type"":""MultiPoint"",""coordinates"":[]}"
20200511,2020-05-11,8.375970840454102,"{""type"":""MultiPoint"",""coordinates"":[]}"
20200512,2020-05-12,2.791990280151367,"{""type"":""MultiPoint"",""coordinates"":[]}"
20200513,2020-05-13,5.583980560302734,"{""type"":""MultiPoint"",""coordinates"":[]}"
20200514,2020-05-14,0.0,"{""type"":""MultiPoint"",""coordinates"":[]}"
20200515,2020-05-15,2.791990280151367,"{""type"":""MultiPoint"",""coordinates"":[]}"
20200516,2020-05-16,0.0,"{""type"":""MultiPoint"",""coordinates"":[]}"
20200517,2020-05-17,0.0,"{""type"":""MultiPoint"",""coordinates"":[]}"
20200518,2020-05-18,5.624003887176514,"{""type"":""MultiPoint"",""coordinates"":[]}"
20200519,2020-05-19,0.0,"{""type"":""MultiPoint"",""coordinates"":[]}"
20200520,2020-05-20,0.0,"{""type"":""MultiPoint"",""coordinates"":[]}"
20200521,2020-05-21,1.0307886600494385,"{""type"":""MultiPoint"",""coordinates"":[]}"
20200522,2020-05-22,2.2410662174224854,"{""type"":""MultiPoint"",""coordinates"":[]}"
20200523,2020-05-23,1.5621676445007324,"{""type"":""MultiPoint"",""coordinates"":[]}"
20200524,2020-05-24,0.03382929787039757,"{""type"":""MultiPoint"",""coordinates"":[]}"
20200525,2020-05-25,0.046716053038835526,"{""type"":""MultiPoint"",""coordinates"":[]}"
20200526,2020-05-26,0.0,"{""type"":""MultiPoint"",""coordinates"":[]}"
20200527,2020-05-27,9.469818115234375,"{""type"":""MultiPoint"",""coordinates"":[]}"
20200528,2020-05-28,4.7349090576171875,"{""type"":""MultiPoint"",""coordinates"":[]}"
20200529,2020-05-29,0.0,"{""type"":""MultiPoint"",""coordinates"":[]}"
20200530,2020-05-30,23.674545288085938,"{""type"":""MultiPoint"",""coordinates"":[]}"
20200531,2020-05-31,9.469818115234375,"{""type"":""MultiPoint"",""coordinates"":[]}"
20200601,2020-06-01,3.367095947265625,"{""type"":""MultiPoint"",""coordinates"":[]}"
20200602,2020-06-02,2.0018181800842285,"{""type"":""MultiPoint"",""coordinates"":[]}"
20200603,2020-06-03,12.651100158691406,"{""type"":""MultiPoint"",""coordinates"":[]}"
20200604,2020-06-04,2.1817092895507812,"{""type"":""MultiPoint"",""coordinates"":[]}"
20200605,2020-06-05,1.899693489074707,"{""type"":""MultiPoint"",""coordinates"":[]}"
20200606,2020-06-06,16.317352294921875,"{""type"":""MultiPoint"",""coordinates"":[]}"
20200607,2020-06-07,0.0,"{""type"":""MultiPoint"",""coordinates"":[]}"
20200608,2020-06-08,0.0,"{""type"":""MultiPoint"",""coordinates"":[]}"
20200609,2020-06-09,0.0,"{""type"":""MultiPoint"",""coordinates"":[]}"
20200610,2020-06-10,4.079338073730469,"{""type"":""MultiPoint"",""coordinates"":[]}"
20200611,2020-06-11,3.465546131134033,"{""type"":""MultiPoint"",""coordinates"":[]}"
20200612,2020-06-12,5.300418853759766,"{""type"":""MultiPoint"",""coordinates"":[]}"
20200613,2020-06-13,2.5097668170928955,"{""type"":""MultiPoint"",""coordinates"":[]}"
20200614,2020-06-14,3.907055616378784,"{""type"":""MultiPoint"",""coordinates"":[]}"
20200615,2020-06-15,0.37088248133659363,"{""type"":""MultiPoint"",""coordinates"":[]}"
20200616,2020-06-16,0.0,"{""type"":""MultiPoint"",""coordinates"":[]}"
20200617,2020-06-17,0.0,"{""type"":""MultiPoint"",""coordinates"":[]}"
20200618,2020-06-18,0.0,"{""type"":""MultiPoint"",""coordinates"":[]}"
20200619,2020-06-19,0.0,"{""type"":""MultiPoint"",""coordinates"":[]}"
20200620,2020-06-20,0.0,"{""type"":""MultiPoint"",""coordinates"":[]}"
20200621,2020-06-21,3.4431445598602295,"{""type"":""MultiPoint"",""coordinates"":[]}"
20200622,2020-06-22,1.7215722799301147,"{""type"":""MultiPoint"",""coordinates"":[]}"
20200623,2020-06-23,1.7215722799301147,"{""type"":""MultiPoint"",""coordinates"":[]}"
20200624,2020-06-24,3.4431445598602295,"{""type"":""MultiPoint"",""coordinates"":[]}"
20200625,2020-06-25,0.0,"{""type"":""MultiPoint"",""coordinates"":[]}"
20200626,2020-06-26,0.0,"{""type"":""MultiPoint"",""coordinates"":[]}"
20200627,2020-06-27,0.0,"{""type"":""MultiPoint"",""coordinates"":[]}"
20200628,2020-06-28,10.089781761169434,"{""type"":""MultiPoint"",""coordinates"":[]}"
20200629,2020-06-29,0.0,"{""type"":""MultiPoint"",""coordinates"":[]}"
20200630,2020-06-30,0.0,"{""type"":""MultiPoint"",""coordinates"":[]}"
20200701,2020-07-01,0.0,"{""type"":""MultiPoint"",""coordinates"":[]}"
20200702,2020-07-02,6.995458126068115,"{""type"":""MultiPoint"",""coordinates"":[]}"
20200703,2020-07-03,0.0,"{""type"":""MultiPoint"",""coordinates"":[]}"
20200704,2020-07-04,0.0,"{""type"":""MultiPoint"",""coordinates"":[]}"
20200705,2020-07-05,13.99091625213623,"{""type"":""MultiPoint"",""coordinates"":[]}"
20200706,2020-07-06,3.071849822998047,"{""type"":""MultiPoint"",""coordinates"":[]}"
20200707,2020-07-07,0.0,"{""type"":""MultiPoint"",""coordinates"":[]}"
20200708,2020-07-08,0.0,"{""type"":""MultiPoint"",""coordinates"":[]}"
20200709,2020-07-09,3.071849822998047,"{""type"":""MultiPoint"",""coordinates"":[]}"
20200710,2020-07-10,3.071849822998047,"{""type"":""MultiPoint"",""coordinates"":[]}"
20200711,2020-07-11,6.4812331199646,"{""type"":""MultiPoint"",""coordinates"":[]}"
20200712,2020-07-12,0.0,"{""type"":""MultiPoint"",""coordinates"":[]}"
20200713,2020-07-13,0.0,"{""type"":""MultiPoint"",""coordinates"":[]}"
20200714,2020-07-14,3.2406165599823,"{""type"":""MultiPoint"",""coordinates"":[]}"
20200715,2020-07-15,0.0,"{""type"":""MultiPoint"",""coordinates"":[]}"
20200716,2020-07-16,7.754904800094664E-4,"{""type"":""MultiPoint"",""coordinates"":[]}"
20200717,2020-07-17,0.5388056039810181,"{""type"":""MultiPoint"",""coordinates"":[]}"
20200718,2020-07-18,0.3518297076225281,"{""type"":""MultiPoint"",""coordinates"":[]}"
20200719,2020-07-19,0.017012154683470726,"{""type"":""MultiPoint"",""coordinates"":[]}"
20200720,2020-07-20,1.780182123184204,"{""type"":""MultiPoint"",""coordinates"":[]}"
20200721,2020-07-21,0.0,"{""type"":""MultiPoint"",""coordinates"":[]}"
20200722,2020-07-22,0.0,"{""type"":""MultiPoint"",""coordinates"":[]}"
20200723,2020-07-23,0.0,"{""type"":""MultiPoint"",""coordinates"":[]}"
20200724,2020-07-24,11.957611083984375,"{""type"":""MultiPoint"",""coordinates"":[]}"
20200725,2020-07-25,0.0,"{""type"":""MultiPoint"",""coordinates"":[]}"
20200726,2020-07-26,0.0,"{""type"":""MultiPoint"",""coordinates"":[]}"
20200727,2020-07-27,1.172399640083313,"{""type"":""MultiPoint"",""coordinates"":[]}"
20200728,2020-07-28,0.0,"{""type"":""MultiPoint"",""coordinates"":[]}"
20200729,2020-07-29,1.172399640083313,"{""type"":""MultiPoint"",""coordinates"":[]}"
20200730,2020-07-30,0.0,"{""type"":""MultiPoint"",""coordinates"":[]}"
20200731,2020-07-31,0.0,"{""type"":""MultiPoint"",""coordinates"":[]}"
20200801,2020-08-01,0.0,"{""type"":""MultiPoint"",""coordinates"":[]}"
20200802,2020-08-02,0.0,"{""type"":""MultiPoint"",""coordinates"":[]}"
20200803,2020-08-03,0.0,"{""type"":""MultiPoint"",""coordinates"":[]}"
20200804,2020-08-04,0.0,"{""type"":""MultiPoint"",""coordinates"":[]}"
20200805,2020-08-05,0.0,"{""type"":""MultiPoint"",""coordinates"":[]}"
20200806,2020-08-06,0.0,"{""type"":""MultiPoint"",""coordinates"":[]}"
20200807,2020-08-07,0.0,"{""type"":""MultiPoint"",""coordinates"":[]}"
20200808,2020-08-08,0.0,"{""type"":""MultiPoint"",""coordinates"":[]}"
20200809,2020-08-09,0.0,"{""type"":""MultiPoint"",""coordinates"":[]}"
20200810,2020-08-10,0.0,"{""type"":""MultiPoint"",""coordinates"":[]}"
20200811,2020-08-11,0.0,"{""type"":""MultiPoint"",""coordinates"":[]}"
20200812,2020-08-12,5.5286760330200195,"{""type"":""MultiPoint"",""coordinates"":[]}"
20200813,2020-08-13,2.7643380165100098,"{""type"":""MultiPoint"",""coordinates"":[]}"
20200814,2020-08-14,5.5286760330200195,"{""type"":""MultiPoint"",""coordinates"":[]}"
20200815,2020-08-15,2.7643380165100098,"{""type"":""MultiPoint"",""coordinates"":[]}"
20200816,2020-08-16,0.0,"{""type"":""MultiPoint"",""coordinates"":[]}"
20200817,2020-08-17,4.900224208831787,"{""type"":""MultiPoint"",""coordinates"":[]}"
20200818,2020-08-18,0.0,"{""type"":""MultiPoint"",""coordinates"":[]}"
20200819,2020-08-19,9.800448417663574,"{""type"":""MultiPoint"",""coordinates"":[]}"
20200820,2020-08-20,4.900224208831787,"{""type"":""MultiPoint"",""coordinates"":[]}"
20200821,2020-08-21,0.0,"{""type"":""MultiPoint"",""coordinates"":[]}"
20200822,2020-08-22,3.420943021774292,"{""type"":""MultiPoint"",""coordinates"":[]}"
20200823,2020-08-23,0.0,"{""type"":""MultiPoint"",""coordinates"":[]}"
20200824,2020-08-24,3.420943021774292,"{""type"":""MultiPoint"",""coordinates"":[]}"
20200825,2020-08-25,17.10471534729004,"{""type"":""MultiPoint"",""coordinates"":[]}"
20200826,2020-08-26,4.347978591918945,"{""type"":""MultiPoint"",""coordinates"":[]}"
20200827,2020-08-27,0.0,"{""type"":""MultiPoint"",""coordinates"":[]}"
20200828,2020-08-28,0.0,"{""type"":""MultiPoint"",""coordinates"":[]}"
20200829,2020-08-29,4.347978591918945,"{""type"":""MultiPoint"",""coordinates"":[]}"
20200830,2020-08-30,4.347978591918945,"{""type"":""MultiPoint"",""coordinates"":[]}"
20200831,2020-08-31,0.0,"{""type"":""MultiPoint"",""coordinates"":[]}"
20200901,2020-09-01,0.0,"{""type"":""MultiPoint"",""coordinates"":[]}"
20200902,2020-09-02,24.737646102905273,"{""type"":""MultiPoint"",""coordinates"":[]}"
20200903,2020-09-03,0.0,"{""type"":""MultiPoint"",""coordinates"":[]}"
20200904,2020-09-04,0.0,"{""type"":""MultiPoint"",""coordinates"":[]}"
20200905,2020-09-05,0.0,"{""type"":""MultiPoint"",""coordinates"":[]}"
20200906,2020-09-06,10.13076400756836,"{""type"":""MultiPoint"",""coordinates"":[]}"
20200907,2020-09-07,0.0,"{""type"":""MultiPoint"",""coordinates"":[]}"
20200908,2020-09-08,5.06538200378418,"{""type"":""MultiPoint"",""coordinates"":[]}"
20200909,2020-09-09,0.0,"{""type"":""MultiPoint"",""coordinates"":[]}"
20200910,2020-09-10,0.0,"{""type"":""MultiPoint"",""coordinates"":[]}"
20200911,2020-09-11,0.0,"{""type"":""MultiPoint"",""coordinates"":[]}"
20200912,2020-09-12,0.0,"{""type"":""MultiPoint"",""coordinates"":[]}"
20200913,2020-09-13,0.0,"{""type"":""MultiPoint"",""coordinates"":[]}"
20200914,2020-09-14,0.0,"{""type"":""MultiPoint"",""coordinates"":[]}"
20200915,2020-09-15,0.0,"{""type"":""MultiPoint"",""coordinates"":[]}"
20200916,2020-09-16,1.053011178970337,"{""type"":""MultiPoint"",""coordinates"":[]}"
20200917,2020-09-17,1.6854937076568604,"{""type"":""MultiPoint"",""coordinates"":[]}"
20200918,2020-09-18,0.9095564484596252,"{""type"":""MultiPoint"",""coordinates"":[]}"
20200919,2020-09-19,5.35056209564209,"{""type"":""MultiPoint"",""coordinates"":[]}"
20200920,2020-09-20,10.349858283996582,"{""type"":""MultiPoint"",""coordinates"":[]}"
20200921,2020-09-21,0.0,"{""type"":""MultiPoint"",""coordinates"":[]}"
20200922,2020-09-22,0.0,"{""type"":""MultiPoint"",""coordinates"":[]}"
20200923,2020-09-23,0.0,"{""type"":""MultiPoint"",""coordinates"":[]}"
20200924,2020-09-24,0.0,"{""type"":""MultiPoint"",""coordinates"":[]}"
20200925,2020-09-25,3.500873565673828,"{""type"":""MultiPoint"",""coordinates"":[]}"
20200926,2020-09-26,0.0,"{""type"":""MultiPoint"",""coordinates"":[]}"
20200927,2020-09-27,6.2335333824157715,"{""type"":""MultiPoint"",""coordinates"":[]}"
20200928,2020-09-28,6.2335333824157715,"{""type"":""MultiPoint"",""coordinates"":[]}"
20200929,2020-09-29,0.0,"{""type"":""MultiPoint"",""coordinates"":[]}"
20200930,2020-09-30,0.0,"{""type"":""MultiPoint"",""coordinates"":[]}"
20201001,2020-10-01,0.0,"{""type"":""MultiPoint"",""coordinates"":[]}"
20201002,2020-10-02,3.86244797706604,"{""type"":""MultiPoint"",""coordinates"":[]}"
20201003,2020-10-03,3.86244797706604,"{""type"":""MultiPoint"",""coordinates"":[]}"
20201004,2020-10-04,0.0,"{""type"":""MultiPoint"",""coordinates"":[]}"
20201005,2020-10-05,0.0,"{""type"":""MultiPoint"",""coordinates"":[]}"
20201006,2020-10-06,0.0,"{""type"":""MultiPoint"",""coordinates"":[]}"
20201007,2020-10-07,0.0,"{""type"":""MultiPoint"",""coordinates"":[]}"
20201008,2020-10-08,0.0,"{""type"":""MultiPoint"",""coordinates"":[]}"
20201009,2020-10-09,0.0,"{""type"":""MultiPoint"",""coordinates"":[]}"
20201010,2020-10-10,0.0,"{""type"":""MultiPoint"",""coordinates"":[]}"
20201011,2020-10-11,0.0,"{""type"":""MultiPoint"",""coordinates"":[]}"
20201012,2020-10-12,2.7164194583892822,"{""type"":""MultiPoint"",""coordinates"":[]}"
20201013,2020-10-13,8.149258613586426,"{""type"":""MultiPoint"",""coordinates"":[]}"
20201014,2020-10-14,0.0,"{""type"":""MultiPoint"",""coordinates"":[]}"
20201015,2020-10-15,0.0,"{""type"":""MultiPoint"",""coordinates"":[]}"
20201016,2020-10-16,5.838452339172363,"{""type"":""MultiPoint"",""coordinates"":[]}"
20201017,2020-10-17,0.0,"{""type"":""MultiPoint"",""coordinates"":[]}"
20201018,2020-10-18,0.0,"{""type"":""MultiPoint"",""coordinates"":[]}"
20201019,2020-10-19,17.515357971191406,"{""type"":""MultiPoint"",""coordinates"":[]}"
20201020,2020-10-20,0.0,"{""type"":""MultiPoint"",""coordinates"":[]}"
20201021,2020-10-21,7.943521499633789,"{""type"":""MultiPoint"",""coordinates"":[]}"
20201022,2020-10-22,3.9717607498168945,"{""type"":""MultiPoint"",""coordinates"":[]}"
20201023,2020-10-23,0.0,"{""type"":""MultiPoint"",""coordinates"":[]}"
20201024,2020-10-24,7.943521499633789,"{""type"":""MultiPoint"",""coordinates"":[]}"
20201025,2020-10-25,7.943521499633789,"{""type"":""MultiPoint"",""coordinates"":[]}"
20201026,2020-10-26,2.2208094596862793,"{""type"":""MultiPoint"",""coordinates"":[]}"
20201027,2020-10-27,3.2985944747924805,"{""type"":""MultiPoint"",""coordinates"":[]}"
20201028,2020-10-28,16.183984756469727,"{""type"":""MultiPoint"",""coordinates"":[]}"
20201029,2020-10-29,5.543739318847656,"{""type"":""MultiPoint"",""coordinates"":[]}"
20201030,2020-10-30,4.871921539306641,"{""type"":""MultiPoint"",""coordinates"":[]}"
20201031,2020-10-31,8.489094734191895,"{""type"":""MultiPoint"",""coordinates"":[]}"
20201101,2020-11-01,16.54373550415039,"{""type"":""MultiPoint"",""coordinates"":[]}"
20201102,2020-11-02,0.0,"{""type"":""MultiPoint"",""coordinates"":[]}"
20201103,2020-11-03,0.0,"{""type"":""MultiPoint"",""coordinates"":[]}"
20201104,2020-11-04,8.271867752075195,"{""type"":""MultiPoint"",""coordinates"":[]}"
20201105,2020-11-05,8.271867752075195,"{""type"":""MultiPoint"",""coordinates"":[]}"
20201106,2020-11-06,9.445684432983398,"{""type"":""MultiPoint"",""coordinates"":[]}"
20201107,2020-11-07,0.0,"{""type"":""MultiPoint"",""coordinates"":[]}"
20201108,2020-11-08,0.0,"{""type"":""MultiPoint"",""coordinates"":[]}"
20201109,2020-11-09,9.445684432983398,"{""type"":""MultiPoint"",""coordinates"":[]}"
20201110,2020-11-10,9.445684432983398,"{""type"":""MultiPoint"",""coordinates"":[]}"
20201111,2020-11-11,0.0,"{""type"":""MultiPoint"",""coordinates"":[]}"
20201112,2020-11-12,0.0,"{""type"":""MultiPoint"",""coordinates"":[]}"
20201113,2020-11-13,13.095736503601074,"{""type"":""MultiPoint"",""coordinates"":[]}"
20201114,2020-11-14,26.19147300720215,"{""type"":""MultiPoint"",""coordinates"":[]}"
20201115,2020-11-15,13.095736503601074,"{""type"":""MultiPoint"",""coordinates"":[]}"
20201116,2020-11-16,5.981218338012695,"{""type"":""MultiPoint"",""coordinates"":[]}"
20201117,2020-11-17,11.96243667602539,"{""type"":""MultiPoint"",""coordinates"":[]}"
20201118,2020-11-18,5.981218338012695,"{""type"":""MultiPoint"",""coordinates"":[]}"
20201119,2020-11-19,5.981218338012695,"{""type"":""MultiPoint"",""coordinates"":[]}"
20201120,2020-11-20,5.981218338012695,"{""type"":""MultiPoint"",""coordinates"":[]}"
20201121,2020-11-21,10.03535270690918,"{""type"":""MultiPoint"",""coordinates"":[]}"
20201122,2020-11-22,0.0,"{""type"":""MultiPoint"",""coordinates"":[]}"
20201123,2020-11-23,0.0,"{""type"":""MultiPoint"",""coordinates"":[]}"
20201124,2020-11-24,0.0,"{""type"":""MultiPoint"",""coordinates"":[]}"
20201125,2020-11-25,10.03535270690918,"{""type"":""MultiPoint"",""coordinates"":[]}"
20201126,2020-11-26,0.0,"{""type"":""MultiPoint"",""coordinates"":[]}"
20201127,2020-11-27,9.731167793273926,"{""type"":""MultiPoint"",""coordinates"":[]}"
20201128,2020-11-28,19.46233558654785,"{""type"":""MultiPoint"",""coordinates"":[]}"
20201129,2020-11-29,9.731167793273926,"{""type"":""MultiPoint"",""coordinates"":[]}"
20201130,2020-11-30,9.731167793273926,"{""type"":""MultiPoint"",""coordinates"":[]}"
20201201,2020-12-01,0.0,"{""type"":""MultiPoint"",""coordinates"":[]}"
20201202,2020-12-02,0.0,"{""type"":""MultiPoint"",""coordinates"":[]}"
20201203,2020-12-03,45.29551315307617,"{""type"":""MultiPoint"",""coordinates"":[]}"
20201204,2020-12-04,0.0,"{""type"":""MultiPoint"",""coordinates"":[]}"
20201205,2020-12-05,0.0,"{""type"":""MultiPoint"",""coordinates"":[]}"
20201206,2020-12-06,0.0,"{""type"":""MultiPoint"",""coordinates"":[]}"
20201207,2020-12-07,0.0,"{""type"":""MultiPoint"",""coordinates"":[]}"
20201208,2020-12-08,19.896936416625977,"{""type"":""MultiPoint"",""coordinates"":[]}"
20201209,2020-12-09,0.0,"{""type"":""MultiPoint"",""coordinates"":[]}"
20201210,2020-12-10,0.0,"{""type"":""MultiPoint"",""coordinates"":[]}"
20201211,2020-12-11,0.0,"{""type"":""MultiPoint"",""coordinates"":[]}"
20201212,2020-12-12,0.0,"{""type"":""MultiPoint"",""coordinates"":[]}"
20201213,2020-12-13,0.0,"{""type"":""MultiPoint"",""coordinates"":[]}"
20201214,2020-12-14,0.0,"{""type"":""MultiPoint"",""coordinates"":[]}"
20201215,2020-12-15,0.0,"{""type"":""MultiPoint"",""coordinates"":[]}"
20201216,2020-12-16,0.0,"{""type"":""MultiPoint"",""coordinates"":[]}"
20201217,2020-12-17,0.0,"{""type"":""MultiPoint"",""coordinates"":[]}"
20201218,2020-12-18,13.657705307006836,"{""type"":""MultiPoint"",""coordinates"":[]}"
20201219,2020-12-19,27.315410614013672,"{""type"":""MultiPoint"",""coordinates"":[]}"
20201220,2020-12-20,13.657705307006836,"{""type"":""MultiPoint"",""coordinates"":[]}"
20201221,2020-12-21,0.0,"{""type"":""MultiPoint"",""coordinates"":[]}"
20201222,2020-12-22,0.0,"{""type"":""MultiPoint"",""coordinates"":[]}"
20201223,2020-12-23,0.0,"{""type"":""MultiPoint"",""coordinates"":[]}"
20201224,2020-12-24,19.441577911376953,"{""type"":""MultiPoint"",""coordinates"":[]}"
20201225,2020-12-25,19.441577911376953,"{""type"":""MultiPoint"",""coordinates"":[]}"
20201226,2020-12-26,0.0,"{""type"":""MultiPoint"",""coordinates"":[]}"
20201227,2020-12-27,0.0,"{""type"":""MultiPoint"",""coordinates"":[]}"
20201228,2020-12-28,0.0,"{""type"":""MultiPoint"",""coordinates"":[]}"
20201229,2020-12-29,0.0,"{""type"":""MultiPoint"",""coordinates"":[]}"
20201230,2020-12-30,0.0,"{""type"":""MultiPoint"",""coordinates"":[]}"
20201231,2020-12-31,0.0,"{""type"":""MultiPoint"",""coordinates"":[]}"
20210101,2021-01-01,0.0,"{""type"":""MultiPoint"",""coordinates"":[]}"
20210102,2021-01-02,0.0,"{""type"":""MultiPoint"",""coordinates"":[]}"
20210103,2021-01-03,41.35300827026367,"{""type"":""MultiPoint"",""coordinates"":[]}"
20210104,2021-01-04,0.0,"{""type"":""MultiPoint"",""coordinates"":[]}"
20210105,2021-01-05,0.0,"{""type"":""MultiPoint"",""coordinates"":[]}"
20210106,2021-01-06,0.0,"{""type"":""MultiPoint"",""coordinates"":[]}"
20210107,2021-01-07,0.0,"{""type"":""MultiPoint"",""coordinates"":[]}"
20210108,2021-01-08,16.293445587158203,"{""type"":""MultiPoint"",""coordinates"":[]}"
20210109,2021-01-09,0.0,"{""type"":""MultiPoint"",""coordinates"":[]}"
20210110,2021-01-10,0.0,"{""type"":""MultiPoint"",""coordinates"":[]}"
20210111,2021-01-11,0.0,"{""type"":""MultiPoint"",""coordinates"":[]}"
20210112,2021-01-12,0.0,"{""type"":""MultiPoint"",""coordinates"":[]}"
20210113,2021-01-13,0.0,"{""type"":""MultiPoint"",""coordinates"":[]}"
20210114,2021-01-14,0.0,"{""type"":""MultiPoint"",""coordinates"":[]}"
20210115,2021-01-15,0.0,"{""type"":""MultiPoint"",""coordinates"":[]}"
20210116,2021-01-16,0.0,"{""type"":""MultiPoint"",""coordinates"":[]}"
20210117,2021-01-17,0.0,"{""type"":""MultiPoint"",""coordinates"":[]}"
20210118,2021-01-18,0.0,"{""type"":""MultiPoint"",""coordinates"":[]}"
20210119,2021-01-19,0.0,"{""type"":""MultiPoint"",""coordinates"":[]}"
20210120,2021-01-20,0.0,"{""type"":""MultiPoint"",""coordinates"":[]}"
20210121,2021-01-21,0.0,"{""type"":""MultiPoint"",""coordinates"":[]}"
20210122,2021-01-22,0.0,"{""type"":""MultiPoint"",""coordinates"":[]}"
20210123,2021-01-23,12.121912002563477,"{""type"":""MultiPoint"",""coordinates"":[]}"
20210124,2021-01-24,0.0,"{""type"":""MultiPoint"",""coordinates"":[]}"
20210125,2021-01-25,0.0,"{""type"":""MultiPoint"",""coordinates"":[]}"
20210126,2021-01-26,0.0,"{""type"":""MultiPoint"",""coordinates"":[]}"
20210127,2021-01-27,0.0,"{""type"":""MultiPoint"",""coordinates"":[]}"
20210128,2021-01-28,0.0,"{""type"":""MultiPoint"",""coordinates"":[]}"
20210129,2021-01-29,21.546236038208008,"{""type"":""MultiPoint"",""coordinates"":[]}"
20210130,2021-01-30,0.0,"{""type"":""MultiPoint"",""coordinates"":[]}"
20210131,2021-01-31,0.0,"{""type"":""MultiPoint"",""coordinates"":[]}"
20210201,2021-02-01,0.0,"{""type"":""MultiPoint"",""coordinates"":[]}"
20210202,2021-02-02,0.0,"{""type"":""MultiPoint"",""coordinates"":[]}"
20210203,2021-02-03,0.0,"{""type"":""MultiPoint"",""coordinates"":[]}"
20210204,2021-02-04,0.0,"{""type"":""MultiPoint"",""coordinates"":[]}"
20210205,2021-02-05,17.305288314819336,"{""type"":""MultiPoint"",""coordinates"":[]}"
20210206,2021-02-06,7.748448371887207,"{""type"":""MultiPoint"",""coordinates"":[]}"
20210207,2021-02-07,0.0,"{""type"":""MultiPoint"",""coordinates"":[]}"
20210208,2021-02-08,30.993793487548828,"{""type"":""MultiPoint"",""coordinates"":[]}"
20210209,2021-02-09,15.496896743774414,"{""type"":""MultiPoint"",""coordinates"":[]}"
20210210,2021-02-10,0.0,"{""type"":""MultiPoint"",""coordinates"":[]}"
20210211,2021-02-11,0.0,"{""type"":""MultiPoint"",""coordinates"":[]}"
20210212,2021-02-12,0.0,"{""type"":""MultiPoint"",""coordinates"":[]}"
20210213,2021-02-13,0.0,"{""type"":""MultiPoint"",""coordinates"":[]}"
20210214,2021-02-14,0.0,"{""type"":""MultiPoint"",""coordinates"":[]}"
20210215,2021-02-15,0.0,"{""type"":""MultiPoint"",""coordinates"":[]}"
20210216,2021-02-16,0.0,"{""type"":""MultiPoint"",""coordinates"":[]}"
20210217,2021-02-17,0.0,"{""type"":""MultiPoint"",""coordinates"":[]}"
20210218,2021-02-18,0.0,"{""type"":""MultiPoint"",""coordinates"":[]}"
20210219,2021-02-19,28.67584228515625,"{""type"":""MultiPoint"",""coordinates"":[]}"
20210220,2021-02-20,0.0,"{""type"":""MultiPoint"",""coordinates"":[]}"
20210221,2021-02-21,0.0,"{""type"":""MultiPoint"",""coordinates"":[]}"
20210222,2021-02-22,0.0,"{""type"":""MultiPoint"",""coordinates"":[]}"
20210223,2021-02-23,0.0,"{""type"":""MultiPoint"",""coordinates"":[]}"
20210224,2021-02-24,0.0,"{""type"":""MultiPoint"",""coordinates"":[]}"
20210225,2021-02-25,0.0,"{""type"":""MultiPoint"",""coordinates"":[]}"
20210226,2021-02-26,0.0,"{""type"":""MultiPoint"",""coordinates"":[]}"
20210227,2021-02-27,16.421985626220703,"{""type"":""MultiPoint"",""coordinates"":[]}"
20210228,2021-02-28,0.0,"{""type"":""MultiPoint"",""coordinates"":[]}"
20210301,2021-03-01,0.0,"{""type"":""MultiPoint"",""coordinates"":[]}"
20210302,2021-03-02,8.628536224365234,"{""type"":""MultiPoint"",""coordinates"":[]}"
20210303,2021-03-03,8.628536224365234,"{""type"":""MultiPoint"",""coordinates"":[]}"
20210304,2021-03-04,8.628536224365234,"{""type"":""MultiPoint"",""coordinates"":[]}"
20210305,2021-03-05,0.0,"{""type"":""MultiPoint"",""coordinates"":[]}"
20210306,2021-03-06,0.0,"{""type"":""MultiPoint"",""coordinates"":[]}"
20210307,2021-03-07,11.697142601013184,"{""type"":""MultiPoint"",""coordinates"":[]}"
20210308,2021-03-08,17.545713424682617,"{""type"":""MultiPoint"",""coordinates"":[]}"
20210309,2021-03-09,5.848571300506592,"{""type"":""MultiPoint"",""coordinates"":[]}"
20210310,2021-03-10,0.0,"{""type"":""MultiPoint"",""coordinates"":[]}"
20210311,2021-03-11,5.75359582901001,"{""type"":""MultiPoint"",""coordinates"":[]}"
20210312,2021-03-12,0.0,"{""type"":""MultiPoint"",""coordinates"":[]}"
20210313,2021-03-13,5.75359582901001,"{""type"":""MultiPoint"",""coordinates"":[]}"
20210314,2021-03-14,0.0,"{""type"":""MultiPoint"",""coordinates"":[]}"
20210315,2021-03-15,5.75359582901001,"{""type"":""MultiPoint"",""coordinates"":[]}"
20210316,2021-03-16,5.119299411773682,"{""type"":""MultiPoint"",""coordinates"":[]}"
20210317,2021-03-17,5.119299411773682,"{""type"":""MultiPoint"",""coordinates"":[]}"
20210318,2021-03-18,10.238598823547363,"{""type"":""MultiPoint"",""coordinates"":[]}"
20210319,2021-03-19,0.0,"{""type"":""MultiPoint"",""coordinates"":[]}"
20210320,2021-03-20,5.119299411773682,"{""type"":""MultiPoint"",""coordinates"":[]}"
20210321,2021-03-21,0.0,"{""type"":""MultiPoint"",""coordinates"":[]}"
20210322,2021-03-22,6.826348781585693,"{""type"":""MultiPoint"",""coordinates"":[]}"
20210323,2021-03-23,0.0,"{""type"":""MultiPoint"",""coordinates"":[]}"
20210324,2021-03-24,10.239522933959961,"{""type"":""MultiPoint"",""coordinates"":[]}"
20210325,2021-03-25,0.0,"{""type"":""MultiPoint"",""coordinates"":[]}"
20210326,2021-03-26,7.6487274169921875,"{""type"":""MultiPoint"",""coordinates"":[]}"
20210327,2021-03-27,22.946182250976562,"{""type"":""MultiPoint"",""coordinates"":[]}"
20210328,2021-03-28,0.0,"{""type"":""MultiPoint"",""coordinates"":[]}"
20210329,2021-03-29,0.0,"{""type"":""MultiPoint"",""coordinates"":[]}"
20210330,2021-03-30,0.0,"{""type"":""MultiPoint"",""coordinates"":[]}"
20210331,2021-03-31,0.0,"{""type"":""MultiPoint"",""coordinates"":[]}"
20210401,2021-04-01,0.0,"{""type"":""MultiPoint"",""coordinates"":[]}"
20210402,2021-04-02,11.288435935974121,"{""type"":""MultiPoint"",""coordinates"":[]}"
20210403,2021-04-03,5.6442179679870605,"{""type"":""MultiPoint"",""coordinates"":[]}"
20210404,2021-04-04,5.6442179679870605,"{""type"":""MultiPoint"",""coordinates"":[]}"
20210405,2021-04-05,16.932653427124023,"{""type"":""MultiPoint"",""coordinates"":[]}"
20210406,2021-04-06,12.371424674987793,"{""type"":""MultiPoint"",""coordinates"":[]}"
20210407,2021-04-07,0.0,"{""type"":""MultiPoint"",""coordinates"":[]}"
20210408,2021-04-08,0.0,"{""type"":""MultiPoint"",""coordinates"":[]}"
20210409,2021-04-09,6.1857123374938965,"{""type"":""MultiPoint"",""coordinates"":[]}"
20210410,2021-04-10,0.0,"{""type"":""MultiPoint"",""coordinates"":[]}"
20210411,2021-04-11,18.031387329101562,"{""type"":""MultiPoint"",""coordinates"":[]}"
20210412,2021-04-12,24.041851043701172,"{""type"":""MultiPoint"",""coordinates"":[]}"
20210413,2021-04-13,0.0,"{""type"":""MultiPoint"",""coordinates"":[]}"
20210414,2021-04-14,0.0,"{""type"":""MultiPoint"",""coordinates"":[]}"
20210415,2021-04-15,0.0,"{""type"":""MultiPoint"",""coordinates"":[]}"
20210416,2021-04-16,7.388340473175049,"{""type"":""MultiPoint"",""coordinates"":[]}"
20210417,2021-04-17,22.165021896362305,"{""type"":""MultiPoint"",""coordinates"":[]}"
20210418,2021-04-18,0.0,"{""type"":""MultiPoint"",""coordinates"":[]}"
20210419,2021-04-19,0.0,"{""type"":""MultiPoint"",""coordinates"":[]}"
20210420,2021-04-20,0.0,"{""type"":""MultiPoint"",""coordinates"":[]}"
20210421,2021-04-21,10.407588005065918,"{""type"":""MultiPoint"",""coordinates"":[]}"
20210422,2021-04-22,0.0,"{""type"":""MultiPoint"",""coordinates"":[]}"
20210423,2021-04-23,10.407588005065918,"{""type"":""MultiPoint"",""coordinates"":[]}"
20210424,2021-04-24,5.203794002532959,"{""type"":""MultiPoint"",""coordinates"":[]}"
20210425,2021-04-25,15.611382484436035,"{""type"":""MultiPoint"",""coordinates"":[]}"
20210426,2021-04-26,14.796745300292969,"{""type"":""MultiPoint"",""coordinates"":[]}"
20210427,2021-04-27,14.796745300292969,"{""type"":""MultiPoint"",""coordinates"":[]}"
20210428,2021-04-28,4.932248115539551,"{""type"":""MultiPoint"",""coordinates"":[]}"
20210429,2021-04-29,4.932248115539551,"{""type"":""MultiPoint"",""coordinates"":[]}"
20210430,2021-04-30,19.728992462158203,"{""type"":""MultiPoint"",""coordinates"":[]}"
20210501,2021-05-01,0.0,"{""type"":""MultiPoint"",""coordinates"":[]}"
20210502,2021-05-02,4.487432479858398,"{""type"":""MultiPoint"",""coordinates"":[]}"
20210503,2021-05-03,4.487432479858398,"{""type"":""MultiPoint"",""coordinates"":[]}"
20210504,2021-05-04,8.974864959716797,"{""type"":""MultiPoint"",""coordinates"":[]}"
20210505,2021-05-05,17.949729919433594,"{""type"":""MultiPoint"",""coordinates"":[]}"
20210506,2021-05-06,11.251961708068848,"{""type"":""MultiPoint"",""coordinates"":[]}"
20210507,2021-05-07,0.0,"{""type"":""MultiPoint"",""coordinates"":[]}"
20210508,2021-05-08,11.251961708068848,"{""type"":""MultiPoint"",""coordinates"":[]}"
20210509,2021-05-09,11.251961708068848,"{""type"":""MultiPoint"",""coordinates"":[]}"
20210510,2021-05-10,5.625980854034424,"{""type"":""MultiPoint"",""coordinates"":[]}"
20210511,2021-05-11,0.0,"{""type"":""MultiPoint"",""coordinates"":[]}"
20210512,2021-05-12,0.0,"{""type"":""MultiPoint"",""coordinates"":[]}"
20210513,2021-05-13,0.0,"{""type"":""MultiPoint"",""coordinates"":[]}"
20210514,2021-05-14,0.0,"{""type"":""MultiPoint"",""coordinates"":[]}"
20210515,2021-05-15,13.938925743103027,"{""type"":""MultiPoint"",""coordinates"":[]}"
20210516,2021-05-16,9.415999412536621,"{""type"":""MultiPoint"",""coordinates"":[]}"
20210517,2021-05-17,4.7079997062683105,"{""type"":""MultiPoint"",""coordinates"":[]}"
20210518,2021-05-18,0.0,"{""type"":""MultiPoint"",""coordinates"":[]}"
20210519,2021-05-19,4.7079997062683105,"{""type"":""MultiPoint"",""coordinates"":[]}"
20210520,2021-05-20,0.0,"{""type"":""MultiPoint"",""coordinates"":[]}"
20210521,2021-05-21,0.0,"{""type"":""MultiPoint"",""coordinates"":[]}"
20210522,2021-05-22,9.039878845214844,"{""type"":""MultiPoint"",""coordinates"":[]}"
20210523,2021-05-23,0.0,"{""type"":""MultiPoint"",""coordinates"":[]}"
20210524,2021-05-24,0.0,"{""type"":""MultiPoint"",""coordinates"":[]}"
20210525,2021-05-25,0.0,"{""type"":""MultiPoint"",""coordinates"":[]}"
20210526,2021-05-26,8.711061477661133,"{""type"":""MultiPoint"",""coordinates"":[]}"
20210527,2021-05-27,0.0,"{""type"":""MultiPoint"",""coordinates"":[]}"
20210528,2021-05-28,0.0,"{""type"":""MultiPoint"",""coordinates"":[]}"
20210529,2021-05-29,19.91099739074707,"{""type"":""MultiPoint"",""coordinates"":[]}"
20210530,2021-05-30,0.0,"{""type"":""MultiPoint"",""coordinates"":[]}"
20210531,2021-05-31,0.0,"{""type"":""MultiPoint"",""coordinates"":[]}"
20210601,2021-06-01,3.7026383876800537,"{""type"":""MultiPoint"",""coordinates"":[]}"
20210602,2021-06-02,11.107914924621582,"{""type"":""MultiPoint"",""coordinates"":[]}"
20210603,2021-06-03,7.405276775360107,"{""type"":""MultiPoint"",""coordinates"":[]}"
20210604,2021-06-04,11.107914924621582,"{""type"":""MultiPoint"",""coordinates"":[]}"
20210605,2021-06-05,0.0,"{""type"":""MultiPoint"",""coordinates"":[]}"
20210606,2021-06-06,0.0,"{""type"":""MultiPoint"",""coordinates"":[]}"
20210607,2021-06-07,0.0,"{""type"":""MultiPoint"",""coordinates"":[]}"
20210608,2021-06-08,0.0,"{""type"":""MultiPoint"",""coordinates"":[]}"
20210609,2021-06-09,0.0,"{""type"":""MultiPoint"",""coordinates"":[]}"
20210610,2021-06-10,12.405778884887695,"{""type"":""MultiPoint"",""coordinates"":[]}"
20210611,2021-06-11,0.0,"{""type"":""MultiPoint"",""coordinates"":[]}"
20210612,2021-06-12,14.19776725769043,"{""type"":""MultiPoint"",""coordinates"":[]}"
20210613,2021-06-13,10.64832592010498,"{""type"":""MultiPoint"",""coordinates"":[]}"
20210614,2021-06-14,3.5494418144226074,"{""type"":""MultiPoint"",""coordinates"":[]}"
20210615,2021-06-15,3.5494418144226074,"{""type"":""MultiPoint"",""coordinates"":[]}"
20210616,2021-06-16,0.0,"{""type"":""MultiPoint"",""coordinates"":[]}"
20210617,2021-06-17,6.039511680603027,"{""type"":""MultiPoint"",""coordinates"":[]}"
20210618,2021-06-18,6.039511680603027,"{""type"":""MultiPoint"",""coordinates"":[]}"
20210619,2021-06-19,0.0,"{""type"":""MultiPoint"",""coordinates"":[]}"
20210620,2021-06-20,0.0,"{""type"":""MultiPoint"",""coordinates"":[]}"
20210621,2021-06-21,5.491483688354492,"{""type"":""MultiPoint"",""coordinates"":[]}"
20210622,2021-06-22,0.0,"{""type"":""MultiPoint"",""coordinates"":[]}"
20210623,2021-06-23,0.0,"{""type"":""MultiPoint"",""coordinates"":[]}"
20210624,2021-06-24,5.491483688354492,"{""type"":""MultiPoint"",""coordinates"":[]}"
20210625,2021-06-25,5.491483688354492,"{""type"":""MultiPoint"",""coordinates"":[]}"
20210626,2021-06-26,0.0,"{""type"":""MultiPoint"",""coordinates"":[]}"
20210627,2021-06-27,6.597001075744629,"{""type"":""MultiPoint"",""coordinates"":[]}"
20210628,2021-06-28,0.0,"{""type"":""MultiPoint"",""coordinates"":[]}"
20210629,2021-06-29,3.2985005378723145,"{""type"":""MultiPoint"",""coordinates"":[]}"
20210630,2021-06-30,3.2985005378723145,"{""type"":""MultiPoint"",""coordinates"":[]}"
20210701,2021-07-01,0.0,"{""type"":""MultiPoint"",""coordinates"":[]}"
20210702,2021-07-02,0.0,"{""type"":""MultiPoint"",""coordinates"":[]}"
20210703,2021-07-03,0.0,"{""type"":""MultiPoint"",""coordinates"":[]}"
20210704,2021-07-04,0.0,"{""type"":""MultiPoint"",""coordinates"":[]}"
20210705,2021-07-05,0.0,"{""type"":""MultiPoint"",""coordinates"":[]}"
20210706,2021-07-06,0.0,"{""type"":""MultiPoint"",""coordinates"":[]}"
20210707,2021-07-07,0.0,"{""type"":""MultiPoint"",""coordinates"":[]}"
20210708,2021-07-08,0.0,"{""type"":""MultiPoint"",""coordinates"":[]}"
20210709,2021-07-09,2.7436184883117676,"{""type"":""MultiPoint"",""coordinates"":[]}"
20210710,2021-07-10,2.7436184883117676,"{""type"":""MultiPoint"",""coordinates"":[]}"
20210711,2021-07-11,4.262810707092285,"{""type"":""MultiPoint"",""coordinates"":[]}"
20210712,2021-07-12,0.0,"{""type"":""MultiPoint"",""coordinates"":[]}"
20210713,2021-07-13,2.1314053535461426,"{""type"":""MultiPoint"",""coordinates"":[]}"
20210714,2021-07-14,0.0,"{""type"":""MultiPoint"",""coordinates"":[]}"
20210715,2021-07-15,4.262810707092285,"{""type"":""MultiPoint"",""coordinates"":[]}"
20210716,2021-07-16,0.0,"{""type"":""MultiPoint"",""coordinates"":[]}"
20210717,2021-07-17,5.289495944976807,"{""type"":""MultiPoint"",""coordinates"":[]}"
20210718,2021-07-18,0.0,"{""type"":""MultiPoint"",""coordinates"":[]}"
20210719,2021-07-19,0.0,"{""type"":""MultiPoint"",""coordinates"":[]}"
20210720,2021-07-20,0.0,"{""type"":""MultiPoint"",""coordinates"":[]}"
20210721,2021-07-21,0.0,"{""type"":""MultiPoint"",""coordinates"":[]}"
20210722,2021-07-22,0.0,"{""type"":""MultiPoint"",""coordinates"":[]}"
20210723,2021-07-23,0.0,"{""type"":""MultiPoint"",""coordinates"":[]}"
20210724,2021-07-24,4.828628063201904,"{""type"":""MultiPoint"",""coordinates"":[]}"
20210725,2021-07-25,7.242941856384277,"{""type"":""MultiPoint"",""coordinates"":[]}"
20210726,2021-07-26,5.800187110900879,"{""type"":""MultiPoint"",""coordinates"":[]}"
20210727,2021-07-27,0.0,"{""type"":""MultiPoint"",""coordinates"":[]}"
20210728,2021-07-28,0.0,"{""type"":""MultiPoint"",""coordinates"":[]}"
20210729,2021-07-29,0.0,"{""type"":""MultiPoint"",""coordinates"":[]}"
20210730,2021-07-30,0.0,"{""type"":""MultiPoint"",""coordinates"":[]}"
20210731,2021-07-31,0.0,"{""type"":""MultiPoint"",""coordinates"":[]}"
20210801,2021-08-01,0.0,"{""type"":""MultiPoint"",""coordinates"":[]}"
20210802,2021-08-02,0.0,"{""type"":""MultiPoint"",""coordinates"":[]}"
20210803,2021-08-03,3.307391881942749,"{""type"":""MultiPoint"",""coordinates"":[]}"
20210804,2021-08-04,0.0,"{""type"":""MultiPoint"",""coordinates"":[]}"
20210805,2021-08-05,0.0,"{""type"":""MultiPoint"",""coordinates"":[]}"
20210806,2021-08-06,0.0,"{""type"":""MultiPoint"",""coordinates"":[]}"
20210807,2021-08-07,0.0,"{""type"":""MultiPoint"",""coordinates"":[]}"
20210808,2021-08-08,0.0,"{""type"":""MultiPoint"",""coordinates"":[]}"
20210809,2021-08-09,0.0,"{""type"":""MultiPoint"",""coordinates"":[]}"
20210810,2021-08-10,0.0,"{""type"":""MultiPoint"",""coordinates"":[]}"
20210811,2021-08-11,0.0,"{""type"":""MultiPoint"",""coordinates"":[]}"
20210812,2021-08-12,0.0,"{""type"":""MultiPoint"",""coordinates"":[]}"
20210813,2021-08-13,0.0,"{""type"":""MultiPoint"",""coordinates"":[]}"
20210814,2021-08-14,3.375296115875244,"{""type"":""MultiPoint"",""coordinates"":[]}"
20210815,2021-08-15,6.750592231750488,"{""type"":""MultiPoint"",""coordinates"":[]}"
20210816,2021-08-16,0.0,"{""type"":""MultiPoint"",""coordinates"":[]}"
20210817,2021-08-17,3.415839195251465,"{""type"":""MultiPoint"",""coordinates"":[]}"
20210818,2021-08-18,0.0,"{""type"":""MultiPoint"",""coordinates"":[]}"
20210819,2021-08-19,0.0,"{""type"":""MultiPoint"",""coordinates"":[]}"
20210820,2021-08-20,6.83167839050293,"{""type"":""MultiPoint"",""coordinates"":[]}"
20210821,2021-08-21,0.0,"{""type"":""MultiPoint"",""coordinates"":[]}"
20210822,2021-08-22,0.0,"{""type"":""MultiPoint"",""coordinates"":[]}"
20210823,2021-08-23,0.0,"{""type"":""MultiPoint"",""coordinates"":[]}"
20210824,2021-08-24,19.676910400390625,"{""type"":""MultiPoint"",""coordinates"":[]}"
20210825,2021-08-25,4.919227600097656,"{""type"":""MultiPoint"",""coordinates"":[]}"
20210826,2021-08-26,0.0,"{""type"":""MultiPoint"",""coordinates"":[]}"
20210827,2021-08-27,0.0,"{""type"":""MultiPoint"",""coordinates"":[]}"
20210828,2021-08-28,23.848852157592773,"{""type"":""MultiPoint"",""coordinates"":[]}"
20210829,2021-08-29,0.0,"{""type"":""MultiPoint"",""coordinates"":[]}"
20210830,2021-08-30,0.0,"{""type"":""MultiPoint"",""coordinates"":[]}"
20210831,2021-08-31,0.0,"{""type"":""MultiPoint"",""coordinates"":[]}"
20210901,2021-09-01,0.0,"{""type"":""MultiPoint"",""coordinates"":[]}"
20210902,2021-09-02,0.0,"{""type"":""MultiPoint"",""coordinates"":[]}"
20210903,2021-09-03,0.0,"{""type"":""MultiPoint"",""coordinates"":[]}"
20210904,2021-09-04,5.234639644622803,"{""type"":""MultiPoint"",""coordinates"":[]}"
20210905,2021-09-05,10.469279289245605,"{""type"":""MultiPoint"",""coordinates"":[]}"
20210906,2021-09-06,10.338082313537598,"{""type"":""MultiPoint"",""coordinates"":[]}"
20210907,2021-09-07,0.0,"{""type"":""MultiPoint"",""coordinates"":[]}"
20210908,2021-09-08,0.0,"{""type"":""MultiPoint"",""coordinates"":[]}"
20210909,2021-09-09,0.0,"{""type"":""MultiPoint"",""coordinates"":[]}"
20210910,2021-09-10,0.0,"{""type"":""MultiPoint"",""coordinates"":[]}"
20210911,2021-09-11,7.0744853019714355,"{""type"":""MultiPoint"",""coordinates"":[]}"
20210912,2021-09-12,0.0,"{""type"":""MultiPoint"",""coordinates"":[]}"
20210913,2021-09-13,0.0,"{""type"":""MultiPoint"",""coordinates"":[]}"
20210914,2021-09-14,0.0,"{""type"":""MultiPoint"",""coordinates"":[]}"
20210915,2021-09-15,2.358161687850952,"{""type"":""MultiPoint"",""coordinates"":[]}"
20210916,2021-09-16,0.0,"{""type"":""MultiPoint"",""coordinates"":[]}"
20210917,2021-09-17,0.0,"{""type"":""MultiPoint"",""coordinates"":[]}"
20210918,2021-09-18,0.0,"{""type"":""MultiPoint"",""coordinates"":[]}"
20210919,2021-09-19,0.0,"{""type"":""MultiPoint"",""coordinates"":[]}"
20210920,2021-09-20,0.0,"{""type"":""MultiPoint"",""coordinates"":[]}"
20210921,2021-09-21,0.0,"{""type"":""MultiPoint"",""coordinates"":[]}"
20210922,2021-09-22,0.0,"{""type"":""MultiPoint"",""coordinates"":[]}"
20210923,2021-09-23,6.838282585144043,"{""type"":""MultiPoint"",""coordinates"":[]}"
20210924,2021-09-24,0.0,"{""type"":""MultiPoint"",""coordinates"":[]}"
20210925,2021-09-25,0.0,"{""type"":""MultiPoint"",""coordinates"":[]}"
20210926,2021-09-26,0.0,"{""type"":""MultiPoint"",""coordinates"":[]}"
20210927,2021-09-27,0.0,"{""type"":""MultiPoint"",""coordinates"":[]}"
20210928,2021-09-28,9.442405700683594,"{""type"":""MultiPoint"",""coordinates"":[]}"
20210929,2021-09-29,14.163607597351074,"{""type"":""MultiPoint"",""coordinates"":[]}"
20210930,2021-09-30,9.442405700683594,"{""type"":""MultiPoint"",""coordinates"":[]}"
20211001,2021-10-01,0.0,"{""type"":""MultiPoint"",""coordinates"":[]}"
20211002,2021-10-02,0.0,"{""type"":""MultiPoint"",""coordinates"":[]}"
20211003,2021-10-03,0.0,"{""type"":""MultiPoint"",""coordinates"":[]}"
20211004,2021-10-04,0.0,"{""type"":""MultiPoint"",""coordinates"":[]}"
20211005,2021-10-05,16.656116485595703,"{""type"":""MultiPoint"",""coordinates"":[]}"
20211006,2021-10-06,0.0,"{""type"":""MultiPoint"",""coordinates"":[]}"
20211007,2021-10-07,0.0,"{""type"":""MultiPoint"",""coordinates"":[]}"
20211008,2021-10-08,27.229244232177734,"{""type"":""MultiPoint"",""coordinates"":[]}"
20211009,2021-10-09,18.152830123901367,"{""type"":""MultiPoint"",""coordinates"":[]}"
20211010,2021-10-10,0.0,"{""type"":""MultiPoint"",""coordinates"":[]}"
20211011,2021-10-11,0.0,"{""type"":""MultiPoint"",""coordinates"":[]}"
20211012,2021-10-12,0.0,"{""type"":""MultiPoint"",""coordinates"":[]}"
20211013,2021-10-13,0.0,"{""type"":""MultiPoint"",""coordinates"":[]}"
20211014,2021-10-14,15.045639991760254,"{""type"":""MultiPoint"",""coordinates"":[]}"
20211015,2021-10-15,15.045639991760254,"{""type"":""MultiPoint"",""coordinates"":[]}"
20211016,2021-10-16,12.703924179077148,"{""type"":""MultiPoint"",""coordinates"":[]}"
20211017,2021-10-17,4.2346415519714355,"{""type"":""MultiPoint"",""coordinates"":[]}"
20211018,2021-10-18,0.0,"{""type"":""MultiPoint"",""coordinates"":[]}"
20211019,2021-10-19,0.0,"{""type"":""MultiPoint"",""coordinates"":[]}"
20211020,2021-10-20,8.469283103942871,"{""type"":""MultiPoint"",""coordinates"":[]}"
20211021,2021-10-21,0.0,"{""type"":""MultiPoint"",""coordinates"":[]}"
20211022,2021-10-22,37.6466178894043,"{""type"":""MultiPoint"",""coordinates"":[]}"
20211023,2021-10-23,25.09774398803711,"{""type"":""MultiPoint"",""coordinates"":[]}"
20211024,2021-10-24,0.0,"{""type"":""MultiPoint"",""coordinates"":[]}"
20211025,2021-10-25,0.0,"{""type"":""MultiPoint"",""coordinates"":[]}"
20211026,2021-10-26,9.555781364440918,"{""type"":""MultiPoint"",""coordinates"":[]}"
20211027,2021-10-27,19.111562728881836,"{""type"":""MultiPoint"",""coordinates"":[]}"
20211028,2021-10-28,0.0,"{""type"":""MultiPoint"",""coordinates"":[]}"
20211029,2021-10-29,19.111562728881836,"{""type"":""MultiPoint"",""coordinates"":[]}"
20211030,2021-10-30,19.111562728881836,"{""type"":""MultiPoint"",""coordinates"":[]}"
20211031,2021-10-31,9.555781364440918,"{""type"":""MultiPoint"",""coordinates"":[]}"
20211101,2021-11-01,15.606163024902344,"{""type"":""MultiPoint"",""coordinates"":[]}"
20211102,2021-11-02,0.0,"{""type"":""MultiPoint"",""coordinates"":[]}"
20211103,2021-11-03,0.0,"{""type"":""MultiPoint"",""coordinates"":[]}"
20211104,2021-11-04,15.606163024902344,"{""type"":""MultiPoint"",""coordinates"":[]}"
20211105,2021-11-05,0.0,"{""type"":""MultiPoint"",""coordinates"":[]}"
20211106,2021-11-06,0.0,"{""type"":""MultiPoint"",""coordinates"":[]}"
20211107,2021-11-07,0.0,"{""type"":""MultiPoint"",""coordinates"":[]}"
20211108,2021-11-08,22.129512786865234,"{""type"":""MultiPoint"",""coordinates"":[]}"
20211109,2021-11-09,11.064756393432617,"{""type"":""MultiPoint"",""coordinates"":[]}"
20211110,2021-11-10,11.064756393432617,"{""type"":""MultiPoint"",""coordinates"":[]}"
20211111,2021-11-11,0.0,"{""type"":""MultiPoint"",""coordinates"":[]}"
20211112,2021-11-12,0.0,"{""type"":""MultiPoint"",""coordinates"":[]}"
20211113,2021-11-13,0.0,"{""type"":""MultiPoint"",""coordinates"":[]}"
20211114,2021-11-14,0.0,"{""type"":""MultiPoint"",""coordinates"":[]}"
20211115,2021-11-15,19.145416259765625,"{""type"":""MultiPoint"",""coordinates"":[]}"
20211116,2021-11-16,0.0,"{""type"":""MultiPoint"",""coordinates"":[]}"
20211117,2021-11-17,0.0,"{""type"":""MultiPoint"",""coordinates"":[]}"
20211118,2021-11-18,0.0,"{""type"":""MultiPoint"",""coordinates"":[]}"
20211119,2021-11-19,0.0,"{""type"":""MultiPoint"",""coordinates"":[]}"
20211120,2021-11-20,0.0,"{""type"":""MultiPoint"",""coordinates"":[]}"
20211121,2021-11-21,15.72530460357666,"{""type"":""MultiPoint"",""coordinates"":[]}"
20211122,2021-11-22,15.72530460357666,"{""type"":""MultiPoint"",""coordinates"":[]}"
20211123,2021-11-23,0.0,"{""type"":""MultiPoint"",""coordinates"":[]}"
20211124,2021-11-24,0.0,"{""type"":""MultiPoint"",""coordinates"":[]}"
20211125,2021-11-25,15.72530460357666,"{""type"":""MultiPoint"",""coordinates"":[]}"
20211126,2021-11-26,6.600094318389893,"{""type"":""MultiPoint"",""coordinates"":[]}"
20211127,2021-11-27,0.0,"{""type"":""MultiPoint"",""coordinates"":[]}"
20211128,2021-11-28,0.0,"{""type"":""MultiPoint"",""coordinates"":[]}"
20211129,2021-11-29,6.600094318389893,"{""type"":""MultiPoint"",""coordinates"":[]}"
20211130,2021-11-30,19.800281524658203,"{""type"":""MultiPoint"",""coordinates"":[]}"
20211201,2021-12-01,0.0,"{""type"":""MultiPoint"",""coordinates"":[]}"
20211202,2021-12-02,0.0,"{""type"":""MultiPoint"",""coordinates"":[]}"
20211203,2021-12-03,0.0,"{""type"":""MultiPoint"",""coordinates"":[]}"
20211204,2021-12-04,0.0,"{""type"":""MultiPoint"",""coordinates"":[]}"
20211205,2021-12-05,0.0,"{""type"":""MultiPoint"",""coordinates"":[]}"
20211206,2021-12-06,0.0,"{""type"":""MultiPoint"",""coordinates"":[]}"
20211207,2021-12-07,10.627418518066406,"{""type"":""MultiPoint"",""coordinates"":[]}"
20211208,2021-12-08,0.0,"{""type"":""MultiPoint"",""coordinates"":[]}"
20211209,2021-12-09,0.0,"{""type"":""MultiPoint"",""coordinates"":[]}"
20211210,2021-12-10,10.627418518066406,"{""type"":""MultiPoint"",""coordinates"":[]}"
20211211,2021-12-11,15.2659912109375,"{""type"":""MultiPoint"",""coordinates"":[]}"
20211212,2021-12-12,0.0,"{""type"":""MultiPoint"",""coordinates"":[]}"
20211213,2021-12-13,0.0,"{""type"":""MultiPoint"",""coordinates"":[]}"
20211214,2021-12-14,0.0,"{""type"":""MultiPoint"",""coordinates"":[]}"
20211215,2021-12-15,0.0,"{""type"":""MultiPoint"",""coordinates"":[]}"
20211216,2021-12-16,0.0,"{""type"":""MultiPoint"",""coordinates"":[]}"
20211217,2021-12-17,0.0,"{""type"":""MultiPoint"",""coordinates"":[]}"
20211218,2021-12-18,9.206716537475586,"{""type"":""MultiPoint"",""coordinates"":[]}"
20211219,2021-12-19,0.0,"{""type"":""MultiPoint"",""coordinates"":[]}"
20211220,2021-12-20,0.0,"{""type"":""MultiPoint"",""coordinates"":[]}"
20211221,2021-12-21,0.0,"{""type"":""MultiPoint"",""coordinates"":[]}"
20211222,2021-12-22,0.0,"{""type"":""MultiPoint"",""coordinates"":[]}"
20211223,2021-12-23,0.0,"{""type"":""MultiPoint"",""coordinates"":[]}"
20211224,2021-12-24,0.0,"{""type"":""MultiPoint"",""coordinates"":[]}"
20211225,2021-12-25,0.0,"{""type"":""MultiPoint"",""coordinates"":[]}"
20211226,2021-12-26,24.06989097595215,"{""type"":""MultiPoint"",""coordinates"":[]}"
20211227,2021-12-27,24.06989097595215,"{""type"":""MultiPoint"",""coordinates"":[]}"
20211228,2021-12-28,0.0,"{""type"":""MultiPoint"",""coordinates"":[]}"
20211229,2021-12-29,24.06989097595215,"{""type"":""MultiPoint"",""coordinates"":[]}"
20211230,2021-12-30,0.0,"{""type"":""MultiPoint"",""coordinates"":[]}"
20211231,2021-12-31,0.0,"{""type"":""MultiPoint"",""coordinates"":[]}"
20220101,2022-01-01,35.00333786010742,"{""type"":""MultiPoint"",""coordinates"":[]}"
20220102,2022-01-02,0.0,"{""type"":""MultiPoint"",""coordinates"":[]}"
20220103,2022-01-03,0.0,"{""type"":""MultiPoint"",""coordinates"":[]}"
20220104,2022-01-04,0.0,"{""type"":""MultiPoint"",""coordinates"":[]}"
20220105,2022-01-05,0.0,"{""type"":""MultiPoint"",""coordinates"":[]}"
20220106,2022-01-06,0.0,"{""type"":""MultiPoint"",""coordinates"":[]}"
20220107,2022-01-07,0.0,"{""type"":""MultiPoint"",""coordinates"":[]}"
20220108,2022-01-08,0.0,"{""type"":""MultiPoint"",""coordinates"":[]}"
20220109,2022-01-09,0.0,"{""type"":""MultiPoint"",""coordinates"":[]}"
20220110,2022-01-10,0.0,"{""type"":""MultiPoint"",""coordinates"":[]}"
20220111,2022-01-11,0.0,"{""type"":""MultiPoint"",""coordinates"":[]}"
20220112,2022-01-12,0.0,"{""type"":""MultiPoint"",""coordinates"":[]}"
20220113,2022-01-13,0.0,"{""type"":""MultiPoint"",""coordinates"":[]}"
20220114,2022-01-14,0.0,"{""type"":""MultiPoint"",""coordinates"":[]}"
20220115,2022-01-15,0.0,"{""type"":""MultiPoint"",""coordinates"":[]}"
20220116,2022-01-16,0.0,"{""type"":""MultiPoint"",""coordinates"":[]}"
20220117,2022-01-17,0.0,"{""type"":""MultiPoint"",""coordinates"":[]}"
20220118,2022-01-18,0.0,"{""type"":""MultiPoint"",""coordinates"":[]}"
20220119,2022-01-19,0.0,"{""type"":""MultiPoint"",""coordinates"":[]}"
20220120,2022-01-20,0.0,"{""type"":""MultiPoint"",""coordinates"":[]}"
20220121,2022-01-21,0.0,"{""type"":""MultiPoint"",""coordinates"":[]}"
20220122,2022-01-22,14.658822059631348,"{""type"":""MultiPoint"",""coordinates"":[]}"
20220123,2022-01-23,14.658822059631348,"{""type"":""MultiPoint"",""coordinates"":[]}"
20220124,2022-01-24,0.0,"{""type"":""MultiPoint"",""coordinates"":[]}"
20220125,2022-01-25,14.658822059631348,"{""type"":""MultiPoint"",""coordinates"":[]}"
20220126,2022-01-26,11.152347564697266,"{""type"":""MultiPoint"",""coordinates"":[]}"
20220127,2022-01-27,0.0,"{""type"":""MultiPoint"",""coordinates"":[]}"
20220128,2022-01-28,0.0,"{""type"":""MultiPoint"",""coordinates"":[]}"
20220129,2022-01-29,0.0,"{""type"":""MultiPoint"",""coordinates"":[]}"
20220130,2022-01-30,0.0,"{""type"":""MultiPoint"",""coordinates"":[]}"
20220131,2022-01-31,0.0,"{""type"":""MultiPoint"",""coordinates"":[]}"
20220201,2022-02-01,0.0,"{""type"":""MultiPoint"",""coordinates"":[]}"
20220202,2022-02-02,0.0,"{""type"":""MultiPoint"",""coordinates"":[]}"
20220203,2022-02-03,0.0,"{""type"":""MultiPoint"",""coordinates"":[]}"
20220204,2022-02-04,29.344600677490234,"{""type"":""MultiPoint"",""coordinates"":[]}"
20220205,2022-02-05,0.0,"{""type"":""MultiPoint"",""coordinates"":[]}"
20220206,2022-02-06,0.0,"{""type"":""MultiPoint"",""coordinates"":[]}"
20220207,2022-02-07,0.0,"{""type"":""MultiPoint"",""coordinates"":[]}"
20220208,2022-02-08,35.676544189453125,"{""type"":""MultiPoint"",""coordinates"":[]}"
20220209,2022-02-09,0.0,"{""type"":""MultiPoint"",""coordinates"":[]}"
20220210,2022-02-10,0.0,"{""type"":""MultiPoint"",""coordinates"":[]}"
20220211,2022-02-11,0.0,"{""type"":""MultiPoint"",""coordinates"":[]}"
20220212,2022-02-12,0.0,"{""type"":""MultiPoint"",""coordinates"":[]}"
20220213,2022-02-13,16.792940139770508,"{""type"":""MultiPoint"",""coordinates"":[]}"
20220214,2022-02-14,16.792940139770508,"{""type"":""MultiPoint"",""coordinates"":[]}"
20220215,2022-02-15,0.0,"{""type"":""MultiPoint"",""coordinates"":[]}"
20220216,2022-02-16,0.0,"{""type"":""MultiPoint"",""coordinates"":[]}"
20220217,2022-02-17,37.661842346191406,"{""type"":""MultiPoint"",""coordinates"":[]}"
20220218,2022-02-18,0.0,"{""type"":""MultiPoint"",""coordinates"":[]}"
20220219,2022-02-19,0.0,"{""type"":""MultiPoint"",""coordinates"":[]}"
20220220,2022-02-20,0.0,"{""type"":""MultiPoint"",""coordinates"":[]}"
20220221,2022-02-21,0.0,"{""type"":""MultiPoint"",""coordinates"":[]}"
20220222,2022-02-22,0.0,"{""type"":""MultiPoint"",""coordinates"":[]}"
20220223,2022-02-23,0.0,"{""type"":""MultiPoint"",""coordinates"":[]}"
20220224,2022-02-24,26.33411407470703,"{""type"":""MultiPoint"",""coordinates"":[]}"
20220225,2022-02-25,26.33411407470703,"{""type"":""MultiPoint"",""coordinates"":[]}"
20220226,2022-02-26,0.0,"{""type"":""MultiPoint"",""coordinates"":[]}"
20220227,2022-02-27,0.0,"{""type"":""MultiPoint"",""coordinates"":[]}"
20220228,2022-02-28,26.40367317199707,"{""type"":""MultiPoint"",""coordinates"":[]}"
20220301,2022-03-01,0.0,"{""type"":""MultiPoint"",""coordinates"":[]}"
20220302,2022-03-02,29.362064361572266,"{""type"":""MultiPoint"",""coordinates"":[]}"
20220303,2022-03-03,0.0,"{""type"":""MultiPoint"",""coordinates"":[]}"
20220304,2022-03-04,58.72412872314453,"{""type"":""MultiPoint"",""coordinates"":[]}"
20220305,2022-03-05,14.681032180786133,"{""type"":""MultiPoint"",""coordinates"":[]}"
20220306,2022-03-06,0.0,"{""type"":""MultiPoint"",""coordinates"":[]}"
20220307,2022-03-07,0.0,"{""type"":""MultiPoint"",""coordinates"":[]}"
20220308,2022-03-08,0.0,"{""type"":""MultiPoint"",""coordinates"":[]}"
20220309,2022-03-09,0.0,"{""type"":""MultiPoint"",""coordinates"":[]}"
20220310,2022-03-10,0.0,"{""type"":""MultiPoint"",""coordinates"":[]}"
20220311,2022-03-11,0.0,"{""type"":""MultiPoint"",""coordinates"":[]}"
20220312,2022-03-12,0.0,"{""type"":""MultiPoint"",""coordinates"":[]}"
20220313,2022-03-13,0.0,"{""type"":""MultiPoint"",""coordinates"":[]}"
20220314,2022-03-14,0.0,"{""type"":""MultiPoint"",""coordinates"":[]}"
20220315,2022-03-15,0.0,"{""type"":""MultiPoint"",""coordinates"":[]}"
20220316,2022-03-16,0.0,"{""type"":""MultiPoint"",""coordinates"":[]}"
20220317,2022-03-17,0.0,"{""type"":""MultiPoint"",""coordinates"":[]}"
20220318,2022-03-18,19.486873626708984,"{""type"":""MultiPoint"",""coordinates"":[]}"
20220319,2022-03-19,19.486873626708984,"{""type"":""MultiPoint"",""coordinates"":[]}"
20220320,2022-03-20,0.0,"{""type"":""MultiPoint"",""coordinates"":[]}"
20220321,2022-03-21,6.015578269958496,"{""type"":""MultiPoint"",""coordinates"":[]}"
20220322,2022-03-22,6.015578269958496,"{""type"":""MultiPoint"",""coordinates"":[]}"
20220323,2022-03-23,0.0,"{""type"":""MultiPoint"",""coordinates"":[]}"
20220324,2022-03-24,12.031156539916992,"{""type"":""MultiPoint"",""coordinates"":[]}"
20220325,2022-03-25,18.046733856201172,"{""type"":""MultiPoint"",""coordinates"":[]}"
20220326,2022-03-26,0.0,"{""type"":""MultiPoint"",""coordinates"":[]}"
20220327,2022-03-27,43.465110778808594,"{""type"":""MultiPoint"",""coordinates"":[]}"
20220328,2022-03-28,14.488369941711426,"{""type"":""MultiPoint"",""coordinates"":[]}"
20220329,2022-03-29,0.0,"{""type"":""MultiPoint"",""coordinates"":[]}"
20220330,2022-03-30,14.488369941711426,"{""type"":""MultiPoint"",""coordinates"":[]}"
20220331,2022-03-31,14.488369941711426,"{""type"":""MultiPoint"",""coordinates"":[]}"
20220401,2022-04-01,0.0,"{""type"":""MultiPoint"",""coordinates"":[]}"
20220402,2022-04-02,11.500571250915527,"{""type"":""MultiPoint"",""coordinates"":[]}"
20220403,2022-04-03,11.500571250915527,"{""type"":""MultiPoint"",""coordinates"":[]}"
20220404,2022-04-04,23.001142501831055,"{""type"":""MultiPoint"",""coordinates"":[]}"
20220405,2022-04-05,11.500571250915527,"{""type"":""MultiPoint"",""coordinates"":[]}"
20220406,2022-04-06,10.803441047668457,"{""type"":""MultiPoint"",""coordinates"":[]}"
20220407,2022-04-07,27.008604049682617,"{""type"":""MultiPoint"",""coordinates"":[]}"
20220408,2022-04-08,5.4017205238342285,"{""type"":""MultiPoint"",""coordinates"":[]}"
20220409,2022-04-09,5.4017205238342285,"{""type"":""MultiPoint"",""coordinates"":[]}"
20220410,2022-04-10,0.0,"{""type"":""MultiPoint"",""coordinates"":[]}"
20220411,2022-04-11,0.0,"{""type"":""MultiPoint"",""coordinates"":[]}"
20220412,2022-04-12,0.0,"{""type"":""MultiPoint"",""coordinates"":[]}"
20220413,2022-04-13,3.4186594486236572,"{""type"":""MultiPoint"",""coordinates"":[]}"
20220414,2022-04-14,0.0,"{""type"":""MultiPoint"",""coordinates"":[]}"
20220415,2022-04-15,6.8373188972473145,"{""type"":""MultiPoint"",""coordinates"":[]}"
20220416,2022-04-16,14.935683250427246,"{""type"":""MultiPoint"",""coordinates"":[]}"
20220417,2022-04-17,29.871366500854492,"{""type"":""MultiPoint"",""coordinates"":[]}"
20220418,2022-04-18,14.935683250427246,"{""type"":""MultiPoint"",""coordinates"":[]}"
20220419,2022-04-19,22.40352439880371,"{""type"":""MultiPoint"",""coordinates"":[]}"
20220420,2022-04-20,0.0,"{""type"":""MultiPoint"",""coordinates"":[]}"
20220421,2022-04-21,11.93187427520752,"{""type"":""MultiPoint"",""coordinates"":[]}"
20220422,2022-04-22,11.93187427520752,"{""type"":""MultiPoint"",""coordinates"":[]}"
20220423,2022-04-23,5.96593713760376,"{""type"":""MultiPoint"",""coordinates"":[]}"
20220424,2022-04-24,0.0,"{""type"":""MultiPoint"",""coordinates"":[]}"
20220425,2022-04-25,11.93187427520752,"{""type"":""MultiPoint"",""coordinates"":[]}"
20220426,2022-04-26,0.0,"{""type"":""MultiPoint"",""coordinates"":[]}"
20220427,2022-04-27,11.330925941467285,"{""type"":""MultiPoint"",""coordinates"":[]}"
20220428,2022-04-28,22.66185188293457,"{""type"":""MultiPoint"",""coordinates"":[]}"
20220429,2022-04-29,0.0,"{""type"":""MultiPoint"",""coordinates"":[]}"
20220430,2022-04-30,0.0,"{""type"":""MultiPoint"",""coordinates"":[]}"
20220501,2022-05-01,0.0,"{""type"":""MultiPoint"",""coordinates"":[]}"
20220502,2022-05-02,1.3830782175064087,"{""type"":""MultiPoint"",""coordinates"":[]}"
20220503,2022-05-03,0.0,"{""type"":""MultiPoint"",""coordinates"":[]}"
20220504,2022-05-04,0.0,"{""type"":""MultiPoint"",""coordinates"":[]}"
20220505,2022-05-05,6.915391445159912,"{""type"":""MultiPoint"",""coordinates"":[]}"
20220506,2022-05-06,0.0,"{""type"":""MultiPoint"",""coordinates"":[]}"
20220507,2022-05-07,0.0,"{""type"":""MultiPoint"",""coordinates"":[]}"
20220508,2022-05-08,0.0,"{""type"":""MultiPoint"",""coordinates"":[]}"
20220509,2022-05-09,0.0,"{""type"":""MultiPoint"",""coordinates"":[]}"
20220510,2022-05-10,32.09408187866211,"{""type"":""MultiPoint"",""coordinates"":[]}"
20220511,2022-05-11,15.662276268005371,"{""type"":""MultiPoint"",""coordinates"":[]}"
20220512,2022-05-12,0.0,"{""type"":""MultiPoint"",""coordinates"":[]}"
20220513,2022-05-13,0.0,"{""type"":""MultiPoint"",""coordinates"":[]}"
20220514,2022-05-14,0.0,"{""type"":""MultiPoint"",""coordinates"":[]}"
20220515,2022-05-15,0.0,"{""type"":""MultiPoint"",""coordinates"":[]}"
20220516,2022-05-16,18.10957145690918,"{""type"":""MultiPoint"",""coordinates"":[]}"
20220517,2022-05-17,6.036523342132568,"{""type"":""MultiPoint"",""coordinates"":[]}"
20220518,2022-05-18,12.073046684265137,"{""type"":""MultiPoint"",""coordinates"":[]}"
20220519,2022-05-19,0.0,"{""type"":""MultiPoint"",""coordinates"":[]}"
20220520,2022-05-20,6.036523342132568,"{""type"":""MultiPoint"",""coordinates"":[]}"
20220521,2022-05-21,0.0,"{""type"":""MultiPoint"",""coordinates"":[]}"
20220522,2022-05-22,0.0,"{""type"":""MultiPoint"",""coordinates"":[]}"
20220523,2022-05-23,9.144560813903809,"{""type"":""MultiPoint"",""coordinates"":[]}"
20220524,2022-05-24,6.096374034881592,"{""type"":""MultiPoint"",""coordinates"":[]}"
20220525,2022-05-25,6.096374034881592,"{""type"":""MultiPoint"",""coordinates"":[]}"
20220526,2022-05-26,3.4118051528930664,"{""type"":""MultiPoint"",""coordinates"":[]}"
20220527,2022-05-27,3.4118051528930664,"{""type"":""MultiPoint"",""coordinates"":[]}"
20220528,2022-05-28,1.7059025764465332,"{""type"":""MultiPoint"",""coordinates"":[]}"
20220529,2022-05-29,6.823610305786133,"{""type"":""MultiPoint"",""coordinates"":[]}"
20220530,2022-05-30,3.4118051528930664,"{""type"":""MultiPoint"",""coordinates"":[]}"
20220531,2022-05-31,3.4118051528930664,"{""type"":""MultiPoint"",""coordinates"":[]}"
20220601,2022-06-01,4.915737152099609,"{""type"":""MultiPoint"",""coordinates"":[]}"
20220602,2022-06-02,19.662948608398438,"{""type"":""MultiPoint"",""coordinates"":[]}"
20220603,2022-06-03,0.0,"{""type"":""MultiPoint"",""coordinates"":[]}"
20220604,2022-06-04,9.831474304199219,"{""type"":""MultiPoint"",""coordinates"":[]}"
20220605,2022-06-05,0.0,"{""type"":""MultiPoint"",""coordinates"":[]}"
20220606,2022-06-06,5.422311782836914,"{""type"":""MultiPoint"",""coordinates"":[]}"
20220607,2022-06-07,16.266935348510742,"{""type"":""MultiPoint"",""coordinates"":[]}"
20220608,2022-06-08,0.0,"{""type"":""MultiPoint"",""coordinates"":[]}"
20220609,2022-06-09,5.422311782836914,"{""type"":""MultiPoint"",""coordinates"":[]}"
20220610,2022-06-10,0.0,"{""type"":""MultiPoint"",""coordinates"":[]}"
20220611,2022-06-11,17.75597381591797,"{""type"":""MultiPoint"",""coordinates"":[]}"
20220612,2022-06-12,0.0,"{""type"":""MultiPoint"",""coordinates"":[]}"
20220613,2022-06-13,0.0,"{""type"":""MultiPoint"",""coordinates"":[]}"
20220614,2022-06-14,0.0,"{""type"":""MultiPoint"",""coordinates"":[]}"
20220615,2022-06-15,0.0,"{""type"":""MultiPoint"",""coordinates"":[]}"
20220616,2022-06-16,1.0959012508392334,"{""type"":""MultiPoint"",""coordinates"":[]}"
20220617,2022-06-17,1.233035922050476,"{""type"":""MultiPoint"",""coordinates"":[]}"
20220618,2022-06-18,0.8935830593109131,"{""type"":""MultiPoint"",""coordinates"":[]}"
20220619,2022-06-19,5.579061985015869,"{""type"":""MultiPoint"",""coordinates"":[]}"
20220620,2022-06-20,18.221778869628906,"{""type"":""MultiPoint"",""coordinates"":[]}"
20220621,2022-06-21,5.635540008544922,"{""type"":""MultiPoint"",""coordinates"":[]}"
20220622,2022-06-22,5.635540008544922,"{""type"":""MultiPoint"",""coordinates"":[]}"
20220623,2022-06-23,5.635540008544922,"{""type"":""MultiPoint"",""coordinates"":[]}"
20220624,2022-06-24,0.0,"{""type"":""MultiPoint"",""coordinates"":[]}"
20220625,2022-06-25,0.0,"{""type"":""MultiPoint"",""coordinates"":[]}"
20220626,2022-06-26,0.0,"{""type"":""MultiPoint"",""coordinates"":[]}"
20220627,2022-06-27,0.0,"{""type"":""MultiPoint"",""coordinates"":[]}"
20220628,2022-06-28,0.0,"{""type"":""MultiPoint"",""coordinates"":[]}"
20220629,2022-06-29,16.226533889770508,"{""type"":""MultiPoint"",""coordinates"":[]}"
20220630,2022-06-30,0.0,"{""type"":""MultiPoint"",""coordinates"":[]}"
20220701,2022-07-01,2.990111827850342,"{""type"":""MultiPoint"",""coordinates"":[]}"
20220702,2022-07-02,2.990111827850342,"{""type"":""MultiPoint"",""coordinates"":[]}"
20220703,2022-07-03,0.0,"{""type"":""MultiPoint"",""coordinates"":[]}"
20220704,2022-07-04,0.0,"{""type"":""MultiPoint"",""coordinates"":[]}"
20220705,2022-07-05,0.0,"{""type"":""MultiPoint"",""coordinates"":[]}"
20220706,2022-07-06,0.0,"{""type"":""MultiPoint"",""coordinates"":[]}"
20220707,2022-07-07,0.0,"{""type"":""MultiPoint"",""coordinates"":[]}"
20220708,2022-07-08,2.2293243408203125,"{""type"":""MultiPoint"",""coordinates"":[]}"
20220709,2022-07-09,0.0,"{""type"":""MultiPoint"",""coordinates"":[]}"
20220710,2022-07-10,0.0,"{""type"":""MultiPoint"",""coordinates"":[]}"
20220711,2022-07-11,6.330086708068848,"{""type"":""MultiPoint"",""coordinates"":[]}"
20220712,2022-07-12,0.0,"{""type"":""MultiPoint"",""coordinates"":[]}"
20220713,2022-07-13,6.330086708068848,"{""type"":""MultiPoint"",""coordinates"":[]}"
20220714,2022-07-14,0.0,"{""type"":""MultiPoint"",""coordinates"":[]}"
20220715,2022-07-15,0.0,"{""type"":""MultiPoint"",""coordinates"":[]}"
20220716,2022-07-16,0.0,"{""type"":""MultiPoint"",""coordinates"":[]}"
20220717,2022-07-17,0.0,"{""type"":""MultiPoint"",""coordinates"":[]}"
20220718,2022-07-18,0.0,"{""type"":""MultiPoint"",""coordinates"":[]}"
20220719,2022-07-19,0.0,"{""type"":""MultiPoint"",""coordinates"":[]}"
20220720,2022-07-20,0.0,"{""type"":""MultiPoint"",""coordinates"":[]}"
20220721,2022-07-21,0.0,"{""type"":""MultiPoint"",""coordinates"":[]}"
20220722,2022-07-22,0.0,"{""type"":""MultiPoint"",""coordinates"":[]}"
20220723,2022-07-23,4.61506462097168,"{""type"":""MultiPoint"",""coordinates"":[]}"
20220724,2022-07-24,9.23012924194336,"{""type"":""MultiPoint"",""coordinates"":[]}"
20220725,2022-07-25,9.23012924194336,"{""type"":""MultiPoint"",""coordinates"":[]}"
20220726,2022-07-26,5.592625617980957,"{""type"":""MultiPoint"",""coordinates"":[]}"
20220727,2022-07-27,0.0,"{""type"":""MultiPoint"",""coordinates"":[]}"
20220728,2022-07-28,5.592625617980957,"{""type"":""MultiPoint"",""coordinates"":[]}"
20220729,2022-07-29,0.0,"{""type"":""MultiPoint"",""coordinates"":[]}"
20220730,2022-07-30,0.0,"{""type"":""MultiPoint"",""coordinates"":[]}"
20220731,2022-07-31,5.592625617980957,"{""type"":""MultiPoint"",""coordinates"":[]}"
20220801,2022-08-01,5.859466552734375,"{""type"":""MultiPoint"",""coordinates"":[]}"
20220802,2022-08-02,5.859466552734375,"{""type"":""MultiPoint"",""coordinates"":[]}"
20220803,2022-08-03,1.953155517578125,"{""type"":""MultiPoint"",""coordinates"":[]}"
20220804,2022-08-04,1.953155517578125,"{""type"":""MultiPoint"",""coordinates"":[]}"
20220805,2022-08-05,0.0,"{""type"":""MultiPoint"",""coordinates"":[]}"
20220806,2022-08-06,2.0250911712646484,"{""type"":""MultiPoint"",""coordinates"":[]}"
20220807,2022-08-07,0.0,"{""type"":""MultiPoint"",""coordinates"":[]}"
20220808,2022-08-08,0.6750304102897644,"{""type"":""MultiPoint"",""coordinates"":[]}"
20220809,2022-08-09,0.6750304102897644,"{""type"":""MultiPoint"",""coordinates"":[]}"
20220810,2022-08-10,0.6750304102897644,"{""type"":""MultiPoint"",""coordinates"":[]}"
20220811,2022-08-11,0.0,"{""type"":""MultiPoint"",""coordinates"":[]}"
20220812,2022-08-12,0.0,"{""type"":""MultiPoint"",""coordinates"":[]}"
20220813,2022-08-13,0.0,"{""type"":""MultiPoint"",""coordinates"":[]}"
20220814,2022-08-14,9.077610969543457,"{""type"":""MultiPoint"",""coordinates"":[]}"
20220815,2022-08-15,0.0,"{""type"":""MultiPoint"",""coordinates"":[]}"
20220816,2022-08-16,1.9458367824554443,"{""type"":""MultiPoint"",""coordinates"":[]}"
20220817,2022-08-17,0.0,"{""type"":""MultiPoint"",""coordinates"":[]}"
20220818,2022-08-18,0.0,"{""type"":""MultiPoint"",""coordinates"":[]}"
20220819,2022-08-19,0.0,"{""type"":""MultiPoint"",""coordinates"":[]}"
20220820,2022-08-20,9.729183197021484,"{""type"":""MultiPoint"",""coordinates"":[]}"
20220821,2022-08-21,1.9062715768814087,"{""type"":""MultiPoint"",""coordinates"":[]}"
20220822,2022-08-22,1.9062715768814087,"{""type"":""MultiPoint"",""coordinates"":[]}"
20220823,2022-08-23,0.0,"{""type"":""MultiPoint"",""coordinates"":[]}"
20220824,2022-08-24,0.0,"{""type"":""MultiPoint"",""coordinates"":[]}"
20220825,2022-08-25,0.0,"{""type"":""MultiPoint"",""coordinates"":[]}"
20220826,2022-08-26,0.0,"{""type"":""MultiPoint"",""coordinates"":[]}"
20220827,2022-08-27,4.351831436157227,"{""type"":""MultiPoint"",""coordinates"":[]}"
20220828,2022-08-28,8.703662872314453,"{""type"":""MultiPoint"",""coordinates"":[]}"
20220829,2022-08-29,0.0,"{""type"":""MultiPoint"",""coordinates"":[]}"
20220830,2022-08-30,0.0,"{""type"":""MultiPoint"",""coordinates"":[]}"
20220831,2022-08-31,0.0,"{""type"":""MultiPoint"",""coordinates"":[]}"
20220901,2022-09-01,4.246561050415039,"{""type"":""MultiPoint"",""coordinates"":[]}"
20220902,2022-09-02,4.246561050415039,"{""type"":""MultiPoint"",""coordinates"":[]}"
20220903,2022-09-03,4.246561050415039,"{""type"":""MultiPoint"",""coordinates"":[]}"
20220904,2022-09-04,8.493122100830078,"{""type"":""MultiPoint"",""coordinates"":[]}"
20220905,2022-09-05,0.0,"{""type"":""MultiPoint"",""coordinates"":[]}"
20220906,2022-09-06,0.0,"{""type"":""MultiPoint"",""coordinates"":[]}"
20220907,2022-09-07,0.0,"{""type"":""MultiPoint"",""coordinates"":[]}"
20220908,2022-09-08,0.0,"{""type"":""MultiPoint"",""coordinates"":[]}"
20220909,2022-09-09,5.455358028411865,"{""type"":""MultiPoint"",""coordinates"":[]}"
20220910,2022-09-10,0.0,"{""type"":""MultiPoint"",""coordinates"":[]}"
20220911,2022-09-11,9.810297966003418,"{""type"":""MultiPoint"",""coordinates"":[]}"
20220912,2022-09-12,0.0,"{""type"":""MultiPoint"",""coordinates"":[]}"
20220913,2022-09-13,0.0,"{""type"":""MultiPoint"",""coordinates"":[]}"
20220914,2022-09-14,14.715447425842285,"{""type"":""MultiPoint"",""coordinates"":[]}"
20220915,2022-09-15,9.810297966003418,"{""type"":""MultiPoint"",""coordinates"":[]}"
20220916,2022-09-16,4.57765531539917,"{""type"":""MultiPoint"",""coordinates"":[]}"
20220917,2022-09-17,4.57765531539917,"{""type"":""MultiPoint"",""coordinates"":[]}"
20220918,2022-09-18,0.0,"{""type"":""MultiPoint"",""coordinates"":[]}"
20220919,2022-09-19,0.0,"{""type"":""MultiPoint"",""coordinates"":[]}"
20220920,2022-09-20,9.15531063079834,"{""type"":""MultiPoint"",""coordinates"":[]}"
20220921,2022-09-21,7.704562664031982,"{""type"":""MultiPoint"",""coordinates"":[]}"
20220922,2022-09-22,7.704562664031982,"{""type"":""MultiPoint"",""coordinates"":[]}"
20220923,2022-09-23,7.704562664031982,"{""type"":""MultiPoint"",""coordinates"":[]}"
20220924,2022-09-24,0.0,"{""type"":""MultiPoint"",""coordinates"":[]}"
20220925,2022-09-25,7.704562664031982,"{""type"":""MultiPoint"",""coordinates"":[]}"
20220926,2022-09-26,0.0,"{""type"":""MultiPoint"",""coordinates"":[]}"
20220927,2022-09-27,0.005575306247919798,"{""type"":""MultiPoint"",""coordinates"":[]}"
20220928,2022-09-28,0.6390717625617981,"{""type"":""MultiPoint"",""coordinates"":[]}"
20220929,2022-09-29,2.9526877403259277,"{""type"":""MultiPoint"",""coordinates"":[]}"
20220930,2022-09-30,22.7646541595459,"{""type"":""MultiPoint"",""coordinates"":[]}"
20221001,2022-10-01,15.135278701782227,"{""type"":""MultiPoint"",""coordinates"":[]}"
20221002,2022-10-02,0.0,"{""type"":""MultiPoint"",""coordinates"":[]}"
20221003,2022-10-03,0.0,"{""type"":""MultiPoint"",""coordinates"":[]}"
20221004,2022-10-04,3.7838196754455566,"{""type"":""MultiPoint"",""coordinates"":[]}"
20221005,2022-10-05,7.567639350891113,"{""type"":""MultiPoint"",""coordinates"":[]}"
20221006,2022-10-06,0.0,"{""type"":""MultiPoint"",""coordinates"":[]}"
20221007,2022-10-07,9.415141105651855,"{""type"":""MultiPoint"",""coordinates"":[]}"
20221008,2022-10-08,18.83028221130371,"{""type"":""MultiPoint"",""coordinates"":[]}"
20221009,2022-10-09,0.0,"{""type"":""MultiPoint"",""coordinates"":[]}"
20221010,2022-10-10,9.415141105651855,"{""type"":""MultiPoint"",""coordinates"":[]}"
20221011,2022-10-11,4.782463073730469,"{""type"":""MultiPoint"",""coordinates"":[]}"
20221012,2022-10-12,4.782463073730469,"{""type"":""MultiPoint"",""coordinates"":[]}"
20221013,2022-10-13,19.129852294921875,"{""type"":""MultiPoint"",""coordinates"":[]}"
20221014,2022-10-14,9.564926147460938,"{""type"":""MultiPoint"",""coordinates"":[]}"
20221015,2022-10-15,0.0,"{""type"":""MultiPoint"",""coordinates"":[]}"
20221016,2022-10-16,7.945512294769287,"{""type"":""MultiPoint"",""coordinates"":[]}"
20221017,2022-10-17,23.836536407470703,"{""type"":""MultiPoint"",""coordinates"":[]}"
20221018,2022-10-18,23.836536407470703,"{""type"":""MultiPoint"",""coordinates"":[]}"
20221019,2022-10-19,15.891024589538574,"{""type"":""MultiPoint"",""coordinates"":[]}"
20221020,2022-10-20,23.836536407470703,"{""type"":""MultiPoint"",""coordinates"":[]}"
20221021,2022-10-21,0.0,"{""type"":""MultiPoint"",""coordinates"":[]}"
20221022,2022-10-22,0.0,"{""type"":""MultiPoint"",""coordinates"":[]}"
20221023,2022-10-23,19.762794494628906,"{""type"":""MultiPoint"",""coordinates"":[]}"
20221024,2022-10-24,39.52558898925781,"{""type"":""MultiPoint"",""coordinates"":[]}"
20221025,2022-10-25,39.52558898925781,"{""type"":""MultiPoint"",""coordinates"":[]}"
20221026,2022-10-26,105.06352996826172,"{""type"":""MultiPoint"",""coordinates"":[]}"
20221027,2022-10-27,26.26588249206543,"{""type"":""MultiPoint"",""coordinates"":[]}"
20221028,2022-10-28,0.0,"{""type"":""MultiPoint"",""coordinates"":[]}"
20221029,2022-10-29,0.0,"{""type"":""MultiPoint"",""coordinates"":[]}"
20221030,2022-10-30,0.0,"{""type"":""MultiPoint"",""coordinates"":[]}"
20221031,2022-10-31,0.0,"{""type"":""MultiPoint"",""coordinates"":[]}"
20221101,2022-11-01,0.0,"{""type"":""MultiPoint"",""coordinates"":[]}"
20221102,2022-11-02,11.222692489624023,"{""type"":""MultiPoint"",""coordinates"":[]}"
20221103,2022-11-03,3.7408974170684814,"{""type"":""MultiPoint"",""coordinates"":[]}"
20221104,2022-11-04,0.0,"{""type"":""MultiPoint"",""coordinates"":[]}"
20221105,2022-11-05,11.222692489624023,"{""type"":""MultiPoint"",""coordinates"":[]}"
20221106,2022-11-06,15.264869689941406,"{""type"":""MultiPoint"",""coordinates"":[]}"
20221107,2022-11-07,15.264869689941406,"{""type"":""MultiPoint"",""coordinates"":[]}"
20221108,2022-11-08,15.264869689941406,"{""type"":""MultiPoint"",""coordinates"":[]}"
20221109,2022-11-09,22.89730453491211,"{""type"":""MultiPoint"",""coordinates"":[]}"
20221110,2022-11-10,15.264869689941406,"{""type"":""MultiPoint"",""coordinates"":[]}"
20221111,2022-11-11,0.0,"{""type"":""MultiPoint"",""coordinates"":[]}"
20221112,2022-11-12,8.066351890563965,"{""type"":""MultiPoint"",""coordinates"":[]}"
20221113,2022-11-13,16.13270378112793,"{""type"":""MultiPoint"",""coordinates"":[]}"
20221114,2022-11-14,0.0,"{""type"":""MultiPoint"",""coordinates"":[]}"
20221115,2022-11-15,8.066351890563965,"{""type"":""MultiPoint"",""coordinates"":[]}"
20221116,2022-11-16,0.0,"{""type"":""MultiPoint"",""coordinates"":[]}"
20221117,2022-11-17,13.933708190917969,"{""type"":""MultiPoint"",""coordinates"":[]}"
20221118,2022-11-18,27.867416381835938,"{""type"":""MultiPoint"",""coordinates"":[]}"
20221119,2022-11-19,0.0,"{""type"":""MultiPoint"",""coordinates"":[]}"
20221120,2022-11-20,6.966854095458984,"{""type"":""MultiPoint"",""coordinates"":[]}"
20221121,2022-11-21,0.0,"{""type"":""MultiPoint"",""coordinates"":[]}"
20221122,2022-11-22,0.0,"{""type"":""MultiPoint"",""coordinates"":[]}"
20221123,2022-11-23,0.0,"{""type"":""MultiPoint"",""coordinates"":[]}"
20221124,2022-11-24,0.0,"{""type"":""MultiPoint"",""coordinates"":[]}"
20221125,2022-11-25,0.0,"{""type"":""MultiPoint"",""coordinates"":[]}"
20221126,2022-11-26,0.0,"{""type"":""MultiPoint"",""coordinates"":[]}"
20221127,2022-11-27,26.02586555480957,"{""type"":""MultiPoint"",""coordinates"":[]}"
20221128,2022-11-28,0.0,"{""type"":""MultiPoint"",""coordinates"":[]}"
20221129,2022-11-29,0.0,"{""type"":""MultiPoint"",""coordinates"":[]}"
20221130,2022-11-30,26.02586555480957,"{""type"":""MultiPoint"",""coordinates"":[]}"
20221201,2022-12-01,0.0,"{""type"":""MultiPoint"",""coordinates"":[]}"
20221202,2022-12-02,0.0,"{""type"":""MultiPoint"",""coordinates"":[]}"
20221203,2022-12-03,0.0,"{""type"":""MultiPoint"",""coordinates"":[]}"
20221204,2022-12-04,0.0,"{""type"":""MultiPoint"",""coordinates"":[]}"
20221205,2022-12-05,0.0,"{""type"":""MultiPoint"",""coordinates"":[]}"
20221206,2022-12-06,0.0,"{""type"":""MultiPoint"",""coordinates"":[]}"
20221207,2022-12-07,0.0,"{""type"":""MultiPoint"",""coordinates"":[]}"
20221208,2022-12-08,0.0,"{""type"":""MultiPoint"",""coordinates"":[]}"
20221209,2022-12-09,0.0,"{""type"":""MultiPoint"",""coordinates"":[]}"
20221210,2022-12-10,0.0,"{""type"":""MultiPoint"",""coordinates"":[]}"
20221211,2022-12-11,0.0,"{""type"":""MultiPoint"",""coordinates"":[]}"
20221212,2022-12-12,6.530122756958008,"{""type"":""MultiPoint"",""coordinates"":[]}"
20221213,2022-12-13,0.0,"{""type"":""MultiPoint"",""coordinates"":[]}"
20221214,2022-12-14,6.530122756958008,"{""type"":""MultiPoint"",""coordinates"":[]}"
20221215,2022-12-15,0.0,"{""type"":""MultiPoint"",""coordinates"":[]}"
20221216,2022-12-16,0.0,"{""type"":""MultiPoint"",""coordinates"":[]}"
20221217,2022-12-17,0.0,"{""type"":""MultiPoint"",""coordinates"":[]}"
20221218,2022-12-18,25.249271392822266,"{""type"":""MultiPoint"",""coordinates"":[]}"
20221219,2022-12-19,0.0,"{""type"":""MultiPoint"",""coordinates"":[]}"
20221220,2022-12-20,0.0,"{""type"":""MultiPoint"",""coordinates"":[]}"
20221221,2022-12-21,0.0,"{""type"":""MultiPoint"",""coordinates"":[]}"
20221222,2022-12-22,14.401359558105469,"{""type"":""MultiPoint"",""coordinates"":[]}"
20221223,2022-12-23,7.200679779052734,"{""type"":""MultiPoint"",""coordinates"":[]}"
20221224,2022-12-24,14.401359558105469,"{""type"":""MultiPoint"",""coordinates"":[]}"
20221225,2022-12-25,0.0,"{""type"":""MultiPoint"",""coordinates"":[]}"
20221226,2022-12-26,0.0,"{""type"":""MultiPoint"",""coordinates"":[]}"
20221227,2022-12-27,0.0,"{""type"":""MultiPoint"",""coordinates"":[]}"
20221228,2022-12-28,0.0,"{""type"":""MultiPoint"",""coordinates"":[]}"
20221229,2022-12-29,7.21771764755249,"{""type"":""MultiPoint"",""coordinates"":[]}"
20221230,2022-12-30,0.0,"{""type"":""MultiPoint"",""coordinates"":[]}"
20221231,2022-12-31,7.21771764755249,"{""type"":""MultiPoint"",""coordinates"":[]}"
20230101,2023-01-01,0.0,"{""type"":""MultiPoint"",""coordinates"":[]}"
20230102,2023-01-02,0.0,"{""type"":""MultiPoint"",""coordinates"":[]}"
20230103,2023-01-03,21.83255386352539,"{""type"":""MultiPoint"",""coordinates"":[]}"
20230104,2023-01-04,0.0,"{""type"":""MultiPoint"",""coordinates"":[]}"
20230105,2023-01-05,0.0,"{""type"":""MultiPoint"",""coordinates"":[]}"
20230106,2023-01-06,51.1568717956543,"{""type"":""MultiPoint"",""coordinates"":[]}"
20230107,2023-01-07,51.1568717956543,"{""type"":""MultiPoint"",""coordinates"":[]}"
20230108,2023-01-08,0.0,"{""type"":""MultiPoint"",""coordinates"":[]}"
20230109,2023-01-09,0.0,"{""type"":""MultiPoint"",""coordinates"":[]}"
20230110,2023-01-10,0.0,"{""type"":""MultiPoint"",""coordinates"":[]}"
20230111,2023-01-11,0.0,"{""type"":""MultiPoint"",""coordinates"":[]}"
20230112,2023-01-12,20.100542068481445,"{""type"":""MultiPoint"",""coordinates"":[]}"
20230113,2023-01-13,0.0,"{""type"":""MultiPoint"",""coordinates"":[]}"
20230114,2023-01-14,40.20108413696289,"{""type"":""MultiPoint"",""coordinates"":[]}"
20230115,2023-01-15,0.0,"{""type"":""MultiPoint"",""coordinates"":[]}"
20230116,2023-01-16,9.470682144165039,"{""type"":""MultiPoint"",""coordinates"":[]}"
20230117,2023-01-17,0.0,"{""type"":""MultiPoint"",""coordinates"":[]}"
20230118,2023-01-18,9.470682144165039,"{""type"":""MultiPoint"",""coordinates"":[]}"
20230119,2023-01-19,0.0,"{""type"":""MultiPoint"",""coordinates"":[]}"
20230120,2023-01-20,28.412044525146484,"{""type"":""MultiPoint"",""coordinates"":[]}"
20230121,2023-01-21,0.0,"{""type"":""MultiPoint"",""coordinates"":[]}"
20230122,2023-01-22,10.116796493530273,"{""type"":""MultiPoint"",""coordinates"":[]}"
20230123,2023-01-23,0.0,"{""type"":""MultiPoint"",""coordinates"":[]}"
20230124,2023-01-24,0.0,"{""type"":""MultiPoint"",""coordinates"":[]}"
20230125,2023-01-25,0.0,"{""type"":""MultiPoint"",""coordinates"":[]}"
20230126,2023-01-26,0.0,"{""type"":""MultiPoint"",""coordinates"":[]}"
20230127,2023-01-27,0.0,"{""type"":""MultiPoint"",""coordinates"":[]}"
20230128,2023-01-28,0.0,"{""type"":""MultiPoint"",""coordinates"":[]}"
20230129,2023-01-29,0.0,"{""type"":""MultiPoint"",""coordinates"":[]}"
20230130,2023-01-30,0.0,"{""type"":""MultiPoint"",""coordinates"":[]}"
20230131,2023-01-31,0.0,"{""type"":""MultiPoint"",""coordinates"":[]}"
20230201,2023-02-01,0.0,"{""type"":""MultiPoint"",""coordinates"":[]}"
20230202,2023-02-02,0.0,"{""type"":""MultiPoint"",""coordinates"":[]}"
20230203,2023-02-03,0.0,"{""type"":""MultiPoint"",""coordinates"":[]}"
20230204,2023-02-04,0.0,"{""type"":""MultiPoint"",""coordinates"":[]}"
20230205,2023-02-05,0.0,"{""type"":""MultiPoint"",""coordinates"":[]}"
20230206,2023-02-06,0.0,"{""type"":""MultiPoint"",""coordinates"":[]}"
20230207,2023-02-07,13.424154281616211,"{""type"":""MultiPoint"",""coordinates"":[]}"
20230208,2023-02-08,0.0,"{""type"":""MultiPoint"",""coordinates"":[]}"
20230209,2023-02-09,13.424154281616211,"{""type"":""MultiPoint"",""coordinates"":[]}"
20230210,2023-02-10,0.0,"{""type"":""MultiPoint"",""coordinates"":[]}"
20230211,2023-02-11,5.012116432189941,"{""type"":""MultiPoint"",""coordinates"":[]}"
20230212,2023-02-12,2.5060582160949707,"{""type"":""MultiPoint"",""coordinates"":[]}"
20230213,2023-02-13,2.5060582160949707,"{""type"":""MultiPoint"",""coordinates"":[]}"
20230214,2023-02-14,0.0,"{""type"":""MultiPoint"",""coordinates"":[]}"
20230215,2023-02-15,2.5060582160949707,"{""type"":""MultiPoint"",""coordinates"":[]}"
20230216,2023-02-16,28.81320571899414,"{""type"":""MultiPoint"",""coordinates"":[]}"
20230217,2023-02-17,0.0,"{""type"":""MultiPoint"",""coordinates"":[]}"
20230218,2023-02-18,14.40660285949707,"{""type"":""MultiPoint"",""coordinates"":[]}"
20230219,2023-02-19,0.0,"{""type"":""MultiPoint"",""coordinates"":[]}"
20230220,2023-02-20,0.0,"{""type"":""MultiPoint"",""coordinates"":[]}"
20230221,2023-02-21,0.0,"{""type"":""MultiPoint"",""coordinates"":[]}"
20230222,2023-02-22,29.99638557434082,"{""type"":""MultiPoint"",""coordinates"":[]}"
20230223,2023-02-23,0.0,"{""type"":""MultiPoint"",""coordinates"":[]}"
20230224,2023-02-24,0.0,"{""type"":""MultiPoint"",""coordinates"":[]}"
20230225,2023-02-25,0.0,"{""type"":""MultiPoint"",""coordinates"":[]}"
20230226,2023-02-26,0.0,"{""type"":""MultiPoint"",""coordinates"":[]}"
20230227,2023-02-27,0.0,"{""type"":""MultiPoint"",""coordinates"":[]}"
20230228,2023-02-28,5.909296035766602,"{""type"":""MultiPoint"",""coordinates"":[]}"
20230301,2023-03-01,7.132998943328857,"{""type"":""MultiPoint"",""coordinates"":[]}"
20230302,2023-03-02,7.132998943328857,"{""type"":""MultiPoint"",""coordinates"":[]}"
20230303,2023-03-03,0.0,"{""type"":""MultiPoint"",""coordinates"":[]}"
20230304,2023-03-04,0.0,"{""type"":""MultiPoint"",""coordinates"":[]}"
20230305,2023-03-05,7.132998943328857,"{""type"":""MultiPoint"",""coordinates"":[]}"
20230306,2023-03-06,0.0,"{""type"":""MultiPoint"",""coordinates"":[]}"
20230307,2023-03-07,47.176937103271484,"{""type"":""MultiPoint"",""coordinates"":[]}"
20230308,2023-03-08,23.588468551635742,"{""type"":""MultiPoint"",""coordinates"":[]}"
20230309,2023-03-09,0.0,"{""type"":""MultiPoint"",""coordinates"":[]}"
20230310,2023-03-10,0.0,"{""type"":""MultiPoint"",""coordinates"":[]}"
20230311,2023-03-11,29.931747436523438,"{""type"":""MultiPoint"",""coordinates"":[]}"
20230312,2023-03-12,17.959049224853516,"{""type"":""MultiPoint"",""coordinates"":[]}"
20230313,2023-03-13,23.945398330688477,"{""type"":""MultiPoint"",""coordinates"":[]}"
20230314,2023-03-14,11.972699165344238,"{""type"":""MultiPoint"",""coordinates"":[]}"
20230315,2023-03-15,5.986349582672119,"{""type"":""MultiPoint"",""coordinates"":[]}"
20230316,2023-03-16,8.956109046936035,"{""type"":""MultiPoint"",""coordinates"":[]}"
20230317,2023-03-17,0.0,"{""type"":""MultiPoint"",""coordinates"":[]}"
20230318,2023-03-18,8.956109046936035,"{""type"":""MultiPoint"",""coordinates"":[]}"
20230319,2023-03-19,8.956109046936035,"{""type"":""MultiPoint"",""coordinates"":[]}"
20230320,2023-03-20,0.0,"{""type"":""MultiPoint"",""coordinates"":[]}"
20230321,2023-03-21,0.0,"{""type"":""MultiPoint"",""coordinates"":[]}"
20230322,2023-03-22,0.0,"{""type"":""MultiPoint"",""coordinates"":[]}"
20230323,2023-03-23,0.0,"{""type"":""MultiPoint"",""coordinates"":[]}"
20230324,2023-03-24,0.0,"{""type"":""MultiPoint"",""coordinates"":[]}"
20230325,2023-03-25,0.0,"{""type"":""MultiPoint"",""coordinates"":[]}"
20230326,2023-03-26,0.0,"{""type"":""MultiPoint"",""coordinates"":[]}"
20230327,2023-03-27,0.0,"{""type"":""MultiPoint"",""coordinates"":[]}"
20230328,2023-03-28,16.859390258789062,"{""type"":""MultiPoint"",""coordinates"":[]}"
20230329,2023-03-29,8.429695129394531,"{""type"":""MultiPoint"",""coordinates"":[]}"
20230330,2023-03-30,0.0,"{""type"":""MultiPoint"",""coordinates"":[]}"
20230331,2023-03-31,0.0,"{""type"":""MultiPoint"",""coordinates"":[]}"
20230401,2023-04-01,4.208543300628662,"{""type"":""MultiPoint"",""coordinates"":[]}"
20230402,2023-04-02,16.83417320251465,"{""type"":""MultiPoint"",""coordinates"":[]}"
20230403,2023-04-03,0.0,"{""type"":""MultiPoint"",""coordinates"":[]}"
20230404,2023-04-04,4.208543300628662,"{""type"":""MultiPoint"",""coordinates"":[]}"
20230405,2023-04-05,4.208543300628662,"{""type"":""MultiPoint"",""coordinates"":[]}"
20230406,2023-04-06,24.669267654418945,"{""type"":""MultiPoint"",""coordinates"":[]}"
20230407,2023-04-07,0.0,"{""type"":""MultiPoint"",""coordinates"":[]}"
20230408,2023-04-08,0.0,"{""type"":""MultiPoint"",""coordinates"":[]}"
20230409,2023-04-09,0.0,"{""type"":""MultiPoint"",""coordinates"":[]}"
20230410,2023-04-10,0.0,"{""type"":""MultiPoint"",""coordinates"":[]}"
20230411,2023-04-11,0.0,"{""type"":""MultiPoint"",""coordinates"":[]}"
20230412,2023-04-12,8.607379913330078,"{""type"":""MultiPoint"",""coordinates"":[]}"
20230413,2023-04-13,4.303689956665039,"{""type"":""MultiPoint"",""coordinates"":[]}"
20230414,2023-04-14,0.0,"{""type"":""MultiPoint"",""coordinates"":[]}"
20230415,2023-04-15,0.0,"{""type"":""MultiPoint"",""coordinates"":[]}"
20230416,2023-04-16,7.493163585662842,"{""type"":""MultiPoint"",""coordinates"":[]}"
20230417,2023-04-17,14.986327171325684,"{""type"":""MultiPoint"",""coordinates"":[]}"
20230418,2023-04-18,11.239745140075684,"{""type"":""MultiPoint"",""coordinates"":[]}"
20230419,2023-04-19,0.0,"{""type"":""MultiPoint"",""coordinates"":[]}"
20230420,2023-04-20,7.493163585662842,"{""type"":""MultiPoint"",""coordinates"":[]}"
20230421,2023-04-21,10.00389289855957,"{""type"":""MultiPoint"",""coordinates"":[]}"
20230422,2023-04-22,10.00389289855957,"{""type"":""MultiPoint"",""coordinates"":[]}"
20230423,2023-04-23,3.3346309661865234,"{""type"":""MultiPoint"",""coordinates"":[]}"
20230424,2023-04-24,3.3346309661865234,"{""type"":""MultiPoint"",""coordinates"":[]}"
20230425,2023-04-25,6.669261932373047,"{""type"":""MultiPoint"",""coordinates"":[]}"
20230426,2023-04-26,28.278228759765625,"{""type"":""MultiPoint"",""coordinates"":[]}"
20230427,2023-04-27,0.0,"{""type"":""MultiPoint"",""coordinates"":[]}"
20230428,2023-04-28,0.0,"{""type"":""MultiPoint"",""coordinates"":[]}"
20230429,2023-04-29,0.0,"{""type"":""MultiPoint"",""coordinates"":[]}"
20230430,2023-04-30,0.0,"{""type"":""MultiPoint"",""coordinates"":[]}"
20230501,2023-05-01,0.0,"{""type"":""MultiPoint"",""coordinates"":[]}"
20230502,2023-05-02,0.0,"{""type"":""MultiPoint"",""coordinates"":[]}"
20230503,2023-05-03,0.0,"{""type"":""MultiPoint"",""coordinates"":[]}"
20230504,2023-05-04,0.0,"{""type"":""MultiPoint"",""coordinates"":[]}"
20230505,2023-05-05,0.0,"{""type"":""MultiPoint"",""coordinates"":[]}"
20230506,2023-05-06,0.0,"{""type"":""MultiPoint"",""coordinates"":[]}"
20230507,2023-05-07,4.1876959800720215,"{""type"":""MultiPoint"",""coordinates"":[]}"
20230508,2023-05-08,0.0,"{""type"":""MultiPoint"",""coordinates"":[]}"
20230509,2023-05-09,0.0,"{""type"":""MultiPoint"",""coordinates"":[]}"
20230510,2023-05-10,2.0938479900360107,"{""type"":""MultiPoint"",""coordinates"":[]}"
20230511,2023-05-11,2.7381670475006104,"{""type"":""MultiPoint"",""coordinates"":[]}"
20230512,2023-05-12,0.0,"{""type"":""MultiPoint"",""coordinates"":[]}"
20230513,2023-05-13,0.0,"{""type"":""MultiPoint"",""coordinates"":[]}"
20230514,2023-05-14,1.3690835237503052,"{""type"":""MultiPoint"",""coordinates"":[]}"
20230515,2023-05-15,8.21450138092041,"{""type"":""MultiPoint"",""coordinates"":[]}"
20230516,2023-05-16,1.9406712055206299,"{""type"":""MultiPoint"",""coordinates"":[]}"
20230517,2023-05-17,5.822013854980469,"{""type"":""MultiPoint"",""coordinates"":[]}"
20230518,2023-05-18,0.0,"{""type"":""MultiPoint"",""coordinates"":[]}"
20230519,2023-05-19,1.9406712055206299,"{""type"":""MultiPoint"",""coordinates"":[]}"
20230520,2023-05-20,9.70335578918457,"{""type"":""MultiPoint"",""coordinates"":[]}"
20230521,2023-05-21,3.374016284942627,"{""type"":""MultiPoint"",""coordinates"":[]}"
20230522,2023-05-22,13.496065139770508,"{""type"":""MultiPoint"",""coordinates"":[]}"
20230523,2023-05-23,6.748032569885254,"{""type"":""MultiPoint"",""coordinates"":[]}"
20230524,2023-05-24,10.122048377990723,"{""type"":""MultiPoint"",""coordinates"":[]}"
20230525,2023-05-25,13.496065139770508,"{""type"":""MultiPoint"",""coordinates"":[]}"
20230526,2023-05-26,13.414934158325195,"{""type"":""MultiPoint"",""coordinates"":[]}"
20230527,2023-05-27,0.0,"{""type"":""MultiPoint"",""coordinates"":[]}"
20230528,2023-05-28,6.707467079162598,"{""type"":""MultiPoint"",""coordinates"":[]}"
20230529,2023-05-29,0.0,"{""type"":""MultiPoint"",""coordinates"":[]}"
20230530,2023-05-30,0.0,"{""type"":""MultiPoint"",""coordinates"":[]}"
20230531,2023-05-31,0.0,"{""type"":""MultiPoint"",""coordinates"":[]}"
20230601,2023-06-01,9.393067359924316,"{""type"":""MultiPoint"",""coordinates"":[]}"
20230602,2023-06-02,0.0,"{""type"":""MultiPoint"",""coordinates"":[]}"
20230603,2023-06-03,0.0,"{""type"":""MultiPoint"",""coordinates"":[]}"
20230604,2023-06-04,0.0,"{""type"":""MultiPoint"",""coordinates"":[]}"
20230605,2023-06-05,0.0,"{""type"":""MultiPoint"",""coordinates"":[]}"
20230606,2023-06-06,0.0,"{""type"":""MultiPoint"",""coordinates"":[]}"
20230607,2023-06-07,0.0,"{""type"":""MultiPoint"",""coordinates"":[]}"
20230608,2023-06-08,0.0,"{""type"":""MultiPoint"",""coordinates"":[]}"
20230609,2023-06-09,0.0,"{""type"":""MultiPoint"",""coordinates"":[]}"
20230610,2023-06-10,0.0,"{""type"":""MultiPoint"",""coordinates"":[]}"
20230611,2023-06-11,0.0,"{""type"":""MultiPoint"",""coordinates"":[]}"
20230612,2023-06-12,2.08009934425354,"{""type"":""MultiPoint"",""coordinates"":[]}"
20230613,2023-06-13,0.0,"{""type"":""MultiPoint"",""coordinates"":[]}"
20230614,2023-06-14,2.08009934425354,"{""type"":""MultiPoint"",""coordinates"":[]}"
20230615,2023-06-15,2.08009934425354,"{""type"":""MultiPoint"",""coordinates"":[]}"
20230616,2023-06-16,0.0,"{""type"":""MultiPoint"",""coordinates"":[]}"
20230617,2023-06-17,0.0,"{""type"":""MultiPoint"",""coordinates"":[]}"
20230618,2023-06-18,0.0,"{""type"":""MultiPoint"",""coordinates"":[]}"
20230619,2023-06-19,0.0,"{""type"":""MultiPoint"",""coordinates"":[]}"
20230620,2023-06-20,0.0,"{""type"":""MultiPoint"",""coordinates"":[]}"
20230621,2023-06-21,0.0,"{""type"":""MultiPoint"",""coordinates"":[]}"
20230622,2023-06-22,0.0,"{""type"":""MultiPoint"",""coordinates"":[]}"
20230623,2023-06-23,0.0,"{""type"":""MultiPoint"",""coordinates"":[]}"
20230624,2023-06-24,11.05153751373291,"{""type"":""MultiPoint"",""coordinates"":[]}"
20230625,2023-06-25,16.577306747436523,"{""type"":""MultiPoint"",""coordinates"":[]}"
20230626,2023-06-26,2.2657883167266846,"{""type"":""MultiPoint"",""coordinates"":[]}"
20230627,2023-06-27,0.0,"{""type"":""MultiPoint"",""coordinates"":[]}"
20230628,2023-06-28,4.531576633453369,"{""type"":""MultiPoint"",""coordinates"":[]}"
20230629,2023-06-29,0.0,"{""type"":""MultiPoint"",""coordinates"":[]}"
20230630,2023-06-30,0.0,"{""type"":""MultiPoint"",""coordinates"":[]}"
20230701,2023-07-01,0.0,"{""type"":""MultiPoint"",""coordinates"":[]}"
20230702,2023-07-02,6.1778035163879395,"{""type"":""MultiPoint"",""coordinates"":[]}"
20230703,2023-07-03,6.1778035163879395,"{""type"":""MultiPoint"",""coordinates"":[]}"
20230704,2023-07-04,0.0,"{""type"":""MultiPoint"",""coordinates"":[]}"
20230705,2023-07-05,0.0,"{""type"":""MultiPoint"",""coordinates"":[]}"
20230706,2023-07-06,12.54727840423584,"{""type"":""MultiPoint"",""coordinates"":[]}"
20230707,2023-07-07,0.0,"{""type"":""MultiPoint"",""coordinates"":[]}"
20230708,2023-07-08,0.0,"{""type"":""MultiPoint"",""coordinates"":[]}"
20230709,2023-07-09,0.0,"{""type"":""MultiPoint"",""coordinates"":[]}"
20230710,2023-07-10,0.0,"{""type"":""MultiPoint"",""coordinates"":[]}"
20230711,2023-07-11,0.0,"{""type"":""MultiPoint"",""coordinates"":[]}"
20230712,2023-07-12,0.0,"{""type"":""MultiPoint"",""coordinates"":[]}"
20230713,2023-07-13,0.0,"{""type"":""MultiPoint"",""coordinates"":[]}"
20230714,2023-07-14,2.3658173084259033,"{""type"":""MultiPoint"",""coordinates"":[]}"
20230715,2023-07-15,2.3658173084259033,"{""type"":""MultiPoint"",""coordinates"":[]}"
20230716,2023-07-16,2.4016876220703125,"{""type"":""MultiPoint"",""coordinates"":[]}"
20230717,2023-07-17,0.0,"{""type"":""MultiPoint"",""coordinates"":[]}"
20230718,2023-07-18,0.0,"{""type"":""MultiPoint"",""coordinates"":[]}"
20230719,2023-07-19,0.0,"{""type"":""MultiPoint"",""coordinates"":[]}"
20230720,2023-07-20,0.0,"{""type"":""MultiPoint"",""coordinates"":[]}"
20230721,2023-07-21,0.0,"{""type"":""MultiPoint"",""coordinates"":[]}"
20230722,2023-07-22,4.063076496124268,"{""type"":""MultiPoint"",""coordinates"":[]}"
20230723,2023-07-23,0.0,"{""type"":""MultiPoint"",""coordinates"":[]}"
20230724,2023-07-24,0.0,"{""type"":""MultiPoint"",""coordinates"":[]}"
20230725,2023-07-25,0.0,"{""type"":""MultiPoint"",""coordinates"":[]}"
20230726,2023-07-26,2.8595824241638184,"{""type"":""MultiPoint"",""coordinates"":[]}"
20230727,2023-07-27,8.578747749328613,"{""type"":""MultiPoint"",""coordinates"":[]}"
20230728,2023-07-28,2.8595824241638184,"{""type"":""MultiPoint"",""coordinates"":[]}"
20230729,2023-07-29,2.8595824241638184,"{""type"":""MultiPoint"",""coordinates"":[]}"
20230730,2023-07-30,0.0,"{""type"":""MultiPoint"",""coordinates"":[]}"
20230731,2023-07-31,0.0,"{""type"":""MultiPoint"",""coordinates"":[]}"
20230801,2023-08-01,0.0,"{""type"":""MultiPoint"",""coordinates"":[]}"
20230802,2023-08-02,0.0,"{""type"":""MultiPoint"",""coordinates"":[]}"
20230803,2023-08-03,0.0,"{""type"":""MultiPoint"",""coordinates"":[]}"
20230804,2023-08-04,0.0,"{""type"":""MultiPoint"",""coordinates"":[]}"
20230805,2023-08-05,0.0,"{""type"":""MultiPoint"",""coordinates"":[]}"
20230806,2023-08-06,0.0,"{""type"":""MultiPoint"",""coordinates"":[]}"
20230807,2023-08-07,0.0,"{""type"":""MultiPoint"",""coordinates"":[]}"
20230808,2023-08-08,0.0,"{""type"":""MultiPoint"",""coordinates"":[]}"
20230809,2023-08-09,0.0,"{""type"":""MultiPoint"",""coordinates"":[]}"
20230810,2023-08-10,0.0,"{""type"":""MultiPoint"",""coordinates"":[]}"
20230811,2023-08-11,1.7291879653930664,"{""type"":""MultiPoint"",""coordinates"":[]}"
20230812,2023-08-12,1.7291879653930664,"{""type"":""MultiPoint"",""coordinates"":[]}"
20230813,2023-08-13,3.458375930786133,"{""type"":""MultiPoint"",""coordinates"":[]}"
20230814,2023-08-14,0.0,"{""type"":""MultiPoint"",""coordinates"":[]}"
20230815,2023-08-15,0.0,"{""type"":""MultiPoint"",""coordinates"":[]}"
20230816,2023-08-16,9.945597648620605,"{""type"":""MultiPoint"",""coordinates"":[]}"
20230817,2023-08-17,0.0,"{""type"":""MultiPoint"",""coordinates"":[]}"
20230818,2023-08-18,0.0,"{""type"":""MultiPoint"",""coordinates"":[]}"
20230819,2023-08-19,4.972798824310303,"{""type"":""MultiPoint"",""coordinates"":[]}"
20230820,2023-08-20,4.972798824310303,"{""type"":""MultiPoint"",""coordinates"":[]}"
20230821,2023-08-21,3.9349863529205322,"{""type"":""MultiPoint"",""coordinates"":[]}"
20230822,2023-08-22,11.804959297180176,"{""type"":""MultiPoint"",""coordinates"":[]}"
20230823,2023-08-23,0.0,"{""type"":""MultiPoint"",""coordinates"":[]}"
20230824,2023-08-24,0.0,"{""type"":""MultiPoint"",""coordinates"":[]}"
20230825,2023-08-25,0.0,"{""type"":""MultiPoint"",""coordinates"":[]}"
20230826,2023-08-26,0.0,"{""type"":""MultiPoint"",""coordinates"":[]}"
20230827,2023-08-27,0.0,"{""type"":""MultiPoint"",""coordinates"":[]}"
20230828,2023-08-28,0.0,"{""type"":""MultiPoint"",""coordinates"":[]}"
20230829,2023-08-29,0.0,"{""type"":""MultiPoint"",""coordinates"":[]}"
20230830,2023-08-30,0.0,"{""type"":""MultiPoint"",""coordinates"":[]}"
20230831,2023-08-31,0.0,"{""type"":""MultiPoint"",""coordinates"":[]}"
20230901,2023-09-01,0.0,"{""type"":""MultiPoint"",""coordinates"":[]}"
20230902,2023-09-02,2.2535011768341064,"{""type"":""MultiPoint"",""coordinates"":[]}"
20230903,2023-09-03,2.2535011768341064,"{""type"":""MultiPoint"",""coordinates"":[]}"
20230904,2023-09-04,4.507002353668213,"{""type"":""MultiPoint"",""coordinates"":[]}"
20230905,2023-09-05,2.2535011768341064,"{""type"":""MultiPoint"",""coordinates"":[]}"
20230906,2023-09-06,0.0,"{""type"":""MultiPoint"",""coordinates"":[]}"
20230907,2023-09-07,0.0,"{""type"":""MultiPoint"",""coordinates"":[]}"
20230908,2023-09-08,8.047347068786621,"{""type"":""MultiPoint"",""coordinates"":[]}"
20230909,2023-09-09,0.0,"{""type"":""MultiPoint"",""coordinates"":[]}"
20230910,2023-09-10,0.0,"{""type"":""MultiPoint"",""coordinates"":[]}"
20230911,2023-09-11,0.0,"{""type"":""MultiPoint"",""coordinates"":[]}"
20230912,2023-09-12,0.0,"{""type"":""MultiPoint"",""coordinates"":[]}"
20230913,2023-09-13,0.0,"{""type"":""MultiPoint"",""coordinates"":[]}"
20230914,2023-09-14,6.8147358894348145,"{""type"":""MultiPoint"",""coordinates"":[]}"
20230915,2023-09-15,0.0,"{""type"":""MultiPoint"",""coordinates"":[]}"
20230916,2023-09-16,0.0,"{""type"":""MultiPoint"",""coordinates"":[]}"
20230917,2023-09-17,0.0,"{""type"":""MultiPoint"",""coordinates"":[]}"
20230918,2023-09-18,0.0,"{""type"":""MultiPoint"",""coordinates"":[]}"
20230919,2023-09-19,0.0,"{""type"":""MultiPoint"",""coordinates"":[]}"
20230920,2023-09-20,0.0,"{""type"":""MultiPoint"",""coordinates"":[]}"
20230921,2023-09-21,0.0,"{""type"":""MultiPoint"",""coordinates"":[]}"
20230922,2023-09-22,3.0950767993927,"{""type"":""MultiPoint"",""coordinates"":[]}"
20230923,2023-09-23,9.28523063659668,"{""type"":""MultiPoint"",""coordinates"":[]}"
20230924,2023-09-24,6.1901535987854,"{""type"":""MultiPoint"",""coordinates"":[]}"
20230925,2023-09-25,0.0,"{""type"":""MultiPoint"",""coordinates"":[]}"
20230926,2023-09-26,9.013349533081055,"{""type"":""MultiPoint"",""coordinates"":[]}"
20230927,2023-09-27,0.0,"{""type"":""MultiPoint"",""coordinates"":[]}"
20230928,2023-09-28,4.506674766540527,"{""type"":""MultiPoint"",""coordinates"":[]}"
20230929,2023-09-29,0.0,"{""type"":""MultiPoint"",""coordinates"":[]}"
20230930,2023-09-30,0.0,"{""type"":""MultiPoint"",""coordinates"":[]}"
20231001,2023-10-01,5.552556991577148,"{""type"":""MultiPoint"",""coordinates"":[]}"
20231002,2023-10-02,5.552556991577148,"{""type"":""MultiPoint"",""coordinates"":[]}"
20231003,2023-10-03,5.552556991577148,"{""type"":""MultiPoint"",""coordinates"":[]}"
20231004,2023-10-04,22.210227966308594,"{""type"":""MultiPoint"",""coordinates"":[]}"
20231005,2023-10-05,0.0,"{""type"":""MultiPoint"",""coordinates"":[]}"
20231006,2023-10-06,16.627477645874023,"{""type"":""MultiPoint"",""coordinates"":[]}"
20231007,2023-10-07,8.313738822937012,"{""type"":""MultiPoint"",""coordinates"":[]}"
20231008,2023-10-08,33.25495529174805,"{""type"":""MultiPoint"",""coordinates"":[]}"
20231009,2023-10-09,0.0,"{""type"":""MultiPoint"",""coordinates"":[]}"
20231010,2023-10-10,8.313738822937012,"{""type"":""MultiPoint"",""coordinates"":[]}"
20231011,2023-10-11,6.501724720001221,"{""type"":""MultiPoint"",""coordinates"":[]}"
20231012,2023-10-12,6.501724720001221,"{""type"":""MultiPoint"",""coordinates"":[]}"
20231013,2023-10-13,0.0,"{""type"":""MultiPoint"",""coordinates"":[]}"
20231014,2023-10-14,6.501724720001221,"{""type"":""MultiPoint"",""coordinates"":[]}"
20231015,2023-10-15,0.0,"{""type"":""MultiPoint"",""coordinates"":[]}"
20231016,2023-10-16,0.0,"{""type"":""MultiPoint"",""coordinates"":[]}"
20231017,2023-10-17,4.1747050285339355,"{""type"":""MultiPoint"",""coordinates"":[]}"
20231018,2023-10-18,0.0,"{""type"":""MultiPoint"",""coordinates"":[]}"
20231019,2023-10-19,4.1747050285339355,"{""type"":""MultiPoint"",""coordinates"":[]}"
20231020,2023-10-20,8.349410057067871,"{""type"":""MultiPoint"",""coordinates"":[]}"
20231021,2023-10-21,0.0,"{""type"":""MultiPoint"",""coordinates"":[]}"
20231022,2023-10-22,6.883857250213623,"{""type"":""MultiPoint"",""coordinates"":[]}"
20231023,2023-10-23,6.883857250213623,"{""type"":""MultiPoint"",""coordinates"":[]}"
20231024,2023-10-24,6.883857250213623,"{""type"":""MultiPoint"",""coordinates"":[]}"
20231025,2023-10-25,0.0,"{""type"":""MultiPoint"",""coordinates"":[]}"
20231026,2023-10-26,16.43511962890625,"{""type"":""MultiPoint"",""coordinates"":[]}"
20231027,2023-10-27,24.652681350708008,"{""type"":""MultiPoint"",""coordinates"":[]}"
20231028,2023-10-28,8.217559814453125,"{""type"":""MultiPoint"",""coordinates"":[]}"
20231029,2023-10-29,24.652681350708008,"{""type"":""MultiPoint"",""coordinates"":[]}"
20231030,2023-10-30,8.217559814453125,"{""type"":""MultiPoint"",""coordinates"":[]}"
20231031,2023-10-31,8.217559814453125,"{""type"":""MultiPoint"",""coordinates"":[]}"
20231101,2023-11-01,35.08986282348633,"{""type"":""MultiPoint"",""coordinates"":[]}"
20231102,2023-11-02,0.0,"{""type"":""MultiPoint"",""coordinates"":[]}"
20231103,2023-11-03,23.39324188232422,"{""type"":""MultiPoint"",""coordinates"":[]}"
20231104,2023-11-04,11.69662094116211,"{""type"":""MultiPoint"",""coordinates"":[]}"
20231105,2023-11-05,0.0,"{""type"":""MultiPoint"",""coordinates"":[]}"
20231106,2023-11-06,9.564431190490723,"{""type"":""MultiPoint"",""coordinates"":[]}"
20231107,2023-11-07,0.0,"{""type"":""MultiPoint"",""coordinates"":[]}"
20231108,2023-11-08,0.0,"{""type"":""MultiPoint"",""coordinates"":[]}"
20231109,2023-11-09,9.564431190490723,"{""type"":""MultiPoint"",""coordinates"":[]}"
20231110,2023-11-10,0.0,"{""type"":""MultiPoint"",""coordinates"":[]}"
20231111,2023-11-11,0.0,"{""type"":""MultiPoint"",""coordinates"":[]}"
20231112,2023-11-12,11.661638259887695,"{""type"":""MultiPoint"",""coordinates"":[]}"
20231113,2023-11-13,0.0,"{""type"":""MultiPoint"",""coordinates"":[]}"
20231114,2023-11-14,5.830819129943848,"{""type"":""MultiPoint"",""coordinates"":[]}"
20231115,2023-11-15,0.0,"{""type"":""MultiPoint"",""coordinates"":[]}"
20231116,2023-11-16,5.168522834777832,"{""type"":""MultiPoint"",""coordinates"":[]}"
20231117,2023-11-17,0.0,"{""type"":""MultiPoint"",""coordinates"":[]}"
20231118,2023-11-18,15.50556755065918,"{""type"":""MultiPoint"",""coordinates"":[]}"
20231119,2023-11-19,5.168522834777832,"{""type"":""MultiPoint"",""coordinates"":[]}"
20231120,2023-11-20,0.0,"{""type"":""MultiPoint"",""coordinates"":[]}"
20231121,2023-11-21,0.0,"{""type"":""MultiPoint"",""coordinates"":[]}"
20231122,2023-11-22,11.63527774810791,"{""type"":""MultiPoint"",""coordinates"":[]}"
20231123,2023-11-23,0.0,"{""type"":""MultiPoint"",""coordinates"":[]}"
20231124,2023-11-24,0.0,"{""type"":""MultiPoint"",""coordinates"":[]}"
20231125,2023-11-25,0.0,"{""type"":""MultiPoint"",""coordinates"":[]}"
20231126,2023-11-26,0.0,"{""type"":""MultiPoint"",""coordinates"":[]}"
20231127,2023-11-27,0.0,"{""type"":""MultiPoint"",""coordinates"":[]}"
20231128,2023-11-28,0.0,"{""type"":""MultiPoint"",""coordinates"":[]}"
20231129,2023-11-29,0.0,"{""type"":""MultiPoint"",""coordinates"":[]}"
20231130,2023-11-30,0.0,"{""type"":""MultiPoint"",""coordinates"":[]}"
20231201,2023-12-01,0.0,"{""type"":""MultiPoint"",""coordinates"":[]}"
20231202,2023-12-02,0.0,"{""type"":""MultiPoint"",""coordinates"":[]}"
20231203,2023-12-03,0.0,"{""type"":""MultiPoint"",""coordinates"":[]}"
20231204,2023-12-04,0.0,"{""type"":""MultiPoint"",""coordinates"":[]}"
20231205,2023-12-05,0.0,"{""type"":""MultiPoint"",""coordinates"":[]}"
20231206,2023-12-06,0.0,"{""type"":""MultiPoint"",""coordinates"":[]}"
20231207,2023-12-07,0.0,"{""type"":""MultiPoint"",""coordinates"":[]}"
20231208,2023-12-08,0.0,"{""type"":""MultiPoint"",""coordinates"":[]}"
20231209,2023-12-09,0.0,"{""type"":""MultiPoint"",""coordinates"":[]}"
20231210,2023-12-10,0.0,"{""type"":""MultiPoint"",""coordinates"":[]}"
20231211,2023-12-11,0.0,"{""type"":""MultiPoint"",""coordinates"":[]}"
20231212,2023-12-12,6.0430779457092285,"{""type"":""MultiPoint"",""coordinates"":[]}"
20231213,2023-12-13,0.0,"{""type"":""MultiPoint"",""coordinates"":[]}"
20231214,2023-12-14,0.0,"{""type"":""MultiPoint"",""coordinates"":[]}"
20231215,2023-12-15,18.12923240661621,"{""type"":""MultiPoint"",""coordinates"":[]}"
20231216,2023-12-16,0.0,"{""type"":""MultiPoint"",""coordinates"":[]}"
20231217,2023-12-17,12.342060089111328,"{""type"":""MultiPoint"",""coordinates"":[]}"
20231218,2023-12-18,6.171030044555664,"{""type"":""MultiPoint"",""coordinates"":[]}"
20231219,2023-12-19,0.0,"{""type"":""MultiPoint"",""coordinates"":[]}"
20231220,2023-12-20,0.0,"{""type"":""MultiPoint"",""coordinates"":[]}"
20231221,2023-12-21,0.0,"{""type"":""MultiPoint"",""coordinates"":[]}"
20231222,2023-12-22,0.0,"{""type"":""MultiPoint"",""coordinates"":[]}"
20231223,2023-12-23,12.374959945678711,"{""type"":""MultiPoint"",""coordinates"":[]}"
20231224,2023-12-24,0.0,"{""type"":""MultiPoint"",""coordinates"":[]}"
20231225,2023-12-25,12.374959945678711,"{""type"":""MultiPoint"",""coordinates"":[]}"
20231226,2023-12-26,35.247337341308594,"{""type"":""MultiPoint"",""coordinates"":[]}"
20231227,2023-12-27,0.0,"{""type"":""MultiPoint"",""coordinates"":[]}"
20231228,2023-12-28,0.0,"{""type"":""MultiPoint"",""coordinates"":[]}"
20231229,2023-12-29,0.0,"{""type"":""MultiPoint"",""coordinates"":[]}"
20231230,2023-12-30,0.0,"{""type"":""MultiPoint"",""coordinates"":[]}"
20231231,2023-12-31,0.0,"{""type"":""MultiPoint"",""coordinates"":[]}"
20240101,2024-01-01,0.0,"{""type"":""MultiPoint"",""coordinates"":[]}"
20240102,2024-01-02,0.0,"{""type"":""MultiPoint"",""coordinates"":[]}"
20240103,2024-01-03,0.0,"{""type"":""MultiPoint"",""coordinates"":[]}"
20240104,2024-01-04,0.0,"{""type"":""MultiPoint"",""coordinates"":[]}"
20240105,2024-01-05,0.0,"{""type"":""MultiPoint"",""coordinates"":[]}"
20240106,2024-01-06,0.0,"{""type"":""MultiPoint"",""coordinates"":[]}"
20240107,2024-01-07,0.0,"{""type"":""MultiPoint"",""coordinates"":[]}"
20240108,2024-01-08,0.0,"{""type"":""MultiPoint"",""coordinates"":[]}"
20240109,2024-01-09,0.0,"{""type"":""MultiPoint"",""coordinates"":[]}"
20240110,2024-01-10,0.0,"{""type"":""MultiPoint"",""coordinates"":[]}"
20240111,2024-01-11,0.0,"{""type"":""MultiPoint"",""coordinates"":[]}"
20240112,2024-01-12,0.0,"{""type"":""MultiPoint"",""coordinates"":[]}"
20240113,2024-01-13,15.300201416015625,"{""type"":""MultiPoint"",""coordinates"":[]}"
20240114,2024-01-14,0.0,"{""type"":""MultiPoint"",""coordinates"":[]}"
20240115,2024-01-15,0.0,"{""type"":""MultiPoint"",""coordinates"":[]}"
20240116,2024-01-16,0.0,"{""type"":""MultiPoint"",""coordinates"":[]}"
20240117,2024-01-17,0.0,"{""type"":""MultiPoint"",""coordinates"":[]}"
20240118,2024-01-18,0.0,"{""type"":""MultiPoint"",""coordinates"":[]}"
20240119,2024-01-19,0.0,"{""type"":""MultiPoint"",""coordinates"":[]}"
20240120,2024-01-20,0.0,"{""type"":""MultiPoint"",""coordinates"":[]}"
20240121,2024-01-21,0.0,"{""type"":""MultiPoint"",""coordinates"":[]}"
20240122,2024-01-22,0.0,"{""type"":""MultiPoint"",""coordinates"":[]}"
20240123,2024-01-23,0.0,"{""type"":""MultiPoint"",""coordinates"":[]}"
20240124,2024-01-24,0.0,"{""type"":""MultiPoint"",""coordinates"":[]}"
20240125,2024-01-25,0.0,"{""type"":""MultiPoint"",""coordinates"":[]}"
20240126,2024-01-26,0.0,"{""type"":""MultiPoint"",""coordinates"":[]}"
20240127,2024-01-27,0.0,"{""type"":""MultiPoint"",""coordinates"":[]}"
20240128,2024-01-28,28.438247680664062,"{""type"":""MultiPoint"",""coordinates"":[]}"
20240129,2024-01-29,28.438247680664062,"{""type"":""MultiPoint"",""coordinates"":[]}"
20240130,2024-01-30,0.0,"{""type"":""MultiPoint"",""coordinates"":[]}"
20240131,2024-01-31,0.0,"{""type"":""MultiPoint"",""coordinates"":[]}"
20240201,2024-02-01,0.0,"{""type"":""MultiPoint"",""coordinates"":[]}"
20240202,2024-02-02,0.0,"{""type"":""MultiPoint"",""coordinates"":[]}"
20240203,2024-02-03,57.2503547668457,"{""type"":""MultiPoint"",""coordinates"":[]}"
20240204,2024-02-04,0.0,"{""type"":""MultiPoint"",""coordinates"":[]}"
20240205,2024-02-05,42.93776321411133,"{""type"":""MultiPoint"",""coordinates"":[]}"
20240206,2024-02-06,0.0,"{""type"":""MultiPoint"",""coordinates"":[]}"
20240207,2024-02-07,0.0,"{""type"":""MultiPoint"",""coordinates"":[]}"
20240208,2024-02-08,0.0,"{""type"":""MultiPoint"",""coordinates"":[]}"
20240209,2024-02-09,0.0,"{""type"":""MultiPoint"",""coordinates"":[]}"
20240210,2024-02-10,0.0,"{""type"":""MultiPoint"",""coordinates"":[]}"
20240211,2024-02-11,0.0,"{""type"":""MultiPoint"",""coordinates"":[]}"
20240212,2024-02-12,0.0,"{""type"":""MultiPoint"",""coordinates"":[]}"
20240213,2024-02-13,0.0,"{""type"":""MultiPoint"",""coordinates"":[]}"
20240214,2024-02-14,22.142175674438477,"{""type"":""MultiPoint"",""coordinates"":[]}"
20240215,2024-02-15,0.0,"{""type"":""MultiPoint"",""coordinates"":[]}"
20240216,2024-02-16,0.0,"{""type"":""MultiPoint"",""coordinates"":[]}"
20240217,2024-02-17,0.0,"{""type"":""MultiPoint"",""coordinates"":[]}"
20240218,2024-02-18,0.0,"{""type"":""MultiPoint"",""coordinates"":[]}"
20240219,2024-02-19,11.993729591369629,"{""type"":""MultiPoint"",""coordinates"":[]}"
20240220,2024-02-20,0.0,"{""type"":""MultiPoint"",""coordinates"":[]}"
20240221,2024-02-21,0.0,"{""type"":""MultiPoint"",""coordinates"":[]}"
20240222,2024-02-22,0.0,"{""type"":""MultiPoint"",""coordinates"":[]}"
20240223,2024-02-23,0.0,"{""type"":""MultiPoint"",""coordinates"":[]}"
20240224,2024-02-24,0.0,"{""type"":""MultiPoint"",""coordinates"":[]}"
20240225,2024-02-25,0.0,"{""type"":""MultiPoint"",""coordinates"":[]}"
20240226,2024-02-26,0.0,"{""type"":""MultiPoint"",""coordinates"":[]}"
20240227,2024-02-27,0.0,"{""type"":""MultiPoint"",""coordinates"":[]}"
20240228,2024-02-28,0.0,"{""type"":""MultiPoint"",""coordinates"":[]}"
20240229,2024-02-29,0.0,"{""type"":""MultiPoint"",""coordinates"":[]}"
20240301,2024-03-01,18.50746726989746,"{""type"":""MultiPoint"",""coordinates"":[]}"
20240302,2024-03-02,9.25373363494873,"{""type"":""MultiPoint"",""coordinates"":[]}"
20240303,2024-03-03,0.0,"{""type"":""MultiPoint"",""coordinates"":[]}"
20240304,2024-03-04,0.0,"{""type"":""MultiPoint"",""coordinates"":[]}"
20240305,2024-03-05,0.0,"{""type"":""MultiPoint"",""coordinates"":[]}"
20240306,2024-03-06,0.0,"{""type"":""MultiPoint"",""coordinates"":[]}"
20240307,2024-03-07,0.0,"{""type"":""MultiPoint"",""coordinates"":[]}"
20240308,2024-03-08,13.314635276794434,"{""type"":""MultiPoint"",""coordinates"":[]}"
20240309,2024-03-09,0.0,"{""type"":""MultiPoint"",""coordinates"":[]}"
20240310,2024-03-10,0.0,"{""type"":""MultiPoint"",""coordinates"":[]}"
20240311,2024-03-11,0.0,"{""type"":""MultiPoint"",""coordinates"":[]}"
20240312,2024-03-12,0.0,"{""type"":""MultiPoint"",""coordinates"":[]}"
20240313,2024-03-13,0.0,"{""type"":""MultiPoint"",""coordinates"":[]}"
20240314,2024-03-14,4.055362701416016,"{""type"":""MultiPoint"",""coordinates"":[]}"
20240315,2024-03-15,0.0,"{""type"":""MultiPoint"",""coordinates"":[]}"
20240316,2024-03-16,0.0,"{""type"":""MultiPoint"",""coordinates"":[]}"
20240317,2024-03-17,0.0,"{""type"":""MultiPoint"",""coordinates"":[]}"
20240318,2024-03-18,0.0,"{""type"":""MultiPoint"",""coordinates"":[]}"
20240319,2024-03-19,5.35402250289917,"{""type"":""MultiPoint"",""coordinates"":[]}"
20240320,2024-03-20,1.7846742868423462,"{""type"":""MultiPoint"",""coordinates"":[]}"
20240321,2024-03-21,0.0,"{""type"":""MultiPoint"",""coordinates"":[]}"
20240322,2024-03-22,0.0,"{""type"":""MultiPoint"",""coordinates"":[]}"
20240323,2024-03-23,7.432598114013672,"{""type"":""MultiPoint"",""coordinates"":[]}"
20240324,2024-03-24,0.0,"{""type"":""MultiPoint"",""coordinates"":[]}"
20240325,2024-03-25,7.432598114013672,"{""type"":""MultiPoint"",""coordinates"":[]}"
20240326,2024-03-26,0.0,"{""type"":""MultiPoint"",""coordinates"":[]}"
20240327,2024-03-27,0.0,"{""type"":""MultiPoint"",""coordinates"":[]}"
20240328,2024-03-28,0.0,"{""type"":""MultiPoint"",""coordinates"":[]}"
20240329,2024-03-29,12.71187686920166,"{""type"":""MultiPoint"",""coordinates"":[]}"
20240330,2024-03-30,12.71187686920166,"{""type"":""MultiPoint"",""coordinates"":[]}"
20240331,2024-03-31,6.35593843460083,"{""type"":""MultiPoint"",""coordinates"":[]}"
20240401,2024-04-01,7.591614723205566,"{""type"":""MultiPoint"",""coordinates"":[]}"
20240402,2024-04-02,7.591614723205566,"{""type"":""MultiPoint"",""coordinates"":[]}"
20240403,2024-04-03,7.591614723205566,"{""type"":""MultiPoint"",""coordinates"":[]}"
20240404,2024-04-04,15.183229446411133,"{""type"":""MultiPoint"",""coordinates"":[]}"
20240405,2024-04-05,0.0,"{""type"":""MultiPoint"",""coordinates"":[]}"
20240406,2024-04-06,6.53709602355957,"{""type"":""MultiPoint"",""coordinates"":[]}"
20240407,2024-04-07,0.0,"{""type"":""MultiPoint"",""coordinates"":[]}"
20240408,2024-04-08,6.53709602355957,"{""type"":""MultiPoint"",""coordinates"":[]}"
20240409,2024-04-09,0.0,"{""type"":""MultiPoint"",""coordinates"":[]}"
20240410,2024-04-10,0.0,"{""type"":""MultiPoint"",""coordinates"":[]}"
20240411,2024-04-11,0.0,"{""type"":""MultiPoint"",""coordinates"":[]}"
20240412,2024-04-12,0.0,"{""type"":""MultiPoint"",""coordinates"":[]}"
20240413,2024-04-13,0.0,"{""type"":""MultiPoint"",""coordinates"":[]}"
20240414,2024-04-14,23.05110740661621,"{""type"":""MultiPoint"",""coordinates"":[]}"
20240415,2024-04-15,0.0,"{""type"":""MultiPoint"",""coordinates"":[]}"
20240416,2024-04-16,5.894561290740967,"{""type"":""MultiPoint"",""coordinates"":[]}"
20240417,2024-04-17,11.789122581481934,"{""type"":""MultiPoint"",""coordinates"":[]}"
20240418,2024-04-18,5.894561290740967,"{""type"":""MultiPoint"",""coordinates"":[]}"
20240419,2024-04-19,23.578245162963867,"{""type"":""MultiPoint"",""coordinates"":[]}"
20240420,2024-04-20,5.894561290740967,"{""type"":""MultiPoint"",""coordinates"":[]}"
20240421,2024-04-21,7.682139873504639,"{""type"":""MultiPoint"",""coordinates"":[]}"
20240422,2024-04-22,5.364141941070557,"{""type"":""MultiPoint"",""coordinates"":[]}"
20240423,2024-04-23,8.779587745666504,"{""type"":""MultiPoint"",""coordinates"":[]}"
20240424,2024-04-24,7.682139873504639,"{""type"":""MultiPoint"",""coordinates"":[]}"
20240425,2024-04-25,0.0,"{""type"":""MultiPoint"",""coordinates"":[]}"
20240426,2024-04-26,13.33120346069336,"{""type"":""MultiPoint"",""coordinates"":[]}"
20240427,2024-04-27,26.66240692138672,"{""type"":""MultiPoint"",""coordinates"":[]}"
20240428,2024-04-28,0.0,"{""type"":""MultiPoint"",""coordinates"":[]}"
20240429,2024-04-29,13.33120346069336,"{""type"":""MultiPoint"",""coordinates"":[]}"
20240430,2024-04-30,13.33120346069336,"{""type"":""MultiPoint"",""coordinates"":[]}"
20240501,2024-05-01,7.754651069641113,"{""type"":""MultiPoint"",""coordinates"":[]}"
20240502,2024-05-02,0.0,"{""type"":""MultiPoint"",""coordinates"":[]}"
20240503,2024-05-03,7.754651069641113,"{""type"":""MultiPoint"",""coordinates"":[]}"
20240504,2024-05-04,23.263952255249023,"{""type"":""MultiPoint"",""coordinates"":[]}"
20240505,2024-05-05,0.0,"{""type"":""MultiPoint"",""coordinates"":[]}"
20240506,2024-05-06,0.0,"{""type"":""MultiPoint"",""coordinates"":[]}"
20240507,2024-05-07,9.174215316772461,"{""type"":""MultiPoint"",""coordinates"":[]}"
20240508,2024-05-08,9.174215316772461,"{""type"":""MultiPoint"",""coordinates"":[]}"
20240509,2024-05-09,9.174215316772461,"{""type"":""MultiPoint"",""coordinates"":[]}"
20240510,2024-05-10,9.174215316772461,"{""type"":""MultiPoint"",""coordinates"":[]}"
20240511,2024-05-11,0.0,"{""type"":""MultiPoint"",""coordinates"":[]}"
20240512,2024-05-12,0.0,"{""type"":""MultiPoint"",""coordinates"":[]}"
20240513,2024-05-13,0.0,"{""type"":""MultiPoint"",""coordinates"":[]}"
20240514,2024-05-14,0.0,"{""type"":""MultiPoint"",""coordinates"":[]}"
20240515,2024-05-15,23.17355728149414,"{""type"":""MultiPoint"",""coordinates"":[]}"
20240516,2024-05-16,2.6218409538269043,"{""type"":""MultiPoint"",""coordinates"":[]}"
20240517,2024-05-17,1.149956226348877,"{""type"":""MultiPoint"",""coordinates"":[]}"
20240518,2024-05-18,0.4367115795612335,"{""type"":""MultiPoint"",""coordinates"":[]}"
20240519,2024-05-19,4.686276435852051,"{""type"":""MultiPoint"",""coordinates"":[]}"
20240520,2024-05-20,3.957292079925537,"{""type"":""MultiPoint"",""coordinates"":[]}"
20240521,2024-05-21,0.0,"{""type"":""MultiPoint"",""coordinates"":[]}"
20240522,2024-05-22,0.0,"{""type"":""MultiPoint"",""coordinates"":[]}"
20240523,2024-05-23,0.0,"{""type"":""MultiPoint"",""coordinates"":[]}"
20240524,2024-05-24,0.0,"{""type"":""MultiPoint"",""coordinates"":[]}"
20240525,2024-05-25,10.531132698059082,"{""type"":""MultiPoint"",""coordinates"":[]}"
20240526,2024-05-26,13.674142837524414,"{""type"":""MultiPoint"",""coordinates"":[]}"
20240527,2024-05-27,0.0,"{""type"":""MultiPoint"",""coordinates"":[]}"
20240528,2024-05-28,0.0,"{""type"":""MultiPoint"",""coordinates"":[]}"
20240529,2024-05-29,0.0,"{""type"":""MultiPoint"",""coordinates"":[]}"
20240530,2024-05-30,0.0,"{""type"":""MultiPoint"",""coordinates"":[]}"
20240531,2024-05-31,0.0,"{""type"":""MultiPoint"",""coordinates"":[]}"
20240601,2024-06-01,0.0,"{""type"":""MultiPoint"",""coordinates"":[]}"
20240602,2024-06-02,0.0,"{""type"":""MultiPoint"",""coordinates"":[]}"
20240603,2024-06-03,2.7719998359680176,"{""type"":""MultiPoint"",""coordinates"":[]}"
20240604,2024-06-04,5.543999671936035,"{""type"":""MultiPoint"",""coordinates"":[]}"
20240605,2024-06-05,0.0,"{""type"":""MultiPoint"",""coordinates"":[]}"
20240606,2024-06-06,0.0,"{""type"":""MultiPoint"",""coordinates"":[]}"
20240607,2024-06-07,4.054128646850586,"{""type"":""MultiPoint"",""coordinates"":[]}"
20240608,2024-06-08,0.0,"{""type"":""MultiPoint"",""coordinates"":[]}"
20240609,2024-06-09,8.108257293701172,"{""type"":""MultiPoint"",""coordinates"":[]}"
20240610,2024-06-10,0.0,"{""type"":""MultiPoint"",""coordinates"":[]}"
20240611,2024-06-11,3.2337095737457275,"{""type"":""MultiPoint"",""coordinates"":[]}"
20240612,2024-06-12,2.636751413345337,"{""type"":""MultiPoint"",""coordinates"":[]}"
20240613,2024-06-13,1.9857275485992432,"{""type"":""MultiPoint"",""coordinates"":[]}"
20240614,2024-06-14,5.1788716316223145,"{""type"":""MultiPoint"",""coordinates"":[]}"
20240615,2024-06-15,6.706619739532471,"{""type"":""MultiPoint"",""coordinates"":[]}"
20240616,2024-06-16,3.6233651638031006,"{""type"":""MultiPoint"",""coordinates"":[]}"
20240617,2024-06-17,0.0,"{""type"":""MultiPoint"",""coordinates"":[]}"
20240618,2024-06-18,3.6233651638031006,"{""type"":""MultiPoint"",""coordinates"":[]}"
20240619,2024-06-19,10.870094299316406,"{""type"":""MultiPoint"",""coordinates"":[]}"
20240620,2024-06-20,7.246730327606201,"{""type"":""MultiPoint"",""coordinates"":[]}"
20240621,2024-06-21,4.248566150665283,"{""type"":""MultiPoint"",""coordinates"":[]}"
20240622,2024-06-22,4.248566150665283,"{""type"":""MultiPoint"",""coordinates"":[]}"
20240623,2024-06-23,4.248566150665283,"{""type"":""MultiPoint"",""coordinates"":[]}"
20240624,2024-06-24,0.0,"{""type"":""MultiPoint"",""coordinates"":[]}"
20240625,2024-06-25,0.0,"{""type"":""MultiPoint"",""coordinates"":[]}"
20240626,2024-06-26,0.0,"{""type"":""MultiPoint"",""coordinates"":[]}"
20240627,2024-06-27,0.0,"{""type"":""MultiPoint"",""coordinates"":[]}"
20240628,2024-06-28,0.0,"{""type"":""MultiPoint"",""coordinates"":[]}"
20240629,2024-06-29,0.0,"{""type"":""MultiPoint"",""coordinates"":[]}"
20240630,2024-06-30,23.727739334106445,"{""type"":""MultiPoint"",""coordinates"":[]}"
20240701,2024-07-01,5.328307628631592,"{""type"":""MultiPoint"",""coordinates"":[]}"
20240702,2024-07-02,15.984923362731934,"{""type"":""MultiPoint"",""coordinates"":[]}"
20240703,2024-07-03,0.0,"{""type"":""MultiPoint"",""coordinates"":[]}"
20240704,2024-07-04,0.0,"{""type"":""MultiPoint"",""coordinates"":[]}"
20240705,2024-07-05,0.0,"{""type"":""MultiPoint"",""coordinates"":[]}"
20240706,2024-07-06,0.0,"{""type"":""MultiPoint"",""coordinates"":[]}"
20240707,2024-07-07,0.0,"{""type"":""MultiPoint"",""coordinates"":[]}"
20240708,2024-07-08,0.0,"{""type"":""MultiPoint"",""coordinates"":[]}"
20240709,2024-07-09,4.473791599273682,"{""type"":""MultiPoint"",""coordinates"":[]}"
20240710,2024-07-10,0.0,"{""type"":""MultiPoint"",""coordinates"":[]}"
20240711,2024-07-11,0.0,"{""type"":""MultiPoint"",""coordinates"":[]}"
20240712,2024-07-12,7.092414379119873,"{""type"":""MultiPoint"",""coordinates"":[]}"
20240713,2024-07-13,0.0,"{""type"":""MultiPoint"",""coordinates"":[]}"
20240714,2024-07-14,0.0,"{""type"":""MultiPoint"",""coordinates"":[]}"
20240715,2024-07-15,0.0,"{""type"":""MultiPoint"",""coordinates"":[]}"
20240716,2024-07-16,0.0,"{""type"":""MultiPoint"",""coordinates"":[]}"
20240717,2024-07-17,0.0,"{""type"":""MultiPoint"",""coordinates"":[]}"
20240718,2024-07-18,0.0,"{""type"":""MultiPoint"",""coordinates"":[]}"
20240719,2024-07-19,3.1118414402008057,"{""type"":""MultiPoint"",""coordinates"":[]}"
20240720,2024-07-20,0.0,"{""type"":""MultiPoint"",""coordinates"":[]}"
20240721,2024-07-21,0.0,"{""type"":""MultiPoint"",""coordinates"":[]}"
20240722,2024-07-22,0.0,"{""type"":""MultiPoint"",""coordinates"":[]}"
20240723,2024-07-23,0.0,"{""type"":""MultiPoint"",""coordinates"":[]}"
20240724,2024-07-24,0.0,"{""type"":""MultiPoint"",""coordinates"":[]}"
20240725,2024-07-25,0.0,"{""type"":""MultiPoint"",""coordinates"":[]}"
20240726,2024-07-26,0.0,"{""type"":""MultiPoint"",""coordinates"":[]}"
20240727,2024-07-27,0.0,"{""type"":""MultiPoint"",""coordinates"":[]}"
20240728,2024-07-28,0.0,"{""type"":""MultiPoint"",""coordinates"":[]}"
20240729,2024-07-29,0.0,"{""type"":""MultiPoint"",""coordinates"":[]}"
20240730,2024-07-30,0.0,"{""type"":""MultiPoint"",""coordinates"":[]}"
20240731,2024-07-31,0.0,"{""type"":""MultiPoint"",""coordinates"":[]}"
20240801,2024-08-01,0.0,"{""type"":""MultiPoint"",""coordinates"":[]}"
20240802,2024-08-02,8.305072784423828,"{""type"":""MultiPoint"",""coordinates"":[]}"
20240803,2024-08-03,0.0,"{""type"":""MultiPoint"",""coordinates"":[]}"
20240804,2024-08-04,8.305072784423828,"{""type"":""MultiPoint"",""coordinates"":[]}"
20240805,2024-08-05,4.152536392211914,"{""type"":""MultiPoint"",""coordinates"":[]}"
20240806,2024-08-06,1.1443129777908325,"{""type"":""MultiPoint"",""coordinates"":[]}"
20240807,2024-08-07,1.1443129777908325,"{""type"":""MultiPoint"",""coordinates"":[]}"
20240808,2024-08-08,0.0,"{""type"":""MultiPoint"",""coordinates"":[]}"
20240809,2024-08-09,1.1443129777908325,"{""type"":""MultiPoint"",""coordinates"":[]}"
20240810,2024-08-10,1.1443129777908325,"{""type"":""MultiPoint"",""coordinates"":[]}"
20240811,2024-08-11,0.0,"{""type"":""MultiPoint"",""coordinates"":[]}"
20240812,2024-08-12,0.0,"{""type"":""MultiPoint"",""coordinates"":[]}"
20240813,2024-08-13,6.582457542419434,"{""type"":""MultiPoint"",""coordinates"":[]}"
20240814,2024-08-14,0.0,"{""type"":""MultiPoint"",""coordinates"":[]}"
20240815,2024-08-15,0.0,"{""type"":""MultiPoint"",""coordinates"":[]}"
20240816,2024-08-16,0.0,"{""type"":""MultiPoint"",""coordinates"":[]}"
20240817,2024-08-17,2.1198172569274902,"{""type"":""MultiPoint"",""coordinates"":[]}"
20240818,2024-08-18,0.0,"{""type"":""MultiPoint"",""coordinates"":[]}"
20240819,2024-08-19,0.0,"{""type"":""MultiPoint"",""coordinates"":[]}"
20240820,2024-08-20,0.0,"{""type"":""MultiPoint"",""coordinates"":[]}"
20240821,2024-08-21,0.0,"{""type"":""MultiPoint"",""coordinates"":[]}"
20240822,2024-08-22,0.0,"{""type"":""MultiPoint"",""coordinates"":[]}"
20240823,2024-08-23,0.0,"{""type"":""MultiPoint"",""coordinates"":[]}"
20240824,2024-08-24,3.1505868434906006,"{""type"":""MultiPoint"",""coordinates"":[]}"
20240825,2024-08-25,0.7402958869934082,"{""type"":""MultiPoint"",""coordinates"":[]}"
20240826,2024-08-26,1.921019434928894,"{""type"":""MultiPoint"",""coordinates"":[]}"
20240827,2024-08-27,0.0,"{""type"":""MultiPoint"",""coordinates"":[]}"
20240828,2024-08-28,0.8929551839828491,"{""type"":""MultiPoint"",""coordinates"":[]}"
20240829,2024-08-29,0.2809197008609772,"{""type"":""MultiPoint"",""coordinates"":[]}"
20240830,2024-08-30,0.0,"{""type"":""MultiPoint"",""coordinates"":[]}"
20240831,2024-08-31,0.09879651665687561,"{""type"":""MultiPoint"",""coordinates"":[]}"
20240901,2024-09-01,5.653375148773193,"{""type"":""MultiPoint"",""coordinates"":[]}"
20240902,2024-09-02,0.0,"{""type"":""MultiPoint"",""coordinates"":[]}"
20240903,2024-09-03,5.653375148773193,"{""type"":""MultiPoint"",""coordinates"":[]}"
20240904,2024-09-04,0.0,"{""type"":""MultiPoint"",""coordinates"":[]}"
20240905,2024-09-05,11.306750297546387,"{""type"":""MultiPoint"",""coordinates"":[]}"
20240906,2024-09-06,0.0,"{""type"":""MultiPoint"",""coordinates"":[]}"
20240907,2024-09-07,6.589917182922363,"{""type"":""MultiPoint"",""coordinates"":[]}"
20240908,2024-09-08,0.0,"{""type"":""MultiPoint"",""coordinates"":[]}"
20240909,2024-09-09,0.0,"{""type"":""MultiPoint"",""coordinates"":[]}"
20240910,2024-09-10,0.0,"{""type"":""MultiPoint"",""coordinates"":[]}"
20240911,2024-09-11,0.0,"{""type"":""MultiPoint"",""coordinates"":[]}"
20240912,2024-09-12,3.327366590499878,"{""type"":""MultiPoint"",""coordinates"":[]}"
20240913,2024-09-13,0.0,"{""type"":""MultiPoint"",""coordinates"":[]}"
20240914,2024-09-14,5.446991920471191,"{""type"":""MultiPoint"",""coordinates"":[]}"
20240915,2024-09-15,0.0,"{""type"":""MultiPoint"",""coordinates"":[]}"
20240916,2024-09-16,0.0,"{""type"":""MultiPoint"",""coordinates"":[]}"
20240917,2024-09-17,1.9994982481002808,"{""type"":""MultiPoint"",""coordinates"":[]}"
20240918,2024-09-18,0.0,"{""type"":""MultiPoint"",""coordinates"":[]}"
20240919,2024-09-19,0.0,"{""type"":""MultiPoint"",""coordinates"":[]}"
20240920,2024-09-20,3.9989964962005615,"{""type"":""MultiPoint"",""coordinates"":[]}"
20240921,2024-09-21,3.4230000972747803,"{""type"":""MultiPoint"",""coordinates"":[]}"
20240922,2024-09-22,0.0,"{""type"":""MultiPoint"",""coordinates"":[]}"
20240923,2024-09-23,0.0,"{""type"":""MultiPoint"",""coordinates"":[]}"
20240924,2024-09-24,0.0,"{""type"":""MultiPoint"",""coordinates"":[]}"
20240925,2024-09-25,3.4230000972747803,"{""type"":""MultiPoint"",""coordinates"":[]}"
20240926,2024-09-26,4.804084777832031,"{""type"":""MultiPoint"",""coordinates"":[]}"
20240927,2024-09-27,3.202723264694214,"{""type"":""MultiPoint"",""coordinates"":[]}"
20240928,2024-09-28,0.0,"{""type"":""MultiPoint"",""coordinates"":[]}"
20240929,2024-09-29,3.202723264694214,"{""type"":""MultiPoint"",""coordinates"":[]}"
20240930,2024-09-30,1.601361632347107,"{""type"":""MultiPoint"",""coordinates"":[]}"
20241001,2024-10-01,0.6980724334716797,"{""type"":""MultiPoint"",""coordinates"":[]}"
20241002,2024-10-02,2.4653167724609375,"{""type"":""MultiPoint"",""coordinates"":[]}"
20241003,2024-10-03,4.371769428253174,"{""type"":""MultiPoint"",""coordinates"":[]}"
20241004,2024-10-04,10.100970268249512,"{""type"":""MultiPoint"",""coordinates"":[]}"
20241005,2024-10-05,21.03688621520996,"{""type"":""MultiPoint"",""coordinates"":[]}"
20241006,2024-10-06,0.0,"{""type"":""MultiPoint"",""coordinates"":[]}"
20241007,2024-10-07,35.098350524902344,"{""type"":""MultiPoint"",""coordinates"":[]}"
20241008,2024-10-08,0.0,"{""type"":""MultiPoint"",""coordinates"":[]}"
20241009,2024-10-09,0.0,"{""type"":""MultiPoint"",""coordinates"":[]}"
20241010,2024-10-10,0.0,"{""type"":""MultiPoint"",""coordinates"":[]}"
20241011,2024-10-11,0.0,"{""type"":""MultiPoint"",""coordinates"":[]}"
20241012,2024-10-12,0.0,"{""type"":""MultiPoint"",""coordinates"":[]}"
20241013,2024-10-13,0.0,"{""type"":""MultiPoint"",""coordinates"":[]}"
20241014,2024-10-14,0.0,"{""type"":""MultiPoint"",""coordinates"":[]}"
20241015,2024-10-15,6.128880023956299,"{""type"":""MultiPoint"",""coordinates"":[]}"
20241016,2024-10-16,8.692870140075684,"{""type"":""MultiPoint"",""coordinates"":[]}"
20241017,2024-10-17,0.0,"{""type"":""MultiPoint"",""coordinates"":[]}"
20241018,2024-10-18,0.0,"{""type"":""MultiPoint"",""coordinates"":[]}"
20241019,2024-10-19,8.692870140075684,"{""type"":""MultiPoint"",""coordinates"":[]}"
20241020,2024-10-20,0.0,"{""type"":""MultiPoint"",""coordinates"":[]}"
20241021,2024-10-21,0.0,"{""type"":""MultiPoint"",""coordinates"":[]}"
20241022,2024-10-22,11.873313903808594,"{""type"":""MultiPoint"",""coordinates"":[]}"
20241023,2024-10-23,0.0,"{""type"":""MultiPoint"",""coordinates"":[]}"
20241024,2024-10-24,11.873313903808594,"{""type"":""MultiPoint"",""coordinates"":[]}"
20241025,2024-10-25,0.0,"{""type"":""MultiPoint"",""coordinates"":[]}"
20241026,2024-10-26,7.4340362548828125,"{""type"":""MultiPoint"",""coordinates"":[]}"
20241027,2024-10-27,11.151053428649902,"{""type"":""MultiPoint"",""coordinates"":[]}"
20241028,2024-10-28,0.0,"{""type"":""MultiPoint"",""coordinates"":[]}"
20241029,2024-10-29,0.0,"{""type"":""MultiPoint"",""coordinates"":[]}"
20241030,2024-10-30,3.7170181274414062,"{""type"":""MultiPoint"",""coordinates"":[]}"
20241031,2024-10-31,14.868072509765625,"{""type"":""MultiPoint"",""coordinates"":[]}"
20241101,2024-11-01,10.05797290802002,"{""type"":""MultiPoint"",""coordinates"":[]}"
20241102,2024-11-02,0.0,"{""type"":""MultiPoint"",""coordinates"":[]}"
20241103,2024-11-03,20.11594581604004,"{""type"":""MultiPoint"",""coordinates"":[]}"
20241104,2024-11-04,40.23189163208008,"{""type"":""MultiPoint"",""coordinates"":[]}"
20241105,2024-11-05,10.05797290802002,"{""type"":""MultiPoint"",""coordinates"":[]}"
20241106,2024-11-06,8.91563892364502,"{""type"":""MultiPoint"",""coordinates"":[]}"
20241107,2024-11-07,8.91563892364502,"{""type"":""MultiPoint"",""coordinates"":[]}"
20241108,2024-11-08,17.83127784729004,"{""type"":""MultiPoint"",""coordinates"":[]}"
20241109,2024-11-09,8.91563892364502,"{""type"":""MultiPoint"",""coordinates"":[]}"
20241110,2024-11-10,17.83127784729004,"{""type"":""MultiPoint"",""coordinates"":[]}"
20241111,2024-11-11,32.85287094116211,"{""type"":""MultiPoint"",""coordinates"":[]}"
20241112,2024-11-12,0.0,"{""type"":""MultiPoint"",""coordinates"":[]}"
20241113,2024-11-13,0.0,"{""type"":""MultiPoint"",""coordinates"":[]}"
20241114,2024-11-14,0.0,"{""type"":""MultiPoint"",""coordinates"":[]}"
20241115,2024-11-15,0.0,"{""type"":""MultiPoint"",""coordinates"":[]}"
20241116,2024-11-16,0.0,"{""type"":""MultiPoint"",""coordinates"":[]}"
20241117,2024-11-17,0.0,"{""type"":""MultiPoint"",""coordinates"":[]}"
20241118,2024-11-18,13.899035453796387,"{""type"":""MultiPoint"",""coordinates"":[]}"
20241119,2024-11-19,27.798070907592773,"{""type"":""MultiPoint"",""coordinates"":[]}"
20241120,2024-11-20,0.0,"{""type"":""MultiPoint"",""coordinates"":[]}"
20241121,2024-11-21,20.751502990722656,"{""type"":""MultiPoint"",""coordinates"":[]}"
20241122,2024-11-22,0.0,"{""type"":""MultiPoint"",""coordinates"":[]}"
20241123,2024-11-23,13.834334373474121,"{""type"":""MultiPoint"",""coordinates"":[]}"
20241124,2024-11-24,0.0,"{""type"":""MultiPoint"",""coordinates"":[]}"
20241125,2024-11-25,0.0,"{""type"":""MultiPoint"",""coordinates"":[]}"
20241126,2024-11-26,0.0,"{""type"":""MultiPoint"",""coordinates"":[]}"
20241127,2024-11-27,0.0,"{""type"":""MultiPoint"",""coordinates"":[]}"
20241128,2024-11-28,0.0,"{""type"":""MultiPoint"",""coordinates"":[]}"
20241129,2024-11-29,0.0,"{""type"":""MultiPoint"",""coordinates"":[]}"
20241130,2024-11-30,0.0,"{""type"":""MultiPoint"",""coordinates"":[]}"
20241201,2024-12-01,0.0,"{""type"":""MultiPoint"",""coordinates"":[]}"
20241202,2024-12-02,0.0,"{""type"":""MultiPoint"",""coordinates"":[]}"
20241203,2024-12-03,0.0,"{""type"":""MultiPoint"",""coordinates"":[]}"
20241204,2024-12-04,0.0,"{""type"":""MultiPoint"",""coordinates"":[]}"
20241205,2024-12-05,0.0,"{""type"":""MultiPoint"",""coordinates"":[]}"
20241206,2024-12-06,0.0,"{""type"":""MultiPoint"",""coordinates"":[]}"
20241207,2024-12-07,0.0,"{""type"":""MultiPoint"",""coordinates"":[]}"
20241208,2024-12-08,0.0,"{""type"":""MultiPoint"",""coordinates"":[]}"
20241209,2024-12-09,0.0,"{""type"":""MultiPoint"",""coordinates"":[]}"
20241210,2024-12-10,0.0,"{""type"":""MultiPoint"",""coordinates"":[]}"
20241211,2024-12-11,0.0,"{""type"":""MultiPoint"",""coordinates"":[]}"
20241212,2024-12-12,0.0,"{""type"":""MultiPoint"",""coordinates"":[]}"
20241213,2024-12-13,0.0,"{""type"":""MultiPoint"",""coordinates"":[]}"
20241214,2024-12-14,0.0,"{""type"":""MultiPoint"",""coordinates"":[]}"
20241215,2024-12-15,0.0,"{""type"":""MultiPoint"",""coordinates"":[]}"
20241216,2024-12-16,0.0,"{""type"":""MultiPoint"",""coordinates"":[]}"
20241217,2024-12-17,0.0,"{""type"":""MultiPoint"",""coordinates"":[]}"
20241218,2024-12-18,0.0,"{""type"":""MultiPoint"",""coordinates"":[]}"
20241219,2024-12-19,0.0,"{""type"":""MultiPoint"",""coordinates"":[]}"
20241220,2024-12-20,5.576219081878662,"{""type"":""MultiPoint"",""coordinates"":[]}"
20241221,2024-12-21,0.0,"{""type"":""MultiPoint"",""coordinates"":[]}"
20241222,2024-12-22,13.817359924316406,"{""type"":""MultiPoint"",""coordinates"":[]}"
20241223,2024-12-23,0.0,"{""type"":""MultiPoint"",""coordinates"":[]}"
20241224,2024-12-24,27.634719848632812,"{""type"":""MultiPoint"",""coordinates"":[]}"
20241225,2024-12-25,0.0,"{""type"":""MultiPoint"",""coordinates"":[]}"
20241226,2024-12-26,0.0,"{""type"":""MultiPoint"",""coordinates"":[]}"
20241227,2024-12-27,24.939943313598633,"{""type"":""MultiPoint"",""coordinates"":[]}"
20241228,2024-12-28,0.0,"{""type"":""MultiPoint"",""coordinates"":[]}"
20241229,2024-12-29,24.939943313598633,"{""type"":""MultiPoint"",""coordinates"":[]}"
20241230,2024-12-30,24.939943313598633,"{""type"":""MultiPoint"",""coordinates"":[]}"
20241231,2024-12-31,0.0,"{""type"":""MultiPoint"",""coordinates"":[]}"
20250101,2025-01-01,0.0,"{""type"":""MultiPoint"",""coordinates"":[]}"
20250102,2025-01-02,0.0,"{""type"":""MultiPoint"",""coordinates"":[]}"
20250103,2025-01-03,0.0,"{""type"":""MultiPoint"",""coordinates"":[]}"
20250104,2025-01-04,0.0,"{""type"":""MultiPoint"",""coordinates"":[]}"
20250105,2025-01-05,0.0,"{""type"":""MultiPoint"",""coordinates"":[]}"
20250106,2025-01-06,0.0,"{""type"":""MultiPoint"",""coordinates"":[]}"
20250107,2025-01-07,33.99971389770508,"{""type"":""MultiPoint"",""coordinates"":[]}"
20250108,2025-01-08,33.99971389770508,"{""type"":""MultiPoint"",""coordinates"":[]}"
20250109,2025-01-09,0.0,"{""type"":""MultiPoint"",""coordinates"":[]}"
20250110,2025-01-10,0.0,"{""type"":""MultiPoint"",""coordinates"":[]}"
20250111,2025-01-11,0.0,"{""type"":""MultiPoint"",""coordinates"":[]}"
20250112,2025-01-12,0.0,"{""type"":""MultiPoint"",""coordinates"":[]}"
20250113,2025-01-13,0.0,"{""type"":""MultiPoint"",""coordinates"":[]}"
20250114,2025-01-14,0.0,"{""type"":""MultiPoint"",""coordinates"":[]}"
20250115,2025-01-15,0.0,"{""type"":""MultiPoint"",""coordinates"":[]}"
20250116,2025-01-16,0.0,"{""type"":""MultiPoint"",""coordinates"":[]}"
20250117,2025-01-17,0.0,"{""type"":""MultiPoint"",""coordinates"":[]}"
20250118,2025-01-18,0.0,"{""type"":""MultiPoint"",""coordinates"":[]}"
20250119,2025-01-19,0.0,"{""type"":""MultiPoint"",""coordinates"":[]}"
20250120,2025-01-20,0.0,"{""type"":""MultiPoint"",""coordinates"":[]}"
20250121,2025-01-21,3.3855888843536377,"{""type"":""MultiPoint"",""coordinates"":[]}"
20250122,2025-01-22,0.0,"{""type"":""MultiPoint"",""coordinates"":[]}"
20250123,2025-01-23,0.0,"{""type"":""MultiPoint"",""coordinates"":[]}"
20250124,2025-01-24,6.323044776916504,"{""type"":""MultiPoint"",""coordinates"":[]}"
20250125,2025-01-25,2.5389034748077393,"{""type"":""MultiPoint"",""coordinates"":[]}"
20250126,2025-01-26,0.0,"{""type"":""MultiPoint"",""coordinates"":[]}"
20250127,2025-01-27,0.0,"{""type"":""MultiPoint"",""coordinates"":[]}"
20250128,2025-01-28,0.0,"{""type"":""MultiPoint"",""coordinates"":[]}"
20250129,2025-01-29,0.0,"{""type"":""MultiPoint"",""coordinates"":[]}"
20250130,2025-01-30,0.0,"{""type"":""MultiPoint"",""coordinates"":[]}"
20250131,2025-01-31,0.0,"{""type"":""MultiPoint"",""coordinates"":[]}"
20250201,2025-02-01,0.0,"{""type"":""MultiPoint"",""coordinates"":[]}"
20250202,2025-02-02,28.969141006469727,"{""type"":""MultiPoint"",""coordinates"":[]}"
20250203,2025-02-03,0.0,"{""type"":""MultiPoint"",""coordinates"":[]}"
20250204,2025-02-04,9.656379699707031,"{""type"":""MultiPoint"",""coordinates"":[]}"
20250205,2025-02-05,0.0,"{""type"":""MultiPoint"",""coordinates"":[]}"
20250206,2025-02-06,0.0,"{""type"":""MultiPoint"",""coordinates"":[]}"
20250207,2025-02-07,0.563356339931488,"{""type"":""MultiPoint"",""coordinates"":[]}"
20250208,2025-02-08,5.675003528594971,"{""type"":""MultiPoint"",""coordinates"":[]}"
20250209,2025-02-09,9.51965618133545,"{""type"":""MultiPoint"",""coordinates"":[]}"
20250210,2025-02-10,17.32926368713379,"{""type"":""MultiPoint"",""coordinates"":[]}"
20250211,2025-02-11,27.095561981201172,"{""type"":""MultiPoint"",""coordinates"":[]}"
20250212,2025-02-12,0.0,"{""type"":""MultiPoint"",""coordinates"":[]}"
20250213,2025-02-13,27.095561981201172,"{""type"":""MultiPoint"",""coordinates"":[]}"
20250214,2025-02-14,0.0,"{""type"":""MultiPoint"",""coordinates"":[]}"
20250215,2025-02-15,0.0,"{""type"":""MultiPoint"",""coordinates"":[]}"
20250216,2025-02-16,0.0,"{""type"":""MultiPoint"",""coordinates"":[]}"
20250217,2025-02-17,0.0,"{""type"":""MultiPoint"",""coordinates"":[]}"
20250218,2025-02-18,0.0,"{""type"":""MultiPoint"",""coordinates"":[]}"
20250219,2025-02-19,12.713868141174316,"{""type"":""MultiPoint"",""coordinates"":[]}"
20250220,2025-02-20,38.141605377197266,"{""type"":""MultiPoint"",""coordinates"":[]}"
20250221,2025-02-21,0.0,"{""type"":""MultiPoint"",""coordinates"":[]}"
20250222,2025-02-22,9.400446891784668,"{""type"":""MultiPoint"",""coordinates"":[]}"
20250223,2025-02-23,0.0,"{""type"":""MultiPoint"",""coordinates"":[]}"
20250224,2025-02-24,9.400446891784668,"{""type"":""MultiPoint"",""coordinates"":[]}"
20250225,2025-02-25,37.60178756713867,"{""type"":""MultiPoint"",""coordinates"":[]}"
20250226,2025-02-26,14.864493370056152,"{""type"":""MultiPoint"",""coordinates"":[]}"
20250227,2025-02-27,0.8593583106994629,"{""type"":""MultiPoint"",""coordinates"":[]}"
20250228,2025-02-28,0.2678683400154114,"{""type"":""MultiPoint"",""coordinates"":[]}"
20250301,2025-03-01,6.869610786437988,"{""type"":""MultiPoint"",""coordinates"":[]}"
20250302,2025-03-02,6.869610786437988,"{""type"":""MultiPoint"",""coordinates"":[]}"
20250303,2025-03-03,6.869610786437988,"{""type"":""MultiPoint"",""coordinates"":[]}"
20250304,2025-03-04,13.739221572875977,"{""type"":""MultiPoint"",""coordinates"":[]}"
20250305,2025-03-05,6.869610786437988,"{""type"":""MultiPoint"",""coordinates"":[]}"
20250306,2025-03-06,0.0,"{""type"":""MultiPoint"",""coordinates"":[]}"
20250307,2025-03-07,16.800251007080078,"{""type"":""MultiPoint"",""coordinates"":[]}"
20250308,2025-03-08,5.600083351135254,"{""type"":""MultiPoint"",""coordinates"":[]}"
20250309,2025-03-09,0.0,"{""type"":""MultiPoint"",""coordinates"":[]}"
20250310,2025-03-10,5.600083351135254,"{""type"":""MultiPoint"",""coordinates"":[]}"
20250311,2025-03-11,5.504121780395508,"{""type"":""MultiPoint"",""coordinates"":[]}"
20250312,2025-03-12,16.512365341186523,"{""type"":""MultiPoint"",""coordinates"":[]}"
20250313,2025-03-13,0.0,"{""type"":""MultiPoint"",""coordinates"":[]}"
20250314,2025-03-14,16.512365341186523,"{""type"":""MultiPoint"",""coordinates"":[]}"
20250315,2025-03-15,5.504121780395508,"{""type"":""MultiPoint"",""coordinates"":[]}"
20250316,2025-03-16,0.0,"{""type"":""MultiPoint"",""coordinates"":[]}"
20250317,2025-03-17,7.773082256317139,"{""type"":""MultiPoint"",""coordinates"":[]}"
20250318,2025-03-18,15.546164512634277,"{""type"":""MultiPoint"",""coordinates"":[]}"
20250319,2025-03-19,0.0,"{""type"":""MultiPoint"",""coordinates"":[]}"
20250320,2025-03-20,7.773082256317139,"{""type"":""MultiPoint"",""coordinates"":[]}"
20250321,2025-03-21,9.492013931274414,"{""type"":""MultiPoint"",""coordinates"":[]}"
20250322,2025-03-22,0.0,"{""type"":""MultiPoint"",""coordinates"":[]}"
20250323,2025-03-23,0.0,"{""type"":""MultiPoint"",""coordinates"":[]}"
20250324,2025-03-24,0.0,"{""type"":""MultiPoint"",""coordinates"":[]}"
20250325,2025-03-25,0.0,"{""type"":""MultiPoint"",""coordinates"":[]}"
20250326,2025-03-26,0.0,"{""type"":""MultiPoint"",""coordinates"":[]}"
20250327,2025-03-27,25.836292266845703,"{""type"":""MultiPoint"",""coordinates"":[]}"
20250328,2025-03-28,0.0,"{""type"":""MultiPoint"",""coordinates"":[]}"
20250329,2025-03-29,0.0,"{""type"":""MultiPoint"",""coordinates"":[]}"
20250330,2025-03-30,12.918146133422852,"{""type"":""MultiPoint"",""coordinates"":[]}"
20250331,2025-03-31,12.918146133422852,"{""type"":""MultiPoint"",""coordinates"":[]}"
20250401,2025-04-01,0.0,"{""type"":""MultiPoint"",""coordinates"":[]}"
20250402,2025-04-02,7.6974005699157715,"{""type"":""MultiPoint"",""coordinates"":[]}"
20250403,2025-04-03,0.0,"{""type"":""MultiPoint"",""coordinates"":[]}"
20250404,2025-04-04,30.789602279663086,"{""type"":""MultiPoint"",""coordinates"":[]}"
20250405,2025-04-05,7.6974005699157715,"{""type"":""MultiPoint"",""coordinates"":[]}"
20250406,2025-04-06,21.20759391784668,"{""type"":""MultiPoint"",""coordinates"":[]}"
20250407,2025-04-07,15.905695915222168,"{""type"":""MultiPoint"",""coordinates"":[]}"
20250408,2025-04-08,15.905695915222168,"{""type"":""MultiPoint"",""coordinates"":[]}"
20250409,2025-04-09,0.0,"{""type"":""MultiPoint"",""coordinates"":[]}"
20250410,2025-04-10,10.60379695892334,"{""type"":""MultiPoint"",""coordinates"":[]}"
20250411,2025-04-11,6.942906379699707,"{""type"":""MultiPoint"",""coordinates"":[]}"
20250412,2025-04-12,0.0,"{""type"":""MultiPoint"",""coordinates"":[]}"
20250413,2025-04-13,0.0,"{""type"":""MultiPoint"",""coordinates"":[]}"
20250414,2025-04-14,0.0,"{""type"":""MultiPoint"",""coordinates"":[]}"
20250415,2025-04-15,0.0,"{""type"":""MultiPoint"",""coordinates"":[]}"
20250416,2025-04-16,0.0,"{""type"":""MultiPoint"",""coordinates"":[]}"
20250417,2025-04-17,0.0,"{""type"":""MultiPoint"",""coordinates"":[]}"
20250418,2025-04-18,0.0,"{""type"":""MultiPoint"",""coordinates"":[]}"
20250419,2025-04-19,0.0,"{""type"":""MultiPoint"",""coordinates"":[]}"
20250420,2025-04-20,39.16445541381836,"{""type"":""MultiPoint"",""coordinates"":[]}"
20250421,2025-04-21,0.0,"{""type"":""MultiPoint"",""coordinates"":[]}"
20250422,2025-04-22,0.0,"{""type"":""MultiPoint"",""coordinates"":[]}"
20250423,2025-04-23,0.0,"{""type"":""MultiPoint"",""coordinates"":[]}"
20250424,2025-04-24,37.31369400024414,"{""type"":""MultiPoint"",""coordinates"":[]}"
20250425,2025-04-25,12.437897682189941,"{""type"":""MultiPoint"",""coordinates"":[]}"
20250426,2025-04-26,0.0,"{""type"":""MultiPoint"",""coordinates"":[]}"
20250427,2025-04-27,5.2387261390686035,"{""type"":""MultiPoint"",""coordinates"":[]}"
20250428,2025-04-28,20.954904556274414,"{""type"":""MultiPoint"",""coordinates"":[]}"
20250429,2025-04-29,0.0,"{""type"":""MultiPoint"",""coordinates"":[]}"
20250430,2025-04-30,10.477452278137207,"{""type"":""MultiPoint"",""coordinates"":[]}"
20250501,2025-05-01,0.0,"{""type"":""MultiPoint"",""coordinates"":[]}"
20250502,2025-05-02,0.0,"{""type"":""MultiPoint"",""coordinates"":[]}"
20250503,2025-05-03,0.0,"{""type"":""MultiPoint"",""coordinates"":[]}"
20250504,2025-05-04,0.0,"{""type"":""MultiPoint"",""coordinates"":[]}"
20250505,2025-05-05,0.0,"{""type"":""MultiPoint"",""coordinates"":[]}"
20250506,2025-05-06,5.882237911224365,"{""type"":""MultiPoint"",""coordinates"":[]}"
20250507,2025-05-07,9.89555549621582,"{""type"":""MultiPoint"",""coordinates"":[]}"
20250508,2025-05-08,8.009610176086426,"{""type"":""MultiPoint"",""coordinates"":[]}"
20250509,2025-05-09,0.7381749749183655,"{""type"":""MultiPoint"",""coordinates"":[]}"
20250510,2025-05-10,1.589207649230957,"{""type"":""MultiPoint"",""coordinates"":[]}"
20250511,2025-05-11,0.0,"{""type"":""MultiPoint"",""coordinates"":[]}"
20250512,2025-05-12,0.0,"{""type"":""MultiPoint"",""coordinates"":[]}"
20250513,2025-05-13,0.0,"{""type"":""MultiPoint"",""coordinates"":[]}"
20250514,2025-05-14,0.0,"{""type"":""MultiPoint"",""coordinates"":[]}"
20250515,2025-05-15,16.4239444732666,"{""type"":""MultiPoint"",""coordinates"":[]}"
20250516,2025-05-16,4.820469379425049,"{""type"":""MultiPoint"",""coordinates"":[]}"
20250517,2025-05-17,19.803407669067383,"{""type"":""MultiPoint"",""coordinates"":[]}"
20250518,2025-05-18,17.13619041442871,"{""type"":""MultiPoint"",""coordinates"":[]}"
20250519,2025-05-19,16.189918518066406,"{""type"":""MultiPoint"",""coordinates"":[]}"
20250520,2025-05-20,18.915733337402344,"{""type"":""MultiPoint"",""coordinates"":[]}"
20250521,2025-05-21,0.0,"{""type"":""MultiPoint"",""coordinates"":[]}"
20250522,2025-05-22,6.627938270568848,"{""type"":""MultiPoint"",""coordinates"":[]}"
20250523,2025-05-23,0.0,"{""type"":""MultiPoint"",""coordinates"":[]}"
20250524,2025-05-24,0.0,"{""type"":""MultiPoint"",""coordinates"":[]}"
20250525,2025-05-25,0.0,"{""type"":""MultiPoint"",""coordinates"":[]}"
20250526,2025-05-26,0.0,"{""type"":""MultiPoint"",""coordinates"":[]}"
20250527,2025-05-27,4.44999885559082,"{""type"":""MultiPoint"",""coordinates"":[]}"
20250528,2025-05-28,8.89999771118164,"{""type"":""MultiPoint"",""coordinates"":[]}"
20250529,2025-05-29,0.0,"{""type"":""MultiPoint"",""coordinates"":[]}"
20250530,2025-05-30,0.0,"{""type"":""MultiPoint"",""coordinates"":[]}"
20250531,2025-05-31,8.89999771118164,"{""type"":""MultiPoint"",""coordinates"":[]}"
20250601,2025-06-01,0.0,"{""type"":""MultiPoint"",""coordinates"":[]}"
20250602,2025-06-02,0.0,"{""type"":""MultiPoint"",""coordinates"":[]}"
20250603,2025-06-03,0.0,"{""type"":""MultiPoint"",""coordinates"":[]}"
20250604,2025-06-04,0.0,"{""type"":""MultiPoint"",""coordinates"":[]}"
20250605,2025-06-05,8.867582321166992,"{""type"":""MultiPoint"",""coordinates"":[]}"
20250606,2025-06-06,5.310903549194336,"{""type"":""MultiPoint"",""coordinates"":[]}"
20250607,2025-06-07,2.655451774597168,"{""type"":""MultiPoint"",""coordinates"":[]}"
20250608,2025-06-08,0.0,"{""type"":""MultiPoint"",""coordinates"":[]}"
20250609,2025-06-09,0.0,"{""type"":""MultiPoint"",""coordinates"":[]}"
20250610,2025-06-10,2.655451774597168,"{""type"":""MultiPoint"",""coordinates"":[]}"
20250611,2025-06-11,5.293610095977783,"{""type"":""MultiPoint"",""coordinates"":[]}"
20250612,2025-06-12,3.43911075592041,"{""type"":""MultiPoint"",""coordinates"":[]}"
20250613,2025-06-13,5.722598552703857,"{""type"":""MultiPoint"",""coordinates"":[]}"
20250614,2025-06-14,9.409523010253906,"{""type"":""MultiPoint"",""coordinates"":[]}"
20250615,2025-06-15,13.310721397399902,"{""type"":""MultiPoint"",""coordinates"":[]}"
20250616,2025-06-16,0.0,"{""type"":""MultiPoint"",""coordinates"":[]}"
20250617,2025-06-17,4.5349650382995605,"{""type"":""MultiPoint"",""coordinates"":[]}"
20250618,2025-06-18,1.5116549730300903,"{""type"":""MultiPoint"",""coordinates"":[]}"
20250619,2025-06-19,0.0,"{""type"":""MultiPoint"",""coordinates"":[]}"
20250620,2025-06-20,0.0,"{""type"":""MultiPoint"",""coordinates"":[]}"
20250621,2025-06-21,0.0,"{""type"":""MultiPoint"",""coordinates"":[]}"
20250622,2025-06-22,0.0,"{""type"":""MultiPoint"",""coordinates"":[]}"
20250623,2025-06-23,0.0,"{""type"":""MultiPoint"",""coordinates"":[]}"
20250624,2025-06-24,16.77111053466797,"{""type"":""MultiPoint"",""coordinates"":[]}"
20250625,2025-06-25,4.192777633666992,"{""type"":""MultiPoint"",""coordinates"":[]}"
20250626,2025-06-26,0.0,"{""type"":""MultiPoint"",""coordinates"":[]}"
20250627,2025-06-27,0.0,"{""type"":""MultiPoint"",""coordinates"":[]}"
20250628,2025-06-28,0.0,"{""type"":""MultiPoint"",""coordinates"":[]}"
20250629,2025-06-29,7.41279935836792,"{""type"":""MultiPoint"",""coordinates"":[]}"
20250630,2025-06-30,0.0,"{""type"":""MultiPoint"",""coordinates"":[]}"
20250701,2025-07-01,1.377772331237793,"{""type"":""MultiPoint"",""coordinates"":[]}"
20250702,2025-07-02,0.534085750579834,"{""type"":""MultiPoint"",""coordinates"":[]}"
20250703,2025-07-03,2.4297690391540527,"{""type"":""MultiPoint"",""coordinates"":[]}"
20250704,2025-07-04,0.5797433853149414,"{""type"":""MultiPoint"",""coordinates"":[]}"
20250705,2025-07-05,0.11422586441040039,"{""type"":""MultiPoint"",""coordinates"":[]}"
20250706,2025-07-06,0.0,"{""type"":""MultiPoint"",""coordinates"":[]}"
20250707,2025-07-07,0.0,"{""type"":""MultiPoint"",""coordinates"":[]}"
20250708,2025-07-08,0.0,"{""type"":""MultiPoint"",""coordinates"":[]}"
20250709,2025-07-09,0.0,"{""type"":""MultiPoint"",""coordinates"":[]}"
20250710,2025-07-10,0.0,"{""type"":""MultiPoint"",""coordinates"":[]}"
20250711,2025-07-11,3.754193067550659,"{""type"":""MultiPoint"",""coordinates"":[]}"
20250712,2025-07-12,0.0,"{""type"":""MultiPoint"",""coordinates"":[]}"
20250713,2025-07-13,0.0,"{""type"":""MultiPoint"",""coordinates"":[]}"
20250714,2025-07-14,0.0,"{""type"":""MultiPoint"",""coordinates"":[]}"
20250715,2025-07-15,0.0,"{""type"":""MultiPoint"",""coordinates"":[]}"
20250716,2025-07-16,0.0,"{""type"":""MultiPoint"",""coordinates"":[]}"
20250717,2025-07-17,0.0,"{""type"":""MultiPoint"",""coordinates"":[]}"
20250718,2025-07-18,0.0,"{""type"":""MultiPoint"",""coordinates"":[]}"
20250719,2025-07-19,0.0,"{""type"":""MultiPoint"",""coordinates"":[]}"
20250720,2025-07-20,0.0,"{""type"":""MultiPoint"",""coordinates"":[]}"
20250721,2025-07-21,3.7936205863952637,"{""type"":""MultiPoint"",""coordinates"":[]}"
20250722,2025-07-22,0.0,"{""type"":""MultiPoint"",""coordinates"":[]}"
20250723,2025-07-23,0.0,"{""type"":""MultiPoint"",""coordinates"":[]}"
20250724,2025-07-24,0.0,"{""type"":""MultiPoint"",""coordinates"":[]}"
20250725,2025-07-25,3.7936205863952637,"{""type"":""MultiPoint"",""coordinates"":[]}"
20250726,2025-07-26,1.9952560663223267,"{""type"":""MultiPoint"",""coordinates"":[]}"
20250727,2025-07-27,1.9952560663223267,"{""type"":""MultiPoint"",""coordinates"":[]}"
20250728,2025-07-28,1.9952560663223267,"{""type"":""MultiPoint"",""coordinates"":[]}"
20250729,2025-07-29,1.9952560663223267,"{""type"":""MultiPoint"",""coordinates"":[]}"
20250730,2025-07-30,3.9905121326446533,"{""type"":""MultiPoint"",""coordinates"":[]}"
20250731,2025-07-31,0.0,"{""type"":""MultiPoint"",""coordinates"":[]}"
20250801,2025-08-01,0.0,"{""type"":""MultiPoint"",""coordinates"":[]}"
20250802,2025-08-02,0.0,"{""type"":""MultiPoint"",""coordinates"":[]}"
20250803,2025-08-03,5.256576061248779,"{""type"":""MultiPoint"",""coordinates"":[]}"
20250804,2025-08-04,0.0,"{""type"":""MultiPoint"",""coordinates"":[]}"
20250805,2025-08-05,0.0,"{""type"":""MultiPoint"",""coordinates"":[]}"
20250806,2025-08-06,0.0,"{""type"":""MultiPoint"",""coordinates"":[]}"
20250807,2025-08-07,0.0,"{""type"":""MultiPoint"",""coordinates"":[]}"
20250808,2025-08-08,0.0,"{""type"":""MultiPoint"",""coordinates"":[]}"
20250809,2025-08-09,20.824357986450195,"{""type"":""MultiPoint"",""coordinates"":[]}"
20250810,2025-08-10,0.0,"{""type"":""MultiPoint"",""coordinates"":[]}"
20250811,2025-08-11,0.0,"{""type"":""MultiPoint"",""coordinates"":[]}"
20250812,2025-08-12,0.0,"{""type"":""MultiPoint"",""coordinates"":[]}"
20250813,2025-08-13,0.0,"{""type"":""MultiPoint"",""coordinates"":[]}"
20250814,2025-08-14,0.0,"{""type"":""MultiPoint"",""coordinates"":[]}"
20250815,2025-08-15,0.0,"{""type"":""MultiPoint"",""coordinates"":[]}"
20250816,2025-08-16,12.952509880065918,"{""type"":""MultiPoint"",""coordinates"":[]}"
20250817,2025-08-17,0.0,"{""type"":""MultiPoint"",""coordinates"":[]}"
20250818,2025-08-18,0.0,"{""type"":""MultiPoint"",""coordinates"":[]}"
20250819,2025-08-19,0.0,"{""type"":""MultiPoint"",""coordinates"":[]}"
20250820,2025-08-20,0.0,"{""type"":""MultiPoint"",""coordinates"":[]}"
20250821,2025-08-21,0.0,"{""type"":""MultiPoint"",""coordinates"":[]}"
20250822,2025-08-22,4.338330268859863,"{""type"":""MultiPoint"",""coordinates"":[]}"
20250823,2025-08-23,4.338330268859863,"{""type"":""MultiPoint"",""coordinates"":[]}"
20250824,2025-08-24,0.0,"{""type"":""MultiPoint"",""coordinates"":[]}"
20250825,2025-08-25,4.338330268859863,"{""type"":""MultiPoint"",""coordinates"":[]}"
20250826,2025-08-26,7.70808744430542,"{""type"":""MultiPoint"",""coordinates"":[]}"
20250827,2025-08-27,0.0,"{""type"":""MultiPoint"",""coordinates"":[]}"
20250828,2025-08-28,0.0,"{""type"":""MultiPoint"",""coordinates"":[]}"
20250829,2025-08-29,0.0,"{""type"":""MultiPoint"",""coordinates"":[]}"
20250830,2025-08-30,0.0,"{""type"":""MultiPoint"",""coordinates"":[]}"
20250831,2025-08-31,3.85404372215271,"{""type"":""MultiPoint"",""coordinates"":[]}"
20250901,2025-09-01,2.2433247566223145,"{""type"":""MultiPoint"",""coordinates"":[]}"
20250902,2025-09-02,2.2433247566223145,"{""type"":""MultiPoint"",""coordinates"":[]}"
20250903,2025-09-03,2.2433247566223145,"{""type"":""MultiPoint"",""coordinates"":[]}"
20250904,2025-09-04,4.486649513244629,"{""type"":""MultiPoint"",""coordinates"":[]}"
20250905,2025-09-05,0.0,"{""type"":""MultiPoint"",""coordinates"":[]}"
20250906,2025-09-06,0.0,"{""type"":""MultiPoint"",""coordinates"":[]}"
20250907,2025-09-07,0.0,"{""type"":""MultiPoint"",""coordinates"":[]}"
20250908,2025-09-08,3.740422487258911,"{""type"":""MultiPoint"",""coordinates"":[]}"
20250909,2025-09-09,0.0,"{""type"":""MultiPoint"",""coordinates"":[]}"
20250910,2025-09-10,0.0,"{""type"":""MultiPoint"",""coordinates"":[]}"
20250911,2025-09-11,2.513028144836426,"{""type"":""MultiPoint"",""coordinates"":[]}"
20250912,2025-09-12,0.0,"{""type"":""MultiPoint"",""coordinates"":[]}"
20250913,2025-09-13,0.0,"{""type"":""MultiPoint"",""coordinates"":[]}"
20250914,2025-09-14,0.0,"{""type"":""MultiPoint"",""coordinates"":[]}"
20250915,2025-09-15,2.513028144836426,"{""type"":""MultiPoint"",""coordinates"":[]}"
20250916,2025-09-16,0.0,"{""type"":""MultiPoint"",""coordinates"":[]}"
20250917,2025-09-17,6.194911956787109,"{""type"":""MultiPoint"",""coordinates"":[]}"
20250918,2025-09-18,6.194911956787109,"{""type"":""MultiPoint"",""coordinates"":[]}"
20250919,2025-09-19,0.0,"{""type"":""MultiPoint"",""coordinates"":[]}"
20250920,2025-09-20,12.389823913574219,"{""type"":""MultiPoint"",""coordinates"":[]}"
20250921,2025-09-21,0.0,"{""type"":""MultiPoint"",""coordinates"":[]}"
20250922,2025-09-22,1.9483782052993774,"{""type"":""MultiPoint"",""coordinates"":[]}"
20250923,2025-09-23,0.0,"{""type"":""MultiPoint"",""coordinates"":[]}"
20250924,2025-09-24,0.0,"{""type"":""MultiPoint"",""coordinates"":[]}"
20250925,2025-09-25,1.9483782052993774,"{""type"":""MultiPoint"",""coordinates"":[]}"
20250926,2025-09-26,0.0,"{""type"":""MultiPoint"",""coordinates"":[]}"
20250927,2025-09-27,20.980342864990234,"{""type"":""MultiPoint"",""coordinates"":[]}"
20250928,2025-09-28,0.0,"{""type"":""MultiPoint"",""coordinates"":[]}"
20250929,2025-09-29,0.0,"{""type"":""MultiPoint"",""coordinates"":[]}"
20250930,2025-09-30,6.993447303771973,"{""type"":""MultiPoint"",""coordinates"":[]}"
20251001,2025-10-01,3.102827310562134,"{""type"":""MultiPoint"",""coordinates"":[]}"
20251002,2025-10-02,0.0,"{""type"":""MultiPoint"",""coordinates"":[]}"
20251003,2025-10-03,3.102827310562134,"{""type"":""MultiPoint"",""coordinates"":[]}"
20251004,2025-10-04,0.0,"{""type"":""MultiPoint"",""coordinates"":[]}"
20251005,2025-10-05,0.0,"{""type"":""MultiPoint"",""coordinates"":[]}"
20251006,2025-10-06,2.2049801349639893,"{""type"":""MultiPoint"",""coordinates"":[]}"
20251007,2025-10-07,16.294475555419922,"{""type"":""MultiPoint"",""coordinates"":[]}"
20251008,2025-10-08,9.778931617736816,"{""type"":""MultiPoint"",""coordinates"":[]}"
20251009,2025-10-09,2.8529412746429443,"{""type"":""MultiPoint"",""coordinates"":[]}"
20251010,2025-10-10,4.943026065826416,"{""type"":""MultiPoint"",""coordinates"":[]}"
20251011,2025-10-11,6.652751922607422,"{""type"":""MultiPoint"",""coordinates"":[]}"
20251012,2025-10-12,13.305503845214844,"{""type"":""MultiPoint"",""coordinates"":[]}"
20251013,2025-10-13,0.0,"{""type"":""MultiPoint"",""coordinates"":[]}"
20251014,2025-10-14,13.305503845214844,"{""type"":""MultiPoint"",""coordinates"":[]}"
20251015,2025-10-15,0.0,"{""type"":""MultiPoint"",""coordinates"":[]}"
20251016,2025-10-16,10.299293518066406,"{""type"":""MultiPoint"",""coordinates"":[]}"
20251017,2025-10-17,5.149646759033203,"{""type"":""MultiPoint"",""coordinates"":[]}"
20251018,2025-10-18,0.0,"{""type"":""MultiPoint"",""coordinates"":[]}"
20251019,2025-10-19,0.0,"{""type"":""MultiPoint"",""coordinates"":[]}"
20251020,2025-10-20,10.299293518066406,"{""type"":""MultiPoint"",""coordinates"":[]}"
20251021,2025-10-21,0.0,"{""type"":""MultiPoint"",""coordinates"":[]}"
20251022,2025-10-22,19.189119338989258,"{""type"":""MultiPoint"",""coordinates"":[]}"
20251023,2025-10-23,9.594559669494629,"{""type"":""MultiPoint"",""coordinates"":[]}"
20251024,2025-10-24,9.594559669494629,"{""type"":""MultiPoint"",""coordinates"":[]}"
20251025,2025-10-25,19.189119338989258,"{""type"":""MultiPoint"",""coordinates"":[]}"
20251026,2025-10-26,3.2559337615966797,"{""type"":""MultiPoint"",""coordinates"":[]}"
20251027,2025-10-27,6.511867523193359,"{""type"":""MultiPoint"",""coordinates"":[]}"
20251028,2025-10-28,3.2559337615966797,"{""type"":""MultiPoint"",""coordinates"":[]}"
20251029,2025-10-29,0.0,"{""type"":""MultiPoint"",""coordinates"":[]}"
20251030,2025-10-30,0.0,"{""type"":""MultiPoint"",""coordinates"":[]}"
20251031,2025-10-31,13.023735046386719,"{""type"":""MultiPoint"",""coordinates"":[]}"
20251101,2025-11-01,0.0,"{""type"":""MultiPoint"",""coordinates"":[]}"
20251102,2025-11-02,0.0,"{""type"":""MultiPoint"",""coordinates"":[]}"
20251103,2025-11-03,0.0,"{""type"":""MultiPoint"",""coordinates"":[]}"
20251104,2025-11-04,0.0,"{""type"":""MultiPoint"",""coordinates"":[]}"
20251105,2025-11-05,16.012191772460938,"{""type"":""MultiPoint"",""coordinates"":[]}"
20251106,2025-11-06,0.0,"{""type"":""MultiPoint"",""coordinates"":[]}"
20251107,2025-11-07,0.0,"{""type"":""MultiPoint"",""coordinates"":[]}"
20251108,2025-11-08,0.0,"{""type"":""MultiPoint"",""coordinates"":[]}"
20251109,2025-11-09,8.496241569519043,"{""type"":""MultiPoint"",""coordinates"":[]}"
20251110,2025-11-10,8.496241569519043,"{""type"":""MultiPoint"",""coordinates"":[]}"
20251111,2025-11-11,12.143719673156738,"{""type"":""MultiPoint"",""coordinates"":[]}"
20251112,2025-11-12,24.287439346313477,"{""type"":""MultiPoint"",""coordinates"":[]}"
20251113,2025-11-13,36.43115997314453,"{""type"":""MultiPoint"",""coordinates"":[]}"
20251114,2025-11-14,12.143719673156738,"{""type"":""MultiPoint"",""coordinates"":[]}"
20251115,2025-11-15,0.0,"{""type"":""MultiPoint"",""coordinates"":[]}"
20251116,2025-11-16,21.972883224487305,"{""type"":""MultiPoint"",""coordinates"":[]}"
20251117,2025-11-17,10.986441612243652,"{""type"":""MultiPoint"",""coordinates"":[]}"
20251118,2025-11-18,0.0,"{""type"":""MultiPoint"",""coordinates"":[]}"
20251119,2025-11-19,0.0,"{""type"":""MultiPoint"",""coordinates"":[]}"
20251120,2025-11-20,10.986441612243652,"{""type"":""MultiPoint"",""coordinates"":[]}"
20251121,2025-11-21,0.7640506029129028,"{""type"":""MultiPoint"",""coordinates"":[]}"
20251122,2025-11-22,1.8170698881149292,"{""type"":""MultiPoint"",""coordinates"":[]}"
20251123,2025-11-23,5.1470160484313965,"{""type"":""MultiPoint"",""coordinates"":[]}"
20251124,2025-11-24,10.892189979553223,"{""type"":""MultiPoint"",""coordinates"":[]}"
20251125,2025-11-25,16.499832153320312,"{""type"":""MultiPoint"",""coordinates"":[]}"
20251126,2025-11-26,3.7287168502807617,"{""type"":""MultiPoint"",""coordinates"":[]}"
20251127,2025-11-27,11.973517417907715,"{""type"":""MultiPoint"",""coordinates"":[]}"
20251128,2025-11-28,14.251082420349121,"{""type"":""MultiPoint"",""coordinates"":[]}"
20251129,2025-11-29,9.612364768981934,"{""type"":""MultiPoint"",""coordinates"":[]}"
20251130,2025-11-30,10.17910099029541,"{""type"":""MultiPoint"",""coordinates"":[]}"
20251201,2025-12-01,32.96408462524414,"{""type"":""MultiPoint"",""coordinates"":[]}"
20251202,2025-12-02,16.48204231262207,"{""type"":""MultiPoint"",""coordinates"":[]}"
20251203,2025-12-03,32.96408462524414,"{""type"":""MultiPoint"",""coordinates"":[]}"
20251204,2025-12-04,0.0,"{""type"":""MultiPoint"",""coordinates"":[]}"
20251205,2025-12-05,0.0,"{""type"":""MultiPoint"",""coordinates"":[]}"
20251206,2025-12-06,9.861207008361816,"{""type"":""MultiPoint"",""coordinates"":[]}"
20251207,2025-12-07,0.0,"{""type"":""MultiPoint"",""coordinates"":[]}"
20251208,2025-12-08,9.861207008361816,"{""type"":""MultiPoint"",""coordinates"":[]}"
20251209,2025-12-09,0.0,"{""type"":""MultiPoint"",""coordinates"":[]}"
20251210,2025-12-10,0.0,"{""type"":""MultiPoint"",""coordinates"":[]}"
20251211,2025-12-11,0.0,"{""type"":""MultiPoint"",""coordinates"":[]}"
20251212,2025-12-12,12.960341453552246,"{""type"":""MultiPoint"",""coordinates"":[]}"
20251213,2025-12-13,0.0,"{""type"":""MultiPoint"",""coordinates"":[]}"
20251214,2025-12-14,0.0,"{""type"":""MultiPoint"",""coordinates"":[]}"
20251215,2025-12-15,12.960341453552246,"{""type"":""MultiPoint"",""coordinates"":[]}"
20251216,2025-12-16,0.0,"{""type"":""MultiPoint"",""coordinates"":[]}"
20251217,2025-12-17,0.0,"{""type"":""MultiPoint"",""coordinates"":[]}"
20251218,2025-12-18,0.0,"{""type"":""MultiPoint"",""coordinates"":[]}"
20251219,2025-12-19,0.0,"{""type"":""MultiPoint"",""coordinates"":[]}"
20251220,2025-12-20,0.0,"{""type"":""MultiPoint"",""coordinates"":[]}"
20251221,2025-12-21,0.0,"{""type"":""MultiPoint"",""coordinates"":[]}"
20251222,2025-12-22,0.0,"{""type"":""MultiPoint"",""coordinates"":[]}"
20251223,2025-12-23,0.0,"{""type"":""MultiPoint"",""coordinates"":[]}"
20251224,2025-12-24,0.0,"{""type"":""MultiPoint"",""coordinates"":[]}"
20251225,2025-12-25,0.0,"{""type"":""MultiPoint"",""coordinates"":[]}"
20251226,2025-12-26,0.0,"{""type"":""MultiPoint"",""coordinates"":[]}"
20251227,2025-12-27,0.0,"{""type"":""MultiPoint"",""coordinates"":[]}"
20251228,2025-12-28,0.0,"{""type"":""MultiPoint"",""coordinates"":[]}"
20251229,2025-12-29,0.0,"{""type"":""MultiPoint"",""coordinates"":[]}"
20251230,2025-12-30,0.0,"{""type"":""MultiPoint"",""coordinates"":[]}"
