system:index,date,wind_speed,.geo
20130101,2013-01-01,0.1505082777308251,"{""type"":""MultiPoint"",""coordinates"":[]}"
20130102,2013-01-02,0.25076942076123826,"{""type"":""MultiPoint"",""coordinates"":[]}"
20130103,2013-01-03,0.17883371645289345,"{""type"":""MultiPoint"",""coordinates"":[]}"
20130104,2013-01-04,0.21015247250350663,"{""type"":""MultiPoint"",""coordinates"":[]}"
20130105,2013-01-05,0.14642810573917558,"{""type"":""MultiPoint"",""coordinates"":[]}"
20130106,2013-01-06,0.38066786749253606,"{""type"":""MultiPoint"",""coordinates"":[]}"
20130107,2013-01-07,0.0790358570234759,"{""type"":""MultiPoint"",""coordinates"":[]}"
20130108,2013-01-08,0.8537830995977659,"{""type"":""MultiPoint"",""coordinates"":[]}"
20130109,2013-01-09,0.8999786578278149,"{""type"":""MultiPoint"",""coordinates"":[]}"
20130110,2013-01-10,0.2696729254515957,"{""type"":""MultiPoint"",""coordinates"":[]}"
20130111,2013-01-11,0.23147849657617886,"{""type"":""MultiPoint"",""coordinates"":[]}"
20130112,2013-01-12,0.16866731272151397,"{""type"":""MultiPoint"",""coordinates"":[]}"
20130113,2013-01-13,0.5350576623686855,"{""type"":""MultiPoint"",""coordinates"":[]}"
20130114,2013-01-14,0.31117568068606843,"{""type"":""MultiPoint"",""coordinates"":[]}"
20130115,2013-01-15,0.23410990336488258,"{""type"":""MultiPoint"",""coordinates"":[]}"
20130116,2013-01-16,0.512039376305023,"{""type"":""MultiPoint"",""coordinates"":[]}"
20130117,2013-01-17,0.5889051120643467,"{""type"":""MultiPoint"",""coordinates"":[]}"
20130118,2013-01-18,0.49672961735479093,"{""type"":""MultiPoint"",""coordinates"":[]}"
20130119,2013-01-19,0.3557113293585318,"{""type"":""MultiPoint"",""coordinates"":[]}"
20130120,2013-01-20,0.30217338985331565,"{""type"":""MultiPoint"",""coordinates"":[]}"
20130121,2013-01-21,0.12007450116683924,"{""type"":""MultiPoint"",""coordinates"":[]}"
20130122,2013-01-22,0.42708276325942596,"{""type"":""MultiPoint"",""coordinates"":[]}"
20130123,2013-01-23,0.46459807554995725,"{""type"":""MultiPoint"",""coordinates"":[]}"
20130124,2013-01-24,0.7427350512941445,"{""type"":""MultiPoint"",""coordinates"":[]}"
20130125,2013-01-25,0.7071333021390191,"{""type"":""MultiPoint"",""coordinates"":[]}"
20130126,2013-01-26,0.4699566967300145,"{""type"":""MultiPoint"",""coordinates"":[]}"
20130127,2013-01-27,0.28509316572369636,"{""type"":""MultiPoint"",""coordinates"":[]}"
20130128,2013-01-28,0.0910444950703822,"{""type"":""MultiPoint"",""coordinates"":[]}"
20130129,2013-01-29,0.10359073223492456,"{""type"":""MultiPoint"",""coordinates"":[]}"
20130130,2013-01-30,0.02332801255544995,"{""type"":""MultiPoint"",""coordinates"":[]}"
20130131,2013-01-31,0.38363894734811543,"{""type"":""MultiPoint"",""coordinates"":[]}"
20130201,2013-02-01,0.5537338173155774,"{""type"":""MultiPoint"",""coordinates"":[]}"
20130202,2013-02-02,0.5739854997393424,"{""type"":""MultiPoint"",""coordinates"":[]}"
20130203,2013-02-03,0.47496175886906067,"{""type"":""MultiPoint"",""coordinates"":[]}"
20130204,2013-02-04,0.7404241905717908,"{""type"":""MultiPoint"",""coordinates"":[]}"
20130205,2013-02-05,0.47044660536850025,"{""type"":""MultiPoint"",""coordinates"":[]}"
20130206,2013-02-06,0.3920285137492884,"{""type"":""MultiPoint"",""coordinates"":[]}"
20130207,2013-02-07,0.5036092393627313,"{""type"":""MultiPoint"",""coordinates"":[]}"
20130208,2013-02-08,0.6270086546347623,"{""type"":""MultiPoint"",""coordinates"":[]}"
20130209,2013-02-09,0.5574820320952826,"{""type"":""MultiPoint"",""coordinates"":[]}"
20130210,2013-02-10,0.42906012476548044,"{""type"":""MultiPoint"",""coordinates"":[]}"
20130211,2013-02-11,0.4721717858101713,"{""type"":""MultiPoint"",""coordinates"":[]}"
20130212,2013-02-12,0.36681866088173365,"{""type"":""MultiPoint"",""coordinates"":[]}"
20130213,2013-02-13,0.38147415703621695,"{""type"":""MultiPoint"",""coordinates"":[]}"
20130214,2013-02-14,0.1360072492323869,"{""type"":""MultiPoint"",""coordinates"":[]}"
20130215,2013-02-15,0.25782576513077554,"{""type"":""MultiPoint"",""coordinates"":[]}"
20130216,2013-02-16,0.07294133601669094,"{""type"":""MultiPoint"",""coordinates"":[]}"
20130217,2013-02-17,0.6107408774090167,"{""type"":""MultiPoint"",""coordinates"":[]}"
20130218,2013-02-18,0.4936453994248053,"{""type"":""MultiPoint"",""coordinates"":[]}"
20130219,2013-02-19,0.21049250495093383,"{""type"":""MultiPoint"",""coordinates"":[]}"
20130220,2013-02-20,0.29683826445451406,"{""type"":""MultiPoint"",""coordinates"":[]}"
20130221,2013-02-21,0.22814607709397494,"{""type"":""MultiPoint"",""coordinates"":[]}"
20130222,2013-02-22,0.17312251595060607,"{""type"":""MultiPoint"",""coordinates"":[]}"
20130223,2013-02-23,0.3691688738583186,"{""type"":""MultiPoint"",""coordinates"":[]}"
20130224,2013-02-24,0.14793446003059202,"{""type"":""MultiPoint"",""coordinates"":[]}"
20130225,2013-02-25,0.3235852689385211,"{""type"":""MultiPoint"",""coordinates"":[]}"
20130226,2013-02-26,0.1422602037349868,"{""type"":""MultiPoint"",""coordinates"":[]}"
20130227,2013-02-27,0.3837209835097112,"{""type"":""MultiPoint"",""coordinates"":[]}"
20130228,2013-02-28,0.32957333789675014,"{""type"":""MultiPoint"",""coordinates"":[]}"
20130301,2013-03-01,0.18625746561115528,"{""type"":""MultiPoint"",""coordinates"":[]}"
20130302,2013-03-02,0.20444537660182613,"{""type"":""MultiPoint"",""coordinates"":[]}"
20130303,2013-03-03,0.1859664088148492,"{""type"":""MultiPoint"",""coordinates"":[]}"
20130304,2013-03-04,0.3141600031211342,"{""type"":""MultiPoint"",""coordinates"":[]}"
20130305,2013-03-05,0.6015694535921459,"{""type"":""MultiPoint"",""coordinates"":[]}"
20130306,2013-03-06,0.40367046715930727,"{""type"":""MultiPoint"",""coordinates"":[]}"
20130307,2013-03-07,0.3384416562014391,"{""type"":""MultiPoint"",""coordinates"":[]}"
20130308,2013-03-08,0.5284384079937894,"{""type"":""MultiPoint"",""coordinates"":[]}"
20130309,2013-03-09,0.7102191739958351,"{""type"":""MultiPoint"",""coordinates"":[]}"
20130310,2013-03-10,0.45681383540894005,"{""type"":""MultiPoint"",""coordinates"":[]}"
20130311,2013-03-11,0.31000651841573335,"{""type"":""MultiPoint"",""coordinates"":[]}"
20130312,2013-03-12,0.03645345306489088,"{""type"":""MultiPoint"",""coordinates"":[]}"
20130313,2013-03-13,0.14859146101792356,"{""type"":""MultiPoint"",""coordinates"":[]}"
20130314,2013-03-14,0.38377133461975904,"{""type"":""MultiPoint"",""coordinates"":[]}"
20130315,2013-03-15,0.44112845030912984,"{""type"":""MultiPoint"",""coordinates"":[]}"
20130316,2013-03-16,0.35510716768439965,"{""type"":""MultiPoint"",""coordinates"":[]}"
20130317,2013-03-17,0.1033228627516714,"{""type"":""MultiPoint"",""coordinates"":[]}"
20130318,2013-03-18,0.320862182000544,"{""type"":""MultiPoint"",""coordinates"":[]}"
20130319,2013-03-19,0.3537694981743421,"{""type"":""MultiPoint"",""coordinates"":[]}"
20130320,2013-03-20,0.5789901163650049,"{""type"":""MultiPoint"",""coordinates"":[]}"
20130321,2013-03-21,0.870986510316287,"{""type"":""MultiPoint"",""coordinates"":[]}"
20130322,2013-03-22,0.4919241835811453,"{""type"":""MultiPoint"",""coordinates"":[]}"
20130323,2013-03-23,0.28836494691665626,"{""type"":""MultiPoint"",""coordinates"":[]}"
20130324,2013-03-24,0.2916632226677077,"{""type"":""MultiPoint"",""coordinates"":[]}"
20130325,2013-03-25,0.22040650254571204,"{""type"":""MultiPoint"",""coordinates"":[]}"
20130326,2013-03-26,0.0703310549263889,"{""type"":""MultiPoint"",""coordinates"":[]}"
20130327,2013-03-27,0.07912606964605005,"{""type"":""MultiPoint"",""coordinates"":[]}"
20130328,2013-03-28,0.4193316423838974,"{""type"":""MultiPoint"",""coordinates"":[]}"
20130329,2013-03-29,0.14049651391000656,"{""type"":""MultiPoint"",""coordinates"":[]}"
20130330,2013-03-30,0.6973742849978817,"{""type"":""MultiPoint"",""coordinates"":[]}"
20130331,2013-03-31,0.6407413219672933,"{""type"":""MultiPoint"",""coordinates"":[]}"
20130401,2013-04-01,0.8990179633306078,"{""type"":""MultiPoint"",""coordinates"":[]}"
20130402,2013-04-02,0.42595410906061165,"{""type"":""MultiPoint"",""coordinates"":[]}"
20130403,2013-04-03,0.2767811087893142,"{""type"":""MultiPoint"",""coordinates"":[]}"
20130404,2013-04-04,0.334198666502245,"{""type"":""MultiPoint"",""coordinates"":[]}"
20130405,2013-04-05,0.24572749433058805,"{""type"":""MultiPoint"",""coordinates"":[]}"
20130406,2013-04-06,0.47959968487249155,"{""type"":""MultiPoint"",""coordinates"":[]}"
20130407,2013-04-07,0.20336881356839834,"{""type"":""MultiPoint"",""coordinates"":[]}"
20130408,2013-04-08,0.32672364113596547,"{""type"":""MultiPoint"",""coordinates"":[]}"
20130409,2013-04-09,0.4256656266175457,"{""type"":""MultiPoint"",""coordinates"":[]}"
20130410,2013-04-10,0.1314451801276439,"{""type"":""MultiPoint"",""coordinates"":[]}"
20130411,2013-04-11,0.11992124674764497,"{""type"":""MultiPoint"",""coordinates"":[]}"
20130412,2013-04-12,0.10821365071731652,"{""type"":""MultiPoint"",""coordinates"":[]}"
20130413,2013-04-13,0.5496375372869141,"{""type"":""MultiPoint"",""coordinates"":[]}"
20130414,2013-04-14,0.4620920827174887,"{""type"":""MultiPoint"",""coordinates"":[]}"
20130415,2013-04-15,0.6722879723357706,"{""type"":""MultiPoint"",""coordinates"":[]}"
20130416,2013-04-16,0.7728164626043921,"{""type"":""MultiPoint"",""coordinates"":[]}"
20130417,2013-04-17,0.4624868488481863,"{""type"":""MultiPoint"",""coordinates"":[]}"
20130418,2013-04-18,0.49445329296852714,"{""type"":""MultiPoint"",""coordinates"":[]}"
20130419,2013-04-19,0.42586017427203254,"{""type"":""MultiPoint"",""coordinates"":[]}"
20130420,2013-04-20,0.6664269253430621,"{""type"":""MultiPoint"",""coordinates"":[]}"
20130421,2013-04-21,0.5813477534816542,"{""type"":""MultiPoint"",""coordinates"":[]}"
20130422,2013-04-22,0.5026081975376453,"{""type"":""MultiPoint"",""coordinates"":[]}"
20130423,2013-04-23,0.5076899231731672,"{""type"":""MultiPoint"",""coordinates"":[]}"
20130424,2013-04-24,0.5142855082320577,"{""type"":""MultiPoint"",""coordinates"":[]}"
20130425,2013-04-25,0.46345641753704603,"{""type"":""MultiPoint"",""coordinates"":[]}"
20130426,2013-04-26,0.1775366905136024,"{""type"":""MultiPoint"",""coordinates"":[]}"
20130427,2013-04-27,0.934392249830036,"{""type"":""MultiPoint"",""coordinates"":[]}"
20130428,2013-04-28,0.895818725967272,"{""type"":""MultiPoint"",""coordinates"":[]}"
20130429,2013-04-29,0.2334889364342214,"{""type"":""MultiPoint"",""coordinates"":[]}"
20130430,2013-04-30,0.5543464587614839,"{""type"":""MultiPoint"",""coordinates"":[]}"
20130501,2013-05-01,0.19841533597250358,"{""type"":""MultiPoint"",""coordinates"":[]}"
20130502,2013-05-02,0.12634180630270184,"{""type"":""MultiPoint"",""coordinates"":[]}"
20130503,2013-05-03,0.36410245813245623,"{""type"":""MultiPoint"",""coordinates"":[]}"
20130504,2013-05-04,0.6088282122479152,"{""type"":""MultiPoint"",""coordinates"":[]}"
20130505,2013-05-05,0.4271835793441883,"{""type"":""MultiPoint"",""coordinates"":[]}"
20130506,2013-05-06,0.49926143239876786,"{""type"":""MultiPoint"",""coordinates"":[]}"
20130507,2013-05-07,0.3551887740148992,"{""type"":""MultiPoint"",""coordinates"":[]}"
20130508,2013-05-08,0.5246420427561445,"{""type"":""MultiPoint"",""coordinates"":[]}"
20130509,2013-05-09,0.2954524907474199,"{""type"":""MultiPoint"",""coordinates"":[]}"
20130510,2013-05-10,0.43276594226899173,"{""type"":""MultiPoint"",""coordinates"":[]}"
20130511,2013-05-11,0.27086216554633796,"{""type"":""MultiPoint"",""coordinates"":[]}"
20130512,2013-05-12,0.13514746821358622,"{""type"":""MultiPoint"",""coordinates"":[]}"
20130513,2013-05-13,0.14417264033773244,"{""type"":""MultiPoint"",""coordinates"":[]}"
20130514,2013-05-14,0.41789145101916325,"{""type"":""MultiPoint"",""coordinates"":[]}"
20130515,2013-05-15,0.26647406329871093,"{""type"":""MultiPoint"",""coordinates"":[]}"
20130516,2013-05-16,0.36451522603986874,"{""type"":""MultiPoint"",""coordinates"":[]}"
20130517,2013-05-17,0.3398258552666955,"{""type"":""MultiPoint"",""coordinates"":[]}"
20130518,2013-05-18,0.2251012950992918,"{""type"":""MultiPoint"",""coordinates"":[]}"
20130519,2013-05-19,0.35376451081688337,"{""type"":""MultiPoint"",""coordinates"":[]}"
20130520,2013-05-20,0.14272708396158457,"{""type"":""MultiPoint"",""coordinates"":[]}"
20130521,2013-05-21,0.16961249021648853,"{""type"":""MultiPoint"",""coordinates"":[]}"
20130522,2013-05-22,0.4206260140846379,"{""type"":""MultiPoint"",""coordinates"":[]}"
20130523,2013-05-23,0.33273397333415944,"{""type"":""MultiPoint"",""coordinates"":[]}"
20130524,2013-05-24,0.16302748916840218,"{""type"":""MultiPoint"",""coordinates"":[]}"
20130525,2013-05-25,0.18903947169054675,"{""type"":""MultiPoint"",""coordinates"":[]}"
20130526,2013-05-26,0.5948721270863409,"{""type"":""MultiPoint"",""coordinates"":[]}"
20130527,2013-05-27,0.4638983744399508,"{""type"":""MultiPoint"",""coordinates"":[]}"
20130528,2013-05-28,0.213305106677994,"{""type"":""MultiPoint"",""coordinates"":[]}"
20130529,2013-05-29,0.18801198067801983,"{""type"":""MultiPoint"",""coordinates"":[]}"
20130530,2013-05-30,0.3668833626163523,"{""type"":""MultiPoint"",""coordinates"":[]}"
20130531,2013-05-31,0.09636532960242883,"{""type"":""MultiPoint"",""coordinates"":[]}"
20130601,2013-06-01,0.19245857771032115,"{""type"":""MultiPoint"",""coordinates"":[]}"
20130602,2013-06-02,0.5081567941363204,"{""type"":""MultiPoint"",""coordinates"":[]}"
20130603,2013-06-03,0.7749384766463341,"{""type"":""MultiPoint"",""coordinates"":[]}"
20130604,2013-06-04,1.445581971781567,"{""type"":""MultiPoint"",""coordinates"":[]}"
20130605,2013-06-05,0.9443866035982152,"{""type"":""MultiPoint"",""coordinates"":[]}"
20130606,2013-06-06,0.5089712471730826,"{""type"":""MultiPoint"",""coordinates"":[]}"
20130607,2013-06-07,0.8505806400882887,"{""type"":""MultiPoint"",""coordinates"":[]}"
20130608,2013-06-08,1.4554037742750563,"{""type"":""MultiPoint"",""coordinates"":[]}"
20130609,2013-06-09,1.2973187301235725,"{""type"":""MultiPoint"",""coordinates"":[]}"
20130610,2013-06-10,0.7679300480380751,"{""type"":""MultiPoint"",""coordinates"":[]}"
20130611,2013-06-11,0.9187240331368459,"{""type"":""MultiPoint"",""coordinates"":[]}"
20130612,2013-06-12,0.6566565099628339,"{""type"":""MultiPoint"",""coordinates"":[]}"
20130613,2013-06-13,0.5326732399643556,"{""type"":""MultiPoint"",""coordinates"":[]}"
20130614,2013-06-14,1.0803911735391865,"{""type"":""MultiPoint"",""coordinates"":[]}"
20130615,2013-06-15,0.8317563152423,"{""type"":""MultiPoint"",""coordinates"":[]}"
20130616,2013-06-16,0.5797337823255428,"{""type"":""MultiPoint"",""coordinates"":[]}"
20130617,2013-06-17,0.4615992163669639,"{""type"":""MultiPoint"",""coordinates"":[]}"
20130618,2013-06-18,0.5639674391765355,"{""type"":""MultiPoint"",""coordinates"":[]}"
20130619,2013-06-19,0.9430514018713512,"{""type"":""MultiPoint"",""coordinates"":[]}"
20130620,2013-06-20,0.5669223060689951,"{""type"":""MultiPoint"",""coordinates"":[]}"
20130621,2013-06-21,0.45268807125734056,"{""type"":""MultiPoint"",""coordinates"":[]}"
20130622,2013-06-22,0.41139545165401903,"{""type"":""MultiPoint"",""coordinates"":[]}"
20130623,2013-06-23,0.633900366080811,"{""type"":""MultiPoint"",""coordinates"":[]}"
20130624,2013-06-24,0.6330869669801272,"{""type"":""MultiPoint"",""coordinates"":[]}"
20130625,2013-06-25,0.29165469527406357,"{""type"":""MultiPoint"",""coordinates"":[]}"
20130626,2013-06-26,0.28800357786198844,"{""type"":""MultiPoint"",""coordinates"":[]}"
20130627,2013-06-27,0.5750647520752478,"{""type"":""MultiPoint"",""coordinates"":[]}"
20130628,2013-06-28,0.24808838805005015,"{""type"":""MultiPoint"",""coordinates"":[]}"
20130629,2013-06-29,0.5827700568324071,"{""type"":""MultiPoint"",""coordinates"":[]}"
20130630,2013-06-30,0.20925868367700526,"{""type"":""MultiPoint"",""coordinates"":[]}"
20130701,2013-07-01,0.35996779636290793,"{""type"":""MultiPoint"",""coordinates"":[]}"
20130702,2013-07-02,0.6562112711370578,"{""type"":""MultiPoint"",""coordinates"":[]}"
20130703,2013-07-03,0.08061495262422627,"{""type"":""MultiPoint"",""coordinates"":[]}"
20130704,2013-07-04,0.16570090561492443,"{""type"":""MultiPoint"",""coordinates"":[]}"
20130705,2013-07-05,0.07965555870325676,"{""type"":""MultiPoint"",""coordinates"":[]}"
20130706,2013-07-06,1.1790338448397706,"{""type"":""MultiPoint"",""coordinates"":[]}"
20130707,2013-07-07,1.0168805431750643,"{""type"":""MultiPoint"",""coordinates"":[]}"
20130708,2013-07-08,1.0643263428119314,"{""type"":""MultiPoint"",""coordinates"":[]}"
20130709,2013-07-09,1.0020944307247712,"{""type"":""MultiPoint"",""coordinates"":[]}"
20130710,2013-07-10,1.3988921011161117,"{""type"":""MultiPoint"",""coordinates"":[]}"
20130711,2013-07-11,0.5085913411097147,"{""type"":""MultiPoint"",""coordinates"":[]}"
20130712,2013-07-12,0.577266725534865,"{""type"":""MultiPoint"",""coordinates"":[]}"
20130713,2013-07-13,0.7642078010214116,"{""type"":""MultiPoint"",""coordinates"":[]}"
20130714,2013-07-14,0.6573269677644241,"{""type"":""MultiPoint"",""coordinates"":[]}"
20130715,2013-07-15,0.9505719363925808,"{""type"":""MultiPoint"",""coordinates"":[]}"
20130716,2013-07-16,1.6603810388823814,"{""type"":""MultiPoint"",""coordinates"":[]}"
20130717,2013-07-17,1.5184828369446821,"{""type"":""MultiPoint"",""coordinates"":[]}"
20130718,2013-07-18,1.1659157529127848,"{""type"":""MultiPoint"",""coordinates"":[]}"
20130719,2013-07-19,0.724203922860463,"{""type"":""MultiPoint"",""coordinates"":[]}"
20130720,2013-07-20,0.6459975812688741,"{""type"":""MultiPoint"",""coordinates"":[]}"
20130721,2013-07-21,0.6859195174182228,"{""type"":""MultiPoint"",""coordinates"":[]}"
20130722,2013-07-22,0.11828736759333212,"{""type"":""MultiPoint"",""coordinates"":[]}"
20130723,2013-07-23,0.8056303866150218,"{""type"":""MultiPoint"",""coordinates"":[]}"
20130724,2013-07-24,1.0220842240779546,"{""type"":""MultiPoint"",""coordinates"":[]}"
20130725,2013-07-25,1.3971169720867063,"{""type"":""MultiPoint"",""coordinates"":[]}"
20130726,2013-07-26,1.7926612543302625,"{""type"":""MultiPoint"",""coordinates"":[]}"
20130727,2013-07-27,1.8281205554475417,"{""type"":""MultiPoint"",""coordinates"":[]}"
20130728,2013-07-28,1.6041697748573738,"{""type"":""MultiPoint"",""coordinates"":[]}"
20130729,2013-07-29,1.7091775612959708,"{""type"":""MultiPoint"",""coordinates"":[]}"
20130730,2013-07-30,1.1806216231014401,"{""type"":""MultiPoint"",""coordinates"":[]}"
20130731,2013-07-31,0.7099997922750139,"{""type"":""MultiPoint"",""coordinates"":[]}"
20130801,2013-08-01,0.690732869374172,"{""type"":""MultiPoint"",""coordinates"":[]}"
20130802,2013-08-02,0.4911527514849116,"{""type"":""MultiPoint"",""coordinates"":[]}"
20130803,2013-08-03,1.2468334868245163,"{""type"":""MultiPoint"",""coordinates"":[]}"
20130804,2013-08-04,0.8693897770453732,"{""type"":""MultiPoint"",""coordinates"":[]}"
20130805,2013-08-05,0.4419795189087159,"{""type"":""MultiPoint"",""coordinates"":[]}"
20130806,2013-08-06,0.8466143642995189,"{""type"":""MultiPoint"",""coordinates"":[]}"
20130807,2013-08-07,0.5371215853923488,"{""type"":""MultiPoint"",""coordinates"":[]}"
20130808,2013-08-08,0.2104613442651729,"{""type"":""MultiPoint"",""coordinates"":[]}"
20130809,2013-08-09,0.5148602579116418,"{""type"":""MultiPoint"",""coordinates"":[]}"
20130810,2013-08-10,0.4343351684639496,"{""type"":""MultiPoint"",""coordinates"":[]}"
20130811,2013-08-11,0.1493264571470124,"{""type"":""MultiPoint"",""coordinates"":[]}"
20130812,2013-08-12,0.07116904886844824,"{""type"":""MultiPoint"",""coordinates"":[]}"
20130813,2013-08-13,0.332991357600256,"{""type"":""MultiPoint"",""coordinates"":[]}"
20130814,2013-08-14,0.6154841839323728,"{""type"":""MultiPoint"",""coordinates"":[]}"
20130815,2013-08-15,1.369519186075497,"{""type"":""MultiPoint"",""coordinates"":[]}"
20130816,2013-08-16,1.0907123326381758,"{""type"":""MultiPoint"",""coordinates"":[]}"
20130817,2013-08-17,0.8726528015441141,"{""type"":""MultiPoint"",""coordinates"":[]}"
20130818,2013-08-18,0.9080155746901187,"{""type"":""MultiPoint"",""coordinates"":[]}"
20130819,2013-08-19,0.7698654845739501,"{""type"":""MultiPoint"",""coordinates"":[]}"
20130820,2013-08-20,1.1447725364231605,"{""type"":""MultiPoint"",""coordinates"":[]}"
20130821,2013-08-21,0.9142499319700644,"{""type"":""MultiPoint"",""coordinates"":[]}"
20130822,2013-08-22,0.5946214403076004,"{""type"":""MultiPoint"",""coordinates"":[]}"
20130823,2013-08-23,0.44633013567211577,"{""type"":""MultiPoint"",""coordinates"":[]}"
20130824,2013-08-24,0.22872559844638082,"{""type"":""MultiPoint"",""coordinates"":[]}"
20130825,2013-08-25,0.20137445724673148,"{""type"":""MultiPoint"",""coordinates"":[]}"
20130826,2013-08-26,1.0989371042375171,"{""type"":""MultiPoint"",""coordinates"":[]}"
20130827,2013-08-27,0.558457125814831,"{""type"":""MultiPoint"",""coordinates"":[]}"
20130828,2013-08-28,1.22904165808492,"{""type"":""MultiPoint"",""coordinates"":[]}"
20130829,2013-08-29,1.2563055447682283,"{""type"":""MultiPoint"",""coordinates"":[]}"
20130830,2013-08-30,1.7584359886292726,"{""type"":""MultiPoint"",""coordinates"":[]}"
20130831,2013-08-31,1.1820730373492718,"{""type"":""MultiPoint"",""coordinates"":[]}"
20130901,2013-09-01,0.5136861047687448,"{""type"":""MultiPoint"",""coordinates"":[]}"
20130902,2013-09-02,0.27114116978900465,"{""type"":""MultiPoint"",""coordinates"":[]}"
20130903,2013-09-03,0.6164911999056231,"{""type"":""MultiPoint"",""coordinates"":[]}"
20130904,2013-09-04,0.5456694563142748,"{""type"":""MultiPoint"",""coordinates"":[]}"
20130905,2013-09-05,0.919387398600664,"{""type"":""MultiPoint"",""coordinates"":[]}"
20130906,2013-09-06,0.5729411582245979,"{""type"":""MultiPoint"",""coordinates"":[]}"
20130907,2013-09-07,0.6480522070227501,"{""type"":""MultiPoint"",""coordinates"":[]}"
20130908,2013-09-08,0.37613171626766356,"{""type"":""MultiPoint"",""coordinates"":[]}"
20130909,2013-09-09,0.3439964296986434,"{""type"":""MultiPoint"",""coordinates"":[]}"
20130910,2013-09-10,0.9486839117091446,"{""type"":""MultiPoint"",""coordinates"":[]}"
20130911,2013-09-11,0.4373147953529448,"{""type"":""MultiPoint"",""coordinates"":[]}"
20130912,2013-09-12,0.7731953637053599,"{""type"":""MultiPoint"",""coordinates"":[]}"
20130913,2013-09-13,0.7706785777822964,"{""type"":""MultiPoint"",""coordinates"":[]}"
20130914,2013-09-14,0.22048610843865124,"{""type"":""MultiPoint"",""coordinates"":[]}"
20130915,2013-09-15,0.5805013958457051,"{""type"":""MultiPoint"",""coordinates"":[]}"
20130916,2013-09-16,0.5623048306581986,"{""type"":""MultiPoint"",""coordinates"":[]}"
20130917,2013-09-17,0.20611084131676344,"{""type"":""MultiPoint"",""coordinates"":[]}"
20130918,2013-09-18,0.7740821870486561,"{""type"":""MultiPoint"",""coordinates"":[]}"
20130919,2013-09-19,0.7742557683698307,"{""type"":""MultiPoint"",""coordinates"":[]}"
20130920,2013-09-20,0.555758600192592,"{""type"":""MultiPoint"",""coordinates"":[]}"
20130921,2013-09-21,0.16987752820210672,"{""type"":""MultiPoint"",""coordinates"":[]}"
20130922,2013-09-22,0.3868881511247822,"{""type"":""MultiPoint"",""coordinates"":[]}"
20130923,2013-09-23,0.913199890789371,"{""type"":""MultiPoint"",""coordinates"":[]}"
20130924,2013-09-24,1.2047183164488509,"{""type"":""MultiPoint"",""coordinates"":[]}"
20130925,2013-09-25,1.0459368426327054,"{""type"":""MultiPoint"",""coordinates"":[]}"
20130926,2013-09-26,0.23984318416651815,"{""type"":""MultiPoint"",""coordinates"":[]}"
20130927,2013-09-27,0.4623757690533323,"{""type"":""MultiPoint"",""coordinates"":[]}"
20130928,2013-09-28,0.17449452232244372,"{""type"":""MultiPoint"",""coordinates"":[]}"
20130929,2013-09-29,0.3290863825100983,"{""type"":""MultiPoint"",""coordinates"":[]}"
20130930,2013-09-30,0.18819358112890394,"{""type"":""MultiPoint"",""coordinates"":[]}"
20131001,2013-10-01,0.9839369028077839,"{""type"":""MultiPoint"",""coordinates"":[]}"
20131002,2013-10-02,0.5461143477094847,"{""type"":""MultiPoint"",""coordinates"":[]}"
20131003,2013-10-03,0.43974202719981376,"{""type"":""MultiPoint"",""coordinates"":[]}"
20131004,2013-10-04,0.12414709727254299,"{""type"":""MultiPoint"",""coordinates"":[]}"
20131005,2013-10-05,0.4839646103626746,"{""type"":""MultiPoint"",""coordinates"":[]}"
20131006,2013-10-06,0.5279815731365473,"{""type"":""MultiPoint"",""coordinates"":[]}"
20131007,2013-10-07,0.20550096044825972,"{""type"":""MultiPoint"",""coordinates"":[]}"
20131008,2013-10-08,0.416320590991332,"{""type"":""MultiPoint"",""coordinates"":[]}"
20131009,2013-10-09,0.29794804179736817,"{""type"":""MultiPoint"",""coordinates"":[]}"
20131010,2013-10-10,0.2375450778745286,"{""type"":""MultiPoint"",""coordinates"":[]}"
20131011,2013-10-11,0.4041751954583824,"{""type"":""MultiPoint"",""coordinates"":[]}"
20131012,2013-10-12,0.18430352387500798,"{""type"":""MultiPoint"",""coordinates"":[]}"
20131013,2013-10-13,0.3411757744800929,"{""type"":""MultiPoint"",""coordinates"":[]}"
20131014,2013-10-14,0.309176801613697,"{""type"":""MultiPoint"",""coordinates"":[]}"
20131015,2013-10-15,0.11177215645224733,"{""type"":""MultiPoint"",""coordinates"":[]}"
20131016,2013-10-16,0.16438748612790008,"{""type"":""MultiPoint"",""coordinates"":[]}"
20131017,2013-10-17,0.21531386487004775,"{""type"":""MultiPoint"",""coordinates"":[]}"
20131018,2013-10-18,0.3825287658858952,"{""type"":""MultiPoint"",""coordinates"":[]}"
20131019,2013-10-19,0.5756378107802463,"{""type"":""MultiPoint"",""coordinates"":[]}"
20131020,2013-10-20,0.27005688625487473,"{""type"":""MultiPoint"",""coordinates"":[]}"
20131021,2013-10-21,0.2631597372990182,"{""type"":""MultiPoint"",""coordinates"":[]}"
20131022,2013-10-22,0.514895598584872,"{""type"":""MultiPoint"",""coordinates"":[]}"
20131023,2013-10-23,0.2465205718686921,"{""type"":""MultiPoint"",""coordinates"":[]}"
20131024,2013-10-24,0.6270269200820371,"{""type"":""MultiPoint"",""coordinates"":[]}"
20131025,2013-10-25,0.656578361356732,"{""type"":""MultiPoint"",""coordinates"":[]}"
20131026,2013-10-26,0.16105127315780407,"{""type"":""MultiPoint"",""coordinates"":[]}"
20131027,2013-10-27,0.5900530587005361,"{""type"":""MultiPoint"",""coordinates"":[]}"
20131028,2013-10-28,0.6362788492077377,"{""type"":""MultiPoint"",""coordinates"":[]}"
20131029,2013-10-29,0.399835295288953,"{""type"":""MultiPoint"",""coordinates"":[]}"
20131030,2013-10-30,0.7624917855574834,"{""type"":""MultiPoint"",""coordinates"":[]}"
20131031,2013-10-31,0.966413025286727,"{""type"":""MultiPoint"",""coordinates"":[]}"
20131101,2013-11-01,1.394346762889653,"{""type"":""MultiPoint"",""coordinates"":[]}"
20131102,2013-11-02,1.1878620373248765,"{""type"":""MultiPoint"",""coordinates"":[]}"
20131103,2013-11-03,1.2033457818141096,"{""type"":""MultiPoint"",""coordinates"":[]}"
20131104,2013-11-04,0.6154780195679387,"{""type"":""MultiPoint"",""coordinates"":[]}"
20131105,2013-11-05,0.6413624861460601,"{""type"":""MultiPoint"",""coordinates"":[]}"
20131106,2013-11-06,0.5590131709377973,"{""type"":""MultiPoint"",""coordinates"":[]}"
20131107,2013-11-07,0.7226840668712788,"{""type"":""MultiPoint"",""coordinates"":[]}"
20131108,2013-11-08,0.6458167331540254,"{""type"":""MultiPoint"",""coordinates"":[]}"
20131109,2013-11-09,0.4719091402987039,"{""type"":""MultiPoint"",""coordinates"":[]}"
20131110,2013-11-10,0.443733388329415,"{""type"":""MultiPoint"",""coordinates"":[]}"
20131111,2013-11-11,0.2076298901600903,"{""type"":""MultiPoint"",""coordinates"":[]}"
20131112,2013-11-12,0.10167208754677783,"{""type"":""MultiPoint"",""coordinates"":[]}"
20131113,2013-11-13,0.244759727470854,"{""type"":""MultiPoint"",""coordinates"":[]}"
20131114,2013-11-14,0.11959395125499919,"{""type"":""MultiPoint"",""coordinates"":[]}"
20131115,2013-11-15,0.035968849524913915,"{""type"":""MultiPoint"",""coordinates"":[]}"
20131116,2013-11-16,0.4007341808384181,"{""type"":""MultiPoint"",""coordinates"":[]}"
20131117,2013-11-17,0.09504438458369907,"{""type"":""MultiPoint"",""coordinates"":[]}"
20131118,2013-11-18,0.7046945341412316,"{""type"":""MultiPoint"",""coordinates"":[]}"
20131119,2013-11-19,0.9879986416185254,"{""type"":""MultiPoint"",""coordinates"":[]}"
20131120,2013-11-20,0.7715102639052356,"{""type"":""MultiPoint"",""coordinates"":[]}"
20131121,2013-11-21,0.35847552354600365,"{""type"":""MultiPoint"",""coordinates"":[]}"
20131122,2013-11-22,0.4272450771702866,"{""type"":""MultiPoint"",""coordinates"":[]}"
20131123,2013-11-23,0.28857388173681675,"{""type"":""MultiPoint"",""coordinates"":[]}"
20131124,2013-11-24,0.5695141917409089,"{""type"":""MultiPoint"",""coordinates"":[]}"
20131125,2013-11-25,0.837272824673591,"{""type"":""MultiPoint"",""coordinates"":[]}"
20131126,2013-11-26,0.9070544012918603,"{""type"":""MultiPoint"",""coordinates"":[]}"
20131127,2013-11-27,0.5575647028866579,"{""type"":""MultiPoint"",""coordinates"":[]}"
20131128,2013-11-28,1.035692436036048,"{""type"":""MultiPoint"",""coordinates"":[]}"
20131129,2013-11-29,0.5374274480814996,"{""type"":""MultiPoint"",""coordinates"":[]}"
20131130,2013-11-30,0.7143233401664404,"{""type"":""MultiPoint"",""coordinates"":[]}"
20131201,2013-12-01,0.44228419285423637,"{""type"":""MultiPoint"",""coordinates"":[]}"
20131202,2013-12-02,0.3488218777174694,"{""type"":""MultiPoint"",""coordinates"":[]}"
20131203,2013-12-03,0.5769311468338008,"{""type"":""MultiPoint"",""coordinates"":[]}"
20131204,2013-12-04,0.10831967654354323,"{""type"":""MultiPoint"",""coordinates"":[]}"
20131205,2013-12-05,0.12673758585233993,"{""type"":""MultiPoint"",""coordinates"":[]}"
20131206,2013-12-06,0.21704261165902217,"{""type"":""MultiPoint"",""coordinates"":[]}"
20131207,2013-12-07,0.3918764729813571,"{""type"":""MultiPoint"",""coordinates"":[]}"
20131208,2013-12-08,0.23988062075748115,"{""type"":""MultiPoint"",""coordinates"":[]}"
20131209,2013-12-09,0.39368720671205243,"{""type"":""MultiPoint"",""coordinates"":[]}"
20131210,2013-12-10,0.05997766773098161,"{""type"":""MultiPoint"",""coordinates"":[]}"
20131211,2013-12-11,0.16819536317918982,"{""type"":""MultiPoint"",""coordinates"":[]}"
20131212,2013-12-12,0.2635656030200291,"{""type"":""MultiPoint"",""coordinates"":[]}"
20131213,2013-12-13,0.25246621412979436,"{""type"":""MultiPoint"",""coordinates"":[]}"
20131214,2013-12-14,0.15381386859068755,"{""type"":""MultiPoint"",""coordinates"":[]}"
20131215,2013-12-15,0.054473966370453764,"{""type"":""MultiPoint"",""coordinates"":[]}"
20131216,2013-12-16,0.13476075758224557,"{""type"":""MultiPoint"",""coordinates"":[]}"
20131217,2013-12-17,0.48265775733215277,"{""type"":""MultiPoint"",""coordinates"":[]}"
20131218,2013-12-18,0.6301513176311896,"{""type"":""MultiPoint"",""coordinates"":[]}"
20131219,2013-12-19,0.8687117492858054,"{""type"":""MultiPoint"",""coordinates"":[]}"
20131220,2013-12-20,0.9423688860420745,"{""type"":""MultiPoint"",""coordinates"":[]}"
20131221,2013-12-21,0.6367506824267712,"{""type"":""MultiPoint"",""coordinates"":[]}"
20131222,2013-12-22,0.6253545235053822,"{""type"":""MultiPoint"",""coordinates"":[]}"
20131223,2013-12-23,0.16449762714047228,"{""type"":""MultiPoint"",""coordinates"":[]}"
20131224,2013-12-24,0.698803806271896,"{""type"":""MultiPoint"",""coordinates"":[]}"
20131225,2013-12-25,0.6788218068930479,"{""type"":""MultiPoint"",""coordinates"":[]}"
20131226,2013-12-26,0.44164247638725257,"{""type"":""MultiPoint"",""coordinates"":[]}"
20131227,2013-12-27,0.1429342495971641,"{""type"":""MultiPoint"",""coordinates"":[]}"
20131228,2013-12-28,0.633350208628549,"{""type"":""MultiPoint"",""coordinates"":[]}"
20131229,2013-12-29,0.649973472932631,"{""type"":""MultiPoint"",""coordinates"":[]}"
20131230,2013-12-30,0.18738433174366015,"{""type"":""MultiPoint"",""coordinates"":[]}"
20131231,2013-12-31,0.19682578631119413,"{""type"":""MultiPoint"",""coordinates"":[]}"
20140101,2014-01-01,0.11682431688997935,"{""type"":""MultiPoint"",""coordinates"":[]}"
20140102,2014-01-02,0.056530502532855284,"{""type"":""MultiPoint"",""coordinates"":[]}"
20140103,2014-01-03,0.4151306080273644,"{""type"":""MultiPoint"",""coordinates"":[]}"
20140104,2014-01-04,0.22304249509773139,"{""type"":""MultiPoint"",""coordinates"":[]}"
20140105,2014-01-05,0.021144321097463052,"{""type"":""MultiPoint"",""coordinates"":[]}"
20140106,2014-01-06,0.4557137210165133,"{""type"":""MultiPoint"",""coordinates"":[]}"
20140107,2014-01-07,0.1326862083420931,"{""type"":""MultiPoint"",""coordinates"":[]}"
20140108,2014-01-08,0.5200889761643966,"{""type"":""MultiPoint"",""coordinates"":[]}"
20140109,2014-01-09,0.24899339394287567,"{""type"":""MultiPoint"",""coordinates"":[]}"
20140110,2014-01-10,0.1781695091273976,"{""type"":""MultiPoint"",""coordinates"":[]}"
20140111,2014-01-11,0.17152130057665968,"{""type"":""MultiPoint"",""coordinates"":[]}"
20140112,2014-01-12,0.3178907957046009,"{""type"":""MultiPoint"",""coordinates"":[]}"
20140113,2014-01-13,0.616526960221241,"{""type"":""MultiPoint"",""coordinates"":[]}"
20140114,2014-01-14,0.30575443603009,"{""type"":""MultiPoint"",""coordinates"":[]}"
20140115,2014-01-15,0.327224640047506,"{""type"":""MultiPoint"",""coordinates"":[]}"
20140116,2014-01-16,0.05639529623662716,"{""type"":""MultiPoint"",""coordinates"":[]}"
20140117,2014-01-17,0.09745785137071919,"{""type"":""MultiPoint"",""coordinates"":[]}"
20140118,2014-01-18,0.12464575843210667,"{""type"":""MultiPoint"",""coordinates"":[]}"
20140119,2014-01-19,0.17456165260980525,"{""type"":""MultiPoint"",""coordinates"":[]}"
20140120,2014-01-20,0.2894307575578299,"{""type"":""MultiPoint"",""coordinates"":[]}"
20140121,2014-01-21,0.24740658577534658,"{""type"":""MultiPoint"",""coordinates"":[]}"
20140122,2014-01-22,0.8811473412323417,"{""type"":""MultiPoint"",""coordinates"":[]}"
20140123,2014-01-23,0.27510878362716384,"{""type"":""MultiPoint"",""coordinates"":[]}"
20140124,2014-01-24,0.2920594682474528,"{""type"":""MultiPoint"",""coordinates"":[]}"
20140125,2014-01-25,0.6359618783347084,"{""type"":""MultiPoint"",""coordinates"":[]}"
20140126,2014-01-26,1.0232736914143228,"{""type"":""MultiPoint"",""coordinates"":[]}"
20140127,2014-01-27,0.17580139966188266,"{""type"":""MultiPoint"",""coordinates"":[]}"
20140128,2014-01-28,0.16912061710206475,"{""type"":""MultiPoint"",""coordinates"":[]}"
20140129,2014-01-29,0.3824663488009237,"{""type"":""MultiPoint"",""coordinates"":[]}"
20140130,2014-01-30,0.3476901723550797,"{""type"":""MultiPoint"",""coordinates"":[]}"
20140131,2014-01-31,0.19858109276684074,"{""type"":""MultiPoint"",""coordinates"":[]}"
20140201,2014-02-01,0.2686476848872255,"{""type"":""MultiPoint"",""coordinates"":[]}"
20140202,2014-02-02,0.18758154116000147,"{""type"":""MultiPoint"",""coordinates"":[]}"
20140203,2014-02-03,0.65188404300408,"{""type"":""MultiPoint"",""coordinates"":[]}"
20140204,2014-02-04,0.7220800895916519,"{""type"":""MultiPoint"",""coordinates"":[]}"
20140205,2014-02-05,0.40087823519233223,"{""type"":""MultiPoint"",""coordinates"":[]}"
20140206,2014-02-06,0.463388857287739,"{""type"":""MultiPoint"",""coordinates"":[]}"
20140207,2014-02-07,0.25563915563173695,"{""type"":""MultiPoint"",""coordinates"":[]}"
20140208,2014-02-08,0.14625464308528202,"{""type"":""MultiPoint"",""coordinates"":[]}"
20140209,2014-02-09,0.1420441865554132,"{""type"":""MultiPoint"",""coordinates"":[]}"
20140210,2014-02-10,0.03548789153313264,"{""type"":""MultiPoint"",""coordinates"":[]}"
20140211,2014-02-11,0.07582444919594647,"{""type"":""MultiPoint"",""coordinates"":[]}"
20140212,2014-02-12,0.19962474565758473,"{""type"":""MultiPoint"",""coordinates"":[]}"
20140213,2014-02-13,0.3365616711558724,"{""type"":""MultiPoint"",""coordinates"":[]}"
20140214,2014-02-14,0.3990147217788426,"{""type"":""MultiPoint"",""coordinates"":[]}"
20140215,2014-02-15,0.4454644113337466,"{""type"":""MultiPoint"",""coordinates"":[]}"
20140216,2014-02-16,0.1315958971627928,"{""type"":""MultiPoint"",""coordinates"":[]}"
20140217,2014-02-17,0.5272342211680632,"{""type"":""MultiPoint"",""coordinates"":[]}"
20140218,2014-02-18,0.14921741717251397,"{""type"":""MultiPoint"",""coordinates"":[]}"
20140219,2014-02-19,0.3537081169847802,"{""type"":""MultiPoint"",""coordinates"":[]}"
20140220,2014-02-20,0.7049115160753338,"{""type"":""MultiPoint"",""coordinates"":[]}"
20140221,2014-02-21,0.17099672451043108,"{""type"":""MultiPoint"",""coordinates"":[]}"
20140222,2014-02-22,0.14431365801929544,"{""type"":""MultiPoint"",""coordinates"":[]}"
20140223,2014-02-23,0.4146863787144239,"{""type"":""MultiPoint"",""coordinates"":[]}"
20140224,2014-02-24,0.1781026374978953,"{""type"":""MultiPoint"",""coordinates"":[]}"
20140225,2014-02-25,0.5001300646485054,"{""type"":""MultiPoint"",""coordinates"":[]}"
20140226,2014-02-26,0.28182035884802215,"{""type"":""MultiPoint"",""coordinates"":[]}"
20140227,2014-02-27,0.26208695917595753,"{""type"":""MultiPoint"",""coordinates"":[]}"
20140228,2014-02-28,0.4813641145651993,"{""type"":""MultiPoint"",""coordinates"":[]}"
20140301,2014-03-01,0.7805207610697266,"{""type"":""MultiPoint"",""coordinates"":[]}"
20140302,2014-03-02,0.9437471362888546,"{""type"":""MultiPoint"",""coordinates"":[]}"
20140303,2014-03-03,1.0092331036930293,"{""type"":""MultiPoint"",""coordinates"":[]}"
20140304,2014-03-04,0.6608629856123519,"{""type"":""MultiPoint"",""coordinates"":[]}"
20140305,2014-03-05,0.44145652138285635,"{""type"":""MultiPoint"",""coordinates"":[]}"
20140306,2014-03-06,0.35408013759198587,"{""type"":""MultiPoint"",""coordinates"":[]}"
20140307,2014-03-07,0.2874268194154434,"{""type"":""MultiPoint"",""coordinates"":[]}"
20140308,2014-03-08,0.7824768098193025,"{""type"":""MultiPoint"",""coordinates"":[]}"
20140309,2014-03-09,0.9377248743309302,"{""type"":""MultiPoint"",""coordinates"":[]}"
20140310,2014-03-10,0.8051422840455098,"{""type"":""MultiPoint"",""coordinates"":[]}"
20140311,2014-03-11,0.7623258336774902,"{""type"":""MultiPoint"",""coordinates"":[]}"
20140312,2014-03-12,0.5488224720296575,"{""type"":""MultiPoint"",""coordinates"":[]}"
20140313,2014-03-13,0.5115959672112839,"{""type"":""MultiPoint"",""coordinates"":[]}"
20140314,2014-03-14,0.6777992368071137,"{""type"":""MultiPoint"",""coordinates"":[]}"
20140315,2014-03-15,0.558110819866663,"{""type"":""MultiPoint"",""coordinates"":[]}"
20140316,2014-03-16,0.38700822327853585,"{""type"":""MultiPoint"",""coordinates"":[]}"
20140317,2014-03-17,0.02169376565773981,"{""type"":""MultiPoint"",""coordinates"":[]}"
20140318,2014-03-18,0.45880635953862703,"{""type"":""MultiPoint"",""coordinates"":[]}"
20140319,2014-03-19,0.3251255143472859,"{""type"":""MultiPoint"",""coordinates"":[]}"
20140320,2014-03-20,0.2774507107711678,"{""type"":""MultiPoint"",""coordinates"":[]}"
20140321,2014-03-21,0.21695018375059671,"{""type"":""MultiPoint"",""coordinates"":[]}"
20140322,2014-03-22,0.08158400975593948,"{""type"":""MultiPoint"",""coordinates"":[]}"
20140323,2014-03-23,0.24079768938485224,"{""type"":""MultiPoint"",""coordinates"":[]}"
20140324,2014-03-24,0.18442806705953418,"{""type"":""MultiPoint"",""coordinates"":[]}"
20140325,2014-03-25,0.3028380969254527,"{""type"":""MultiPoint"",""coordinates"":[]}"
20140326,2014-03-26,0.13375073455630354,"{""type"":""MultiPoint"",""coordinates"":[]}"
20140327,2014-03-27,0.7279234794936673,"{""type"":""MultiPoint"",""coordinates"":[]}"
20140328,2014-03-28,0.6551087226605453,"{""type"":""MultiPoint"",""coordinates"":[]}"
20140329,2014-03-29,0.19078236816498073,"{""type"":""MultiPoint"",""coordinates"":[]}"
20140330,2014-03-30,0.584886998798965,"{""type"":""MultiPoint"",""coordinates"":[]}"
20140331,2014-03-31,0.6895404090734096,"{""type"":""MultiPoint"",""coordinates"":[]}"
20140401,2014-04-01,0.45608348834466855,"{""type"":""MultiPoint"",""coordinates"":[]}"
20140402,2014-04-02,0.7200810242468891,"{""type"":""MultiPoint"",""coordinates"":[]}"
20140403,2014-04-03,0.3238671117483715,"{""type"":""MultiPoint"",""coordinates"":[]}"
20140404,2014-04-04,0.25817353266199167,"{""type"":""MultiPoint"",""coordinates"":[]}"
20140405,2014-04-05,0.5201361877472865,"{""type"":""MultiPoint"",""coordinates"":[]}"
20140406,2014-04-06,0.8858683584661773,"{""type"":""MultiPoint"",""coordinates"":[]}"
20140407,2014-04-07,0.5787351633564617,"{""type"":""MultiPoint"",""coordinates"":[]}"
20140408,2014-04-08,0.48943332943695944,"{""type"":""MultiPoint"",""coordinates"":[]}"
20140409,2014-04-09,0.16687719657743869,"{""type"":""MultiPoint"",""coordinates"":[]}"
20140410,2014-04-10,0.3496348120607416,"{""type"":""MultiPoint"",""coordinates"":[]}"
20140411,2014-04-11,0.6870537263306014,"{""type"":""MultiPoint"",""coordinates"":[]}"
20140412,2014-04-12,0.5158262320920256,"{""type"":""MultiPoint"",""coordinates"":[]}"
20140413,2014-04-13,0.47254944688388373,"{""type"":""MultiPoint"",""coordinates"":[]}"
20140414,2014-04-14,0.49047468882402645,"{""type"":""MultiPoint"",""coordinates"":[]}"
20140415,2014-04-15,0.40213176535958833,"{""type"":""MultiPoint"",""coordinates"":[]}"
20140416,2014-04-16,0.28673365945440177,"{""type"":""MultiPoint"",""coordinates"":[]}"
20140417,2014-04-17,0.33724710230974686,"{""type"":""MultiPoint"",""coordinates"":[]}"
20140418,2014-04-18,0.681334810303373,"{""type"":""MultiPoint"",""coordinates"":[]}"
20140419,2014-04-19,0.44350030126448464,"{""type"":""MultiPoint"",""coordinates"":[]}"
20140420,2014-04-20,0.6395496791212867,"{""type"":""MultiPoint"",""coordinates"":[]}"
20140421,2014-04-21,0.3002725617732991,"{""type"":""MultiPoint"",""coordinates"":[]}"
20140422,2014-04-22,0.4791698570283024,"{""type"":""MultiPoint"",""coordinates"":[]}"
20140423,2014-04-23,0.19115206750403924,"{""type"":""MultiPoint"",""coordinates"":[]}"
20140424,2014-04-24,0.3901454933448939,"{""type"":""MultiPoint"",""coordinates"":[]}"
20140425,2014-04-25,0.7608265694634545,"{""type"":""MultiPoint"",""coordinates"":[]}"
20140426,2014-04-26,0.27567249366383345,"{""type"":""MultiPoint"",""coordinates"":[]}"
20140427,2014-04-27,0.2866313200335311,"{""type"":""MultiPoint"",""coordinates"":[]}"
20140428,2014-04-28,0.1250478439021525,"{""type"":""MultiPoint"",""coordinates"":[]}"
20140429,2014-04-29,0.9640234250775398,"{""type"":""MultiPoint"",""coordinates"":[]}"
20140430,2014-04-30,0.3009807494754452,"{""type"":""MultiPoint"",""coordinates"":[]}"
20140501,2014-05-01,0.41245282642148173,"{""type"":""MultiPoint"",""coordinates"":[]}"
20140502,2014-05-02,0.11614318615176412,"{""type"":""MultiPoint"",""coordinates"":[]}"
20140503,2014-05-03,0.09447402429352698,"{""type"":""MultiPoint"",""coordinates"":[]}"
20140504,2014-05-04,0.03793841576313546,"{""type"":""MultiPoint"",""coordinates"":[]}"
20140505,2014-05-05,0.33404713494831284,"{""type"":""MultiPoint"",""coordinates"":[]}"
20140506,2014-05-06,0.24044757320223237,"{""type"":""MultiPoint"",""coordinates"":[]}"
20140507,2014-05-07,0.11252169879923188,"{""type"":""MultiPoint"",""coordinates"":[]}"
20140508,2014-05-08,0.24540542577340976,"{""type"":""MultiPoint"",""coordinates"":[]}"
20140509,2014-05-09,0.3543135246373642,"{""type"":""MultiPoint"",""coordinates"":[]}"
20140510,2014-05-10,0.55574697682093,"{""type"":""MultiPoint"",""coordinates"":[]}"
20140511,2014-05-11,0.8623011628168017,"{""type"":""MultiPoint"",""coordinates"":[]}"
20140512,2014-05-12,0.19879695240898285,"{""type"":""MultiPoint"",""coordinates"":[]}"
20140513,2014-05-13,0.5147828861200411,"{""type"":""MultiPoint"",""coordinates"":[]}"
20140514,2014-05-14,0.37394357477508716,"{""type"":""MultiPoint"",""coordinates"":[]}"
20140515,2014-05-15,0.10819218687223406,"{""type"":""MultiPoint"",""coordinates"":[]}"
20140516,2014-05-16,0.4564793373472074,"{""type"":""MultiPoint"",""coordinates"":[]}"
20140517,2014-05-17,0.1900718953664987,"{""type"":""MultiPoint"",""coordinates"":[]}"
20140518,2014-05-18,0.40803343792810315,"{""type"":""MultiPoint"",""coordinates"":[]}"
20140519,2014-05-19,0.617361570180047,"{""type"":""MultiPoint"",""coordinates"":[]}"
20140520,2014-05-20,0.6971562049075819,"{""type"":""MultiPoint"",""coordinates"":[]}"
20140521,2014-05-21,0.4855647307621342,"{""type"":""MultiPoint"",""coordinates"":[]}"
20140522,2014-05-22,0.22140316024201204,"{""type"":""MultiPoint"",""coordinates"":[]}"
20140523,2014-05-23,0.2570115862106504,"{""type"":""MultiPoint"",""coordinates"":[]}"
20140524,2014-05-24,0.3787576379144258,"{""type"":""MultiPoint"",""coordinates"":[]}"
20140525,2014-05-25,0.48279986590973817,"{""type"":""MultiPoint"",""coordinates"":[]}"
20140526,2014-05-26,0.06631631536498615,"{""type"":""MultiPoint"",""coordinates"":[]}"
20140527,2014-05-27,0.7511430683335942,"{""type"":""MultiPoint"",""coordinates"":[]}"
20140528,2014-05-28,0.8342300777091207,"{""type"":""MultiPoint"",""coordinates"":[]}"
20140529,2014-05-29,0.12734386041243434,"{""type"":""MultiPoint"",""coordinates"":[]}"
20140530,2014-05-30,0.23815858020847563,"{""type"":""MultiPoint"",""coordinates"":[]}"
20140531,2014-05-31,0.40319016367363825,"{""type"":""MultiPoint"",""coordinates"":[]}"
20140601,2014-06-01,0.48064387385476154,"{""type"":""MultiPoint"",""coordinates"":[]}"
20140602,2014-06-02,0.49492179994777646,"{""type"":""MultiPoint"",""coordinates"":[]}"
20140603,2014-06-03,0.34727059414187816,"{""type"":""MultiPoint"",""coordinates"":[]}"
20140604,2014-06-04,0.461824731532337,"{""type"":""MultiPoint"",""coordinates"":[]}"
20140605,2014-06-05,0.26007324495075906,"{""type"":""MultiPoint"",""coordinates"":[]}"
20140606,2014-06-06,0.5958560276302017,"{""type"":""MultiPoint"",""coordinates"":[]}"
20140607,2014-06-07,1.0486657031470077,"{""type"":""MultiPoint"",""coordinates"":[]}"
20140608,2014-06-08,0.4591555057613447,"{""type"":""MultiPoint"",""coordinates"":[]}"
20140609,2014-06-09,0.14428586647975514,"{""type"":""MultiPoint"",""coordinates"":[]}"
20140610,2014-06-10,0.5137252077001426,"{""type"":""MultiPoint"",""coordinates"":[]}"
20140611,2014-06-11,1.0129002801282707,"{""type"":""MultiPoint"",""coordinates"":[]}"
20140612,2014-06-12,0.979983672041521,"{""type"":""MultiPoint"",""coordinates"":[]}"
20140613,2014-06-13,1.019788411461342,"{""type"":""MultiPoint"",""coordinates"":[]}"
20140614,2014-06-14,0.9332412771846703,"{""type"":""MultiPoint"",""coordinates"":[]}"
20140615,2014-06-15,1.1299954097504241,"{""type"":""MultiPoint"",""coordinates"":[]}"
20140616,2014-06-16,1.474301557109877,"{""type"":""MultiPoint"",""coordinates"":[]}"
20140617,2014-06-17,1.4981834199112138,"{""type"":""MultiPoint"",""coordinates"":[]}"
20140618,2014-06-18,1.4150734206691333,"{""type"":""MultiPoint"",""coordinates"":[]}"
20140619,2014-06-19,1.7700344495693974,"{""type"":""MultiPoint"",""coordinates"":[]}"
20140620,2014-06-20,2.3009242468100193,"{""type"":""MultiPoint"",""coordinates"":[]}"
20140621,2014-06-21,1.4561917006545604,"{""type"":""MultiPoint"",""coordinates"":[]}"
20140622,2014-06-22,1.1061763260723745,"{""type"":""MultiPoint"",""coordinates"":[]}"
20140623,2014-06-23,1.2520535343479826,"{""type"":""MultiPoint"",""coordinates"":[]}"
20140624,2014-06-24,0.9941877103685381,"{""type"":""MultiPoint"",""coordinates"":[]}"
20140625,2014-06-25,0.7576256457304102,"{""type"":""MultiPoint"",""coordinates"":[]}"
20140626,2014-06-26,0.9504866738940184,"{""type"":""MultiPoint"",""coordinates"":[]}"
20140627,2014-06-27,0.3811767305874284,"{""type"":""MultiPoint"",""coordinates"":[]}"
20140628,2014-06-28,0.4771696758506483,"{""type"":""MultiPoint"",""coordinates"":[]}"
20140629,2014-06-29,1.11729989148454,"{""type"":""MultiPoint"",""coordinates"":[]}"
20140630,2014-06-30,1.0123523573128694,"{""type"":""MultiPoint"",""coordinates"":[]}"
20140701,2014-07-01,0.3791603181224514,"{""type"":""MultiPoint"",""coordinates"":[]}"
20140702,2014-07-02,0.5768647450952555,"{""type"":""MultiPoint"",""coordinates"":[]}"
20140703,2014-07-03,0.8782253629491014,"{""type"":""MultiPoint"",""coordinates"":[]}"
20140704,2014-07-04,0.5644618337277573,"{""type"":""MultiPoint"",""coordinates"":[]}"
20140705,2014-07-05,0.6942356220639285,"{""type"":""MultiPoint"",""coordinates"":[]}"
20140706,2014-07-06,0.6786336707460282,"{""type"":""MultiPoint"",""coordinates"":[]}"
20140707,2014-07-07,0.9006083989239633,"{""type"":""MultiPoint"",""coordinates"":[]}"
20140708,2014-07-08,1.180492843964861,"{""type"":""MultiPoint"",""coordinates"":[]}"
20140709,2014-07-09,1.533199810730351,"{""type"":""MultiPoint"",""coordinates"":[]}"
20140710,2014-07-10,1.4468123257820646,"{""type"":""MultiPoint"",""coordinates"":[]}"
20140711,2014-07-11,1.728619982797351,"{""type"":""MultiPoint"",""coordinates"":[]}"
20140712,2014-07-12,1.8403983610485601,"{""type"":""MultiPoint"",""coordinates"":[]}"
20140713,2014-07-13,1.7293942175957835,"{""type"":""MultiPoint"",""coordinates"":[]}"
20140714,2014-07-14,1.8442079424418545,"{""type"":""MultiPoint"",""coordinates"":[]}"
20140715,2014-07-15,1.4693041020328181,"{""type"":""MultiPoint"",""coordinates"":[]}"
20140716,2014-07-16,1.5064367351123356,"{""type"":""MultiPoint"",""coordinates"":[]}"
20140717,2014-07-17,1.6069106244920146,"{""type"":""MultiPoint"",""coordinates"":[]}"
20140718,2014-07-18,1.5669726367099215,"{""type"":""MultiPoint"",""coordinates"":[]}"
20140719,2014-07-19,1.6651533788134707,"{""type"":""MultiPoint"",""coordinates"":[]}"
20140720,2014-07-20,1.5955861004782084,"{""type"":""MultiPoint"",""coordinates"":[]}"
20140721,2014-07-21,1.3507984870223328,"{""type"":""MultiPoint"",""coordinates"":[]}"
20140722,2014-07-22,1.2574179864599302,"{""type"":""MultiPoint"",""coordinates"":[]}"
20140723,2014-07-23,1.350130033587298,"{""type"":""MultiPoint"",""coordinates"":[]}"
20140724,2014-07-24,1.3132404191241962,"{""type"":""MultiPoint"",""coordinates"":[]}"
20140725,2014-07-25,1.3482194887888277,"{""type"":""MultiPoint"",""coordinates"":[]}"
20140726,2014-07-26,0.7273616425919763,"{""type"":""MultiPoint"",""coordinates"":[]}"
20140727,2014-07-27,0.5974528303795608,"{""type"":""MultiPoint"",""coordinates"":[]}"
20140728,2014-07-28,1.0631415655271248,"{""type"":""MultiPoint"",""coordinates"":[]}"
20140729,2014-07-29,1.5182380833456584,"{""type"":""MultiPoint"",""coordinates"":[]}"
20140730,2014-07-30,1.3737985718700356,"{""type"":""MultiPoint"",""coordinates"":[]}"
20140731,2014-07-31,1.5946872210533272,"{""type"":""MultiPoint"",""coordinates"":[]}"
20140801,2014-08-01,1.4485620826373533,"{""type"":""MultiPoint"",""coordinates"":[]}"
20140802,2014-08-02,1.2496240371707077,"{""type"":""MultiPoint"",""coordinates"":[]}"
20140803,2014-08-03,0.8774231635815429,"{""type"":""MultiPoint"",""coordinates"":[]}"
20140804,2014-08-04,0.2182928034376783,"{""type"":""MultiPoint"",""coordinates"":[]}"
20140805,2014-08-05,0.8963025924302558,"{""type"":""MultiPoint"",""coordinates"":[]}"
20140806,2014-08-06,1.102497648716124,"{""type"":""MultiPoint"",""coordinates"":[]}"
20140807,2014-08-07,0.6406466692900485,"{""type"":""MultiPoint"",""coordinates"":[]}"
20140808,2014-08-08,0.40186049088522063,"{""type"":""MultiPoint"",""coordinates"":[]}"
20140809,2014-08-09,1.0603719059284902,"{""type"":""MultiPoint"",""coordinates"":[]}"
20140810,2014-08-10,0.3554618021686832,"{""type"":""MultiPoint"",""coordinates"":[]}"
20140811,2014-08-11,0.4581200152925733,"{""type"":""MultiPoint"",""coordinates"":[]}"
20140812,2014-08-12,0.6134360107555379,"{""type"":""MultiPoint"",""coordinates"":[]}"
20140813,2014-08-13,0.7082765658082416,"{""type"":""MultiPoint"",""coordinates"":[]}"
20140814,2014-08-14,1.1071269751250412,"{""type"":""MultiPoint"",""coordinates"":[]}"
20140815,2014-08-15,1.745590572278102,"{""type"":""MultiPoint"",""coordinates"":[]}"
20140816,2014-08-16,1.3422850570540727,"{""type"":""MultiPoint"",""coordinates"":[]}"
20140817,2014-08-17,1.3936731009187004,"{""type"":""MultiPoint"",""coordinates"":[]}"
20140818,2014-08-18,1.5628111195867325,"{""type"":""MultiPoint"",""coordinates"":[]}"
20140819,2014-08-19,0.9553316838694309,"{""type"":""MultiPoint"",""coordinates"":[]}"
20140820,2014-08-20,1.1045887876498282,"{""type"":""MultiPoint"",""coordinates"":[]}"
20140821,2014-08-21,0.9005051720237377,"{""type"":""MultiPoint"",""coordinates"":[]}"
20140822,2014-08-22,0.715625881711205,"{""type"":""MultiPoint"",""coordinates"":[]}"
20140823,2014-08-23,0.09674072513403155,"{""type"":""MultiPoint"",""coordinates"":[]}"
20140824,2014-08-24,0.32492827116587414,"{""type"":""MultiPoint"",""coordinates"":[]}"
20140825,2014-08-25,0.13776425146512605,"{""type"":""MultiPoint"",""coordinates"":[]}"
20140826,2014-08-26,0.5273027722412188,"{""type"":""MultiPoint"",""coordinates"":[]}"
20140827,2014-08-27,0.3822522623519308,"{""type"":""MultiPoint"",""coordinates"":[]}"
20140828,2014-08-28,0.3460302203308801,"{""type"":""MultiPoint"",""coordinates"":[]}"
20140829,2014-08-29,0.8236266863470173,"{""type"":""MultiPoint"",""coordinates"":[]}"
20140830,2014-08-30,0.6142881296431631,"{""type"":""MultiPoint"",""coordinates"":[]}"
20140831,2014-08-31,1.1537756790331024,"{""type"":""MultiPoint"",""coordinates"":[]}"
20140901,2014-09-01,0.696967798741091,"{""type"":""MultiPoint"",""coordinates"":[]}"
20140902,2014-09-02,0.23175308265285305,"{""type"":""MultiPoint"",""coordinates"":[]}"
20140903,2014-09-03,0.4467283910143485,"{""type"":""MultiPoint"",""coordinates"":[]}"
20140904,2014-09-04,0.28426289135277716,"{""type"":""MultiPoint"",""coordinates"":[]}"
20140905,2014-09-05,0.5028775288967352,"{""type"":""MultiPoint"",""coordinates"":[]}"
20140906,2014-09-06,0.49533363342846465,"{""type"":""MultiPoint"",""coordinates"":[]}"
20140907,2014-09-07,1.2360472825230504,"{""type"":""MultiPoint"",""coordinates"":[]}"
20140908,2014-09-08,1.4002160065537015,"{""type"":""MultiPoint"",""coordinates"":[]}"
20140909,2014-09-09,0.9716082832453689,"{""type"":""MultiPoint"",""coordinates"":[]}"
20140910,2014-09-10,0.21022578776328577,"{""type"":""MultiPoint"",""coordinates"":[]}"
20140911,2014-09-11,0.0952338614684582,"{""type"":""MultiPoint"",""coordinates"":[]}"
20140912,2014-09-12,0.24078183070107517,"{""type"":""MultiPoint"",""coordinates"":[]}"
20140913,2014-09-13,0.19134282981130804,"{""type"":""MultiPoint"",""coordinates"":[]}"
20140914,2014-09-14,0.36594285240972174,"{""type"":""MultiPoint"",""coordinates"":[]}"
20140915,2014-09-15,0.2753772755927629,"{""type"":""MultiPoint"",""coordinates"":[]}"
20140916,2014-09-16,0.33211659532276183,"{""type"":""MultiPoint"",""coordinates"":[]}"
20140917,2014-09-17,0.08584147036850279,"{""type"":""MultiPoint"",""coordinates"":[]}"
20140918,2014-09-18,0.2577266000038811,"{""type"":""MultiPoint"",""coordinates"":[]}"
20140919,2014-09-19,0.19288133125724477,"{""type"":""MultiPoint"",""coordinates"":[]}"
20140920,2014-09-20,0.3494563254109213,"{""type"":""MultiPoint"",""coordinates"":[]}"
20140921,2014-09-21,0.2103401929201036,"{""type"":""MultiPoint"",""coordinates"":[]}"
20140922,2014-09-22,0.4097671702541843,"{""type"":""MultiPoint"",""coordinates"":[]}"
20140923,2014-09-23,0.32838344190524005,"{""type"":""MultiPoint"",""coordinates"":[]}"
20140924,2014-09-24,0.18692599263322734,"{""type"":""MultiPoint"",""coordinates"":[]}"
20140925,2014-09-25,0.27249420512973316,"{""type"":""MultiPoint"",""coordinates"":[]}"
20140926,2014-09-26,0.20857986687458302,"{""type"":""MultiPoint"",""coordinates"":[]}"
20140927,2014-09-27,0.30584682586996065,"{""type"":""MultiPoint"",""coordinates"":[]}"
20140928,2014-09-28,0.6524851428721296,"{""type"":""MultiPoint"",""coordinates"":[]}"
20140929,2014-09-29,0.7865103129495903,"{""type"":""MultiPoint"",""coordinates"":[]}"
20140930,2014-09-30,0.6448335614302269,"{""type"":""MultiPoint"",""coordinates"":[]}"
20141001,2014-10-01,0.7098802592661814,"{""type"":""MultiPoint"",""coordinates"":[]}"
20141002,2014-10-02,0.8320684959848775,"{""type"":""MultiPoint"",""coordinates"":[]}"
20141003,2014-10-03,0.8570415488301084,"{""type"":""MultiPoint"",""coordinates"":[]}"
20141004,2014-10-04,0.2587220244775806,"{""type"":""MultiPoint"",""coordinates"":[]}"
20141005,2014-10-05,0.2711117156281407,"{""type"":""MultiPoint"",""coordinates"":[]}"
20141006,2014-10-06,0.14952225928830057,"{""type"":""MultiPoint"",""coordinates"":[]}"
20141007,2014-10-07,0.18256221198957534,"{""type"":""MultiPoint"",""coordinates"":[]}"
20141008,2014-10-08,0.47258893907483507,"{""type"":""MultiPoint"",""coordinates"":[]}"
20141009,2014-10-09,0.5284343085133459,"{""type"":""MultiPoint"",""coordinates"":[]}"
20141010,2014-10-10,0.2690764008046818,"{""type"":""MultiPoint"",""coordinates"":[]}"
20141011,2014-10-11,0.2854334265651978,"{""type"":""MultiPoint"",""coordinates"":[]}"
20141012,2014-10-12,0.48302465479188716,"{""type"":""MultiPoint"",""coordinates"":[]}"
20141013,2014-10-13,0.7073170535603887,"{""type"":""MultiPoint"",""coordinates"":[]}"
20141014,2014-10-14,0.5704088503560816,"{""type"":""MultiPoint"",""coordinates"":[]}"
20141015,2014-10-15,0.5777574672352535,"{""type"":""MultiPoint"",""coordinates"":[]}"
20141016,2014-10-16,0.3655068232749541,"{""type"":""MultiPoint"",""coordinates"":[]}"
20141017,2014-10-17,0.39207170844577266,"{""type"":""MultiPoint"",""coordinates"":[]}"
20141018,2014-10-18,0.1897495235775675,"{""type"":""MultiPoint"",""coordinates"":[]}"
20141019,2014-10-19,0.2993726236932962,"{""type"":""MultiPoint"",""coordinates"":[]}"
20141020,2014-10-20,0.27540231809526966,"{""type"":""MultiPoint"",""coordinates"":[]}"
20141021,2014-10-21,0.3933188076594386,"{""type"":""MultiPoint"",""coordinates"":[]}"
20141022,2014-10-22,0.29151429652693683,"{""type"":""MultiPoint"",""coordinates"":[]}"
20141023,2014-10-23,0.6194464099857593,"{""type"":""MultiPoint"",""coordinates"":[]}"
20141024,2014-10-24,0.31844164019396287,"{""type"":""MultiPoint"",""coordinates"":[]}"
20141025,2014-10-25,0.6284012627249118,"{""type"":""MultiPoint"",""coordinates"":[]}"
20141026,2014-10-26,0.7893146608701394,"{""type"":""MultiPoint"",""coordinates"":[]}"
20141027,2014-10-27,1.0214607702942893,"{""type"":""MultiPoint"",""coordinates"":[]}"
20141028,2014-10-28,0.4664287505385048,"{""type"":""MultiPoint"",""coordinates"":[]}"
20141029,2014-10-29,0.3371555633375231,"{""type"":""MultiPoint"",""coordinates"":[]}"
20141030,2014-10-30,0.5044299780007286,"{""type"":""MultiPoint"",""coordinates"":[]}"
20141031,2014-10-31,0.2319311986835805,"{""type"":""MultiPoint"",""coordinates"":[]}"
20141101,2014-11-01,0.7433010989585261,"{""type"":""MultiPoint"",""coordinates"":[]}"
20141102,2014-11-02,0.3912195786868244,"{""type"":""MultiPoint"",""coordinates"":[]}"
20141103,2014-11-03,0.10753167832616754,"{""type"":""MultiPoint"",""coordinates"":[]}"
20141104,2014-11-04,0.18828904255973966,"{""type"":""MultiPoint"",""coordinates"":[]}"
20141105,2014-11-05,0.7825041967461978,"{""type"":""MultiPoint"",""coordinates"":[]}"
20141106,2014-11-06,0.3311410415840102,"{""type"":""MultiPoint"",""coordinates"":[]}"
20141107,2014-11-07,0.10386484289059815,"{""type"":""MultiPoint"",""coordinates"":[]}"
20141108,2014-11-08,0.32568294987237273,"{""type"":""MultiPoint"",""coordinates"":[]}"
20141109,2014-11-09,0.37387622341210885,"{""type"":""MultiPoint"",""coordinates"":[]}"
20141110,2014-11-10,0.5516580330807918,"{""type"":""MultiPoint"",""coordinates"":[]}"
20141111,2014-11-11,0.5967376462832661,"{""type"":""MultiPoint"",""coordinates"":[]}"
20141112,2014-11-12,0.8623007351322033,"{""type"":""MultiPoint"",""coordinates"":[]}"
20141113,2014-11-13,1.2558614623343425,"{""type"":""MultiPoint"",""coordinates"":[]}"
20141114,2014-11-14,1.297859026849927,"{""type"":""MultiPoint"",""coordinates"":[]}"
20141115,2014-11-15,0.7394805996514672,"{""type"":""MultiPoint"",""coordinates"":[]}"
20141116,2014-11-16,0.27634276432633914,"{""type"":""MultiPoint"",""coordinates"":[]}"
20141117,2014-11-17,0.4436369688865043,"{""type"":""MultiPoint"",""coordinates"":[]}"
20141118,2014-11-18,0.3243927461525927,"{""type"":""MultiPoint"",""coordinates"":[]}"
20141119,2014-11-19,0.6531655458754348,"{""type"":""MultiPoint"",""coordinates"":[]}"
20141120,2014-11-20,0.7237278553321503,"{""type"":""MultiPoint"",""coordinates"":[]}"
20141121,2014-11-21,0.7338457127232462,"{""type"":""MultiPoint"",""coordinates"":[]}"
20141122,2014-11-22,0.7666846247332882,"{""type"":""MultiPoint"",""coordinates"":[]}"
20141123,2014-11-23,0.2736723708192362,"{""type"":""MultiPoint"",""coordinates"":[]}"
20141124,2014-11-24,0.20856526471573564,"{""type"":""MultiPoint"",""coordinates"":[]}"
20141125,2014-11-25,0.22147706519906857,"{""type"":""MultiPoint"",""coordinates"":[]}"
20141126,2014-11-26,0.5116889594532258,"{""type"":""MultiPoint"",""coordinates"":[]}"
20141127,2014-11-27,0.7324694134170103,"{""type"":""MultiPoint"",""coordinates"":[]}"
20141128,2014-11-28,0.14124251551154055,"{""type"":""MultiPoint"",""coordinates"":[]}"
20141129,2014-11-29,0.331319443154494,"{""type"":""MultiPoint"",""coordinates"":[]}"
20141130,2014-11-30,0.10229467661785353,"{""type"":""MultiPoint"",""coordinates"":[]}"
20141201,2014-12-01,0.089477579215039,"{""type"":""MultiPoint"",""coordinates"":[]}"
20141202,2014-12-02,0.25873759738763735,"{""type"":""MultiPoint"",""coordinates"":[]}"
20141203,2014-12-03,0.21586220852279525,"{""type"":""MultiPoint"",""coordinates"":[]}"
20141204,2014-12-04,0.14769192917380214,"{""type"":""MultiPoint"",""coordinates"":[]}"
20141205,2014-12-05,0.5304650436537333,"{""type"":""MultiPoint"",""coordinates"":[]}"
20141206,2014-12-06,0.6701615451136543,"{""type"":""MultiPoint"",""coordinates"":[]}"
20141207,2014-12-07,0.7279765432031369,"{""type"":""MultiPoint"",""coordinates"":[]}"
20141208,2014-12-08,0.6967839460412137,"{""type"":""MultiPoint"",""coordinates"":[]}"
20141209,2014-12-09,0.5191496979704023,"{""type"":""MultiPoint"",""coordinates"":[]}"
20141210,2014-12-10,0.3909762625282143,"{""type"":""MultiPoint"",""coordinates"":[]}"
20141211,2014-12-11,0.2470581725736643,"{""type"":""MultiPoint"",""coordinates"":[]}"
20141212,2014-12-12,0.0780156296364314,"{""type"":""MultiPoint"",""coordinates"":[]}"
20141213,2014-12-13,0.545137402752296,"{""type"":""MultiPoint"",""coordinates"":[]}"
20141214,2014-12-14,0.8513960367687111,"{""type"":""MultiPoint"",""coordinates"":[]}"
20141215,2014-12-15,0.9632403121656679,"{""type"":""MultiPoint"",""coordinates"":[]}"
20141216,2014-12-16,0.5229234634271968,"{""type"":""MultiPoint"",""coordinates"":[]}"
20141217,2014-12-17,0.5519183237687071,"{""type"":""MultiPoint"",""coordinates"":[]}"
20141218,2014-12-18,0.49595190846518905,"{""type"":""MultiPoint"",""coordinates"":[]}"
20141219,2014-12-19,0.5513910638919888,"{""type"":""MultiPoint"",""coordinates"":[]}"
20141220,2014-12-20,0.6610072297468418,"{""type"":""MultiPoint"",""coordinates"":[]}"
20141221,2014-12-21,0.4809697750140007,"{""type"":""MultiPoint"",""coordinates"":[]}"
20141222,2014-12-22,0.306722683265586,"{""type"":""MultiPoint"",""coordinates"":[]}"
20141223,2014-12-23,0.8137280320063381,"{""type"":""MultiPoint"",""coordinates"":[]}"
20141224,2014-12-24,0.2992442795402625,"{""type"":""MultiPoint"",""coordinates"":[]}"
20141225,2014-12-25,0.47705662643899927,"{""type"":""MultiPoint"",""coordinates"":[]}"
20141226,2014-12-26,0.539349116050579,"{""type"":""MultiPoint"",""coordinates"":[]}"
20141227,2014-12-27,0.34021848291056256,"{""type"":""MultiPoint"",""coordinates"":[]}"
20141228,2014-12-28,0.1460173016566038,"{""type"":""MultiPoint"",""coordinates"":[]}"
20141229,2014-12-29,0.21497521578353307,"{""type"":""MultiPoint"",""coordinates"":[]}"
20141230,2014-12-30,0.3231420829449289,"{""type"":""MultiPoint"",""coordinates"":[]}"
20141231,2014-12-31,0.1856980950349035,"{""type"":""MultiPoint"",""coordinates"":[]}"
20150101,2015-01-01,0.3366918108867635,"{""type"":""MultiPoint"",""coordinates"":[]}"
20150102,2015-01-02,0.6593187819722914,"{""type"":""MultiPoint"",""coordinates"":[]}"
20150103,2015-01-03,0.8545423150340489,"{""type"":""MultiPoint"",""coordinates"":[]}"
20150104,2015-01-04,0.9270349893997694,"{""type"":""MultiPoint"",""coordinates"":[]}"
20150105,2015-01-05,0.41504678656473676,"{""type"":""MultiPoint"",""coordinates"":[]}"
20150106,2015-01-06,0.6933036871879867,"{""type"":""MultiPoint"",""coordinates"":[]}"
20150107,2015-01-07,0.8502344496293935,"{""type"":""MultiPoint"",""coordinates"":[]}"
20150108,2015-01-08,0.39145388852127927,"{""type"":""MultiPoint"",""coordinates"":[]}"
20150109,2015-01-09,0.5815938461178507,"{""type"":""MultiPoint"",""coordinates"":[]}"
20150110,2015-01-10,0.3030896409208957,"{""type"":""MultiPoint"",""coordinates"":[]}"
20150111,2015-01-11,0.7628437018883535,"{""type"":""MultiPoint"",""coordinates"":[]}"
20150112,2015-01-12,0.592212630089784,"{""type"":""MultiPoint"",""coordinates"":[]}"
20150113,2015-01-13,0.13983532069227333,"{""type"":""MultiPoint"",""coordinates"":[]}"
20150114,2015-01-14,0.22549468668574596,"{""type"":""MultiPoint"",""coordinates"":[]}"
20150115,2015-01-15,0.1152639189440562,"{""type"":""MultiPoint"",""coordinates"":[]}"
20150116,2015-01-16,0.4860266933851912,"{""type"":""MultiPoint"",""coordinates"":[]}"
20150117,2015-01-17,0.5251933917736537,"{""type"":""MultiPoint"",""coordinates"":[]}"
20150118,2015-01-18,0.3630513259993994,"{""type"":""MultiPoint"",""coordinates"":[]}"
20150119,2015-01-19,0.3818135267725327,"{""type"":""MultiPoint"",""coordinates"":[]}"
20150120,2015-01-20,0.3575044955124776,"{""type"":""MultiPoint"",""coordinates"":[]}"
20150121,2015-01-21,0.39888961595151773,"{""type"":""MultiPoint"",""coordinates"":[]}"
20150122,2015-01-22,0.10505311562800296,"{""type"":""MultiPoint"",""coordinates"":[]}"
20150123,2015-01-23,0.30117348619799805,"{""type"":""MultiPoint"",""coordinates"":[]}"
20150124,2015-01-24,0.2729500957153688,"{""type"":""MultiPoint"",""coordinates"":[]}"
20150125,2015-01-25,0.3005804243542172,"{""type"":""MultiPoint"",""coordinates"":[]}"
20150126,2015-01-26,0.16596564688601223,"{""type"":""MultiPoint"",""coordinates"":[]}"
20150127,2015-01-27,0.569403487657271,"{""type"":""MultiPoint"",""coordinates"":[]}"
20150128,2015-01-28,0.4296394326213809,"{""type"":""MultiPoint"",""coordinates"":[]}"
20150129,2015-01-29,0.3106862622179313,"{""type"":""MultiPoint"",""coordinates"":[]}"
20150130,2015-01-30,0.09591888569335401,"{""type"":""MultiPoint"",""coordinates"":[]}"
20150131,2015-01-31,0.4220297451732731,"{""type"":""MultiPoint"",""coordinates"":[]}"
20150201,2015-02-01,0.5818239028085268,"{""type"":""MultiPoint"",""coordinates"":[]}"
20150202,2015-02-02,0.8690511705946391,"{""type"":""MultiPoint"",""coordinates"":[]}"
20150203,2015-02-03,0.6313551673684076,"{""type"":""MultiPoint"",""coordinates"":[]}"
20150204,2015-02-04,0.7441502173519166,"{""type"":""MultiPoint"",""coordinates"":[]}"
20150205,2015-02-05,0.3322635840002536,"{""type"":""MultiPoint"",""coordinates"":[]}"
20150206,2015-02-06,0.23653647122455804,"{""type"":""MultiPoint"",""coordinates"":[]}"
20150207,2015-02-07,0.6989876096357801,"{""type"":""MultiPoint"",""coordinates"":[]}"
20150208,2015-02-08,0.5712664233940045,"{""type"":""MultiPoint"",""coordinates"":[]}"
20150209,2015-02-09,0.6391207188104393,"{""type"":""MultiPoint"",""coordinates"":[]}"
20150210,2015-02-10,0.8963515340518898,"{""type"":""MultiPoint"",""coordinates"":[]}"
20150211,2015-02-11,0.39888928534193285,"{""type"":""MultiPoint"",""coordinates"":[]}"
20150212,2015-02-12,0.5110106515099622,"{""type"":""MultiPoint"",""coordinates"":[]}"
20150213,2015-02-13,0.43030625743210865,"{""type"":""MultiPoint"",""coordinates"":[]}"
20150214,2015-02-14,0.23863849950200405,"{""type"":""MultiPoint"",""coordinates"":[]}"
20150215,2015-02-15,0.11544440987272904,"{""type"":""MultiPoint"",""coordinates"":[]}"
20150216,2015-02-16,0.07379156124851441,"{""type"":""MultiPoint"",""coordinates"":[]}"
20150217,2015-02-17,0.23441957836927788,"{""type"":""MultiPoint"",""coordinates"":[]}"
20150218,2015-02-18,0.6980972434289863,"{""type"":""MultiPoint"",""coordinates"":[]}"
20150219,2015-02-19,1.6499998875453386,"{""type"":""MultiPoint"",""coordinates"":[]}"
20150220,2015-02-20,1.3575306910138125,"{""type"":""MultiPoint"",""coordinates"":[]}"
20150221,2015-02-21,0.8186407906288055,"{""type"":""MultiPoint"",""coordinates"":[]}"
20150222,2015-02-22,0.0750748482113249,"{""type"":""MultiPoint"",""coordinates"":[]}"
20150223,2015-02-23,0.42883811940154287,"{""type"":""MultiPoint"",""coordinates"":[]}"
20150224,2015-02-24,0.390704265880391,"{""type"":""MultiPoint"",""coordinates"":[]}"
20150225,2015-02-25,0.0697753576392136,"{""type"":""MultiPoint"",""coordinates"":[]}"
20150226,2015-02-26,0.09456313438266767,"{""type"":""MultiPoint"",""coordinates"":[]}"
20150227,2015-02-27,0.2230299605598209,"{""type"":""MultiPoint"",""coordinates"":[]}"
20150228,2015-02-28,0.24756517001893305,"{""type"":""MultiPoint"",""coordinates"":[]}"
20150301,2015-03-01,0.07099985712765426,"{""type"":""MultiPoint"",""coordinates"":[]}"
20150302,2015-03-02,0.23257272219106945,"{""type"":""MultiPoint"",""coordinates"":[]}"
20150303,2015-03-03,0.44755484432762566,"{""type"":""MultiPoint"",""coordinates"":[]}"
20150304,2015-03-04,0.3611189106503424,"{""type"":""MultiPoint"",""coordinates"":[]}"
20150305,2015-03-05,0.06182061085125578,"{""type"":""MultiPoint"",""coordinates"":[]}"
20150306,2015-03-06,0.36333225690960674,"{""type"":""MultiPoint"",""coordinates"":[]}"
20150307,2015-03-07,0.1433297744043793,"{""type"":""MultiPoint"",""coordinates"":[]}"
20150308,2015-03-08,0.6110507393195795,"{""type"":""MultiPoint"",""coordinates"":[]}"
20150309,2015-03-09,0.8592282340931463,"{""type"":""MultiPoint"",""coordinates"":[]}"
20150310,2015-03-10,0.4521696245084829,"{""type"":""MultiPoint"",""coordinates"":[]}"
20150311,2015-03-11,0.5256315977664049,"{""type"":""MultiPoint"",""coordinates"":[]}"
20150312,2015-03-12,0.09908080070348507,"{""type"":""MultiPoint"",""coordinates"":[]}"
20150313,2015-03-13,0.4191950605767992,"{""type"":""MultiPoint"",""coordinates"":[]}"
20150314,2015-03-14,0.31119541424424585,"{""type"":""MultiPoint"",""coordinates"":[]}"
20150315,2015-03-15,0.24447795530387692,"{""type"":""MultiPoint"",""coordinates"":[]}"
20150316,2015-03-16,0.17228733257990747,"{""type"":""MultiPoint"",""coordinates"":[]}"
20150317,2015-03-17,0.5010821326945849,"{""type"":""MultiPoint"",""coordinates"":[]}"
20150318,2015-03-18,0.2788665888904645,"{""type"":""MultiPoint"",""coordinates"":[]}"
20150319,2015-03-19,0.736142056694832,"{""type"":""MultiPoint"",""coordinates"":[]}"
20150320,2015-03-20,0.8123597841076844,"{""type"":""MultiPoint"",""coordinates"":[]}"
20150321,2015-03-21,0.9908111787216527,"{""type"":""MultiPoint"",""coordinates"":[]}"
20150322,2015-03-22,0.7408246651634006,"{""type"":""MultiPoint"",""coordinates"":[]}"
20150323,2015-03-23,0.5927947267842054,"{""type"":""MultiPoint"",""coordinates"":[]}"
20150324,2015-03-24,0.2945145141872681,"{""type"":""MultiPoint"",""coordinates"":[]}"
20150325,2015-03-25,0.18490129339161993,"{""type"":""MultiPoint"",""coordinates"":[]}"
20150326,2015-03-26,0.3121878976501227,"{""type"":""MultiPoint"",""coordinates"":[]}"
20150327,2015-03-27,0.07912045126453698,"{""type"":""MultiPoint"",""coordinates"":[]}"
20150328,2015-03-28,0.5067135723002354,"{""type"":""MultiPoint"",""coordinates"":[]}"
20150329,2015-03-29,0.21480705270564254,"{""type"":""MultiPoint"",""coordinates"":[]}"
20150330,2015-03-30,0.2369894134914799,"{""type"":""MultiPoint"",""coordinates"":[]}"
20150331,2015-03-31,0.18022579258624963,"{""type"":""MultiPoint"",""coordinates"":[]}"
20150401,2015-04-01,0.34745261288238605,"{""type"":""MultiPoint"",""coordinates"":[]}"
20150402,2015-04-02,0.1667878529448709,"{""type"":""MultiPoint"",""coordinates"":[]}"
20150403,2015-04-03,0.5660717777030742,"{""type"":""MultiPoint"",""coordinates"":[]}"
20150404,2015-04-04,0.5375130015833022,"{""type"":""MultiPoint"",""coordinates"":[]}"
20150405,2015-04-05,0.326641048295068,"{""type"":""MultiPoint"",""coordinates"":[]}"
20150406,2015-04-06,0.14853470599099622,"{""type"":""MultiPoint"",""coordinates"":[]}"
20150407,2015-04-07,0.5384074280490357,"{""type"":""MultiPoint"",""coordinates"":[]}"
20150408,2015-04-08,0.23559818382350156,"{""type"":""MultiPoint"",""coordinates"":[]}"
20150409,2015-04-09,0.4838676415050539,"{""type"":""MultiPoint"",""coordinates"":[]}"
20150410,2015-04-10,0.8456336022092019,"{""type"":""MultiPoint"",""coordinates"":[]}"
20150411,2015-04-11,0.7374254412014797,"{""type"":""MultiPoint"",""coordinates"":[]}"
20150412,2015-04-12,0.8422867801330408,"{""type"":""MultiPoint"",""coordinates"":[]}"
20150413,2015-04-13,0.5865751141602508,"{""type"":""MultiPoint"",""coordinates"":[]}"
20150414,2015-04-14,0.05125694789457742,"{""type"":""MultiPoint"",""coordinates"":[]}"
20150415,2015-04-15,0.22696431412964752,"{""type"":""MultiPoint"",""coordinates"":[]}"
20150416,2015-04-16,0.35199816452701843,"{""type"":""MultiPoint"",""coordinates"":[]}"
20150417,2015-04-17,0.26925149669260545,"{""type"":""MultiPoint"",""coordinates"":[]}"
20150418,2015-04-18,0.1333855194739622,"{""type"":""MultiPoint"",""coordinates"":[]}"
20150419,2015-04-19,0.22465753650235068,"{""type"":""MultiPoint"",""coordinates"":[]}"
20150420,2015-04-20,0.20319811480657382,"{""type"":""MultiPoint"",""coordinates"":[]}"
20150421,2015-04-21,0.19608323668855793,"{""type"":""MultiPoint"",""coordinates"":[]}"
20150422,2015-04-22,0.35212123192488687,"{""type"":""MultiPoint"",""coordinates"":[]}"
20150423,2015-04-23,0.7001480623482541,"{""type"":""MultiPoint"",""coordinates"":[]}"
20150424,2015-04-24,0.857955767525367,"{""type"":""MultiPoint"",""coordinates"":[]}"
20150425,2015-04-25,0.5984141070962675,"{""type"":""MultiPoint"",""coordinates"":[]}"
20150426,2015-04-26,1.1269542026048782,"{""type"":""MultiPoint"",""coordinates"":[]}"
20150427,2015-04-27,1.166312633569265,"{""type"":""MultiPoint"",""coordinates"":[]}"
20150428,2015-04-28,0.860085928071807,"{""type"":""MultiPoint"",""coordinates"":[]}"
20150429,2015-04-29,1.1419996565146615,"{""type"":""MultiPoint"",""coordinates"":[]}"
20150430,2015-04-30,0.3857140369176569,"{""type"":""MultiPoint"",""coordinates"":[]}"
20150501,2015-05-01,0.11168047490948786,"{""type"":""MultiPoint"",""coordinates"":[]}"
20150502,2015-05-02,0.21841088334344486,"{""type"":""MultiPoint"",""coordinates"":[]}"
20150503,2015-05-03,0.24020315354844074,"{""type"":""MultiPoint"",""coordinates"":[]}"
20150504,2015-05-04,0.21651312201777587,"{""type"":""MultiPoint"",""coordinates"":[]}"
20150505,2015-05-05,0.3868750391883204,"{""type"":""MultiPoint"",""coordinates"":[]}"
20150506,2015-05-06,0.635762979593438,"{""type"":""MultiPoint"",""coordinates"":[]}"
20150507,2015-05-07,0.7458876118283058,"{""type"":""MultiPoint"",""coordinates"":[]}"
20150508,2015-05-08,0.7445807761882718,"{""type"":""MultiPoint"",""coordinates"":[]}"
20150509,2015-05-09,1.2060350869882637,"{""type"":""MultiPoint"",""coordinates"":[]}"
20150510,2015-05-10,0.9025996335799822,"{""type"":""MultiPoint"",""coordinates"":[]}"
20150511,2015-05-11,0.9143155738719849,"{""type"":""MultiPoint"",""coordinates"":[]}"
20150512,2015-05-12,0.680259406068162,"{""type"":""MultiPoint"",""coordinates"":[]}"
20150513,2015-05-13,1.1884289142644608,"{""type"":""MultiPoint"",""coordinates"":[]}"
20150514,2015-05-14,0.9111901175860805,"{""type"":""MultiPoint"",""coordinates"":[]}"
20150515,2015-05-15,0.7329282597274063,"{""type"":""MultiPoint"",""coordinates"":[]}"
20150516,2015-05-16,0.30583699271944553,"{""type"":""MultiPoint"",""coordinates"":[]}"
20150517,2015-05-17,0.37079473180437283,"{""type"":""MultiPoint"",""coordinates"":[]}"
20150518,2015-05-18,0.5224250886826264,"{""type"":""MultiPoint"",""coordinates"":[]}"
20150519,2015-05-19,0.350739279973932,"{""type"":""MultiPoint"",""coordinates"":[]}"
20150520,2015-05-20,0.6337460637462446,"{""type"":""MultiPoint"",""coordinates"":[]}"
20150521,2015-05-21,0.7007278279713691,"{""type"":""MultiPoint"",""coordinates"":[]}"
20150522,2015-05-22,0.18690326871700833,"{""type"":""MultiPoint"",""coordinates"":[]}"
20150523,2015-05-23,0.7638385200199358,"{""type"":""MultiPoint"",""coordinates"":[]}"
20150524,2015-05-24,0.7653262146380659,"{""type"":""MultiPoint"",""coordinates"":[]}"
20150525,2015-05-25,0.44321656701547385,"{""type"":""MultiPoint"",""coordinates"":[]}"
20150526,2015-05-26,0.4103708020755944,"{""type"":""MultiPoint"",""coordinates"":[]}"
20150527,2015-05-27,0.2664370318598404,"{""type"":""MultiPoint"",""coordinates"":[]}"
20150528,2015-05-28,0.23076192754827554,"{""type"":""MultiPoint"",""coordinates"":[]}"
20150529,2015-05-29,0.2628397395051038,"{""type"":""MultiPoint"",""coordinates"":[]}"
20150530,2015-05-30,0.2308306372748336,"{""type"":""MultiPoint"",""coordinates"":[]}"
20150531,2015-05-31,0.6685363118458264,"{""type"":""MultiPoint"",""coordinates"":[]}"
20150601,2015-06-01,0.7271027301591533,"{""type"":""MultiPoint"",""coordinates"":[]}"
20150602,2015-06-02,1.2435383641749036,"{""type"":""MultiPoint"",""coordinates"":[]}"
20150603,2015-06-03,0.9230630771103813,"{""type"":""MultiPoint"",""coordinates"":[]}"
20150604,2015-06-04,0.9334253713265106,"{""type"":""MultiPoint"",""coordinates"":[]}"
20150605,2015-06-05,0.9357596378392138,"{""type"":""MultiPoint"",""coordinates"":[]}"
20150606,2015-06-06,0.9050728191071314,"{""type"":""MultiPoint"",""coordinates"":[]}"
20150607,2015-06-07,0.31617143618170473,"{""type"":""MultiPoint"",""coordinates"":[]}"
20150608,2015-06-08,0.5888318450664098,"{""type"":""MultiPoint"",""coordinates"":[]}"
20150609,2015-06-09,0.0897696199014397,"{""type"":""MultiPoint"",""coordinates"":[]}"
20150610,2015-06-10,0.44110080649686245,"{""type"":""MultiPoint"",""coordinates"":[]}"
20150611,2015-06-11,0.582064557927644,"{""type"":""MultiPoint"",""coordinates"":[]}"
20150612,2015-06-12,0.889024701979166,"{""type"":""MultiPoint"",""coordinates"":[]}"
20150613,2015-06-13,0.8746799435444382,"{""type"":""MultiPoint"",""coordinates"":[]}"
20150614,2015-06-14,0.5782856169149707,"{""type"":""MultiPoint"",""coordinates"":[]}"
20150615,2015-06-15,0.34686676523252274,"{""type"":""MultiPoint"",""coordinates"":[]}"
20150616,2015-06-16,1.4773926593731208,"{""type"":""MultiPoint"",""coordinates"":[]}"
20150617,2015-06-17,1.2799401480173964,"{""type"":""MultiPoint"",""coordinates"":[]}"
20150618,2015-06-18,1.230655927771251,"{""type"":""MultiPoint"",""coordinates"":[]}"
20150619,2015-06-19,1.6398582280164125,"{""type"":""MultiPoint"",""coordinates"":[]}"
20150620,2015-06-20,1.751685054702515,"{""type"":""MultiPoint"",""coordinates"":[]}"
20150621,2015-06-21,1.4635466467185458,"{""type"":""MultiPoint"",""coordinates"":[]}"
20150622,2015-06-22,1.1711258559082345,"{""type"":""MultiPoint"",""coordinates"":[]}"
20150623,2015-06-23,1.841327345931673,"{""type"":""MultiPoint"",""coordinates"":[]}"
20150624,2015-06-24,1.9868128951283297,"{""type"":""MultiPoint"",""coordinates"":[]}"
20150625,2015-06-25,1.9635214581897342,"{""type"":""MultiPoint"",""coordinates"":[]}"
20150626,2015-06-26,2.0880363070225623,"{""type"":""MultiPoint"",""coordinates"":[]}"
20150627,2015-06-27,2.0931294876312987,"{""type"":""MultiPoint"",""coordinates"":[]}"
20150628,2015-06-28,2.0575916560884635,"{""type"":""MultiPoint"",""coordinates"":[]}"
20150629,2015-06-29,1.5431475612330936,"{""type"":""MultiPoint"",""coordinates"":[]}"
20150630,2015-06-30,1.0530600246191786,"{""type"":""MultiPoint"",""coordinates"":[]}"
20150701,2015-07-01,1.2359753653209349,"{""type"":""MultiPoint"",""coordinates"":[]}"
20150702,2015-07-02,1.6108672054305442,"{""type"":""MultiPoint"",""coordinates"":[]}"
20150703,2015-07-03,1.2699314771198356,"{""type"":""MultiPoint"",""coordinates"":[]}"
20150704,2015-07-04,1.4459695180738603,"{""type"":""MultiPoint"",""coordinates"":[]}"
20150705,2015-07-05,1.0270726283401301,"{""type"":""MultiPoint"",""coordinates"":[]}"
20150706,2015-07-06,0.5516320422499434,"{""type"":""MultiPoint"",""coordinates"":[]}"
20150707,2015-07-07,0.8078154410769613,"{""type"":""MultiPoint"",""coordinates"":[]}"
20150708,2015-07-08,0.45560011008650003,"{""type"":""MultiPoint"",""coordinates"":[]}"
20150709,2015-07-09,0.5361060075171781,"{""type"":""MultiPoint"",""coordinates"":[]}"
20150710,2015-07-10,0.6926177515805007,"{""type"":""MultiPoint"",""coordinates"":[]}"
20150711,2015-07-11,1.0331918965442912,"{""type"":""MultiPoint"",""coordinates"":[]}"
20150712,2015-07-12,0.5824553409478004,"{""type"":""MultiPoint"",""coordinates"":[]}"
20150713,2015-07-13,0.20718824374798633,"{""type"":""MultiPoint"",""coordinates"":[]}"
20150714,2015-07-14,0.5663461062570732,"{""type"":""MultiPoint"",""coordinates"":[]}"
20150715,2015-07-15,0.6070979319515867,"{""type"":""MultiPoint"",""coordinates"":[]}"
20150716,2015-07-16,0.7072610447170946,"{""type"":""MultiPoint"",""coordinates"":[]}"
20150717,2015-07-17,1.1135596780241162,"{""type"":""MultiPoint"",""coordinates"":[]}"
20150718,2015-07-18,0.9093196112738856,"{""type"":""MultiPoint"",""coordinates"":[]}"
20150719,2015-07-19,0.5934974477817893,"{""type"":""MultiPoint"",""coordinates"":[]}"
20150720,2015-07-20,0.5187319269547322,"{""type"":""MultiPoint"",""coordinates"":[]}"
20150721,2015-07-21,0.2748987612359621,"{""type"":""MultiPoint"",""coordinates"":[]}"
20150722,2015-07-22,1.1247034147218613,"{""type"":""MultiPoint"",""coordinates"":[]}"
20150723,2015-07-23,0.7670041753310908,"{""type"":""MultiPoint"",""coordinates"":[]}"
20150724,2015-07-24,0.8974015622969987,"{""type"":""MultiPoint"",""coordinates"":[]}"
20150725,2015-07-25,1.6490571906195175,"{""type"":""MultiPoint"",""coordinates"":[]}"
20150726,2015-07-26,1.5804320524239865,"{""type"":""MultiPoint"",""coordinates"":[]}"
20150727,2015-07-27,1.4303840594643709,"{""type"":""MultiPoint"",""coordinates"":[]}"
20150728,2015-07-28,1.2180385129746025,"{""type"":""MultiPoint"",""coordinates"":[]}"
20150729,2015-07-29,1.1816086236880978,"{""type"":""MultiPoint"",""coordinates"":[]}"
20150730,2015-07-30,0.8457468031878421,"{""type"":""MultiPoint"",""coordinates"":[]}"
20150731,2015-07-31,1.2891796404612494,"{""type"":""MultiPoint"",""coordinates"":[]}"
20150801,2015-08-01,0.8749641703249923,"{""type"":""MultiPoint"",""coordinates"":[]}"
20150802,2015-08-02,1.0993327125119041,"{""type"":""MultiPoint"",""coordinates"":[]}"
20150803,2015-08-03,1.2784356685801512,"{""type"":""MultiPoint"",""coordinates"":[]}"
20150804,2015-08-04,1.6089014637415355,"{""type"":""MultiPoint"",""coordinates"":[]}"
20150805,2015-08-05,1.6973916447954285,"{""type"":""MultiPoint"",""coordinates"":[]}"
20150806,2015-08-06,1.45320307304871,"{""type"":""MultiPoint"",""coordinates"":[]}"
20150807,2015-08-07,1.0801238538401254,"{""type"":""MultiPoint"",""coordinates"":[]}"
20150808,2015-08-08,0.5983580272238513,"{""type"":""MultiPoint"",""coordinates"":[]}"
20150809,2015-08-09,0.23149073514488885,"{""type"":""MultiPoint"",""coordinates"":[]}"
20150810,2015-08-10,0.3296954956825864,"{""type"":""MultiPoint"",""coordinates"":[]}"
20150811,2015-08-11,0.4773888487506957,"{""type"":""MultiPoint"",""coordinates"":[]}"
20150812,2015-08-12,0.6664955624831688,"{""type"":""MultiPoint"",""coordinates"":[]}"
20150813,2015-08-13,0.7841690991578604,"{""type"":""MultiPoint"",""coordinates"":[]}"
20150814,2015-08-14,0.8971235455784217,"{""type"":""MultiPoint"",""coordinates"":[]}"
20150815,2015-08-15,1.12248580778675,"{""type"":""MultiPoint"",""coordinates"":[]}"
20150816,2015-08-16,1.0497982347092407,"{""type"":""MultiPoint"",""coordinates"":[]}"
20150817,2015-08-17,1.0350066050195745,"{""type"":""MultiPoint"",""coordinates"":[]}"
20150818,2015-08-18,0.5273967354983844,"{""type"":""MultiPoint"",""coordinates"":[]}"
20150819,2015-08-19,0.9453062348908149,"{""type"":""MultiPoint"",""coordinates"":[]}"
20150820,2015-08-20,1.5623251367244173,"{""type"":""MultiPoint"",""coordinates"":[]}"
20150821,2015-08-21,1.0786758261519442,"{""type"":""MultiPoint"",""coordinates"":[]}"
20150822,2015-08-22,0.5397935936394486,"{""type"":""MultiPoint"",""coordinates"":[]}"
20150823,2015-08-23,0.46786838106207823,"{""type"":""MultiPoint"",""coordinates"":[]}"
20150824,2015-08-24,0.5343853905239477,"{""type"":""MultiPoint"",""coordinates"":[]}"
20150825,2015-08-25,0.7248233588668231,"{""type"":""MultiPoint"",""coordinates"":[]}"
20150826,2015-08-26,0.36595162425359873,"{""type"":""MultiPoint"",""coordinates"":[]}"
20150827,2015-08-27,0.43344146840776604,"{""type"":""MultiPoint"",""coordinates"":[]}"
20150828,2015-08-28,0.8132658051841564,"{""type"":""MultiPoint"",""coordinates"":[]}"
20150829,2015-08-29,1.4895764747377944,"{""type"":""MultiPoint"",""coordinates"":[]}"
20150830,2015-08-30,1.5403480339866071,"{""type"":""MultiPoint"",""coordinates"":[]}"
20150831,2015-08-31,1.0475212877305808,"{""type"":""MultiPoint"",""coordinates"":[]}"
20150901,2015-09-01,1.1748766190627915,"{""type"":""MultiPoint"",""coordinates"":[]}"
20150902,2015-09-02,0.8928676470573416,"{""type"":""MultiPoint"",""coordinates"":[]}"
20150903,2015-09-03,0.43557242565505605,"{""type"":""MultiPoint"",""coordinates"":[]}"
20150904,2015-09-04,0.3260387113492866,"{""type"":""MultiPoint"",""coordinates"":[]}"
20150905,2015-09-05,0.6901240546631896,"{""type"":""MultiPoint"",""coordinates"":[]}"
20150906,2015-09-06,0.5874559879112533,"{""type"":""MultiPoint"",""coordinates"":[]}"
20150907,2015-09-07,0.8320608010678291,"{""type"":""MultiPoint"",""coordinates"":[]}"
20150908,2015-09-08,0.13785634301215677,"{""type"":""MultiPoint"",""coordinates"":[]}"
20150909,2015-09-09,0.6405497643614128,"{""type"":""MultiPoint"",""coordinates"":[]}"
20150910,2015-09-10,0.0925485020418413,"{""type"":""MultiPoint"",""coordinates"":[]}"
20150911,2015-09-11,0.2961734910719893,"{""type"":""MultiPoint"",""coordinates"":[]}"
20150912,2015-09-12,0.8350637977316385,"{""type"":""MultiPoint"",""coordinates"":[]}"
20150913,2015-09-13,0.9741450103188971,"{""type"":""MultiPoint"",""coordinates"":[]}"
20150914,2015-09-14,0.8061438942670613,"{""type"":""MultiPoint"",""coordinates"":[]}"
20150915,2015-09-15,0.825676293542255,"{""type"":""MultiPoint"",""coordinates"":[]}"
20150916,2015-09-16,0.38566085162719316,"{""type"":""MultiPoint"",""coordinates"":[]}"
20150917,2015-09-17,0.09834206139273503,"{""type"":""MultiPoint"",""coordinates"":[]}"
20150918,2015-09-18,0.33271980634137366,"{""type"":""MultiPoint"",""coordinates"":[]}"
20150919,2015-09-19,0.4423972699724074,"{""type"":""MultiPoint"",""coordinates"":[]}"
20150920,2015-09-20,0.7407609980944282,"{""type"":""MultiPoint"",""coordinates"":[]}"
20150921,2015-09-21,0.4843908616586356,"{""type"":""MultiPoint"",""coordinates"":[]}"
20150922,2015-09-22,0.4204343934531975,"{""type"":""MultiPoint"",""coordinates"":[]}"
20150923,2015-09-23,0.333209935410068,"{""type"":""MultiPoint"",""coordinates"":[]}"
20150924,2015-09-24,0.32438343497866295,"{""type"":""MultiPoint"",""coordinates"":[]}"
20150925,2015-09-25,0.3017558907216363,"{""type"":""MultiPoint"",""coordinates"":[]}"
20150926,2015-09-26,0.25620833522472825,"{""type"":""MultiPoint"",""coordinates"":[]}"
20150927,2015-09-27,0.40252443808066785,"{""type"":""MultiPoint"",""coordinates"":[]}"
20150928,2015-09-28,0.38783647297471724,"{""type"":""MultiPoint"",""coordinates"":[]}"
20150929,2015-09-29,0.15927738384583323,"{""type"":""MultiPoint"",""coordinates"":[]}"
20150930,2015-09-30,0.35098601820595543,"{""type"":""MultiPoint"",""coordinates"":[]}"
20151001,2015-10-01,0.1277560206287979,"{""type"":""MultiPoint"",""coordinates"":[]}"
20151002,2015-10-02,0.15735329147514474,"{""type"":""MultiPoint"",""coordinates"":[]}"
20151003,2015-10-03,0.04348117929049324,"{""type"":""MultiPoint"",""coordinates"":[]}"
20151004,2015-10-04,0.35897528238476173,"{""type"":""MultiPoint"",""coordinates"":[]}"
20151005,2015-10-05,0.7332744327097862,"{""type"":""MultiPoint"",""coordinates"":[]}"
20151006,2015-10-06,0.43693560746548454,"{""type"":""MultiPoint"",""coordinates"":[]}"
20151007,2015-10-07,0.2151320323320966,"{""type"":""MultiPoint"",""coordinates"":[]}"
20151008,2015-10-08,0.23371449751290707,"{""type"":""MultiPoint"",""coordinates"":[]}"
20151009,2015-10-09,0.26748736906788284,"{""type"":""MultiPoint"",""coordinates"":[]}"
20151010,2015-10-10,0.3621862310703469,"{""type"":""MultiPoint"",""coordinates"":[]}"
20151011,2015-10-11,0.32856762873820083,"{""type"":""MultiPoint"",""coordinates"":[]}"
20151012,2015-10-12,0.1362576065115329,"{""type"":""MultiPoint"",""coordinates"":[]}"
20151013,2015-10-13,0.09569586341880157,"{""type"":""MultiPoint"",""coordinates"":[]}"
20151014,2015-10-14,0.16563722785431484,"{""type"":""MultiPoint"",""coordinates"":[]}"
20151015,2015-10-15,0.03737007611643099,"{""type"":""MultiPoint"",""coordinates"":[]}"
20151016,2015-10-16,0.5552459853253608,"{""type"":""MultiPoint"",""coordinates"":[]}"
20151017,2015-10-17,0.49742594092777537,"{""type"":""MultiPoint"",""coordinates"":[]}"
20151018,2015-10-18,0.45967441314968344,"{""type"":""MultiPoint"",""coordinates"":[]}"
20151019,2015-10-19,0.5972643330858151,"{""type"":""MultiPoint"",""coordinates"":[]}"
20151020,2015-10-20,0.7032636716545947,"{""type"":""MultiPoint"",""coordinates"":[]}"
20151021,2015-10-21,0.29931611681836967,"{""type"":""MultiPoint"",""coordinates"":[]}"
20151022,2015-10-22,0.19905609246565675,"{""type"":""MultiPoint"",""coordinates"":[]}"
20151023,2015-10-23,0.34482447388124293,"{""type"":""MultiPoint"",""coordinates"":[]}"
20151024,2015-10-24,0.2194170334686192,"{""type"":""MultiPoint"",""coordinates"":[]}"
20151025,2015-10-25,0.11575160113971343,"{""type"":""MultiPoint"",""coordinates"":[]}"
20151026,2015-10-26,0.20965490894143085,"{""type"":""MultiPoint"",""coordinates"":[]}"
20151027,2015-10-27,0.18865937141571495,"{""type"":""MultiPoint"",""coordinates"":[]}"
20151028,2015-10-28,0.3580297966363245,"{""type"":""MultiPoint"",""coordinates"":[]}"
20151029,2015-10-29,0.4553415193869511,"{""type"":""MultiPoint"",""coordinates"":[]}"
20151030,2015-10-30,0.6070309915476526,"{""type"":""MultiPoint"",""coordinates"":[]}"
20151031,2015-10-31,0.6858474782246923,"{""type"":""MultiPoint"",""coordinates"":[]}"
20151101,2015-11-01,0.9213676207052712,"{""type"":""MultiPoint"",""coordinates"":[]}"
20151102,2015-11-02,1.0739819350599968,"{""type"":""MultiPoint"",""coordinates"":[]}"
20151103,2015-11-03,0.8164852638336172,"{""type"":""MultiPoint"",""coordinates"":[]}"
20151104,2015-11-04,0.5279895344229423,"{""type"":""MultiPoint"",""coordinates"":[]}"
20151105,2015-11-05,0.7303947187000339,"{""type"":""MultiPoint"",""coordinates"":[]}"
20151106,2015-11-06,0.5272940515809337,"{""type"":""MultiPoint"",""coordinates"":[]}"
20151107,2015-11-07,0.28589278048348793,"{""type"":""MultiPoint"",""coordinates"":[]}"
20151108,2015-11-08,0.1611792803891787,"{""type"":""MultiPoint"",""coordinates"":[]}"
20151109,2015-11-09,0.4151767726888749,"{""type"":""MultiPoint"",""coordinates"":[]}"
20151110,2015-11-10,0.3713861669064186,"{""type"":""MultiPoint"",""coordinates"":[]}"
20151111,2015-11-11,0.2974344101149901,"{""type"":""MultiPoint"",""coordinates"":[]}"
20151112,2015-11-12,0.2843105223885876,"{""type"":""MultiPoint"",""coordinates"":[]}"
20151113,2015-11-13,0.4532390135636427,"{""type"":""MultiPoint"",""coordinates"":[]}"
20151114,2015-11-14,0.7068674183291691,"{""type"":""MultiPoint"",""coordinates"":[]}"
20151115,2015-11-15,0.36964796089212554,"{""type"":""MultiPoint"",""coordinates"":[]}"
20151116,2015-11-16,0.2095461031824006,"{""type"":""MultiPoint"",""coordinates"":[]}"
20151117,2015-11-17,0.17247943321351406,"{""type"":""MultiPoint"",""coordinates"":[]}"
20151118,2015-11-18,0.45634244376455757,"{""type"":""MultiPoint"",""coordinates"":[]}"
20151119,2015-11-19,0.5257079206178824,"{""type"":""MultiPoint"",""coordinates"":[]}"
20151120,2015-11-20,0.24035592290939276,"{""type"":""MultiPoint"",""coordinates"":[]}"
20151121,2015-11-21,0.39885883587555,"{""type"":""MultiPoint"",""coordinates"":[]}"
20151122,2015-11-22,0.346019898174324,"{""type"":""MultiPoint"",""coordinates"":[]}"
20151123,2015-11-23,0.2878954898073541,"{""type"":""MultiPoint"",""coordinates"":[]}"
20151124,2015-11-24,0.17154151237886342,"{""type"":""MultiPoint"",""coordinates"":[]}"
20151125,2015-11-25,0.1948265738708963,"{""type"":""MultiPoint"",""coordinates"":[]}"
20151126,2015-11-26,0.2818448998552383,"{""type"":""MultiPoint"",""coordinates"":[]}"
20151127,2015-11-27,0.03047955085540976,"{""type"":""MultiPoint"",""coordinates"":[]}"
20151128,2015-11-28,0.49471438142505064,"{""type"":""MultiPoint"",""coordinates"":[]}"
20151129,2015-11-29,0.4676234055874458,"{""type"":""MultiPoint"",""coordinates"":[]}"
20151130,2015-11-30,0.5918188639938309,"{""type"":""MultiPoint"",""coordinates"":[]}"
20151201,2015-12-01,0.5052623972064798,"{""type"":""MultiPoint"",""coordinates"":[]}"
20151202,2015-12-02,1.1832004615864915,"{""type"":""MultiPoint"",""coordinates"":[]}"
20151203,2015-12-03,0.6317727932627224,"{""type"":""MultiPoint"",""coordinates"":[]}"
20151204,2015-12-04,0.41861156132167127,"{""type"":""MultiPoint"",""coordinates"":[]}"
20151205,2015-12-05,0.11004145952962094,"{""type"":""MultiPoint"",""coordinates"":[]}"
20151206,2015-12-06,0.22459072263731714,"{""type"":""MultiPoint"",""coordinates"":[]}"
20151207,2015-12-07,0.20654583567717605,"{""type"":""MultiPoint"",""coordinates"":[]}"
20151208,2015-12-08,0.07460034017997348,"{""type"":""MultiPoint"",""coordinates"":[]}"
20151209,2015-12-09,0.22131984562423254,"{""type"":""MultiPoint"",""coordinates"":[]}"
20151210,2015-12-10,0.6182459652642469,"{""type"":""MultiPoint"",""coordinates"":[]}"
20151211,2015-12-11,0.3082893543916379,"{""type"":""MultiPoint"",""coordinates"":[]}"
20151212,2015-12-12,0.686141423974031,"{""type"":""MultiPoint"",""coordinates"":[]}"
20151213,2015-12-13,0.4623700654260067,"{""type"":""MultiPoint"",""coordinates"":[]}"
20151214,2015-12-14,0.21448825428538737,"{""type"":""MultiPoint"",""coordinates"":[]}"
20151215,2015-12-15,0.2914524429200777,"{""type"":""MultiPoint"",""coordinates"":[]}"
20151216,2015-12-16,0.38680448683908686,"{""type"":""MultiPoint"",""coordinates"":[]}"
20151217,2015-12-17,0.5599862125973505,"{""type"":""MultiPoint"",""coordinates"":[]}"
20151218,2015-12-18,0.17810094242679966,"{""type"":""MultiPoint"",""coordinates"":[]}"
20151219,2015-12-19,0.45586254037075746,"{""type"":""MultiPoint"",""coordinates"":[]}"
20151220,2015-12-20,0.7801512708969142,"{""type"":""MultiPoint"",""coordinates"":[]}"
20151221,2015-12-21,0.49877594302320627,"{""type"":""MultiPoint"",""coordinates"":[]}"
20151222,2015-12-22,0.5794315131749885,"{""type"":""MultiPoint"",""coordinates"":[]}"
20151223,2015-12-23,0.28526317166405774,"{""type"":""MultiPoint"",""coordinates"":[]}"
20151224,2015-12-24,0.729076686287147,"{""type"":""MultiPoint"",""coordinates"":[]}"
20151225,2015-12-25,0.8579933558529579,"{""type"":""MultiPoint"",""coordinates"":[]}"
20151226,2015-12-26,0.6653736822638159,"{""type"":""MultiPoint"",""coordinates"":[]}"
20151227,2015-12-27,0.6327858727583575,"{""type"":""MultiPoint"",""coordinates"":[]}"
20151228,2015-12-28,0.6011088852784856,"{""type"":""MultiPoint"",""coordinates"":[]}"
20151229,2015-12-29,0.7087959711222167,"{""type"":""MultiPoint"",""coordinates"":[]}"
20151230,2015-12-30,0.6874133818471583,"{""type"":""MultiPoint"",""coordinates"":[]}"
20151231,2015-12-31,0.9038599199412402,"{""type"":""MultiPoint"",""coordinates"":[]}"
20160101,2016-01-01,0.6708600643651063,"{""type"":""MultiPoint"",""coordinates"":[]}"
20160102,2016-01-02,0.26795322503711483,"{""type"":""MultiPoint"",""coordinates"":[]}"
20160103,2016-01-03,0.1892751340551817,"{""type"":""MultiPoint"",""coordinates"":[]}"
20160104,2016-01-04,0.14702929663980313,"{""type"":""MultiPoint"",""coordinates"":[]}"
20160105,2016-01-05,0.6755340711754924,"{""type"":""MultiPoint"",""coordinates"":[]}"
20160106,2016-01-06,0.5374280340843092,"{""type"":""MultiPoint"",""coordinates"":[]}"
20160107,2016-01-07,0.427091557354587,"{""type"":""MultiPoint"",""coordinates"":[]}"
20160108,2016-01-08,0.8347386168776707,"{""type"":""MultiPoint"",""coordinates"":[]}"
20160109,2016-01-09,0.5361761932619357,"{""type"":""MultiPoint"",""coordinates"":[]}"
20160110,2016-01-10,0.933622338522894,"{""type"":""MultiPoint"",""coordinates"":[]}"
20160111,2016-01-11,1.37415342329454,"{""type"":""MultiPoint"",""coordinates"":[]}"
20160112,2016-01-12,0.3653370812099684,"{""type"":""MultiPoint"",""coordinates"":[]}"
20160113,2016-01-13,0.8592988455314531,"{""type"":""MultiPoint"",""coordinates"":[]}"
20160114,2016-01-14,0.5789412149988157,"{""type"":""MultiPoint"",""coordinates"":[]}"
20160115,2016-01-15,0.32220188550128703,"{""type"":""MultiPoint"",""coordinates"":[]}"
20160116,2016-01-16,0.26825972482127225,"{""type"":""MultiPoint"",""coordinates"":[]}"
20160117,2016-01-17,0.6489521600535131,"{""type"":""MultiPoint"",""coordinates"":[]}"
20160118,2016-01-18,0.6459012021593943,"{""type"":""MultiPoint"",""coordinates"":[]}"
20160119,2016-01-19,0.8073875181044056,"{""type"":""MultiPoint"",""coordinates"":[]}"
20160120,2016-01-20,0.3017471513881495,"{""type"":""MultiPoint"",""coordinates"":[]}"
20160121,2016-01-21,0.31081335311016944,"{""type"":""MultiPoint"",""coordinates"":[]}"
20160122,2016-01-22,0.22061395223618585,"{""type"":""MultiPoint"",""coordinates"":[]}"
20160123,2016-01-23,0.27057663756706873,"{""type"":""MultiPoint"",""coordinates"":[]}"
20160124,2016-01-24,0.6193465269350681,"{""type"":""MultiPoint"",""coordinates"":[]}"
20160125,2016-01-25,0.9367115650799563,"{""type"":""MultiPoint"",""coordinates"":[]}"
20160126,2016-01-26,0.0870352852418785,"{""type"":""MultiPoint"",""coordinates"":[]}"
20160127,2016-01-27,0.13571063955570328,"{""type"":""MultiPoint"",""coordinates"":[]}"
20160128,2016-01-28,0.4015816486281426,"{""type"":""MultiPoint"",""coordinates"":[]}"
20160129,2016-01-29,0.7398785159084108,"{""type"":""MultiPoint"",""coordinates"":[]}"
20160130,2016-01-30,0.7202721282532629,"{""type"":""MultiPoint"",""coordinates"":[]}"
20160131,2016-01-31,0.29011256449363987,"{""type"":""MultiPoint"",""coordinates"":[]}"
20160201,2016-02-01,0.18576275196579153,"{""type"":""MultiPoint"",""coordinates"":[]}"
20160202,2016-02-02,0.2975337005733901,"{""type"":""MultiPoint"",""coordinates"":[]}"
20160203,2016-02-03,0.34958662918974953,"{""type"":""MultiPoint"",""coordinates"":[]}"
20160204,2016-02-04,0.14329133884303002,"{""type"":""MultiPoint"",""coordinates"":[]}"
20160205,2016-02-05,0.7474476661086359,"{""type"":""MultiPoint"",""coordinates"":[]}"
20160206,2016-02-06,0.27709017115445034,"{""type"":""MultiPoint"",""coordinates"":[]}"
20160207,2016-02-07,0.13901067385285992,"{""type"":""MultiPoint"",""coordinates"":[]}"
20160208,2016-02-08,0.5053028142986465,"{""type"":""MultiPoint"",""coordinates"":[]}"
20160209,2016-02-09,0.18625327427671998,"{""type"":""MultiPoint"",""coordinates"":[]}"
20160210,2016-02-10,0.3254788668762862,"{""type"":""MultiPoint"",""coordinates"":[]}"
20160211,2016-02-11,0.477267278188292,"{""type"":""MultiPoint"",""coordinates"":[]}"
20160212,2016-02-12,0.2823434739862275,"{""type"":""MultiPoint"",""coordinates"":[]}"
20160213,2016-02-13,0.1496822547239778,"{""type"":""MultiPoint"",""coordinates"":[]}"
20160214,2016-02-14,0.21871244810651136,"{""type"":""MultiPoint"",""coordinates"":[]}"
20160215,2016-02-15,0.2575039602738179,"{""type"":""MultiPoint"",""coordinates"":[]}"
20160216,2016-02-16,0.7373334475159703,"{""type"":""MultiPoint"",""coordinates"":[]}"
20160217,2016-02-17,0.23134403342880128,"{""type"":""MultiPoint"",""coordinates"":[]}"
20160218,2016-02-18,0.3119228505969204,"{""type"":""MultiPoint"",""coordinates"":[]}"
20160219,2016-02-19,0.26914650954714675,"{""type"":""MultiPoint"",""coordinates"":[]}"
20160220,2016-02-20,0.08810552047502218,"{""type"":""MultiPoint"",""coordinates"":[]}"
20160221,2016-02-21,0.5196884169809606,"{""type"":""MultiPoint"",""coordinates"":[]}"
20160222,2016-02-22,0.34930490128577035,"{""type"":""MultiPoint"",""coordinates"":[]}"
20160223,2016-02-23,0.13615056849630375,"{""type"":""MultiPoint"",""coordinates"":[]}"
20160224,2016-02-24,0.5224175537675819,"{""type"":""MultiPoint"",""coordinates"":[]}"
20160225,2016-02-25,0.4525569856943265,"{""type"":""MultiPoint"",""coordinates"":[]}"
20160226,2016-02-26,0.45771830996286533,"{""type"":""MultiPoint"",""coordinates"":[]}"
20160227,2016-02-27,0.396827448131644,"{""type"":""MultiPoint"",""coordinates"":[]}"
20160228,2016-02-28,0.5030985511412959,"{""type"":""MultiPoint"",""coordinates"":[]}"
20160229,2016-02-29,0.10524496899140498,"{""type"":""MultiPoint"",""coordinates"":[]}"
20160301,2016-03-01,0.20660284302332788,"{""type"":""MultiPoint"",""coordinates"":[]}"
20160302,2016-03-02,0.35729556641559324,"{""type"":""MultiPoint"",""coordinates"":[]}"
20160303,2016-03-03,0.03767451529259966,"{""type"":""MultiPoint"",""coordinates"":[]}"
20160304,2016-03-04,0.5076746862493112,"{""type"":""MultiPoint"",""coordinates"":[]}"
20160305,2016-03-05,0.16077020044926332,"{""type"":""MultiPoint"",""coordinates"":[]}"
20160306,2016-03-06,0.6767956843715867,"{""type"":""MultiPoint"",""coordinates"":[]}"
20160307,2016-03-07,0.8640334524533625,"{""type"":""MultiPoint"",""coordinates"":[]}"
20160308,2016-03-08,0.6640565974199203,"{""type"":""MultiPoint"",""coordinates"":[]}"
20160309,2016-03-09,0.17234189173920578,"{""type"":""MultiPoint"",""coordinates"":[]}"
20160310,2016-03-10,0.4178415629059643,"{""type"":""MultiPoint"",""coordinates"":[]}"
20160311,2016-03-11,0.13195257870496116,"{""type"":""MultiPoint"",""coordinates"":[]}"
20160312,2016-03-12,0.09302388329792147,"{""type"":""MultiPoint"",""coordinates"":[]}"
20160313,2016-03-13,0.36481324855334,"{""type"":""MultiPoint"",""coordinates"":[]}"
20160314,2016-03-14,0.3676405289681663,"{""type"":""MultiPoint"",""coordinates"":[]}"
20160315,2016-03-15,0.12095496294734988,"{""type"":""MultiPoint"",""coordinates"":[]}"
20160316,2016-03-16,0.5880255337934828,"{""type"":""MultiPoint"",""coordinates"":[]}"
20160317,2016-03-17,0.04385614702154221,"{""type"":""MultiPoint"",""coordinates"":[]}"
20160318,2016-03-18,0.5829720328766923,"{""type"":""MultiPoint"",""coordinates"":[]}"
20160319,2016-03-19,0.45490198923164127,"{""type"":""MultiPoint"",""coordinates"":[]}"
20160320,2016-03-20,0.17157824504834082,"{""type"":""MultiPoint"",""coordinates"":[]}"
20160321,2016-03-21,0.2731172306373856,"{""type"":""MultiPoint"",""coordinates"":[]}"
20160322,2016-03-22,0.21723203582792663,"{""type"":""MultiPoint"",""coordinates"":[]}"
20160323,2016-03-23,0.6606812697530736,"{""type"":""MultiPoint"",""coordinates"":[]}"
20160324,2016-03-24,0.6468433085244978,"{""type"":""MultiPoint"",""coordinates"":[]}"
20160325,2016-03-25,0.4129775066531271,"{""type"":""MultiPoint"",""coordinates"":[]}"
20160326,2016-03-26,0.6130149525158877,"{""type"":""MultiPoint"",""coordinates"":[]}"
20160327,2016-03-27,0.3244182427162518,"{""type"":""MultiPoint"",""coordinates"":[]}"
20160328,2016-03-28,0.2842931895551983,"{""type"":""MultiPoint"",""coordinates"":[]}"
20160329,2016-03-29,0.31525585237038073,"{""type"":""MultiPoint"",""coordinates"":[]}"
20160330,2016-03-30,0.355289819729024,"{""type"":""MultiPoint"",""coordinates"":[]}"
20160331,2016-03-31,0.19499782600756563,"{""type"":""MultiPoint"",""coordinates"":[]}"
20160401,2016-04-01,0.22169541411216614,"{""type"":""MultiPoint"",""coordinates"":[]}"
20160402,2016-04-02,0.19640497798375406,"{""type"":""MultiPoint"",""coordinates"":[]}"
20160403,2016-04-03,0.6579085631745915,"{""type"":""MultiPoint"",""coordinates"":[]}"
20160404,2016-04-04,0.5697750756637829,"{""type"":""MultiPoint"",""coordinates"":[]}"
20160405,2016-04-05,0.5135973514310459,"{""type"":""MultiPoint"",""coordinates"":[]}"
20160406,2016-04-06,0.280654755730778,"{""type"":""MultiPoint"",""coordinates"":[]}"
20160407,2016-04-07,0.1687443198054256,"{""type"":""MultiPoint"",""coordinates"":[]}"
20160408,2016-04-08,0.32934697819657743,"{""type"":""MultiPoint"",""coordinates"":[]}"
20160409,2016-04-09,0.25932077368014356,"{""type"":""MultiPoint"",""coordinates"":[]}"
20160410,2016-04-10,0.35435410793470884,"{""type"":""MultiPoint"",""coordinates"":[]}"
20160411,2016-04-11,0.3222867036462975,"{""type"":""MultiPoint"",""coordinates"":[]}"
20160412,2016-04-12,0.37243334376391934,"{""type"":""MultiPoint"",""coordinates"":[]}"
20160413,2016-04-13,0.5008721729859016,"{""type"":""MultiPoint"",""coordinates"":[]}"
20160414,2016-04-14,0.46012135194898274,"{""type"":""MultiPoint"",""coordinates"":[]}"
20160415,2016-04-15,0.6528533265146056,"{""type"":""MultiPoint"",""coordinates"":[]}"
20160416,2016-04-16,0.5247485812181711,"{""type"":""MultiPoint"",""coordinates"":[]}"
20160417,2016-04-17,0.546414303275292,"{""type"":""MultiPoint"",""coordinates"":[]}"
20160418,2016-04-18,0.418183785260427,"{""type"":""MultiPoint"",""coordinates"":[]}"
20160419,2016-04-19,0.21929981210281413,"{""type"":""MultiPoint"",""coordinates"":[]}"
20160420,2016-04-20,0.2851330651931366,"{""type"":""MultiPoint"",""coordinates"":[]}"
20160421,2016-04-21,0.5321564392072912,"{""type"":""MultiPoint"",""coordinates"":[]}"
20160422,2016-04-22,0.4095056522990861,"{""type"":""MultiPoint"",""coordinates"":[]}"
20160423,2016-04-23,0.4403112675136273,"{""type"":""MultiPoint"",""coordinates"":[]}"
20160424,2016-04-24,0.35834789302897635,"{""type"":""MultiPoint"",""coordinates"":[]}"
20160425,2016-04-25,0.5557466942608134,"{""type"":""MultiPoint"",""coordinates"":[]}"
20160426,2016-04-26,0.18912250055168506,"{""type"":""MultiPoint"",""coordinates"":[]}"
20160427,2016-04-27,0.43566660085194703,"{""type"":""MultiPoint"",""coordinates"":[]}"
20160428,2016-04-28,0.31878178087175113,"{""type"":""MultiPoint"",""coordinates"":[]}"
20160429,2016-04-29,0.3249598526328065,"{""type"":""MultiPoint"",""coordinates"":[]}"
20160430,2016-04-30,0.7266564238736006,"{""type"":""MultiPoint"",""coordinates"":[]}"
20160501,2016-05-01,0.666660895621513,"{""type"":""MultiPoint"",""coordinates"":[]}"
20160502,2016-05-02,0.28143214571182107,"{""type"":""MultiPoint"",""coordinates"":[]}"
20160503,2016-05-03,0.08432208481646102,"{""type"":""MultiPoint"",""coordinates"":[]}"
20160504,2016-05-04,0.21626574355262615,"{""type"":""MultiPoint"",""coordinates"":[]}"
20160505,2016-05-05,0.8106232270476377,"{""type"":""MultiPoint"",""coordinates"":[]}"
20160506,2016-05-06,0.4947174032975725,"{""type"":""MultiPoint"",""coordinates"":[]}"
20160507,2016-05-07,0.19236603811130684,"{""type"":""MultiPoint"",""coordinates"":[]}"
20160508,2016-05-08,0.42485261791029216,"{""type"":""MultiPoint"",""coordinates"":[]}"
20160509,2016-05-09,0.19073220134844537,"{""type"":""MultiPoint"",""coordinates"":[]}"
20160510,2016-05-10,0.46145111839774916,"{""type"":""MultiPoint"",""coordinates"":[]}"
20160511,2016-05-11,0.462719705724034,"{""type"":""MultiPoint"",""coordinates"":[]}"
20160512,2016-05-12,0.2887346732452468,"{""type"":""MultiPoint"",""coordinates"":[]}"
20160513,2016-05-13,0.6882300461423781,"{""type"":""MultiPoint"",""coordinates"":[]}"
20160514,2016-05-14,1.2108976491558192,"{""type"":""MultiPoint"",""coordinates"":[]}"
20160515,2016-05-15,1.0855027655836396,"{""type"":""MultiPoint"",""coordinates"":[]}"
20160516,2016-05-16,0.9266255911720137,"{""type"":""MultiPoint"",""coordinates"":[]}"
20160517,2016-05-17,0.848097236936099,"{""type"":""MultiPoint"",""coordinates"":[]}"
20160518,2016-05-18,0.7918468577670471,"{""type"":""MultiPoint"",""coordinates"":[]}"
20160519,2016-05-19,0.3816611316396902,"{""type"":""MultiPoint"",""coordinates"":[]}"
20160520,2016-05-20,1.0018047143052022,"{""type"":""MultiPoint"",""coordinates"":[]}"
20160521,2016-05-21,0.7463659860549884,"{""type"":""MultiPoint"",""coordinates"":[]}"
20160522,2016-05-22,0.7871294847383761,"{""type"":""MultiPoint"",""coordinates"":[]}"
20160523,2016-05-23,1.096009975049304,"{""type"":""MultiPoint"",""coordinates"":[]}"
20160524,2016-05-24,1.0052538328243883,"{""type"":""MultiPoint"",""coordinates"":[]}"
20160525,2016-05-25,0.6782496446700168,"{""type"":""MultiPoint"",""coordinates"":[]}"
20160526,2016-05-26,0.44840844694903004,"{""type"":""MultiPoint"",""coordinates"":[]}"
20160527,2016-05-27,0.21257264410418455,"{""type"":""MultiPoint"",""coordinates"":[]}"
20160528,2016-05-28,0.5066592178561213,"{""type"":""MultiPoint"",""coordinates"":[]}"
20160529,2016-05-29,0.2264300627491786,"{""type"":""MultiPoint"",""coordinates"":[]}"
20160530,2016-05-30,0.4556056855037784,"{""type"":""MultiPoint"",""coordinates"":[]}"
20160531,2016-05-31,0.4763353640903083,"{""type"":""MultiPoint"",""coordinates"":[]}"
20160601,2016-06-01,0.34290692992390737,"{""type"":""MultiPoint"",""coordinates"":[]}"
20160602,2016-06-02,0.3284880866564685,"{""type"":""MultiPoint"",""coordinates"":[]}"
20160603,2016-06-03,0.051419403439636004,"{""type"":""MultiPoint"",""coordinates"":[]}"
20160604,2016-06-04,0.3915075669064082,"{""type"":""MultiPoint"",""coordinates"":[]}"
20160605,2016-06-05,1.0006428866529797,"{""type"":""MultiPoint"",""coordinates"":[]}"
20160606,2016-06-06,0.37414729203961505,"{""type"":""MultiPoint"",""coordinates"":[]}"
20160607,2016-06-07,0.17772639246423352,"{""type"":""MultiPoint"",""coordinates"":[]}"
20160608,2016-06-08,1.110331446292127,"{""type"":""MultiPoint"",""coordinates"":[]}"
20160609,2016-06-09,0.5365134694796283,"{""type"":""MultiPoint"",""coordinates"":[]}"
20160610,2016-06-10,0.7223770332471593,"{""type"":""MultiPoint"",""coordinates"":[]}"
20160611,2016-06-11,0.75314864992599,"{""type"":""MultiPoint"",""coordinates"":[]}"
20160612,2016-06-12,0.8394620946041775,"{""type"":""MultiPoint"",""coordinates"":[]}"
20160613,2016-06-13,1.3057287675555822,"{""type"":""MultiPoint"",""coordinates"":[]}"
20160614,2016-06-14,1.1474069033500465,"{""type"":""MultiPoint"",""coordinates"":[]}"
20160615,2016-06-15,0.8793702705464507,"{""type"":""MultiPoint"",""coordinates"":[]}"
20160616,2016-06-16,1.3943271567936062,"{""type"":""MultiPoint"",""coordinates"":[]}"
20160617,2016-06-17,1.1882981823165117,"{""type"":""MultiPoint"",""coordinates"":[]}"
20160618,2016-06-18,0.8947621043975406,"{""type"":""MultiPoint"",""coordinates"":[]}"
20160619,2016-06-19,1.0109212226768058,"{""type"":""MultiPoint"",""coordinates"":[]}"
20160620,2016-06-20,0.6607303595126456,"{""type"":""MultiPoint"",""coordinates"":[]}"
20160621,2016-06-21,0.7165427545632694,"{""type"":""MultiPoint"",""coordinates"":[]}"
20160622,2016-06-22,1.0297145664574643,"{""type"":""MultiPoint"",""coordinates"":[]}"
20160623,2016-06-23,0.9196893385059138,"{""type"":""MultiPoint"",""coordinates"":[]}"
20160624,2016-06-24,0.8481970487870394,"{""type"":""MultiPoint"",""coordinates"":[]}"
20160625,2016-06-25,0.90643374502535,"{""type"":""MultiPoint"",""coordinates"":[]}"
20160626,2016-06-26,0.6778283081455238,"{""type"":""MultiPoint"",""coordinates"":[]}"
20160627,2016-06-27,1.4367408890373958,"{""type"":""MultiPoint"",""coordinates"":[]}"
20160628,2016-06-28,1.5676426166542996,"{""type"":""MultiPoint"",""coordinates"":[]}"
20160629,2016-06-29,1.4989945072003983,"{""type"":""MultiPoint"",""coordinates"":[]}"
20160630,2016-06-30,1.544732892229095,"{""type"":""MultiPoint"",""coordinates"":[]}"
20160701,2016-07-01,1.5322141293534186,"{""type"":""MultiPoint"",""coordinates"":[]}"
20160702,2016-07-02,1.1203471288897202,"{""type"":""MultiPoint"",""coordinates"":[]}"
20160703,2016-07-03,0.7848770856276858,"{""type"":""MultiPoint"",""coordinates"":[]}"
20160704,2016-07-04,0.9661624158626587,"{""type"":""MultiPoint"",""coordinates"":[]}"
20160705,2016-07-05,1.092419354596544,"{""type"":""MultiPoint"",""coordinates"":[]}"
20160706,2016-07-06,0.7966493884913788,"{""type"":""MultiPoint"",""coordinates"":[]}"
20160707,2016-07-07,1.7480859529317367,"{""type"":""MultiPoint"",""coordinates"":[]}"
20160708,2016-07-08,1.48572419593673,"{""type"":""MultiPoint"",""coordinates"":[]}"
20160709,2016-07-09,1.3154009534133524,"{""type"":""MultiPoint"",""coordinates"":[]}"
20160710,2016-07-10,1.351664743290684,"{""type"":""MultiPoint"",""coordinates"":[]}"
20160711,2016-07-11,0.815725083047918,"{""type"":""MultiPoint"",""coordinates"":[]}"
20160712,2016-07-12,0.8233649244702508,"{""type"":""MultiPoint"",""coordinates"":[]}"
20160713,2016-07-13,0.36026740397601476,"{""type"":""MultiPoint"",""coordinates"":[]}"
20160714,2016-07-14,0.31431886165089734,"{""type"":""MultiPoint"",""coordinates"":[]}"
20160715,2016-07-15,0.36963106762069564,"{""type"":""MultiPoint"",""coordinates"":[]}"
20160716,2016-07-16,0.22228949860584593,"{""type"":""MultiPoint"",""coordinates"":[]}"
20160717,2016-07-17,0.9449764329568463,"{""type"":""MultiPoint"",""coordinates"":[]}"
20160718,2016-07-18,0.6965597227097768,"{""type"":""MultiPoint"",""coordinates"":[]}"
20160719,2016-07-19,0.5621198773538686,"{""type"":""MultiPoint"",""coordinates"":[]}"
20160720,2016-07-20,0.9091210837902762,"{""type"":""MultiPoint"",""coordinates"":[]}"
20160721,2016-07-21,1.3639185068962647,"{""type"":""MultiPoint"",""coordinates"":[]}"
20160722,2016-07-22,1.2810921100275032,"{""type"":""MultiPoint"",""coordinates"":[]}"
20160723,2016-07-23,0.8686386552132646,"{""type"":""MultiPoint"",""coordinates"":[]}"
20160724,2016-07-24,0.4088878972320296,"{""type"":""MultiPoint"",""coordinates"":[]}"
20160725,2016-07-25,0.7059763893608719,"{""type"":""MultiPoint"",""coordinates"":[]}"
20160726,2016-07-26,0.8779896410855326,"{""type"":""MultiPoint"",""coordinates"":[]}"
20160727,2016-07-27,1.196534919474788,"{""type"":""MultiPoint"",""coordinates"":[]}"
20160728,2016-07-28,1.4696496314910295,"{""type"":""MultiPoint"",""coordinates"":[]}"
20160729,2016-07-29,0.9573568348308047,"{""type"":""MultiPoint"",""coordinates"":[]}"
20160730,2016-07-30,0.649141116434782,"{""type"":""MultiPoint"",""coordinates"":[]}"
20160731,2016-07-31,1.1484831473810213,"{""type"":""MultiPoint"",""coordinates"":[]}"
20160801,2016-08-01,1.1447757820614846,"{""type"":""MultiPoint"",""coordinates"":[]}"
20160802,2016-08-02,1.4468187587016614,"{""type"":""MultiPoint"",""coordinates"":[]}"
20160803,2016-08-03,1.3830200015073006,"{""type"":""MultiPoint"",""coordinates"":[]}"
20160804,2016-08-04,0.8920528817899538,"{""type"":""MultiPoint"",""coordinates"":[]}"
20160805,2016-08-05,0.7633662610359748,"{""type"":""MultiPoint"",""coordinates"":[]}"
20160806,2016-08-06,0.8305093287838055,"{""type"":""MultiPoint"",""coordinates"":[]}"
20160807,2016-08-07,0.7122010855993237,"{""type"":""MultiPoint"",""coordinates"":[]}"
20160808,2016-08-08,0.6687925426293346,"{""type"":""MultiPoint"",""coordinates"":[]}"
20160809,2016-08-09,0.5986358269818619,"{""type"":""MultiPoint"",""coordinates"":[]}"
20160810,2016-08-10,0.7934503799894985,"{""type"":""MultiPoint"",""coordinates"":[]}"
20160811,2016-08-11,0.9982350461653473,"{""type"":""MultiPoint"",""coordinates"":[]}"
20160812,2016-08-12,0.365806793471617,"{""type"":""MultiPoint"",""coordinates"":[]}"
20160813,2016-08-13,0.8974959614874635,"{""type"":""MultiPoint"",""coordinates"":[]}"
20160814,2016-08-14,0.8116096893866306,"{""type"":""MultiPoint"",""coordinates"":[]}"
20160815,2016-08-15,0.37245857765854906,"{""type"":""MultiPoint"",""coordinates"":[]}"
20160816,2016-08-16,0.4473800455313849,"{""type"":""MultiPoint"",""coordinates"":[]}"
20160817,2016-08-17,0.6236815774582265,"{""type"":""MultiPoint"",""coordinates"":[]}"
20160818,2016-08-18,0.7690355787385221,"{""type"":""MultiPoint"",""coordinates"":[]}"
20160819,2016-08-19,0.7708005483247847,"{""type"":""MultiPoint"",""coordinates"":[]}"
20160820,2016-08-20,0.6159143783155215,"{""type"":""MultiPoint"",""coordinates"":[]}"
20160821,2016-08-21,1.1024817390840564,"{""type"":""MultiPoint"",""coordinates"":[]}"
20160822,2016-08-22,1.6789655852362144,"{""type"":""MultiPoint"",""coordinates"":[]}"
20160823,2016-08-23,1.3424186595872232,"{""type"":""MultiPoint"",""coordinates"":[]}"
20160824,2016-08-24,0.7056984320675944,"{""type"":""MultiPoint"",""coordinates"":[]}"
20160825,2016-08-25,0.61689324011206,"{""type"":""MultiPoint"",""coordinates"":[]}"
20160826,2016-08-26,0.7186705506341169,"{""type"":""MultiPoint"",""coordinates"":[]}"
20160827,2016-08-27,0.8991293877430955,"{""type"":""MultiPoint"",""coordinates"":[]}"
20160828,2016-08-28,0.2931833636111529,"{""type"":""MultiPoint"",""coordinates"":[]}"
20160829,2016-08-29,0.26738847889354944,"{""type"":""MultiPoint"",""coordinates"":[]}"
20160830,2016-08-30,0.30383041393110927,"{""type"":""MultiPoint"",""coordinates"":[]}"
20160831,2016-08-31,0.2727364783736117,"{""type"":""MultiPoint"",""coordinates"":[]}"
20160901,2016-09-01,0.5993282562882024,"{""type"":""MultiPoint"",""coordinates"":[]}"
20160902,2016-09-02,0.17606949197412783,"{""type"":""MultiPoint"",""coordinates"":[]}"
20160903,2016-09-03,0.17531107874040283,"{""type"":""MultiPoint"",""coordinates"":[]}"
20160904,2016-09-04,0.44304597844985044,"{""type"":""MultiPoint"",""coordinates"":[]}"
20160905,2016-09-05,0.4906456414739372,"{""type"":""MultiPoint"",""coordinates"":[]}"
20160906,2016-09-06,0.8204486492527991,"{""type"":""MultiPoint"",""coordinates"":[]}"
20160907,2016-09-07,0.7457265862370069,"{""type"":""MultiPoint"",""coordinates"":[]}"
20160908,2016-09-08,0.3717147943646379,"{""type"":""MultiPoint"",""coordinates"":[]}"
20160909,2016-09-09,0.6418059859256274,"{""type"":""MultiPoint"",""coordinates"":[]}"
20160910,2016-09-10,0.5573394337730574,"{""type"":""MultiPoint"",""coordinates"":[]}"
20160911,2016-09-11,0.5969032163262085,"{""type"":""MultiPoint"",""coordinates"":[]}"
20160912,2016-09-12,0.2677734934333164,"{""type"":""MultiPoint"",""coordinates"":[]}"
20160913,2016-09-13,0.722729014240473,"{""type"":""MultiPoint"",""coordinates"":[]}"
20160914,2016-09-14,0.3355279839100062,"{""type"":""MultiPoint"",""coordinates"":[]}"
20160915,2016-09-15,0.63075932821152,"{""type"":""MultiPoint"",""coordinates"":[]}"
20160916,2016-09-16,0.345256655172466,"{""type"":""MultiPoint"",""coordinates"":[]}"
20160917,2016-09-17,0.695150442452764,"{""type"":""MultiPoint"",""coordinates"":[]}"
20160918,2016-09-18,0.6373712336095937,"{""type"":""MultiPoint"",""coordinates"":[]}"
20160919,2016-09-19,0.7811478758069381,"{""type"":""MultiPoint"",""coordinates"":[]}"
20160920,2016-09-20,1.2015952297522245,"{""type"":""MultiPoint"",""coordinates"":[]}"
20160921,2016-09-21,0.7089981902960049,"{""type"":""MultiPoint"",""coordinates"":[]}"
20160922,2016-09-22,0.21370395491725425,"{""type"":""MultiPoint"",""coordinates"":[]}"
20160923,2016-09-23,0.39070192184454483,"{""type"":""MultiPoint"",""coordinates"":[]}"
20160924,2016-09-24,0.4374417776834909,"{""type"":""MultiPoint"",""coordinates"":[]}"
20160925,2016-09-25,0.7230539456299526,"{""type"":""MultiPoint"",""coordinates"":[]}"
20160926,2016-09-26,0.47421117882164104,"{""type"":""MultiPoint"",""coordinates"":[]}"
20160927,2016-09-27,0.3111066436917901,"{""type"":""MultiPoint"",""coordinates"":[]}"
20160928,2016-09-28,0.15027618362745243,"{""type"":""MultiPoint"",""coordinates"":[]}"
20160929,2016-09-29,0.2079856296576758,"{""type"":""MultiPoint"",""coordinates"":[]}"
20160930,2016-09-30,0.5563259022621393,"{""type"":""MultiPoint"",""coordinates"":[]}"
20161001,2016-10-01,0.3855386605275708,"{""type"":""MultiPoint"",""coordinates"":[]}"
20161002,2016-10-02,0.5924100330422399,"{""type"":""MultiPoint"",""coordinates"":[]}"
20161003,2016-10-03,0.6327012922519144,"{""type"":""MultiPoint"",""coordinates"":[]}"
20161004,2016-10-04,0.33377266716762427,"{""type"":""MultiPoint"",""coordinates"":[]}"
20161005,2016-10-05,0.16285443120182627,"{""type"":""MultiPoint"",""coordinates"":[]}"
20161006,2016-10-06,0.3596621576494804,"{""type"":""MultiPoint"",""coordinates"":[]}"
20161007,2016-10-07,0.5366103975448732,"{""type"":""MultiPoint"",""coordinates"":[]}"
20161008,2016-10-08,0.7391025644745303,"{""type"":""MultiPoint"",""coordinates"":[]}"
20161009,2016-10-09,0.3330656963490035,"{""type"":""MultiPoint"",""coordinates"":[]}"
20161010,2016-10-10,0.2736501972659634,"{""type"":""MultiPoint"",""coordinates"":[]}"
20161011,2016-10-11,0.13505713902494698,"{""type"":""MultiPoint"",""coordinates"":[]}"
20161012,2016-10-12,0.3251520887545621,"{""type"":""MultiPoint"",""coordinates"":[]}"
20161013,2016-10-13,0.20399434595725047,"{""type"":""MultiPoint"",""coordinates"":[]}"
20161014,2016-10-14,0.055615079959400106,"{""type"":""MultiPoint"",""coordinates"":[]}"
20161015,2016-10-15,0.596522367555053,"{""type"":""MultiPoint"",""coordinates"":[]}"
20161016,2016-10-16,0.22522318498087782,"{""type"":""MultiPoint"",""coordinates"":[]}"
20161017,2016-10-17,0.06685041098224397,"{""type"":""MultiPoint"",""coordinates"":[]}"
20161018,2016-10-18,0.18981279497806874,"{""type"":""MultiPoint"",""coordinates"":[]}"
20161019,2016-10-19,0.18463769082630765,"{""type"":""MultiPoint"",""coordinates"":[]}"
20161020,2016-10-20,0.22238960300453256,"{""type"":""MultiPoint"",""coordinates"":[]}"
20161021,2016-10-21,0.04704921929001363,"{""type"":""MultiPoint"",""coordinates"":[]}"
20161022,2016-10-22,0.15269184529710833,"{""type"":""MultiPoint"",""coordinates"":[]}"
20161023,2016-10-23,0.35234332701694104,"{""type"":""MultiPoint"",""coordinates"":[]}"
20161024,2016-10-24,0.7465770400690841,"{""type"":""MultiPoint"",""coordinates"":[]}"
20161025,2016-10-25,0.6121876955577952,"{""type"":""MultiPoint"",""coordinates"":[]}"
20161026,2016-10-26,0.895677724833743,"{""type"":""MultiPoint"",""coordinates"":[]}"
20161027,2016-10-27,1.003001488492526,"{""type"":""MultiPoint"",""coordinates"":[]}"
20161028,2016-10-28,0.4500588382300427,"{""type"":""MultiPoint"",""coordinates"":[]}"
20161029,2016-10-29,0.446229427739344,"{""type"":""MultiPoint"",""coordinates"":[]}"
20161030,2016-10-30,0.320714000724891,"{""type"":""MultiPoint"",""coordinates"":[]}"
20161031,2016-10-31,0.3610321340745623,"{""type"":""MultiPoint"",""coordinates"":[]}"
20161101,2016-11-01,0.8110539598092276,"{""type"":""MultiPoint"",""coordinates"":[]}"
20161102,2016-11-02,0.7764780355114919,"{""type"":""MultiPoint"",""coordinates"":[]}"
20161103,2016-11-03,0.7271803974259868,"{""type"":""MultiPoint"",""coordinates"":[]}"
20161104,2016-11-04,0.2800898931565135,"{""type"":""MultiPoint"",""coordinates"":[]}"
20161105,2016-11-05,1.2826199272679621,"{""type"":""MultiPoint"",""coordinates"":[]}"
20161106,2016-11-06,0.4535599432813467,"{""type"":""MultiPoint"",""coordinates"":[]}"
20161107,2016-11-07,0.582528138139606,"{""type"":""MultiPoint"",""coordinates"":[]}"
20161108,2016-11-08,0.6485386101426341,"{""type"":""MultiPoint"",""coordinates"":[]}"
20161109,2016-11-09,0.5343840853259821,"{""type"":""MultiPoint"",""coordinates"":[]}"
20161110,2016-11-10,0.7951505319012897,"{""type"":""MultiPoint"",""coordinates"":[]}"
20161111,2016-11-11,0.504201075069803,"{""type"":""MultiPoint"",""coordinates"":[]}"
20161112,2016-11-12,0.7699652396416456,"{""type"":""MultiPoint"",""coordinates"":[]}"
20161113,2016-11-13,0.8909045441179202,"{""type"":""MultiPoint"",""coordinates"":[]}"
20161114,2016-11-14,0.8260175039745886,"{""type"":""MultiPoint"",""coordinates"":[]}"
20161115,2016-11-15,1.229969766782865,"{""type"":""MultiPoint"",""coordinates"":[]}"
20161116,2016-11-16,1.1937100071395774,"{""type"":""MultiPoint"",""coordinates"":[]}"
20161117,2016-11-17,1.1707670938952475,"{""type"":""MultiPoint"",""coordinates"":[]}"
20161118,2016-11-18,0.7856281511349799,"{""type"":""MultiPoint"",""coordinates"":[]}"
20161119,2016-11-19,0.48559237321183246,"{""type"":""MultiPoint"",""coordinates"":[]}"
20161120,2016-11-20,1.0526024674959746,"{""type"":""MultiPoint"",""coordinates"":[]}"
20161121,2016-11-21,0.9848920590687565,"{""type"":""MultiPoint"",""coordinates"":[]}"
20161122,2016-11-22,0.7090024425794655,"{""type"":""MultiPoint"",""coordinates"":[]}"
20161123,2016-11-23,0.4375119252474088,"{""type"":""MultiPoint"",""coordinates"":[]}"
20161124,2016-11-24,0.7589798079393177,"{""type"":""MultiPoint"",""coordinates"":[]}"
20161125,2016-11-25,0.592869822588908,"{""type"":""MultiPoint"",""coordinates"":[]}"
20161126,2016-11-26,0.3297088391801557,"{""type"":""MultiPoint"",""coordinates"":[]}"
20161127,2016-11-27,0.38496417738525474,"{""type"":""MultiPoint"",""coordinates"":[]}"
20161128,2016-11-28,0.444890301560391,"{""type"":""MultiPoint"",""coordinates"":[]}"
20161129,2016-11-29,0.1808183499393631,"{""type"":""MultiPoint"",""coordinates"":[]}"
20161130,2016-11-30,0.36935941726233085,"{""type"":""MultiPoint"",""coordinates"":[]}"
20161201,2016-12-01,0.17110780724969918,"{""type"":""MultiPoint"",""coordinates"":[]}"
20161202,2016-12-02,0.05786226150987024,"{""type"":""MultiPoint"",""coordinates"":[]}"
20161203,2016-12-03,0.14067215884135206,"{""type"":""MultiPoint"",""coordinates"":[]}"
20161204,2016-12-04,0.18223301810494785,"{""type"":""MultiPoint"",""coordinates"":[]}"
20161205,2016-12-05,0.37969229322639014,"{""type"":""MultiPoint"",""coordinates"":[]}"
20161206,2016-12-06,0.36030067724395604,"{""type"":""MultiPoint"",""coordinates"":[]}"
20161207,2016-12-07,0.10267187688247749,"{""type"":""MultiPoint"",""coordinates"":[]}"
20161208,2016-12-08,0.2283693489109216,"{""type"":""MultiPoint"",""coordinates"":[]}"
20161209,2016-12-09,0.8465834002019492,"{""type"":""MultiPoint"",""coordinates"":[]}"
20161210,2016-12-10,0.5818126026160299,"{""type"":""MultiPoint"",""coordinates"":[]}"
20161211,2016-12-11,0.1979333156763798,"{""type"":""MultiPoint"",""coordinates"":[]}"
20161212,2016-12-12,0.32777882278582404,"{""type"":""MultiPoint"",""coordinates"":[]}"
20161213,2016-12-13,0.4391028988412214,"{""type"":""MultiPoint"",""coordinates"":[]}"
20161214,2016-12-14,0.4692478491030853,"{""type"":""MultiPoint"",""coordinates"":[]}"
20161215,2016-12-15,0.3087110112076616,"{""type"":""MultiPoint"",""coordinates"":[]}"
20161216,2016-12-16,0.721310804326464,"{""type"":""MultiPoint"",""coordinates"":[]}"
20161217,2016-12-17,0.6837962007483632,"{""type"":""MultiPoint"",""coordinates"":[]}"
20161218,2016-12-18,0.18465292405356437,"{""type"":""MultiPoint"",""coordinates"":[]}"
20161219,2016-12-19,0.4828719355256984,"{""type"":""MultiPoint"",""coordinates"":[]}"
20161220,2016-12-20,0.4028762371525002,"{""type"":""MultiPoint"",""coordinates"":[]}"
20161221,2016-12-21,0.643344207972275,"{""type"":""MultiPoint"",""coordinates"":[]}"
20161222,2016-12-22,1.035533556411069,"{""type"":""MultiPoint"",""coordinates"":[]}"
20161223,2016-12-23,1.0423140640190547,"{""type"":""MultiPoint"",""coordinates"":[]}"
20161224,2016-12-24,0.44273125271614755,"{""type"":""MultiPoint"",""coordinates"":[]}"
20161225,2016-12-25,0.6690909836275037,"{""type"":""MultiPoint"",""coordinates"":[]}"
20161226,2016-12-26,0.9157726433849279,"{""type"":""MultiPoint"",""coordinates"":[]}"
20161227,2016-12-27,0.9845646199557896,"{""type"":""MultiPoint"",""coordinates"":[]}"
20161228,2016-12-28,0.6369864280220738,"{""type"":""MultiPoint"",""coordinates"":[]}"
20161229,2016-12-29,0.49937580109369123,"{""type"":""MultiPoint"",""coordinates"":[]}"
20161230,2016-12-30,0.38027734667901053,"{""type"":""MultiPoint"",""coordinates"":[]}"
20161231,2016-12-31,0.42182118925048107,"{""type"":""MultiPoint"",""coordinates"":[]}"
20170101,2017-01-01,0.43880368663335156,"{""type"":""MultiPoint"",""coordinates"":[]}"
20170102,2017-01-02,0.23815553913824486,"{""type"":""MultiPoint"",""coordinates"":[]}"
20170103,2017-01-03,0.0783996409808556,"{""type"":""MultiPoint"",""coordinates"":[]}"
20170104,2017-01-04,0.4090569812038762,"{""type"":""MultiPoint"",""coordinates"":[]}"
20170105,2017-01-05,0.4892379920790337,"{""type"":""MultiPoint"",""coordinates"":[]}"
20170106,2017-01-06,0.16790426665239463,"{""type"":""MultiPoint"",""coordinates"":[]}"
20170107,2017-01-07,0.044486372848740866,"{""type"":""MultiPoint"",""coordinates"":[]}"
20170108,2017-01-08,0.38010800799146877,"{""type"":""MultiPoint"",""coordinates"":[]}"
20170109,2017-01-09,0.920997753605831,"{""type"":""MultiPoint"",""coordinates"":[]}"
20170110,2017-01-10,0.9767248097464275,"{""type"":""MultiPoint"",""coordinates"":[]}"
20170111,2017-01-11,0.9236966587186984,"{""type"":""MultiPoint"",""coordinates"":[]}"
20170112,2017-01-12,0.5635317295686619,"{""type"":""MultiPoint"",""coordinates"":[]}"
20170113,2017-01-13,0.7031306604719303,"{""type"":""MultiPoint"",""coordinates"":[]}"
20170114,2017-01-14,0.9974340420507587,"{""type"":""MultiPoint"",""coordinates"":[]}"
20170115,2017-01-15,1.148196202584816,"{""type"":""MultiPoint"",""coordinates"":[]}"
20170116,2017-01-16,1.0810333588455003,"{""type"":""MultiPoint"",""coordinates"":[]}"
20170117,2017-01-17,0.9028171693221815,"{""type"":""MultiPoint"",""coordinates"":[]}"
20170118,2017-01-18,0.9365382946136729,"{""type"":""MultiPoint"",""coordinates"":[]}"
20170119,2017-01-19,0.49852857007110857,"{""type"":""MultiPoint"",""coordinates"":[]}"
20170120,2017-01-20,1.2073578760617099,"{""type"":""MultiPoint"",""coordinates"":[]}"
20170121,2017-01-21,1.2979774395470356,"{""type"":""MultiPoint"",""coordinates"":[]}"
20170122,2017-01-22,0.5409267663053534,"{""type"":""MultiPoint"",""coordinates"":[]}"
20170123,2017-01-23,0.5087614767983367,"{""type"":""MultiPoint"",""coordinates"":[]}"
20170124,2017-01-24,1.4757940140469339,"{""type"":""MultiPoint"",""coordinates"":[]}"
20170125,2017-01-25,0.6401663770767916,"{""type"":""MultiPoint"",""coordinates"":[]}"
20170126,2017-01-26,0.09156872278050333,"{""type"":""MultiPoint"",""coordinates"":[]}"
20170127,2017-01-27,0.3750274652104525,"{""type"":""MultiPoint"",""coordinates"":[]}"
20170128,2017-01-28,0.534571595697336,"{""type"":""MultiPoint"",""coordinates"":[]}"
20170129,2017-01-29,0.4421437811642689,"{""type"":""MultiPoint"",""coordinates"":[]}"
20170130,2017-01-30,0.1348719173714782,"{""type"":""MultiPoint"",""coordinates"":[]}"
20170131,2017-01-31,0.35197516596018585,"{""type"":""MultiPoint"",""coordinates"":[]}"
20170201,2017-02-01,0.23233762773377947,"{""type"":""MultiPoint"",""coordinates"":[]}"
20170202,2017-02-02,0.23669316460543718,"{""type"":""MultiPoint"",""coordinates"":[]}"
20170203,2017-02-03,0.26719765505282767,"{""type"":""MultiPoint"",""coordinates"":[]}"
20170204,2017-02-04,0.21188565597511957,"{""type"":""MultiPoint"",""coordinates"":[]}"
20170205,2017-02-05,0.6483298369245702,"{""type"":""MultiPoint"",""coordinates"":[]}"
20170206,2017-02-06,0.07999447078592183,"{""type"":""MultiPoint"",""coordinates"":[]}"
20170207,2017-02-07,0.2325600115666982,"{""type"":""MultiPoint"",""coordinates"":[]}"
20170208,2017-02-08,0.23747743558355616,"{""type"":""MultiPoint"",""coordinates"":[]}"
20170209,2017-02-09,0.33536721113780776,"{""type"":""MultiPoint"",""coordinates"":[]}"
20170210,2017-02-10,0.8054676072329198,"{""type"":""MultiPoint"",""coordinates"":[]}"
20170211,2017-02-11,0.6711933778112277,"{""type"":""MultiPoint"",""coordinates"":[]}"
20170212,2017-02-12,0.9946973168804288,"{""type"":""MultiPoint"",""coordinates"":[]}"
20170213,2017-02-13,1.2904858785119468,"{""type"":""MultiPoint"",""coordinates"":[]}"
20170214,2017-02-14,1.4020074891303578,"{""type"":""MultiPoint"",""coordinates"":[]}"
20170215,2017-02-15,0.5428751698713803,"{""type"":""MultiPoint"",""coordinates"":[]}"
20170216,2017-02-16,0.6238437869424088,"{""type"":""MultiPoint"",""coordinates"":[]}"
20170217,2017-02-17,1.318647180749188,"{""type"":""MultiPoint"",""coordinates"":[]}"
20170218,2017-02-18,0.7508272537856231,"{""type"":""MultiPoint"",""coordinates"":[]}"
20170219,2017-02-19,0.4736896330332377,"{""type"":""MultiPoint"",""coordinates"":[]}"
20170220,2017-02-20,0.2672305451788081,"{""type"":""MultiPoint"",""coordinates"":[]}"
20170221,2017-02-21,0.6675683810377011,"{""type"":""MultiPoint"",""coordinates"":[]}"
20170222,2017-02-22,1.122045379856148,"{""type"":""MultiPoint"",""coordinates"":[]}"
20170223,2017-02-23,0.64750918838351,"{""type"":""MultiPoint"",""coordinates"":[]}"
20170224,2017-02-24,0.4302113406561535,"{""type"":""MultiPoint"",""coordinates"":[]}"
20170225,2017-02-25,0.27498393823745965,"{""type"":""MultiPoint"",""coordinates"":[]}"
20170226,2017-02-26,0.16734714510475193,"{""type"":""MultiPoint"",""coordinates"":[]}"
20170227,2017-02-27,0.2537074959449254,"{""type"":""MultiPoint"",""coordinates"":[]}"
20170228,2017-02-28,0.31618789507606554,"{""type"":""MultiPoint"",""coordinates"":[]}"
20170301,2017-03-01,0.22529806087880214,"{""type"":""MultiPoint"",""coordinates"":[]}"
20170302,2017-03-02,0.3282284533189108,"{""type"":""MultiPoint"",""coordinates"":[]}"
20170303,2017-03-03,0.2854712430503167,"{""type"":""MultiPoint"",""coordinates"":[]}"
20170304,2017-03-04,0.10112703357712564,"{""type"":""MultiPoint"",""coordinates"":[]}"
20170305,2017-03-05,0.17692847212529758,"{""type"":""MultiPoint"",""coordinates"":[]}"
20170306,2017-03-06,0.11712216674933064,"{""type"":""MultiPoint"",""coordinates"":[]}"
20170307,2017-03-07,0.19673177515943122,"{""type"":""MultiPoint"",""coordinates"":[]}"
20170308,2017-03-08,0.38788196812478254,"{""type"":""MultiPoint"",""coordinates"":[]}"
20170309,2017-03-09,0.11416896038935216,"{""type"":""MultiPoint"",""coordinates"":[]}"
20170310,2017-03-10,0.1247494152352944,"{""type"":""MultiPoint"",""coordinates"":[]}"
20170311,2017-03-11,0.09771963751645983,"{""type"":""MultiPoint"",""coordinates"":[]}"
20170312,2017-03-12,0.07810734161668444,"{""type"":""MultiPoint"",""coordinates"":[]}"
20170313,2017-03-13,0.2636304912427366,"{""type"":""MultiPoint"",""coordinates"":[]}"
20170314,2017-03-14,0.04981821113443423,"{""type"":""MultiPoint"",""coordinates"":[]}"
20170315,2017-03-15,0.5257777085158978,"{""type"":""MultiPoint"",""coordinates"":[]}"
20170316,2017-03-16,0.8657351301301143,"{""type"":""MultiPoint"",""coordinates"":[]}"
20170317,2017-03-17,1.1674146041046494,"{""type"":""MultiPoint"",""coordinates"":[]}"
20170318,2017-03-18,0.6932884871766591,"{""type"":""MultiPoint"",""coordinates"":[]}"
20170319,2017-03-19,0.46919963527946185,"{""type"":""MultiPoint"",""coordinates"":[]}"
20170320,2017-03-20,0.7123760461538698,"{""type"":""MultiPoint"",""coordinates"":[]}"
20170321,2017-03-21,0.7964386188235666,"{""type"":""MultiPoint"",""coordinates"":[]}"
20170322,2017-03-22,0.21668739181745247,"{""type"":""MultiPoint"",""coordinates"":[]}"
20170323,2017-03-23,0.3531457479171759,"{""type"":""MultiPoint"",""coordinates"":[]}"
20170324,2017-03-24,0.4686356331609805,"{""type"":""MultiPoint"",""coordinates"":[]}"
20170325,2017-03-25,0.5030810577792681,"{""type"":""MultiPoint"",""coordinates"":[]}"
20170326,2017-03-26,0.7492321116426621,"{""type"":""MultiPoint"",""coordinates"":[]}"
20170327,2017-03-27,0.6577364155531381,"{""type"":""MultiPoint"",""coordinates"":[]}"
20170328,2017-03-28,0.4235375989413494,"{""type"":""MultiPoint"",""coordinates"":[]}"
20170329,2017-03-29,0.3052836996865281,"{""type"":""MultiPoint"",""coordinates"":[]}"
20170330,2017-03-30,0.7281634104563752,"{""type"":""MultiPoint"",""coordinates"":[]}"
20170331,2017-03-31,0.33940415646989974,"{""type"":""MultiPoint"",""coordinates"":[]}"
20170401,2017-04-01,0.40132199715902445,"{""type"":""MultiPoint"",""coordinates"":[]}"
20170402,2017-04-02,0.41916092109806546,"{""type"":""MultiPoint"",""coordinates"":[]}"
20170403,2017-04-03,0.08485157523480787,"{""type"":""MultiPoint"",""coordinates"":[]}"
20170404,2017-04-04,0.6101027365314419,"{""type"":""MultiPoint"",""coordinates"":[]}"
20170405,2017-04-05,0.3801416804096023,"{""type"":""MultiPoint"",""coordinates"":[]}"
20170406,2017-04-06,0.6528759253789859,"{""type"":""MultiPoint"",""coordinates"":[]}"
20170407,2017-04-07,0.28073858640002763,"{""type"":""MultiPoint"",""coordinates"":[]}"
20170408,2017-04-08,0.3813701341860968,"{""type"":""MultiPoint"",""coordinates"":[]}"
20170409,2017-04-09,0.6756002495823893,"{""type"":""MultiPoint"",""coordinates"":[]}"
20170410,2017-04-10,0.4474720122202383,"{""type"":""MultiPoint"",""coordinates"":[]}"
20170411,2017-04-11,0.6190130645889629,"{""type"":""MultiPoint"",""coordinates"":[]}"
20170412,2017-04-12,0.395013503306742,"{""type"":""MultiPoint"",""coordinates"":[]}"
20170413,2017-04-13,0.8136845301287321,"{""type"":""MultiPoint"",""coordinates"":[]}"
20170414,2017-04-14,0.029707834142941467,"{""type"":""MultiPoint"",""coordinates"":[]}"
20170415,2017-04-15,1.403739994564019,"{""type"":""MultiPoint"",""coordinates"":[]}"
20170416,2017-04-16,0.8283753596869433,"{""type"":""MultiPoint"",""coordinates"":[]}"
20170417,2017-04-17,0.1788386019746731,"{""type"":""MultiPoint"",""coordinates"":[]}"
20170418,2017-04-18,0.15913455281454877,"{""type"":""MultiPoint"",""coordinates"":[]}"
20170419,2017-04-19,0.4063787309803026,"{""type"":""MultiPoint"",""coordinates"":[]}"
20170420,2017-04-20,0.5174250582661377,"{""type"":""MultiPoint"",""coordinates"":[]}"
20170421,2017-04-21,0.5941321907455271,"{""type"":""MultiPoint"",""coordinates"":[]}"
20170422,2017-04-22,0.09642249344423308,"{""type"":""MultiPoint"",""coordinates"":[]}"
20170423,2017-04-23,0.6672506665534735,"{""type"":""MultiPoint"",""coordinates"":[]}"
20170424,2017-04-24,0.22931191900035822,"{""type"":""MultiPoint"",""coordinates"":[]}"
20170425,2017-04-25,0.20590814767373283,"{""type"":""MultiPoint"",""coordinates"":[]}"
20170426,2017-04-26,0.31718593762824276,"{""type"":""MultiPoint"",""coordinates"":[]}"
20170427,2017-04-27,0.06720922107476417,"{""type"":""MultiPoint"",""coordinates"":[]}"
20170428,2017-04-28,0.8055768116674357,"{""type"":""MultiPoint"",""coordinates"":[]}"
20170429,2017-04-29,1.3901342887304684,"{""type"":""MultiPoint"",""coordinates"":[]}"
20170430,2017-04-30,0.29922835677789444,"{""type"":""MultiPoint"",""coordinates"":[]}"
20170501,2017-05-01,0.5456642272358905,"{""type"":""MultiPoint"",""coordinates"":[]}"
20170502,2017-05-02,0.410379074451817,"{""type"":""MultiPoint"",""coordinates"":[]}"
20170503,2017-05-03,0.053297685364320016,"{""type"":""MultiPoint"",""coordinates"":[]}"
20170504,2017-05-04,0.8865316875570545,"{""type"":""MultiPoint"",""coordinates"":[]}"
20170505,2017-05-05,0.25790969778999545,"{""type"":""MultiPoint"",""coordinates"":[]}"
20170506,2017-05-06,0.05898823339678861,"{""type"":""MultiPoint"",""coordinates"":[]}"
20170507,2017-05-07,0.5194903135331244,"{""type"":""MultiPoint"",""coordinates"":[]}"
20170508,2017-05-08,0.3152473996643158,"{""type"":""MultiPoint"",""coordinates"":[]}"
20170509,2017-05-09,0.3108514108873998,"{""type"":""MultiPoint"",""coordinates"":[]}"
20170510,2017-05-10,0.2777417867333338,"{""type"":""MultiPoint"",""coordinates"":[]}"
20170511,2017-05-11,0.4001383593588447,"{""type"":""MultiPoint"",""coordinates"":[]}"
20170512,2017-05-12,0.7673783404783986,"{""type"":""MultiPoint"",""coordinates"":[]}"
20170513,2017-05-13,0.3719800575269752,"{""type"":""MultiPoint"",""coordinates"":[]}"
20170514,2017-05-14,0.4635612735865801,"{""type"":""MultiPoint"",""coordinates"":[]}"
20170515,2017-05-15,0.5533469598626687,"{""type"":""MultiPoint"",""coordinates"":[]}"
20170516,2017-05-16,0.6684137986549757,"{""type"":""MultiPoint"",""coordinates"":[]}"
20170517,2017-05-17,0.09522077697880747,"{""type"":""MultiPoint"",""coordinates"":[]}"
20170518,2017-05-18,0.07954012152533993,"{""type"":""MultiPoint"",""coordinates"":[]}"
20170519,2017-05-19,0.5336688679648682,"{""type"":""MultiPoint"",""coordinates"":[]}"
20170520,2017-05-20,0.2502197930925257,"{""type"":""MultiPoint"",""coordinates"":[]}"
20170521,2017-05-21,0.1842938319031824,"{""type"":""MultiPoint"",""coordinates"":[]}"
20170522,2017-05-22,0.24624346588812482,"{""type"":""MultiPoint"",""coordinates"":[]}"
20170523,2017-05-23,0.8381012792899823,"{""type"":""MultiPoint"",""coordinates"":[]}"
20170524,2017-05-24,1.1257662900528755,"{""type"":""MultiPoint"",""coordinates"":[]}"
20170525,2017-05-25,1.4657029413612876,"{""type"":""MultiPoint"",""coordinates"":[]}"
20170526,2017-05-26,0.950502734541765,"{""type"":""MultiPoint"",""coordinates"":[]}"
20170527,2017-05-27,0.5081057323785976,"{""type"":""MultiPoint"",""coordinates"":[]}"
20170528,2017-05-28,0.849693173587062,"{""type"":""MultiPoint"",""coordinates"":[]}"
20170529,2017-05-29,0.552816415441616,"{""type"":""MultiPoint"",""coordinates"":[]}"
20170530,2017-05-30,0.5982977499295363,"{""type"":""MultiPoint"",""coordinates"":[]}"
20170531,2017-05-31,0.6214501083363254,"{""type"":""MultiPoint"",""coordinates"":[]}"
20170601,2017-06-01,0.5266646000748614,"{""type"":""MultiPoint"",""coordinates"":[]}"
20170602,2017-06-02,0.844907095318837,"{""type"":""MultiPoint"",""coordinates"":[]}"
20170603,2017-06-03,1.1052591600731214,"{""type"":""MultiPoint"",""coordinates"":[]}"
20170604,2017-06-04,1.1877634016781786,"{""type"":""MultiPoint"",""coordinates"":[]}"
20170605,2017-06-05,1.1870512562737843,"{""type"":""MultiPoint"",""coordinates"":[]}"
20170606,2017-06-06,0.8130820130478962,"{""type"":""MultiPoint"",""coordinates"":[]}"
20170607,2017-06-07,0.11469773416729619,"{""type"":""MultiPoint"",""coordinates"":[]}"
20170608,2017-06-08,0.27615571467386835,"{""type"":""MultiPoint"",""coordinates"":[]}"
20170609,2017-06-09,0.13589449960723196,"{""type"":""MultiPoint"",""coordinates"":[]}"
20170610,2017-06-10,0.21007876476694082,"{""type"":""MultiPoint"",""coordinates"":[]}"
20170611,2017-06-11,0.4015430986073393,"{""type"":""MultiPoint"",""coordinates"":[]}"
20170612,2017-06-12,0.18000912874885658,"{""type"":""MultiPoint"",""coordinates"":[]}"
20170613,2017-06-13,0.4986926315166958,"{""type"":""MultiPoint"",""coordinates"":[]}"
20170614,2017-06-14,0.6414906251723451,"{""type"":""MultiPoint"",""coordinates"":[]}"
20170615,2017-06-15,0.16672080577565673,"{""type"":""MultiPoint"",""coordinates"":[]}"
20170616,2017-06-16,1.1884723690108931,"{""type"":""MultiPoint"",""coordinates"":[]}"
20170617,2017-06-17,0.2258592471683991,"{""type"":""MultiPoint"",""coordinates"":[]}"
20170618,2017-06-18,0.14322863981828662,"{""type"":""MultiPoint"",""coordinates"":[]}"
20170619,2017-06-19,0.13546899640972096,"{""type"":""MultiPoint"",""coordinates"":[]}"
20170620,2017-06-20,0.4156415648537133,"{""type"":""MultiPoint"",""coordinates"":[]}"
20170621,2017-06-21,1.366929037075693,"{""type"":""MultiPoint"",""coordinates"":[]}"
20170622,2017-06-22,0.8695268366175053,"{""type"":""MultiPoint"",""coordinates"":[]}"
20170623,2017-06-23,0.20245390544126798,"{""type"":""MultiPoint"",""coordinates"":[]}"
20170624,2017-06-24,0.9202486419696824,"{""type"":""MultiPoint"",""coordinates"":[]}"
20170625,2017-06-25,0.9927799931284995,"{""type"":""MultiPoint"",""coordinates"":[]}"
20170626,2017-06-26,0.4105202197251628,"{""type"":""MultiPoint"",""coordinates"":[]}"
20170627,2017-06-27,0.48474881282833626,"{""type"":""MultiPoint"",""coordinates"":[]}"
20170628,2017-06-28,0.35122705890670036,"{""type"":""MultiPoint"",""coordinates"":[]}"
20170629,2017-06-29,0.4240195459735519,"{""type"":""MultiPoint"",""coordinates"":[]}"
20170630,2017-06-30,0.8433730512131286,"{""type"":""MultiPoint"",""coordinates"":[]}"
20170701,2017-07-01,1.3137129692443288,"{""type"":""MultiPoint"",""coordinates"":[]}"
20170702,2017-07-02,1.5555367484090148,"{""type"":""MultiPoint"",""coordinates"":[]}"
20170703,2017-07-03,1.3509621889795242,"{""type"":""MultiPoint"",""coordinates"":[]}"
20170704,2017-07-04,1.162598146009629,"{""type"":""MultiPoint"",""coordinates"":[]}"
20170705,2017-07-05,1.1242873219742162,"{""type"":""MultiPoint"",""coordinates"":[]}"
20170706,2017-07-06,1.2656667210488437,"{""type"":""MultiPoint"",""coordinates"":[]}"
20170707,2017-07-07,1.3422943221128059,"{""type"":""MultiPoint"",""coordinates"":[]}"
20170708,2017-07-08,1.1898764457818893,"{""type"":""MultiPoint"",""coordinates"":[]}"
20170709,2017-07-09,1.4076092857575808,"{""type"":""MultiPoint"",""coordinates"":[]}"
20170710,2017-07-10,1.4392516553554497,"{""type"":""MultiPoint"",""coordinates"":[]}"
20170711,2017-07-11,1.757968167230447,"{""type"":""MultiPoint"",""coordinates"":[]}"
20170712,2017-07-12,1.5866219064303886,"{""type"":""MultiPoint"",""coordinates"":[]}"
20170713,2017-07-13,1.3524445331247115,"{""type"":""MultiPoint"",""coordinates"":[]}"
20170714,2017-07-14,0.562285381985673,"{""type"":""MultiPoint"",""coordinates"":[]}"
20170715,2017-07-15,0.24541007147561003,"{""type"":""MultiPoint"",""coordinates"":[]}"
20170716,2017-07-16,0.3048746890626541,"{""type"":""MultiPoint"",""coordinates"":[]}"
20170717,2017-07-17,0.39648846727678294,"{""type"":""MultiPoint"",""coordinates"":[]}"
20170718,2017-07-18,0.9225948662833733,"{""type"":""MultiPoint"",""coordinates"":[]}"
20170719,2017-07-19,1.5526883482291716,"{""type"":""MultiPoint"",""coordinates"":[]}"
20170720,2017-07-20,0.7870772048917059,"{""type"":""MultiPoint"",""coordinates"":[]}"
20170721,2017-07-21,1.090422072562346,"{""type"":""MultiPoint"",""coordinates"":[]}"
20170722,2017-07-22,1.2845968775845564,"{""type"":""MultiPoint"",""coordinates"":[]}"
20170723,2017-07-23,1.352574702822963,"{""type"":""MultiPoint"",""coordinates"":[]}"
20170724,2017-07-24,1.278951415162539,"{""type"":""MultiPoint"",""coordinates"":[]}"
20170725,2017-07-25,1.5414346447683345,"{""type"":""MultiPoint"",""coordinates"":[]}"
20170726,2017-07-26,1.753044200576776,"{""type"":""MultiPoint"",""coordinates"":[]}"
20170727,2017-07-27,1.5935229138511553,"{""type"":""MultiPoint"",""coordinates"":[]}"
20170728,2017-07-28,1.7206986983868653,"{""type"":""MultiPoint"",""coordinates"":[]}"
20170729,2017-07-29,1.6859398781099943,"{""type"":""MultiPoint"",""coordinates"":[]}"
20170730,2017-07-30,1.8219105759715126,"{""type"":""MultiPoint"",""coordinates"":[]}"
20170731,2017-07-31,1.4502822638133561,"{""type"":""MultiPoint"",""coordinates"":[]}"
20170801,2017-08-01,0.4862745779952912,"{""type"":""MultiPoint"",""coordinates"":[]}"
20170802,2017-08-02,0.21150383954536414,"{""type"":""MultiPoint"",""coordinates"":[]}"
20170803,2017-08-03,0.6731960506894826,"{""type"":""MultiPoint"",""coordinates"":[]}"
20170804,2017-08-04,1.074522918146688,"{""type"":""MultiPoint"",""coordinates"":[]}"
20170805,2017-08-05,0.963900167891673,"{""type"":""MultiPoint"",""coordinates"":[]}"
20170806,2017-08-06,0.7406847702191468,"{""type"":""MultiPoint"",""coordinates"":[]}"
20170807,2017-08-07,1.1112364248833608,"{""type"":""MultiPoint"",""coordinates"":[]}"
20170808,2017-08-08,0.529898987995839,"{""type"":""MultiPoint"",""coordinates"":[]}"
20170809,2017-08-09,0.9031653555040396,"{""type"":""MultiPoint"",""coordinates"":[]}"
20170810,2017-08-10,0.20813881187501146,"{""type"":""MultiPoint"",""coordinates"":[]}"
20170811,2017-08-11,0.6359363107081629,"{""type"":""MultiPoint"",""coordinates"":[]}"
20170812,2017-08-12,0.10983337759101498,"{""type"":""MultiPoint"",""coordinates"":[]}"
20170813,2017-08-13,0.1958502900640533,"{""type"":""MultiPoint"",""coordinates"":[]}"
20170814,2017-08-14,0.503117432795482,"{""type"":""MultiPoint"",""coordinates"":[]}"
20170815,2017-08-15,0.36521005331532347,"{""type"":""MultiPoint"",""coordinates"":[]}"
20170816,2017-08-16,0.19328170046792056,"{""type"":""MultiPoint"",""coordinates"":[]}"
20170817,2017-08-17,0.30528225810998166,"{""type"":""MultiPoint"",""coordinates"":[]}"
20170818,2017-08-18,0.14235330756997336,"{""type"":""MultiPoint"",""coordinates"":[]}"
20170819,2017-08-19,0.4664254951913298,"{""type"":""MultiPoint"",""coordinates"":[]}"
20170820,2017-08-20,0.1835230282584163,"{""type"":""MultiPoint"",""coordinates"":[]}"
20170821,2017-08-21,0.3973753226599842,"{""type"":""MultiPoint"",""coordinates"":[]}"
20170822,2017-08-22,1.3663803119786717,"{""type"":""MultiPoint"",""coordinates"":[]}"
20170823,2017-08-23,0.9196404215895316,"{""type"":""MultiPoint"",""coordinates"":[]}"
20170824,2017-08-24,0.25597175532709143,"{""type"":""MultiPoint"",""coordinates"":[]}"
20170825,2017-08-25,0.5422050963365146,"{""type"":""MultiPoint"",""coordinates"":[]}"
20170826,2017-08-26,0.43847874486004584,"{""type"":""MultiPoint"",""coordinates"":[]}"
20170827,2017-08-27,0.4573229627600896,"{""type"":""MultiPoint"",""coordinates"":[]}"
20170828,2017-08-28,0.30887931191873397,"{""type"":""MultiPoint"",""coordinates"":[]}"
20170829,2017-08-29,0.436219370209749,"{""type"":""MultiPoint"",""coordinates"":[]}"
20170830,2017-08-30,1.0847473960482992,"{""type"":""MultiPoint"",""coordinates"":[]}"
20170831,2017-08-31,1.0400152512775718,"{""type"":""MultiPoint"",""coordinates"":[]}"
20170901,2017-09-01,1.1432215554767138,"{""type"":""MultiPoint"",""coordinates"":[]}"
20170902,2017-09-02,0.6636033933851314,"{""type"":""MultiPoint"",""coordinates"":[]}"
20170903,2017-09-03,0.686090653622548,"{""type"":""MultiPoint"",""coordinates"":[]}"
20170904,2017-09-04,0.5032860603178005,"{""type"":""MultiPoint"",""coordinates"":[]}"
20170905,2017-09-05,0.18333162809387685,"{""type"":""MultiPoint"",""coordinates"":[]}"
20170906,2017-09-06,0.6893288150117444,"{""type"":""MultiPoint"",""coordinates"":[]}"
20170907,2017-09-07,0.17272675101319318,"{""type"":""MultiPoint"",""coordinates"":[]}"
20170908,2017-09-08,0.41745723576218163,"{""type"":""MultiPoint"",""coordinates"":[]}"
20170909,2017-09-09,0.2712435218688123,"{""type"":""MultiPoint"",""coordinates"":[]}"
20170910,2017-09-10,0.4789650363998324,"{""type"":""MultiPoint"",""coordinates"":[]}"
20170911,2017-09-11,0.2954654524312838,"{""type"":""MultiPoint"",""coordinates"":[]}"
20170912,2017-09-12,0.13361206613353424,"{""type"":""MultiPoint"",""coordinates"":[]}"
20170913,2017-09-13,0.5624742702678661,"{""type"":""MultiPoint"",""coordinates"":[]}"
20170914,2017-09-14,0.5689008370515982,"{""type"":""MultiPoint"",""coordinates"":[]}"
20170915,2017-09-15,0.5225628394281516,"{""type"":""MultiPoint"",""coordinates"":[]}"
20170916,2017-09-16,0.715166211719737,"{""type"":""MultiPoint"",""coordinates"":[]}"
20170917,2017-09-17,0.7983863068659989,"{""type"":""MultiPoint"",""coordinates"":[]}"
20170918,2017-09-18,0.8038812293982175,"{""type"":""MultiPoint"",""coordinates"":[]}"
20170919,2017-09-19,0.5004354733996642,"{""type"":""MultiPoint"",""coordinates"":[]}"
20170920,2017-09-20,0.18968593261459302,"{""type"":""MultiPoint"",""coordinates"":[]}"
20170921,2017-09-21,0.07230133714608362,"{""type"":""MultiPoint"",""coordinates"":[]}"
20170922,2017-09-22,0.52350752458074,"{""type"":""MultiPoint"",""coordinates"":[]}"
20170923,2017-09-23,0.3883142012951132,"{""type"":""MultiPoint"",""coordinates"":[]}"
20170924,2017-09-24,0.7534324857890561,"{""type"":""MultiPoint"",""coordinates"":[]}"
20170925,2017-09-25,1.0454143899458979,"{""type"":""MultiPoint"",""coordinates"":[]}"
20170926,2017-09-26,0.15463639210117527,"{""type"":""MultiPoint"",""coordinates"":[]}"
20170927,2017-09-27,0.23142830894238467,"{""type"":""MultiPoint"",""coordinates"":[]}"
20170928,2017-09-28,0.245212331373296,"{""type"":""MultiPoint"",""coordinates"":[]}"
20170929,2017-09-29,0.039871489807922364,"{""type"":""MultiPoint"",""coordinates"":[]}"
20170930,2017-09-30,0.10298115250947015,"{""type"":""MultiPoint"",""coordinates"":[]}"
20171001,2017-10-01,0.08108835630621054,"{""type"":""MultiPoint"",""coordinates"":[]}"
20171002,2017-10-02,0.7332616425184537,"{""type"":""MultiPoint"",""coordinates"":[]}"
20171003,2017-10-03,0.7537722322090978,"{""type"":""MultiPoint"",""coordinates"":[]}"
20171004,2017-10-04,0.1256295293330329,"{""type"":""MultiPoint"",""coordinates"":[]}"
20171005,2017-10-05,0.8348476081359733,"{""type"":""MultiPoint"",""coordinates"":[]}"
20171006,2017-10-06,0.5255587489554074,"{""type"":""MultiPoint"",""coordinates"":[]}"
20171007,2017-10-07,0.4183323196790831,"{""type"":""MultiPoint"",""coordinates"":[]}"
20171008,2017-10-08,1.0633956337801322,"{""type"":""MultiPoint"",""coordinates"":[]}"
20171009,2017-10-09,0.517540184822869,"{""type"":""MultiPoint"",""coordinates"":[]}"
20171010,2017-10-10,0.28655375800994565,"{""type"":""MultiPoint"",""coordinates"":[]}"
20171011,2017-10-11,0.13910187930779697,"{""type"":""MultiPoint"",""coordinates"":[]}"
20171012,2017-10-12,0.3357978408595247,"{""type"":""MultiPoint"",""coordinates"":[]}"
20171013,2017-10-13,0.4352333493989754,"{""type"":""MultiPoint"",""coordinates"":[]}"
20171014,2017-10-14,0.261932329555616,"{""type"":""MultiPoint"",""coordinates"":[]}"
20171015,2017-10-15,0.5349403964142373,"{""type"":""MultiPoint"",""coordinates"":[]}"
20171016,2017-10-16,0.8613692426359992,"{""type"":""MultiPoint"",""coordinates"":[]}"
20171017,2017-10-17,0.8888969042822066,"{""type"":""MultiPoint"",""coordinates"":[]}"
20171018,2017-10-18,1.2846369003067168,"{""type"":""MultiPoint"",""coordinates"":[]}"
20171019,2017-10-19,0.6776070884216978,"{""type"":""MultiPoint"",""coordinates"":[]}"
20171020,2017-10-20,0.24500080663339474,"{""type"":""MultiPoint"",""coordinates"":[]}"
20171021,2017-10-21,0.2834539931406864,"{""type"":""MultiPoint"",""coordinates"":[]}"
20171022,2017-10-22,0.44836567010838185,"{""type"":""MultiPoint"",""coordinates"":[]}"
20171023,2017-10-23,1.0196443914892999,"{""type"":""MultiPoint"",""coordinates"":[]}"
20171024,2017-10-24,0.620597111164028,"{""type"":""MultiPoint"",""coordinates"":[]}"
20171025,2017-10-25,0.2524335546322463,"{""type"":""MultiPoint"",""coordinates"":[]}"
20171026,2017-10-26,0.1051412701932043,"{""type"":""MultiPoint"",""coordinates"":[]}"
20171027,2017-10-27,0.2986284291556484,"{""type"":""MultiPoint"",""coordinates"":[]}"
20171028,2017-10-28,0.985277379949089,"{""type"":""MultiPoint"",""coordinates"":[]}"
20171029,2017-10-29,1.1049615987465498,"{""type"":""MultiPoint"",""coordinates"":[]}"
20171030,2017-10-30,0.4510727441589349,"{""type"":""MultiPoint"",""coordinates"":[]}"
20171031,2017-10-31,0.4239070635620797,"{""type"":""MultiPoint"",""coordinates"":[]}"
20171101,2017-11-01,0.7786430371835709,"{""type"":""MultiPoint"",""coordinates"":[]}"
20171102,2017-11-02,0.2347946843052757,"{""type"":""MultiPoint"",""coordinates"":[]}"
20171103,2017-11-03,0.47442785217860395,"{""type"":""MultiPoint"",""coordinates"":[]}"
20171104,2017-11-04,0.4232263478719927,"{""type"":""MultiPoint"",""coordinates"":[]}"
20171105,2017-11-05,0.6441275575007519,"{""type"":""MultiPoint"",""coordinates"":[]}"
20171106,2017-11-06,0.530906161987819,"{""type"":""MultiPoint"",""coordinates"":[]}"
20171107,2017-11-07,0.5140592552320833,"{""type"":""MultiPoint"",""coordinates"":[]}"
20171108,2017-11-08,0.6250143741189108,"{""type"":""MultiPoint"",""coordinates"":[]}"
20171109,2017-11-09,0.8513490620754603,"{""type"":""MultiPoint"",""coordinates"":[]}"
20171110,2017-11-10,0.8724931412753921,"{""type"":""MultiPoint"",""coordinates"":[]}"
20171111,2017-11-11,0.5164306667719518,"{""type"":""MultiPoint"",""coordinates"":[]}"
20171112,2017-11-12,0.2401753454778712,"{""type"":""MultiPoint"",""coordinates"":[]}"
20171113,2017-11-13,0.24001939197109529,"{""type"":""MultiPoint"",""coordinates"":[]}"
20171114,2017-11-14,0.4800725584005806,"{""type"":""MultiPoint"",""coordinates"":[]}"
20171115,2017-11-15,0.5830555798480542,"{""type"":""MultiPoint"",""coordinates"":[]}"
20171116,2017-11-16,0.8651621262244035,"{""type"":""MultiPoint"",""coordinates"":[]}"
20171117,2017-11-17,1.0895194485298103,"{""type"":""MultiPoint"",""coordinates"":[]}"
20171118,2017-11-18,1.1627497456148335,"{""type"":""MultiPoint"",""coordinates"":[]}"
20171119,2017-11-19,0.9598520672809326,"{""type"":""MultiPoint"",""coordinates"":[]}"
20171120,2017-11-20,0.9689925189714644,"{""type"":""MultiPoint"",""coordinates"":[]}"
20171121,2017-11-21,0.3960210143244973,"{""type"":""MultiPoint"",""coordinates"":[]}"
20171122,2017-11-22,0.8130045510028402,"{""type"":""MultiPoint"",""coordinates"":[]}"
20171123,2017-11-23,0.5006800418675792,"{""type"":""MultiPoint"",""coordinates"":[]}"
20171124,2017-11-24,0.7119611129401512,"{""type"":""MultiPoint"",""coordinates"":[]}"
20171125,2017-11-25,0.6758073291766755,"{""type"":""MultiPoint"",""coordinates"":[]}"
20171126,2017-11-26,0.09053269448045477,"{""type"":""MultiPoint"",""coordinates"":[]}"
20171127,2017-11-27,0.17656723631825358,"{""type"":""MultiPoint"",""coordinates"":[]}"
20171128,2017-11-28,0.19985632269439782,"{""type"":""MultiPoint"",""coordinates"":[]}"
20171129,2017-11-29,0.11772896675665098,"{""type"":""MultiPoint"",""coordinates"":[]}"
20171130,2017-11-30,0.7182104391543712,"{""type"":""MultiPoint"",""coordinates"":[]}"
20171201,2017-12-01,1.0666897195518086,"{""type"":""MultiPoint"",""coordinates"":[]}"
20171202,2017-12-02,1.1508395974168153,"{""type"":""MultiPoint"",""coordinates"":[]}"
20171203,2017-12-03,0.42009705507148587,"{""type"":""MultiPoint"",""coordinates"":[]}"
20171204,2017-12-04,0.19318364238630595,"{""type"":""MultiPoint"",""coordinates"":[]}"
20171205,2017-12-05,0.11006637631834587,"{""type"":""MultiPoint"",""coordinates"":[]}"
20171206,2017-12-06,0.23940489565848855,"{""type"":""MultiPoint"",""coordinates"":[]}"
20171207,2017-12-07,0.19018536424333668,"{""type"":""MultiPoint"",""coordinates"":[]}"
20171208,2017-12-08,0.40305773478581547,"{""type"":""MultiPoint"",""coordinates"":[]}"
20171209,2017-12-09,0.7707261879843298,"{""type"":""MultiPoint"",""coordinates"":[]}"
20171210,2017-12-10,1.0527686798117852,"{""type"":""MultiPoint"",""coordinates"":[]}"
20171211,2017-12-11,1.330130459696487,"{""type"":""MultiPoint"",""coordinates"":[]}"
20171212,2017-12-12,1.0549569637904568,"{""type"":""MultiPoint"",""coordinates"":[]}"
20171213,2017-12-13,1.0956764870821776,"{""type"":""MultiPoint"",""coordinates"":[]}"
20171214,2017-12-14,0.3672540106304695,"{""type"":""MultiPoint"",""coordinates"":[]}"
20171215,2017-12-15,0.08461368948122021,"{""type"":""MultiPoint"",""coordinates"":[]}"
20171216,2017-12-16,0.42990396444306367,"{""type"":""MultiPoint"",""coordinates"":[]}"
20171217,2017-12-17,0.2890493141192212,"{""type"":""MultiPoint"",""coordinates"":[]}"
20171218,2017-12-18,0.5008941237201713,"{""type"":""MultiPoint"",""coordinates"":[]}"
20171219,2017-12-19,0.6116980384829849,"{""type"":""MultiPoint"",""coordinates"":[]}"
20171220,2017-12-20,0.5519871330885832,"{""type"":""MultiPoint"",""coordinates"":[]}"
20171221,2017-12-21,0.44712107483189634,"{""type"":""MultiPoint"",""coordinates"":[]}"
20171222,2017-12-22,0.23653240452102484,"{""type"":""MultiPoint"",""coordinates"":[]}"
20171223,2017-12-23,0.25056237062272296,"{""type"":""MultiPoint"",""coordinates"":[]}"
20171224,2017-12-24,0.3189885124602613,"{""type"":""MultiPoint"",""coordinates"":[]}"
20171225,2017-12-25,0.7764382716850765,"{""type"":""MultiPoint"",""coordinates"":[]}"
20171226,2017-12-26,1.0384892026086108,"{""type"":""MultiPoint"",""coordinates"":[]}"
20171227,2017-12-27,0.39267472592447644,"{""type"":""MultiPoint"",""coordinates"":[]}"
20171228,2017-12-28,0.3483960113371962,"{""type"":""MultiPoint"",""coordinates"":[]}"
20171229,2017-12-29,0.691648840005985,"{""type"":""MultiPoint"",""coordinates"":[]}"
20171230,2017-12-30,0.9007641549754752,"{""type"":""MultiPoint"",""coordinates"":[]}"
20171231,2017-12-31,1.2248656712270243,"{""type"":""MultiPoint"",""coordinates"":[]}"
20180101,2018-01-01,0.3954234324818836,"{""type"":""MultiPoint"",""coordinates"":[]}"
20180102,2018-01-02,0.2649433984117751,"{""type"":""MultiPoint"",""coordinates"":[]}"
20180103,2018-01-03,0.21042008809009463,"{""type"":""MultiPoint"",""coordinates"":[]}"
20180104,2018-01-04,0.6525681138649396,"{""type"":""MultiPoint"",""coordinates"":[]}"
20180105,2018-01-05,0.7809119485784597,"{""type"":""MultiPoint"",""coordinates"":[]}"
20180106,2018-01-06,0.6613539840077726,"{""type"":""MultiPoint"",""coordinates"":[]}"
20180107,2018-01-07,0.4916521961253985,"{""type"":""MultiPoint"",""coordinates"":[]}"
20180108,2018-01-08,0.31479820782112544,"{""type"":""MultiPoint"",""coordinates"":[]}"
20180109,2018-01-09,0.7315623817345269,"{""type"":""MultiPoint"",""coordinates"":[]}"
20180110,2018-01-10,0.7237366509315707,"{""type"":""MultiPoint"",""coordinates"":[]}"
20180111,2018-01-11,0.5777497191764177,"{""type"":""MultiPoint"",""coordinates"":[]}"
20180112,2018-01-12,0.21149248635028695,"{""type"":""MultiPoint"",""coordinates"":[]}"
20180113,2018-01-13,0.5234303016710617,"{""type"":""MultiPoint"",""coordinates"":[]}"
20180114,2018-01-14,0.7441686019810776,"{""type"":""MultiPoint"",""coordinates"":[]}"
20180115,2018-01-15,0.5021539255628177,"{""type"":""MultiPoint"",""coordinates"":[]}"
20180116,2018-01-16,0.40256614781792344,"{""type"":""MultiPoint"",""coordinates"":[]}"
20180117,2018-01-17,0.7656013086289416,"{""type"":""MultiPoint"",""coordinates"":[]}"
20180118,2018-01-18,0.3329600748496529,"{""type"":""MultiPoint"",""coordinates"":[]}"
20180119,2018-01-19,0.10767803389257204,"{""type"":""MultiPoint"",""coordinates"":[]}"
20180120,2018-01-20,0.42730576557078914,"{""type"":""MultiPoint"",""coordinates"":[]}"
20180121,2018-01-21,0.4212417929725017,"{""type"":""MultiPoint"",""coordinates"":[]}"
20180122,2018-01-22,0.2681521257734529,"{""type"":""MultiPoint"",""coordinates"":[]}"
20180123,2018-01-23,0.06306764077974861,"{""type"":""MultiPoint"",""coordinates"":[]}"
20180124,2018-01-24,0.04051638538259597,"{""type"":""MultiPoint"",""coordinates"":[]}"
20180125,2018-01-25,0.16344763951684782,"{""type"":""MultiPoint"",""coordinates"":[]}"
20180126,2018-01-26,0.24717201707326267,"{""type"":""MultiPoint"",""coordinates"":[]}"
20180127,2018-01-27,0.20888063122601833,"{""type"":""MultiPoint"",""coordinates"":[]}"
20180128,2018-01-28,0.11276026996771232,"{""type"":""MultiPoint"",""coordinates"":[]}"
20180129,2018-01-29,0.08707378797901494,"{""type"":""MultiPoint"",""coordinates"":[]}"
20180130,2018-01-30,0.19822075053228314,"{""type"":""MultiPoint"",""coordinates"":[]}"
20180131,2018-01-31,0.2501368742541291,"{""type"":""MultiPoint"",""coordinates"":[]}"
20180201,2018-02-01,0.317242273457691,"{""type"":""MultiPoint"",""coordinates"":[]}"
20180202,2018-02-02,0.4344948692437183,"{""type"":""MultiPoint"",""coordinates"":[]}"
20180203,2018-02-03,0.9735541981660597,"{""type"":""MultiPoint"",""coordinates"":[]}"
20180204,2018-02-04,0.817966598308025,"{""type"":""MultiPoint"",""coordinates"":[]}"
20180205,2018-02-05,1.0127082351175003,"{""type"":""MultiPoint"",""coordinates"":[]}"
20180206,2018-02-06,1.1481086365346682,"{""type"":""MultiPoint"",""coordinates"":[]}"
20180207,2018-02-07,0.7012078356025646,"{""type"":""MultiPoint"",""coordinates"":[]}"
20180208,2018-02-08,0.7814728159041996,"{""type"":""MultiPoint"",""coordinates"":[]}"
20180209,2018-02-09,0.2932215585524235,"{""type"":""MultiPoint"",""coordinates"":[]}"
20180210,2018-02-10,0.018607932985636216,"{""type"":""MultiPoint"",""coordinates"":[]}"
20180211,2018-02-11,0.2257619429584484,"{""type"":""MultiPoint"",""coordinates"":[]}"
20180212,2018-02-12,0.19784675854565142,"{""type"":""MultiPoint"",""coordinates"":[]}"
20180213,2018-02-13,0.42031552009319456,"{""type"":""MultiPoint"",""coordinates"":[]}"
20180214,2018-02-14,0.5014349981756143,"{""type"":""MultiPoint"",""coordinates"":[]}"
20180215,2018-02-15,0.5201149049724769,"{""type"":""MultiPoint"",""coordinates"":[]}"
20180216,2018-02-16,0.3622975160050901,"{""type"":""MultiPoint"",""coordinates"":[]}"
20180217,2018-02-17,0.14047766575387127,"{""type"":""MultiPoint"",""coordinates"":[]}"
20180218,2018-02-18,0.6727847765305021,"{""type"":""MultiPoint"",""coordinates"":[]}"
20180219,2018-02-19,0.6806771273384571,"{""type"":""MultiPoint"",""coordinates"":[]}"
20180220,2018-02-20,0.7396026778027781,"{""type"":""MultiPoint"",""coordinates"":[]}"
20180221,2018-02-21,0.3077162678725752,"{""type"":""MultiPoint"",""coordinates"":[]}"
20180222,2018-02-22,0.6535877972795645,"{""type"":""MultiPoint"",""coordinates"":[]}"
20180223,2018-02-23,0.6966232139694933,"{""type"":""MultiPoint"",""coordinates"":[]}"
20180224,2018-02-24,0.6618062065415454,"{""type"":""MultiPoint"",""coordinates"":[]}"
20180225,2018-02-25,0.6474321033491951,"{""type"":""MultiPoint"",""coordinates"":[]}"
20180226,2018-02-26,0.7331629769130649,"{""type"":""MultiPoint"",""coordinates"":[]}"
20180227,2018-02-27,0.8387263992667985,"{""type"":""MultiPoint"",""coordinates"":[]}"
20180228,2018-02-28,0.9686567933420968,"{""type"":""MultiPoint"",""coordinates"":[]}"
20180301,2018-03-01,1.3367322959475663,"{""type"":""MultiPoint"",""coordinates"":[]}"
20180302,2018-03-02,0.24675329986355052,"{""type"":""MultiPoint"",""coordinates"":[]}"
20180303,2018-03-03,0.6449189652630473,"{""type"":""MultiPoint"",""coordinates"":[]}"
20180304,2018-03-04,0.45083877321250115,"{""type"":""MultiPoint"",""coordinates"":[]}"
20180305,2018-03-05,0.7076915578161128,"{""type"":""MultiPoint"",""coordinates"":[]}"
20180306,2018-03-06,0.6130455382686156,"{""type"":""MultiPoint"",""coordinates"":[]}"
20180307,2018-03-07,0.33082724246260425,"{""type"":""MultiPoint"",""coordinates"":[]}"
20180308,2018-03-08,0.15138417724609485,"{""type"":""MultiPoint"",""coordinates"":[]}"
20180309,2018-03-09,0.18355775459786552,"{""type"":""MultiPoint"",""coordinates"":[]}"
20180310,2018-03-10,0.4843076670022428,"{""type"":""MultiPoint"",""coordinates"":[]}"
20180311,2018-03-11,0.9694191085661397,"{""type"":""MultiPoint"",""coordinates"":[]}"
20180312,2018-03-12,0.46710579195692137,"{""type"":""MultiPoint"",""coordinates"":[]}"
20180313,2018-03-13,0.35918439976964067,"{""type"":""MultiPoint"",""coordinates"":[]}"
20180314,2018-03-14,0.24688100035052446,"{""type"":""MultiPoint"",""coordinates"":[]}"
20180315,2018-03-15,0.4822852188961634,"{""type"":""MultiPoint"",""coordinates"":[]}"
20180316,2018-03-16,0.22013595082160642,"{""type"":""MultiPoint"",""coordinates"":[]}"
20180317,2018-03-17,0.19166429261522674,"{""type"":""MultiPoint"",""coordinates"":[]}"
20180318,2018-03-18,0.5839872130326914,"{""type"":""MultiPoint"",""coordinates"":[]}"
20180319,2018-03-19,0.22644256277132838,"{""type"":""MultiPoint"",""coordinates"":[]}"
20180320,2018-03-20,0.32405079913684853,"{""type"":""MultiPoint"",""coordinates"":[]}"
20180321,2018-03-21,0.22396974207066236,"{""type"":""MultiPoint"",""coordinates"":[]}"
20180322,2018-03-22,0.1569039873311666,"{""type"":""MultiPoint"",""coordinates"":[]}"
20180323,2018-03-23,0.5513816477143393,"{""type"":""MultiPoint"",""coordinates"":[]}"
20180324,2018-03-24,0.42668415476314353,"{""type"":""MultiPoint"",""coordinates"":[]}"
20180325,2018-03-25,0.5785683439008111,"{""type"":""MultiPoint"",""coordinates"":[]}"
20180326,2018-03-26,0.23413888383218714,"{""type"":""MultiPoint"",""coordinates"":[]}"
20180327,2018-03-27,0.14419021174085722,"{""type"":""MultiPoint"",""coordinates"":[]}"
20180328,2018-03-28,0.13113093056928563,"{""type"":""MultiPoint"",""coordinates"":[]}"
20180329,2018-03-29,0.0353939600227225,"{""type"":""MultiPoint"",""coordinates"":[]}"
20180330,2018-03-30,0.18649519579167756,"{""type"":""MultiPoint"",""coordinates"":[]}"
20180331,2018-03-31,0.42802710199066857,"{""type"":""MultiPoint"",""coordinates"":[]}"
20180401,2018-04-01,0.6025244905444821,"{""type"":""MultiPoint"",""coordinates"":[]}"
20180402,2018-04-02,0.6273476255005596,"{""type"":""MultiPoint"",""coordinates"":[]}"
20180403,2018-04-03,0.5513355776391095,"{""type"":""MultiPoint"",""coordinates"":[]}"
20180404,2018-04-04,0.3253329076844421,"{""type"":""MultiPoint"",""coordinates"":[]}"
20180405,2018-04-05,0.5996955927027496,"{""type"":""MultiPoint"",""coordinates"":[]}"
20180406,2018-04-06,0.6819983021364255,"{""type"":""MultiPoint"",""coordinates"":[]}"
20180407,2018-04-07,0.6735282630501935,"{""type"":""MultiPoint"",""coordinates"":[]}"
20180408,2018-04-08,0.5153481910429489,"{""type"":""MultiPoint"",""coordinates"":[]}"
20180409,2018-04-09,0.1649886281121883,"{""type"":""MultiPoint"",""coordinates"":[]}"
20180410,2018-04-10,0.37498888384928586,"{""type"":""MultiPoint"",""coordinates"":[]}"
20180411,2018-04-11,0.13995741459062147,"{""type"":""MultiPoint"",""coordinates"":[]}"
20180412,2018-04-12,0.9397963695951844,"{""type"":""MultiPoint"",""coordinates"":[]}"
20180413,2018-04-13,0.7492811560877637,"{""type"":""MultiPoint"",""coordinates"":[]}"
20180414,2018-04-14,0.442987498148009,"{""type"":""MultiPoint"",""coordinates"":[]}"
20180415,2018-04-15,0.7242016023827371,"{""type"":""MultiPoint"",""coordinates"":[]}"
20180416,2018-04-16,0.34788011066854274,"{""type"":""MultiPoint"",""coordinates"":[]}"
20180417,2018-04-17,0.28756892884650453,"{""type"":""MultiPoint"",""coordinates"":[]}"
20180418,2018-04-18,0.4897951299085714,"{""type"":""MultiPoint"",""coordinates"":[]}"
20180419,2018-04-19,0.8190901360304704,"{""type"":""MultiPoint"",""coordinates"":[]}"
20180420,2018-04-20,1.3210485818730133,"{""type"":""MultiPoint"",""coordinates"":[]}"
20180421,2018-04-21,1.0477030357410038,"{""type"":""MultiPoint"",""coordinates"":[]}"
20180422,2018-04-22,0.4526587576458966,"{""type"":""MultiPoint"",""coordinates"":[]}"
20180423,2018-04-23,0.4873613357653386,"{""type"":""MultiPoint"",""coordinates"":[]}"
20180424,2018-04-24,0.06648567150969376,"{""type"":""MultiPoint"",""coordinates"":[]}"
20180425,2018-04-25,0.6330890710054043,"{""type"":""MultiPoint"",""coordinates"":[]}"
20180426,2018-04-26,0.35982561064435326,"{""type"":""MultiPoint"",""coordinates"":[]}"
20180427,2018-04-27,0.2300321452731793,"{""type"":""MultiPoint"",""coordinates"":[]}"
20180428,2018-04-28,0.19206894652835704,"{""type"":""MultiPoint"",""coordinates"":[]}"
20180429,2018-04-29,0.30737005972737896,"{""type"":""MultiPoint"",""coordinates"":[]}"
20180430,2018-04-30,1.0888166342468237,"{""type"":""MultiPoint"",""coordinates"":[]}"
20180501,2018-05-01,0.39149226916170965,"{""type"":""MultiPoint"",""coordinates"":[]}"
20180502,2018-05-02,0.8192170703976656,"{""type"":""MultiPoint"",""coordinates"":[]}"
20180503,2018-05-03,0.6290898737769641,"{""type"":""MultiPoint"",""coordinates"":[]}"
20180504,2018-05-04,0.17441296550915258,"{""type"":""MultiPoint"",""coordinates"":[]}"
20180505,2018-05-05,0.21475370631199658,"{""type"":""MultiPoint"",""coordinates"":[]}"
20180506,2018-05-06,0.06824797035157483,"{""type"":""MultiPoint"",""coordinates"":[]}"
20180507,2018-05-07,0.11764929672839998,"{""type"":""MultiPoint"",""coordinates"":[]}"
20180508,2018-05-08,0.03851795467518365,"{""type"":""MultiPoint"",""coordinates"":[]}"
20180509,2018-05-09,0.18744277050714875,"{""type"":""MultiPoint"",""coordinates"":[]}"
20180510,2018-05-10,0.16696696352094112,"{""type"":""MultiPoint"",""coordinates"":[]}"
20180511,2018-05-11,0.2977629515813593,"{""type"":""MultiPoint"",""coordinates"":[]}"
20180512,2018-05-12,0.6175503513578898,"{""type"":""MultiPoint"",""coordinates"":[]}"
20180513,2018-05-13,0.16594728274867804,"{""type"":""MultiPoint"",""coordinates"":[]}"
20180514,2018-05-14,0.3070290692188412,"{""type"":""MultiPoint"",""coordinates"":[]}"
20180515,2018-05-15,0.3306990667290848,"{""type"":""MultiPoint"",""coordinates"":[]}"
20180516,2018-05-16,0.9064315119809618,"{""type"":""MultiPoint"",""coordinates"":[]}"
20180517,2018-05-17,0.2891692149000407,"{""type"":""MultiPoint"",""coordinates"":[]}"
20180518,2018-05-18,0.21480694098604416,"{""type"":""MultiPoint"",""coordinates"":[]}"
20180519,2018-05-19,0.11028662955976155,"{""type"":""MultiPoint"",""coordinates"":[]}"
20180520,2018-05-20,0.31675984802107787,"{""type"":""MultiPoint"",""coordinates"":[]}"
20180521,2018-05-21,0.16942563361938845,"{""type"":""MultiPoint"",""coordinates"":[]}"
20180522,2018-05-22,0.06558559683909389,"{""type"":""MultiPoint"",""coordinates"":[]}"
20180523,2018-05-23,0.454382926418823,"{""type"":""MultiPoint"",""coordinates"":[]}"
20180524,2018-05-24,0.8537232947178115,"{""type"":""MultiPoint"",""coordinates"":[]}"
20180525,2018-05-25,0.9317107202702728,"{""type"":""MultiPoint"",""coordinates"":[]}"
20180526,2018-05-26,0.7930215840507913,"{""type"":""MultiPoint"",""coordinates"":[]}"
20180527,2018-05-27,0.4606231434677887,"{""type"":""MultiPoint"",""coordinates"":[]}"
20180528,2018-05-28,0.31964534632600783,"{""type"":""MultiPoint"",""coordinates"":[]}"
20180529,2018-05-29,0.4827825689654388,"{""type"":""MultiPoint"",""coordinates"":[]}"
20180530,2018-05-30,0.2928504608958154,"{""type"":""MultiPoint"",""coordinates"":[]}"
20180531,2018-05-31,0.43279094575111376,"{""type"":""MultiPoint"",""coordinates"":[]}"
20180601,2018-06-01,0.8450183317872939,"{""type"":""MultiPoint"",""coordinates"":[]}"
20180602,2018-06-02,1.0874813429356083,"{""type"":""MultiPoint"",""coordinates"":[]}"
20180603,2018-06-03,1.1128805646638877,"{""type"":""MultiPoint"",""coordinates"":[]}"
20180604,2018-06-04,1.0408977642945119,"{""type"":""MultiPoint"",""coordinates"":[]}"
20180605,2018-06-05,1.2741334307477223,"{""type"":""MultiPoint"",""coordinates"":[]}"
20180606,2018-06-06,0.9084222317922468,"{""type"":""MultiPoint"",""coordinates"":[]}"
20180607,2018-06-07,0.7665058820775545,"{""type"":""MultiPoint"",""coordinates"":[]}"
20180608,2018-06-08,1.1980549349330927,"{""type"":""MultiPoint"",""coordinates"":[]}"
20180609,2018-06-09,1.2005612284831906,"{""type"":""MultiPoint"",""coordinates"":[]}"
20180610,2018-06-10,0.8304697649389027,"{""type"":""MultiPoint"",""coordinates"":[]}"
20180611,2018-06-11,0.5763896877566411,"{""type"":""MultiPoint"",""coordinates"":[]}"
20180612,2018-06-12,0.8419472906342119,"{""type"":""MultiPoint"",""coordinates"":[]}"
20180613,2018-06-13,0.7557998151818156,"{""type"":""MultiPoint"",""coordinates"":[]}"
20180614,2018-06-14,1.3961397847125878,"{""type"":""MultiPoint"",""coordinates"":[]}"
20180615,2018-06-15,0.8295828197080789,"{""type"":""MultiPoint"",""coordinates"":[]}"
20180616,2018-06-16,1.008978787006733,"{""type"":""MultiPoint"",""coordinates"":[]}"
20180617,2018-06-17,1.5950015917988039,"{""type"":""MultiPoint"",""coordinates"":[]}"
20180618,2018-06-18,1.820683484224872,"{""type"":""MultiPoint"",""coordinates"":[]}"
20180619,2018-06-19,1.7017685852996158,"{""type"":""MultiPoint"",""coordinates"":[]}"
20180620,2018-06-20,0.9521947370773823,"{""type"":""MultiPoint"",""coordinates"":[]}"
20180621,2018-06-21,0.9887439872638951,"{""type"":""MultiPoint"",""coordinates"":[]}"
20180622,2018-06-22,0.8702364426641349,"{""type"":""MultiPoint"",""coordinates"":[]}"
20180623,2018-06-23,0.9618885341886138,"{""type"":""MultiPoint"",""coordinates"":[]}"
20180624,2018-06-24,0.7644591109990113,"{""type"":""MultiPoint"",""coordinates"":[]}"
20180625,2018-06-25,0.7277384893789178,"{""type"":""MultiPoint"",""coordinates"":[]}"
20180626,2018-06-26,0.9043679305002998,"{""type"":""MultiPoint"",""coordinates"":[]}"
20180627,2018-06-27,0.7839413099358521,"{""type"":""MultiPoint"",""coordinates"":[]}"
20180628,2018-06-28,0.7686235041717283,"{""type"":""MultiPoint"",""coordinates"":[]}"
20180629,2018-06-29,0.295222524722619,"{""type"":""MultiPoint"",""coordinates"":[]}"
20180630,2018-06-30,0.5085730471861113,"{""type"":""MultiPoint"",""coordinates"":[]}"
20180701,2018-07-01,0.7400740476863275,"{""type"":""MultiPoint"",""coordinates"":[]}"
20180702,2018-07-02,0.13079898544953497,"{""type"":""MultiPoint"",""coordinates"":[]}"
20180703,2018-07-03,0.542983479196422,"{""type"":""MultiPoint"",""coordinates"":[]}"
20180704,2018-07-04,1.5405083054430277,"{""type"":""MultiPoint"",""coordinates"":[]}"
20180705,2018-07-05,1.4772456419593665,"{""type"":""MultiPoint"",""coordinates"":[]}"
20180706,2018-07-06,1.117524817578011,"{""type"":""MultiPoint"",""coordinates"":[]}"
20180707,2018-07-07,0.9264052317510079,"{""type"":""MultiPoint"",""coordinates"":[]}"
20180708,2018-07-08,1.1215430454040975,"{""type"":""MultiPoint"",""coordinates"":[]}"
20180709,2018-07-09,1.388845856917484,"{""type"":""MultiPoint"",""coordinates"":[]}"
20180710,2018-07-10,1.394338270141036,"{""type"":""MultiPoint"",""coordinates"":[]}"
20180711,2018-07-11,1.3971337414891798,"{""type"":""MultiPoint"",""coordinates"":[]}"
20180712,2018-07-12,1.1430857495760227,"{""type"":""MultiPoint"",""coordinates"":[]}"
20180713,2018-07-13,1.5926967191911392,"{""type"":""MultiPoint"",""coordinates"":[]}"
20180714,2018-07-14,1.3229634541240742,"{""type"":""MultiPoint"",""coordinates"":[]}"
20180715,2018-07-15,1.3101047655731919,"{""type"":""MultiPoint"",""coordinates"":[]}"
20180716,2018-07-16,1.3454606427206475,"{""type"":""MultiPoint"",""coordinates"":[]}"
20180717,2018-07-17,1.0484020466209274,"{""type"":""MultiPoint"",""coordinates"":[]}"
20180718,2018-07-18,1.3014840660100782,"{""type"":""MultiPoint"",""coordinates"":[]}"
20180719,2018-07-19,0.8016263108730226,"{""type"":""MultiPoint"",""coordinates"":[]}"
20180720,2018-07-20,0.9691123353631884,"{""type"":""MultiPoint"",""coordinates"":[]}"
20180721,2018-07-21,0.6648564710372598,"{""type"":""MultiPoint"",""coordinates"":[]}"
20180722,2018-07-22,1.2483023727784681,"{""type"":""MultiPoint"",""coordinates"":[]}"
20180723,2018-07-23,0.953360945768104,"{""type"":""MultiPoint"",""coordinates"":[]}"
20180724,2018-07-24,0.7909249297606825,"{""type"":""MultiPoint"",""coordinates"":[]}"
20180725,2018-07-25,1.4916978281395752,"{""type"":""MultiPoint"",""coordinates"":[]}"
20180726,2018-07-26,1.0926984829601079,"{""type"":""MultiPoint"",""coordinates"":[]}"
20180727,2018-07-27,1.071705169128908,"{""type"":""MultiPoint"",""coordinates"":[]}"
20180728,2018-07-28,0.7930130634671626,"{""type"":""MultiPoint"",""coordinates"":[]}"
20180729,2018-07-29,0.8722065962392737,"{""type"":""MultiPoint"",""coordinates"":[]}"
20180730,2018-07-30,0.4526908211624656,"{""type"":""MultiPoint"",""coordinates"":[]}"
20180731,2018-07-31,0.8769682925233525,"{""type"":""MultiPoint"",""coordinates"":[]}"
20180801,2018-08-01,0.9962090143842688,"{""type"":""MultiPoint"",""coordinates"":[]}"
20180802,2018-08-02,0.9099308882544448,"{""type"":""MultiPoint"",""coordinates"":[]}"
20180803,2018-08-03,0.5542894589807364,"{""type"":""MultiPoint"",""coordinates"":[]}"
20180804,2018-08-04,0.7658079867002094,"{""type"":""MultiPoint"",""coordinates"":[]}"
20180805,2018-08-05,0.433189219517696,"{""type"":""MultiPoint"",""coordinates"":[]}"
20180806,2018-08-06,1.5533417691377704,"{""type"":""MultiPoint"",""coordinates"":[]}"
20180807,2018-08-07,1.642697175961835,"{""type"":""MultiPoint"",""coordinates"":[]}"
20180808,2018-08-08,1.7342494413477723,"{""type"":""MultiPoint"",""coordinates"":[]}"
20180809,2018-08-09,1.8402537719603882,"{""type"":""MultiPoint"",""coordinates"":[]}"
20180810,2018-08-10,1.9140331419144818,"{""type"":""MultiPoint"",""coordinates"":[]}"
20180811,2018-08-11,1.6556824515703978,"{""type"":""MultiPoint"",""coordinates"":[]}"
20180812,2018-08-12,1.4421975212054516,"{""type"":""MultiPoint"",""coordinates"":[]}"
20180813,2018-08-13,1.3751459839121547,"{""type"":""MultiPoint"",""coordinates"":[]}"
20180814,2018-08-14,0.2789032532727662,"{""type"":""MultiPoint"",""coordinates"":[]}"
20180815,2018-08-15,0.41808372650373116,"{""type"":""MultiPoint"",""coordinates"":[]}"
20180816,2018-08-16,0.8854297173229804,"{""type"":""MultiPoint"",""coordinates"":[]}"
20180817,2018-08-17,1.052143942703428,"{""type"":""MultiPoint"",""coordinates"":[]}"
20180818,2018-08-18,1.0856231415504232,"{""type"":""MultiPoint"",""coordinates"":[]}"
20180819,2018-08-19,0.941605954253904,"{""type"":""MultiPoint"",""coordinates"":[]}"
20180820,2018-08-20,0.733938714620191,"{""type"":""MultiPoint"",""coordinates"":[]}"
20180821,2018-08-21,1.4820968766684424,"{""type"":""MultiPoint"",""coordinates"":[]}"
20180822,2018-08-22,1.3126333225084688,"{""type"":""MultiPoint"",""coordinates"":[]}"
20180823,2018-08-23,1.0856298545505998,"{""type"":""MultiPoint"",""coordinates"":[]}"
20180824,2018-08-24,0.590805198650349,"{""type"":""MultiPoint"",""coordinates"":[]}"
20180825,2018-08-25,0.9525478941732373,"{""type"":""MultiPoint"",""coordinates"":[]}"
20180826,2018-08-26,0.9766510893370522,"{""type"":""MultiPoint"",""coordinates"":[]}"
20180827,2018-08-27,1.3372203541676078,"{""type"":""MultiPoint"",""coordinates"":[]}"
20180828,2018-08-28,1.2522827290921583,"{""type"":""MultiPoint"",""coordinates"":[]}"
20180829,2018-08-29,0.9437727418392041,"{""type"":""MultiPoint"",""coordinates"":[]}"
20180830,2018-08-30,0.5172089035129507,"{""type"":""MultiPoint"",""coordinates"":[]}"
20180831,2018-08-31,0.44852717019043387,"{""type"":""MultiPoint"",""coordinates"":[]}"
20180901,2018-09-01,0.40675911248525026,"{""type"":""MultiPoint"",""coordinates"":[]}"
20180902,2018-09-02,0.17175698440767417,"{""type"":""MultiPoint"",""coordinates"":[]}"
20180903,2018-09-03,0.5532786142598975,"{""type"":""MultiPoint"",""coordinates"":[]}"
20180904,2018-09-04,0.6041764320784773,"{""type"":""MultiPoint"",""coordinates"":[]}"
20180905,2018-09-05,0.8377864178161396,"{""type"":""MultiPoint"",""coordinates"":[]}"
20180906,2018-09-06,0.28626715485890575,"{""type"":""MultiPoint"",""coordinates"":[]}"
20180907,2018-09-07,0.5023682525439053,"{""type"":""MultiPoint"",""coordinates"":[]}"
20180908,2018-09-08,0.9632126589440244,"{""type"":""MultiPoint"",""coordinates"":[]}"
20180909,2018-09-09,0.8225951313255933,"{""type"":""MultiPoint"",""coordinates"":[]}"
20180910,2018-09-10,0.5421856962608649,"{""type"":""MultiPoint"",""coordinates"":[]}"
20180911,2018-09-11,0.52324660673701,"{""type"":""MultiPoint"",""coordinates"":[]}"
20180912,2018-09-12,0.09776297105177834,"{""type"":""MultiPoint"",""coordinates"":[]}"
20180913,2018-09-13,0.6316559991439664,"{""type"":""MultiPoint"",""coordinates"":[]}"
20180914,2018-09-14,0.5235955189286932,"{""type"":""MultiPoint"",""coordinates"":[]}"
20180915,2018-09-15,0.2801462971088187,"{""type"":""MultiPoint"",""coordinates"":[]}"
20180916,2018-09-16,0.5480834759357978,"{""type"":""MultiPoint"",""coordinates"":[]}"
20180917,2018-09-17,0.29483166246118403,"{""type"":""MultiPoint"",""coordinates"":[]}"
20180918,2018-09-18,0.2381189582256145,"{""type"":""MultiPoint"",""coordinates"":[]}"
20180919,2018-09-19,0.6344544395133535,"{""type"":""MultiPoint"",""coordinates"":[]}"
20180920,2018-09-20,0.6311689386055145,"{""type"":""MultiPoint"",""coordinates"":[]}"
20180921,2018-09-21,0.8534932215762895,"{""type"":""MultiPoint"",""coordinates"":[]}"
20180922,2018-09-22,0.6721994942138311,"{""type"":""MultiPoint"",""coordinates"":[]}"
20180923,2018-09-23,0.5165693523930307,"{""type"":""MultiPoint"",""coordinates"":[]}"
20180924,2018-09-24,0.614785744084275,"{""type"":""MultiPoint"",""coordinates"":[]}"
20180925,2018-09-25,0.6219074235142724,"{""type"":""MultiPoint"",""coordinates"":[]}"
20180926,2018-09-26,0.4684485967060005,"{""type"":""MultiPoint"",""coordinates"":[]}"
20180927,2018-09-27,0.05871256255084791,"{""type"":""MultiPoint"",""coordinates"":[]}"
20180928,2018-09-28,0.4121895747174321,"{""type"":""MultiPoint"",""coordinates"":[]}"
20180929,2018-09-29,0.24153419455953673,"{""type"":""MultiPoint"",""coordinates"":[]}"
20180930,2018-09-30,0.18794009691485322,"{""type"":""MultiPoint"",""coordinates"":[]}"
20181001,2018-10-01,0.18199021816891606,"{""type"":""MultiPoint"",""coordinates"":[]}"
20181002,2018-10-02,0.22168949774375699,"{""type"":""MultiPoint"",""coordinates"":[]}"
20181003,2018-10-03,0.1327065195595174,"{""type"":""MultiPoint"",""coordinates"":[]}"
20181004,2018-10-04,0.18126353335362258,"{""type"":""MultiPoint"",""coordinates"":[]}"
20181005,2018-10-05,0.37504984065751285,"{""type"":""MultiPoint"",""coordinates"":[]}"
20181006,2018-10-06,0.24179284248826438,"{""type"":""MultiPoint"",""coordinates"":[]}"
20181007,2018-10-07,0.3961591471640585,"{""type"":""MultiPoint"",""coordinates"":[]}"
20181008,2018-10-08,0.16108291279975848,"{""type"":""MultiPoint"",""coordinates"":[]}"
20181009,2018-10-09,0.9544404388663947,"{""type"":""MultiPoint"",""coordinates"":[]}"
20181010,2018-10-10,0.8375974072323,"{""type"":""MultiPoint"",""coordinates"":[]}"
20181011,2018-10-11,0.7427553775644489,"{""type"":""MultiPoint"",""coordinates"":[]}"
20181012,2018-10-12,0.8436641881564338,"{""type"":""MultiPoint"",""coordinates"":[]}"
20181013,2018-10-13,0.4187661991213625,"{""type"":""MultiPoint"",""coordinates"":[]}"
20181014,2018-10-14,0.6371042257760601,"{""type"":""MultiPoint"",""coordinates"":[]}"
20181015,2018-10-15,0.26218578556863203,"{""type"":""MultiPoint"",""coordinates"":[]}"
20181016,2018-10-16,0.23354466570642787,"{""type"":""MultiPoint"",""coordinates"":[]}"
20181017,2018-10-17,0.48410916519975783,"{""type"":""MultiPoint"",""coordinates"":[]}"
20181018,2018-10-18,0.7742592733597984,"{""type"":""MultiPoint"",""coordinates"":[]}"
20181019,2018-10-19,0.9741447796262583,"{""type"":""MultiPoint"",""coordinates"":[]}"
20181020,2018-10-20,0.7977983086728591,"{""type"":""MultiPoint"",""coordinates"":[]}"
20181021,2018-10-21,1.0616198390511564,"{""type"":""MultiPoint"",""coordinates"":[]}"
20181022,2018-10-22,1.1955887870007156,"{""type"":""MultiPoint"",""coordinates"":[]}"
20181023,2018-10-23,1.0726448963882118,"{""type"":""MultiPoint"",""coordinates"":[]}"
20181024,2018-10-24,0.8200278853936056,"{""type"":""MultiPoint"",""coordinates"":[]}"
20181025,2018-10-25,0.6102340069798322,"{""type"":""MultiPoint"",""coordinates"":[]}"
20181026,2018-10-26,0.5318379898067044,"{""type"":""MultiPoint"",""coordinates"":[]}"
20181027,2018-10-27,0.09198627602535438,"{""type"":""MultiPoint"",""coordinates"":[]}"
20181028,2018-10-28,0.33992281450612644,"{""type"":""MultiPoint"",""coordinates"":[]}"
20181029,2018-10-29,0.1451775115574588,"{""type"":""MultiPoint"",""coordinates"":[]}"
20181030,2018-10-30,0.2361998066356932,"{""type"":""MultiPoint"",""coordinates"":[]}"
20181031,2018-10-31,0.1374548040296746,"{""type"":""MultiPoint"",""coordinates"":[]}"
20181101,2018-11-01,0.34441272629451747,"{""type"":""MultiPoint"",""coordinates"":[]}"
20181102,2018-11-02,0.211692700496904,"{""type"":""MultiPoint"",""coordinates"":[]}"
20181103,2018-11-03,0.4702988425901073,"{""type"":""MultiPoint"",""coordinates"":[]}"
20181104,2018-11-04,0.7920662855653297,"{""type"":""MultiPoint"",""coordinates"":[]}"
20181105,2018-11-05,1.1597883544643446,"{""type"":""MultiPoint"",""coordinates"":[]}"
20181106,2018-11-06,0.9321886477910974,"{""type"":""MultiPoint"",""coordinates"":[]}"
20181107,2018-11-07,0.5020680552614749,"{""type"":""MultiPoint"",""coordinates"":[]}"
20181108,2018-11-08,0.049702300769200285,"{""type"":""MultiPoint"",""coordinates"":[]}"
20181109,2018-11-09,0.3248971253318185,"{""type"":""MultiPoint"",""coordinates"":[]}"
20181110,2018-11-10,0.547834779355154,"{""type"":""MultiPoint"",""coordinates"":[]}"
20181111,2018-11-11,0.5901943808745915,"{""type"":""MultiPoint"",""coordinates"":[]}"
20181112,2018-11-12,0.07346955419183882,"{""type"":""MultiPoint"",""coordinates"":[]}"
20181113,2018-11-13,0.5613303477353253,"{""type"":""MultiPoint"",""coordinates"":[]}"
20181114,2018-11-14,0.49325143613077804,"{""type"":""MultiPoint"",""coordinates"":[]}"
20181115,2018-11-15,0.8645665207077193,"{""type"":""MultiPoint"",""coordinates"":[]}"
20181116,2018-11-16,0.6583241416265748,"{""type"":""MultiPoint"",""coordinates"":[]}"
20181117,2018-11-17,0.5461689154356302,"{""type"":""MultiPoint"",""coordinates"":[]}"
20181118,2018-11-18,0.18543740290376556,"{""type"":""MultiPoint"",""coordinates"":[]}"
20181119,2018-11-19,0.3102337145838278,"{""type"":""MultiPoint"",""coordinates"":[]}"
20181120,2018-11-20,0.21871752937658276,"{""type"":""MultiPoint"",""coordinates"":[]}"
20181121,2018-11-21,0.21982513870969106,"{""type"":""MultiPoint"",""coordinates"":[]}"
20181122,2018-11-22,0.5374678224160979,"{""type"":""MultiPoint"",""coordinates"":[]}"
20181123,2018-11-23,0.9188742861607097,"{""type"":""MultiPoint"",""coordinates"":[]}"
20181124,2018-11-24,0.9963682483799323,"{""type"":""MultiPoint"",""coordinates"":[]}"
20181125,2018-11-25,0.31329510191309273,"{""type"":""MultiPoint"",""coordinates"":[]}"
20181126,2018-11-26,0.2957283971211353,"{""type"":""MultiPoint"",""coordinates"":[]}"
20181127,2018-11-27,0.6901305664040998,"{""type"":""MultiPoint"",""coordinates"":[]}"
20181128,2018-11-28,1.088148287434557,"{""type"":""MultiPoint"",""coordinates"":[]}"
20181129,2018-11-29,0.7134051239183609,"{""type"":""MultiPoint"",""coordinates"":[]}"
20181130,2018-11-30,0.9011391855424193,"{""type"":""MultiPoint"",""coordinates"":[]}"
20181201,2018-12-01,0.8477107900360116,"{""type"":""MultiPoint"",""coordinates"":[]}"
20181202,2018-12-02,0.9823620856637716,"{""type"":""MultiPoint"",""coordinates"":[]}"
20181203,2018-12-03,0.42946936739149727,"{""type"":""MultiPoint"",""coordinates"":[]}"
20181204,2018-12-04,0.8363643523241868,"{""type"":""MultiPoint"",""coordinates"":[]}"
20181205,2018-12-05,1.2244488610967148,"{""type"":""MultiPoint"",""coordinates"":[]}"
20181206,2018-12-06,0.6406105460478424,"{""type"":""MultiPoint"",""coordinates"":[]}"
20181207,2018-12-07,0.061500539449782905,"{""type"":""MultiPoint"",""coordinates"":[]}"
20181208,2018-12-08,0.13796573465116174,"{""type"":""MultiPoint"",""coordinates"":[]}"
20181209,2018-12-09,0.08214899504682723,"{""type"":""MultiPoint"",""coordinates"":[]}"
20181210,2018-12-10,0.2173874966326793,"{""type"":""MultiPoint"",""coordinates"":[]}"
20181211,2018-12-11,0.06442703234635383,"{""type"":""MultiPoint"",""coordinates"":[]}"
20181212,2018-12-12,0.15642588696917953,"{""type"":""MultiPoint"",""coordinates"":[]}"
20181213,2018-12-13,0.038196459664349085,"{""type"":""MultiPoint"",""coordinates"":[]}"
20181214,2018-12-14,0.2628580453064019,"{""type"":""MultiPoint"",""coordinates"":[]}"
20181215,2018-12-15,0.2506877527378273,"{""type"":""MultiPoint"",""coordinates"":[]}"
20181216,2018-12-16,0.554223849543625,"{""type"":""MultiPoint"",""coordinates"":[]}"
20181217,2018-12-17,0.337081620667179,"{""type"":""MultiPoint"",""coordinates"":[]}"
20181218,2018-12-18,0.265022825362261,"{""type"":""MultiPoint"",""coordinates"":[]}"
20181219,2018-12-19,0.24969612672735422,"{""type"":""MultiPoint"",""coordinates"":[]}"
20181220,2018-12-20,0.30022906311940156,"{""type"":""MultiPoint"",""coordinates"":[]}"
20181221,2018-12-21,0.4829391262869733,"{""type"":""MultiPoint"",""coordinates"":[]}"
20181222,2018-12-22,0.14145137876547947,"{""type"":""MultiPoint"",""coordinates"":[]}"
20181223,2018-12-23,0.23307283176305468,"{""type"":""MultiPoint"",""coordinates"":[]}"
20181224,2018-12-24,0.19999685817298385,"{""type"":""MultiPoint"",""coordinates"":[]}"
20181225,2018-12-25,0.15412551390006743,"{""type"":""MultiPoint"",""coordinates"":[]}"
20181226,2018-12-26,0.41669336431348447,"{""type"":""MultiPoint"",""coordinates"":[]}"
20181227,2018-12-27,0.5357838079770691,"{""type"":""MultiPoint"",""coordinates"":[]}"
20181228,2018-12-28,0.5493202909784108,"{""type"":""MultiPoint"",""coordinates"":[]}"
20181229,2018-12-29,0.41111450365861507,"{""type"":""MultiPoint"",""coordinates"":[]}"
20181230,2018-12-30,0.29925336775264777,"{""type"":""MultiPoint"",""coordinates"":[]}"
20181231,2018-12-31,0.14702825660486557,"{""type"":""MultiPoint"",""coordinates"":[]}"
20190101,2019-01-01,1.18154209807585,"{""type"":""MultiPoint"",""coordinates"":[]}"
20190102,2019-01-02,1.379484387566586,"{""type"":""MultiPoint"",""coordinates"":[]}"
20190103,2019-01-03,1.1073499594733767,"{""type"":""MultiPoint"",""coordinates"":[]}"
20190104,2019-01-04,0.34299121704814,"{""type"":""MultiPoint"",""coordinates"":[]}"
20190105,2019-01-05,0.6400479293827261,"{""type"":""MultiPoint"",""coordinates"":[]}"
20190106,2019-01-06,0.301901343134102,"{""type"":""MultiPoint"",""coordinates"":[]}"
20190107,2019-01-07,0.9573135012248772,"{""type"":""MultiPoint"",""coordinates"":[]}"
20190108,2019-01-08,0.9153757586380388,"{""type"":""MultiPoint"",""coordinates"":[]}"
20190109,2019-01-09,1.102469795604264,"{""type"":""MultiPoint"",""coordinates"":[]}"
20190110,2019-01-10,1.538231073710635,"{""type"":""MultiPoint"",""coordinates"":[]}"
20190111,2019-01-11,1.1297174947029087,"{""type"":""MultiPoint"",""coordinates"":[]}"
20190112,2019-01-12,0.7053054776332155,"{""type"":""MultiPoint"",""coordinates"":[]}"
20190113,2019-01-13,0.3847120935230748,"{""type"":""MultiPoint"",""coordinates"":[]}"
20190114,2019-01-14,0.1365992720189389,"{""type"":""MultiPoint"",""coordinates"":[]}"
20190115,2019-01-15,0.15704040330016802,"{""type"":""MultiPoint"",""coordinates"":[]}"
20190116,2019-01-16,0.043996352497184574,"{""type"":""MultiPoint"",""coordinates"":[]}"
20190117,2019-01-17,0.25220683946419065,"{""type"":""MultiPoint"",""coordinates"":[]}"
20190118,2019-01-18,0.14167384415533574,"{""type"":""MultiPoint"",""coordinates"":[]}"
20190119,2019-01-19,0.13667896454414055,"{""type"":""MultiPoint"",""coordinates"":[]}"
20190120,2019-01-20,0.3269315644000498,"{""type"":""MultiPoint"",""coordinates"":[]}"
20190121,2019-01-21,0.4985953810354469,"{""type"":""MultiPoint"",""coordinates"":[]}"
20190122,2019-01-22,0.2535839551648848,"{""type"":""MultiPoint"",""coordinates"":[]}"
20190123,2019-01-23,0.9736424866423454,"{""type"":""MultiPoint"",""coordinates"":[]}"
20190124,2019-01-24,0.9087110537446347,"{""type"":""MultiPoint"",""coordinates"":[]}"
20190125,2019-01-25,0.27600282578034785,"{""type"":""MultiPoint"",""coordinates"":[]}"
20190126,2019-01-26,0.29025979722506684,"{""type"":""MultiPoint"",""coordinates"":[]}"
20190127,2019-01-27,0.029506399218747602,"{""type"":""MultiPoint"",""coordinates"":[]}"
20190128,2019-01-28,0.9123916077298186,"{""type"":""MultiPoint"",""coordinates"":[]}"
20190129,2019-01-29,0.38917540952642965,"{""type"":""MultiPoint"",""coordinates"":[]}"
20190130,2019-01-30,0.4902130543424823,"{""type"":""MultiPoint"",""coordinates"":[]}"
20190131,2019-01-31,0.5805633900699526,"{""type"":""MultiPoint"",""coordinates"":[]}"
20190201,2019-02-01,0.19522834567762468,"{""type"":""MultiPoint"",""coordinates"":[]}"
20190202,2019-02-02,0.38170190444857255,"{""type"":""MultiPoint"",""coordinates"":[]}"
20190203,2019-02-03,0.1973602209447917,"{""type"":""MultiPoint"",""coordinates"":[]}"
20190204,2019-02-04,0.29691807178377516,"{""type"":""MultiPoint"",""coordinates"":[]}"
20190205,2019-02-05,0.22956691806651613,"{""type"":""MultiPoint"",""coordinates"":[]}"
20190206,2019-02-06,0.0679927767807717,"{""type"":""MultiPoint"",""coordinates"":[]}"
20190207,2019-02-07,0.1619069257251951,"{""type"":""MultiPoint"",""coordinates"":[]}"
20190208,2019-02-08,0.1548405040493115,"{""type"":""MultiPoint"",""coordinates"":[]}"
20190209,2019-02-09,0.4244970155563796,"{""type"":""MultiPoint"",""coordinates"":[]}"
20190210,2019-02-10,0.2649166708214158,"{""type"":""MultiPoint"",""coordinates"":[]}"
20190211,2019-02-11,0.299737061132915,"{""type"":""MultiPoint"",""coordinates"":[]}"
20190212,2019-02-12,0.19435426688699745,"{""type"":""MultiPoint"",""coordinates"":[]}"
20190213,2019-02-13,0.2857025492880612,"{""type"":""MultiPoint"",""coordinates"":[]}"
20190214,2019-02-14,0.4205376885468237,"{""type"":""MultiPoint"",""coordinates"":[]}"
20190215,2019-02-15,0.2992111913731099,"{""type"":""MultiPoint"",""coordinates"":[]}"
20190216,2019-02-16,0.1370639724878782,"{""type"":""MultiPoint"",""coordinates"":[]}"
20190217,2019-02-17,0.3070075075498361,"{""type"":""MultiPoint"",""coordinates"":[]}"
20190218,2019-02-18,0.270106750235552,"{""type"":""MultiPoint"",""coordinates"":[]}"
20190219,2019-02-19,0.12035082751350759,"{""type"":""MultiPoint"",""coordinates"":[]}"
20190220,2019-02-20,0.15118149884097273,"{""type"":""MultiPoint"",""coordinates"":[]}"
20190221,2019-02-21,0.3271622017832609,"{""type"":""MultiPoint"",""coordinates"":[]}"
20190222,2019-02-22,0.5840913842412692,"{""type"":""MultiPoint"",""coordinates"":[]}"
20190223,2019-02-23,0.06992011337711933,"{""type"":""MultiPoint"",""coordinates"":[]}"
20190224,2019-02-24,0.5312363139503087,"{""type"":""MultiPoint"",""coordinates"":[]}"
20190225,2019-02-25,0.3307428559366607,"{""type"":""MultiPoint"",""coordinates"":[]}"
20190226,2019-02-26,0.12492693840067347,"{""type"":""MultiPoint"",""coordinates"":[]}"
20190227,2019-02-27,0.3862056791700463,"{""type"":""MultiPoint"",""coordinates"":[]}"
20190228,2019-02-28,0.41388947822860805,"{""type"":""MultiPoint"",""coordinates"":[]}"
20190301,2019-03-01,0.3745588250470631,"{""type"":""MultiPoint"",""coordinates"":[]}"
20190302,2019-03-02,0.19786820868352323,"{""type"":""MultiPoint"",""coordinates"":[]}"
20190303,2019-03-03,0.03656793722031622,"{""type"":""MultiPoint"",""coordinates"":[]}"
20190304,2019-03-04,0.20310497410002384,"{""type"":""MultiPoint"",""coordinates"":[]}"
20190305,2019-03-05,0.3585192437832597,"{""type"":""MultiPoint"",""coordinates"":[]}"
20190306,2019-03-06,0.2751492042764445,"{""type"":""MultiPoint"",""coordinates"":[]}"
20190307,2019-03-07,0.2177919719266313,"{""type"":""MultiPoint"",""coordinates"":[]}"
20190308,2019-03-08,0.14752575575760649,"{""type"":""MultiPoint"",""coordinates"":[]}"
20190309,2019-03-09,0.27616114652473683,"{""type"":""MultiPoint"",""coordinates"":[]}"
20190310,2019-03-10,0.2927191569073425,"{""type"":""MultiPoint"",""coordinates"":[]}"
20190311,2019-03-11,0.35717660277051594,"{""type"":""MultiPoint"",""coordinates"":[]}"
20190312,2019-03-12,0.352147813517386,"{""type"":""MultiPoint"",""coordinates"":[]}"
20190313,2019-03-13,0.18667294004917476,"{""type"":""MultiPoint"",""coordinates"":[]}"
20190314,2019-03-14,0.061534999985241756,"{""type"":""MultiPoint"",""coordinates"":[]}"
20190315,2019-03-15,0.18369174386784906,"{""type"":""MultiPoint"",""coordinates"":[]}"
20190316,2019-03-16,0.08900536457725619,"{""type"":""MultiPoint"",""coordinates"":[]}"
20190317,2019-03-17,0.20521488628014106,"{""type"":""MultiPoint"",""coordinates"":[]}"
20190318,2019-03-18,0.08301260952545791,"{""type"":""MultiPoint"",""coordinates"":[]}"
20190319,2019-03-19,0.22982071977834664,"{""type"":""MultiPoint"",""coordinates"":[]}"
20190320,2019-03-20,0.3196816093308207,"{""type"":""MultiPoint"",""coordinates"":[]}"
20190321,2019-03-21,0.45659327800433563,"{""type"":""MultiPoint"",""coordinates"":[]}"
20190322,2019-03-22,0.14404564580888235,"{""type"":""MultiPoint"",""coordinates"":[]}"
20190323,2019-03-23,0.43613959314862105,"{""type"":""MultiPoint"",""coordinates"":[]}"
20190324,2019-03-24,0.11978237091203867,"{""type"":""MultiPoint"",""coordinates"":[]}"
20190325,2019-03-25,0.3656684254344914,"{""type"":""MultiPoint"",""coordinates"":[]}"
20190326,2019-03-26,0.2111457997574595,"{""type"":""MultiPoint"",""coordinates"":[]}"
20190327,2019-03-27,0.24298473950521995,"{""type"":""MultiPoint"",""coordinates"":[]}"
20190328,2019-03-28,0.10266625476644717,"{""type"":""MultiPoint"",""coordinates"":[]}"
20190329,2019-03-29,0.460844340761761,"{""type"":""MultiPoint"",""coordinates"":[]}"
20190330,2019-03-30,0.23918971942272824,"{""type"":""MultiPoint"",""coordinates"":[]}"
20190331,2019-03-31,0.4131558513963774,"{""type"":""MultiPoint"",""coordinates"":[]}"
20190401,2019-04-01,0.5030012622810639,"{""type"":""MultiPoint"",""coordinates"":[]}"
20190402,2019-04-02,0.5160252929463888,"{""type"":""MultiPoint"",""coordinates"":[]}"
20190403,2019-04-03,0.18665083668447507,"{""type"":""MultiPoint"",""coordinates"":[]}"
20190404,2019-04-04,1.020700975945088,"{""type"":""MultiPoint"",""coordinates"":[]}"
20190405,2019-04-05,0.9949193749648523,"{""type"":""MultiPoint"",""coordinates"":[]}"
20190406,2019-04-06,0.6643668564897602,"{""type"":""MultiPoint"",""coordinates"":[]}"
20190407,2019-04-07,0.2079633106094065,"{""type"":""MultiPoint"",""coordinates"":[]}"
20190408,2019-04-08,0.424115737610514,"{""type"":""MultiPoint"",""coordinates"":[]}"
20190409,2019-04-09,0.4773624643388574,"{""type"":""MultiPoint"",""coordinates"":[]}"
20190410,2019-04-10,0.4522408811060567,"{""type"":""MultiPoint"",""coordinates"":[]}"
20190411,2019-04-11,0.6777838574594041,"{""type"":""MultiPoint"",""coordinates"":[]}"
20190412,2019-04-12,0.4474550268246282,"{""type"":""MultiPoint"",""coordinates"":[]}"
20190413,2019-04-13,0.5433319511258826,"{""type"":""MultiPoint"",""coordinates"":[]}"
20190414,2019-04-14,0.3258528128364609,"{""type"":""MultiPoint"",""coordinates"":[]}"
20190415,2019-04-15,0.6159559568600795,"{""type"":""MultiPoint"",""coordinates"":[]}"
20190416,2019-04-16,0.6587169402846363,"{""type"":""MultiPoint"",""coordinates"":[]}"
20190417,2019-04-17,0.1722032570783974,"{""type"":""MultiPoint"",""coordinates"":[]}"
20190418,2019-04-18,0.12882267421913565,"{""type"":""MultiPoint"",""coordinates"":[]}"
20190419,2019-04-19,0.05225794363831042,"{""type"":""MultiPoint"",""coordinates"":[]}"
20190420,2019-04-20,0.2938303913816199,"{""type"":""MultiPoint"",""coordinates"":[]}"
20190421,2019-04-21,0.2896089807746059,"{""type"":""MultiPoint"",""coordinates"":[]}"
20190422,2019-04-22,0.35429305906810293,"{""type"":""MultiPoint"",""coordinates"":[]}"
20190423,2019-04-23,0.4424079233718176,"{""type"":""MultiPoint"",""coordinates"":[]}"
20190424,2019-04-24,0.3328173929702235,"{""type"":""MultiPoint"",""coordinates"":[]}"
20190425,2019-04-25,0.2454085260706334,"{""type"":""MultiPoint"",""coordinates"":[]}"
20190426,2019-04-26,0.26058265558664545,"{""type"":""MultiPoint"",""coordinates"":[]}"
20190427,2019-04-27,0.6488026252540915,"{""type"":""MultiPoint"",""coordinates"":[]}"
20190428,2019-04-28,0.5208885282707336,"{""type"":""MultiPoint"",""coordinates"":[]}"
20190429,2019-04-29,1.1155548750313495,"{""type"":""MultiPoint"",""coordinates"":[]}"
20190430,2019-04-30,0.9616523438265325,"{""type"":""MultiPoint"",""coordinates"":[]}"
20190501,2019-05-01,0.3811005413617986,"{""type"":""MultiPoint"",""coordinates"":[]}"
20190502,2019-05-02,0.8148316400711089,"{""type"":""MultiPoint"",""coordinates"":[]}"
20190503,2019-05-03,1.1564807532241326,"{""type"":""MultiPoint"",""coordinates"":[]}"
20190504,2019-05-04,0.2545333186113656,"{""type"":""MultiPoint"",""coordinates"":[]}"
20190505,2019-05-05,1.0410984796444709,"{""type"":""MultiPoint"",""coordinates"":[]}"
20190506,2019-05-06,1.1632302733210038,"{""type"":""MultiPoint"",""coordinates"":[]}"
20190507,2019-05-07,0.9196245299853928,"{""type"":""MultiPoint"",""coordinates"":[]}"
20190508,2019-05-08,0.29608257405822264,"{""type"":""MultiPoint"",""coordinates"":[]}"
20190509,2019-05-09,0.6720920926747943,"{""type"":""MultiPoint"",""coordinates"":[]}"
20190510,2019-05-10,0.23017156154225035,"{""type"":""MultiPoint"",""coordinates"":[]}"
20190511,2019-05-11,0.2790704888125653,"{""type"":""MultiPoint"",""coordinates"":[]}"
20190512,2019-05-12,0.26068801108592954,"{""type"":""MultiPoint"",""coordinates"":[]}"
20190513,2019-05-13,0.978722350944227,"{""type"":""MultiPoint"",""coordinates"":[]}"
20190514,2019-05-14,1.0557797815609893,"{""type"":""MultiPoint"",""coordinates"":[]}"
20190515,2019-05-15,1.116740854622819,"{""type"":""MultiPoint"",""coordinates"":[]}"
20190516,2019-05-16,0.620640284927024,"{""type"":""MultiPoint"",""coordinates"":[]}"
20190517,2019-05-17,0.2690693003991298,"{""type"":""MultiPoint"",""coordinates"":[]}"
20190518,2019-05-18,0.2338076729942947,"{""type"":""MultiPoint"",""coordinates"":[]}"
20190519,2019-05-19,0.43195855425595375,"{""type"":""MultiPoint"",""coordinates"":[]}"
20190520,2019-05-20,0.48235434055663917,"{""type"":""MultiPoint"",""coordinates"":[]}"
20190521,2019-05-21,0.30491523741082316,"{""type"":""MultiPoint"",""coordinates"":[]}"
20190522,2019-05-22,0.5311286378927886,"{""type"":""MultiPoint"",""coordinates"":[]}"
20190523,2019-05-23,0.1068303343032577,"{""type"":""MultiPoint"",""coordinates"":[]}"
20190524,2019-05-24,0.5719084958019699,"{""type"":""MultiPoint"",""coordinates"":[]}"
20190525,2019-05-25,0.45436930848337087,"{""type"":""MultiPoint"",""coordinates"":[]}"
20190526,2019-05-26,0.667243113898334,"{""type"":""MultiPoint"",""coordinates"":[]}"
20190527,2019-05-27,0.25233280740312486,"{""type"":""MultiPoint"",""coordinates"":[]}"
20190528,2019-05-28,0.4366697721740171,"{""type"":""MultiPoint"",""coordinates"":[]}"
20190529,2019-05-29,0.09427957883600627,"{""type"":""MultiPoint"",""coordinates"":[]}"
20190530,2019-05-30,0.3007034469596701,"{""type"":""MultiPoint"",""coordinates"":[]}"
20190531,2019-05-31,0.1577543309993982,"{""type"":""MultiPoint"",""coordinates"":[]}"
20190601,2019-06-01,0.36322041823200435,"{""type"":""MultiPoint"",""coordinates"":[]}"
20190602,2019-06-02,0.25353216329251066,"{""type"":""MultiPoint"",""coordinates"":[]}"
20190603,2019-06-03,1.0354614872219872,"{""type"":""MultiPoint"",""coordinates"":[]}"
20190604,2019-06-04,1.0701969041033375,"{""type"":""MultiPoint"",""coordinates"":[]}"
20190605,2019-06-05,1.5325998295521532,"{""type"":""MultiPoint"",""coordinates"":[]}"
20190606,2019-06-06,0.783686226910987,"{""type"":""MultiPoint"",""coordinates"":[]}"
20190607,2019-06-07,0.19552955383399798,"{""type"":""MultiPoint"",""coordinates"":[]}"
20190608,2019-06-08,0.4266717748891164,"{""type"":""MultiPoint"",""coordinates"":[]}"
20190609,2019-06-09,1.037435420735799,"{""type"":""MultiPoint"",""coordinates"":[]}"
20190610,2019-06-10,0.900713682137655,"{""type"":""MultiPoint"",""coordinates"":[]}"
20190611,2019-06-11,0.959243434538633,"{""type"":""MultiPoint"",""coordinates"":[]}"
20190612,2019-06-12,0.6395335846452846,"{""type"":""MultiPoint"",""coordinates"":[]}"
20190613,2019-06-13,0.5483843339138916,"{""type"":""MultiPoint"",""coordinates"":[]}"
20190614,2019-06-14,0.8189611233157604,"{""type"":""MultiPoint"",""coordinates"":[]}"
20190615,2019-06-15,0.1458063564024871,"{""type"":""MultiPoint"",""coordinates"":[]}"
20190616,2019-06-16,0.9617882984500077,"{""type"":""MultiPoint"",""coordinates"":[]}"
20190617,2019-06-17,1.741823452186972,"{""type"":""MultiPoint"",""coordinates"":[]}"
20190618,2019-06-18,1.9607511564149542,"{""type"":""MultiPoint"",""coordinates"":[]}"
20190619,2019-06-19,1.6320330553939377,"{""type"":""MultiPoint"",""coordinates"":[]}"
20190620,2019-06-20,1.6287021374838615,"{""type"":""MultiPoint"",""coordinates"":[]}"
20190621,2019-06-21,1.8074797945947332,"{""type"":""MultiPoint"",""coordinates"":[]}"
20190622,2019-06-22,1.6529770369815417,"{""type"":""MultiPoint"",""coordinates"":[]}"
20190623,2019-06-23,1.462243148939072,"{""type"":""MultiPoint"",""coordinates"":[]}"
20190624,2019-06-24,0.9881766899716553,"{""type"":""MultiPoint"",""coordinates"":[]}"
20190625,2019-06-25,0.38712862297293726,"{""type"":""MultiPoint"",""coordinates"":[]}"
20190626,2019-06-26,0.9895219104236035,"{""type"":""MultiPoint"",""coordinates"":[]}"
20190627,2019-06-27,0.8879673316152606,"{""type"":""MultiPoint"",""coordinates"":[]}"
20190628,2019-06-28,1.2020643154880426,"{""type"":""MultiPoint"",""coordinates"":[]}"
20190629,2019-06-29,1.112954245627899,"{""type"":""MultiPoint"",""coordinates"":[]}"
20190630,2019-06-30,1.2689799642648754,"{""type"":""MultiPoint"",""coordinates"":[]}"
20190701,2019-07-01,0.9620072516352927,"{""type"":""MultiPoint"",""coordinates"":[]}"
20190702,2019-07-02,0.931476319214945,"{""type"":""MultiPoint"",""coordinates"":[]}"
20190703,2019-07-03,0.4201627709416531,"{""type"":""MultiPoint"",""coordinates"":[]}"
20190704,2019-07-04,0.5858521232986571,"{""type"":""MultiPoint"",""coordinates"":[]}"
20190705,2019-07-05,0.8787130297130078,"{""type"":""MultiPoint"",""coordinates"":[]}"
20190706,2019-07-06,1.706635388895282,"{""type"":""MultiPoint"",""coordinates"":[]}"
20190707,2019-07-07,1.6941735786684644,"{""type"":""MultiPoint"",""coordinates"":[]}"
20190708,2019-07-08,1.4104279257903078,"{""type"":""MultiPoint"",""coordinates"":[]}"
20190709,2019-07-09,1.0503849171055097,"{""type"":""MultiPoint"",""coordinates"":[]}"
20190710,2019-07-10,1.3470476336695891,"{""type"":""MultiPoint"",""coordinates"":[]}"
20190711,2019-07-11,0.9600956578721093,"{""type"":""MultiPoint"",""coordinates"":[]}"
20190712,2019-07-12,0.83671575868991,"{""type"":""MultiPoint"",""coordinates"":[]}"
20190713,2019-07-13,0.9520530954135513,"{""type"":""MultiPoint"",""coordinates"":[]}"
20190714,2019-07-14,1.1628962348112037,"{""type"":""MultiPoint"",""coordinates"":[]}"
20190715,2019-07-15,1.1032567831653977,"{""type"":""MultiPoint"",""coordinates"":[]}"
20190716,2019-07-16,0.8699355935476878,"{""type"":""MultiPoint"",""coordinates"":[]}"
20190717,2019-07-17,1.467470972639091,"{""type"":""MultiPoint"",""coordinates"":[]}"
20190718,2019-07-18,1.3991354455142948,"{""type"":""MultiPoint"",""coordinates"":[]}"
20190719,2019-07-19,1.3822774791048422,"{""type"":""MultiPoint"",""coordinates"":[]}"
20190720,2019-07-20,1.546574410793447,"{""type"":""MultiPoint"",""coordinates"":[]}"
20190721,2019-07-21,1.5913831687133113,"{""type"":""MultiPoint"",""coordinates"":[]}"
20190722,2019-07-22,1.018126254281999,"{""type"":""MultiPoint"",""coordinates"":[]}"
20190723,2019-07-23,0.6616864727613636,"{""type"":""MultiPoint"",""coordinates"":[]}"
20190724,2019-07-24,0.7991187595870779,"{""type"":""MultiPoint"",""coordinates"":[]}"
20190725,2019-07-25,0.4042484624280219,"{""type"":""MultiPoint"",""coordinates"":[]}"
20190726,2019-07-26,1.3223300616802953,"{""type"":""MultiPoint"",""coordinates"":[]}"
20190727,2019-07-27,1.1792262720804025,"{""type"":""MultiPoint"",""coordinates"":[]}"
20190728,2019-07-28,1.5593866956759104,"{""type"":""MultiPoint"",""coordinates"":[]}"
20190729,2019-07-29,1.4463811071879036,"{""type"":""MultiPoint"",""coordinates"":[]}"
20190730,2019-07-30,1.091013829759985,"{""type"":""MultiPoint"",""coordinates"":[]}"
20190731,2019-07-31,1.5269470977644268,"{""type"":""MultiPoint"",""coordinates"":[]}"
20190801,2019-08-01,1.1584961700476288,"{""type"":""MultiPoint"",""coordinates"":[]}"
20190802,2019-08-02,0.5665824113506118,"{""type"":""MultiPoint"",""coordinates"":[]}"
20190803,2019-08-03,1.042058170079555,"{""type"":""MultiPoint"",""coordinates"":[]}"
20190804,2019-08-04,1.5814073655004375,"{""type"":""MultiPoint"",""coordinates"":[]}"
20190805,2019-08-05,1.8975726283277543,"{""type"":""MultiPoint"",""coordinates"":[]}"
20190806,2019-08-06,2.0214611777864313,"{""type"":""MultiPoint"",""coordinates"":[]}"
20190807,2019-08-07,1.533008489915003,"{""type"":""MultiPoint"",""coordinates"":[]}"
20190808,2019-08-08,0.8386572096814298,"{""type"":""MultiPoint"",""coordinates"":[]}"
20190809,2019-08-09,1.3610539637207424,"{""type"":""MultiPoint"",""coordinates"":[]}"
20190810,2019-08-10,1.1674139069242473,"{""type"":""MultiPoint"",""coordinates"":[]}"
20190811,2019-08-11,1.6570682221367559,"{""type"":""MultiPoint"",""coordinates"":[]}"
20190812,2019-08-12,1.6312702204305818,"{""type"":""MultiPoint"",""coordinates"":[]}"
20190813,2019-08-13,1.5487055434560841,"{""type"":""MultiPoint"",""coordinates"":[]}"
20190814,2019-08-14,1.8550619714378234,"{""type"":""MultiPoint"",""coordinates"":[]}"
20190815,2019-08-15,2.1093103840152008,"{""type"":""MultiPoint"",""coordinates"":[]}"
20190816,2019-08-16,0.7916101984907891,"{""type"":""MultiPoint"",""coordinates"":[]}"
20190817,2019-08-17,0.9761696815203713,"{""type"":""MultiPoint"",""coordinates"":[]}"
20190818,2019-08-18,0.7946818689919075,"{""type"":""MultiPoint"",""coordinates"":[]}"
20190819,2019-08-19,1.3424035228222049,"{""type"":""MultiPoint"",""coordinates"":[]}"
20190820,2019-08-20,1.0233275594004243,"{""type"":""MultiPoint"",""coordinates"":[]}"
20190821,2019-08-21,1.1736545348472218,"{""type"":""MultiPoint"",""coordinates"":[]}"
20190822,2019-08-22,0.966168797263745,"{""type"":""MultiPoint"",""coordinates"":[]}"
20190823,2019-08-23,1.254179251142511,"{""type"":""MultiPoint"",""coordinates"":[]}"
20190824,2019-08-24,1.8545752287877697,"{""type"":""MultiPoint"",""coordinates"":[]}"
20190825,2019-08-25,1.2491927905171325,"{""type"":""MultiPoint"",""coordinates"":[]}"
20190826,2019-08-26,0.991843940046042,"{""type"":""MultiPoint"",""coordinates"":[]}"
20190827,2019-08-27,1.4968982213733015,"{""type"":""MultiPoint"",""coordinates"":[]}"
20190828,2019-08-28,1.7331804858463178,"{""type"":""MultiPoint"",""coordinates"":[]}"
20190829,2019-08-29,1.6233904221361173,"{""type"":""MultiPoint"",""coordinates"":[]}"
20190830,2019-08-30,0.8869108798497977,"{""type"":""MultiPoint"",""coordinates"":[]}"
20190831,2019-08-31,0.47765902412830663,"{""type"":""MultiPoint"",""coordinates"":[]}"
20190901,2019-09-01,0.7515169178866465,"{""type"":""MultiPoint"",""coordinates"":[]}"
20190902,2019-09-02,0.5685627951067375,"{""type"":""MultiPoint"",""coordinates"":[]}"
20190903,2019-09-03,0.5870545993908842,"{""type"":""MultiPoint"",""coordinates"":[]}"
20190904,2019-09-04,0.8711537094043812,"{""type"":""MultiPoint"",""coordinates"":[]}"
20190905,2019-09-05,0.9071399136320882,"{""type"":""MultiPoint"",""coordinates"":[]}"
20190906,2019-09-06,1.0143814637737594,"{""type"":""MultiPoint"",""coordinates"":[]}"
20190907,2019-09-07,0.9065174365140195,"{""type"":""MultiPoint"",""coordinates"":[]}"
20190908,2019-09-08,0.9958719905507103,"{""type"":""MultiPoint"",""coordinates"":[]}"
20190909,2019-09-09,1.0228223974566644,"{""type"":""MultiPoint"",""coordinates"":[]}"
20190910,2019-09-10,0.5098533433586249,"{""type"":""MultiPoint"",""coordinates"":[]}"
20190911,2019-09-11,0.5078746741058494,"{""type"":""MultiPoint"",""coordinates"":[]}"
20190912,2019-09-12,0.5744776554549195,"{""type"":""MultiPoint"",""coordinates"":[]}"
20190913,2019-09-13,0.8020371765383812,"{""type"":""MultiPoint"",""coordinates"":[]}"
20190914,2019-09-14,1.0762101183653303,"{""type"":""MultiPoint"",""coordinates"":[]}"
20190915,2019-09-15,1.0406614180573972,"{""type"":""MultiPoint"",""coordinates"":[]}"
20190916,2019-09-16,0.3916379586362146,"{""type"":""MultiPoint"",""coordinates"":[]}"
20190917,2019-09-17,0.24188513956317315,"{""type"":""MultiPoint"",""coordinates"":[]}"
20190918,2019-09-18,0.4155638520843241,"{""type"":""MultiPoint"",""coordinates"":[]}"
20190919,2019-09-19,0.6800878533734503,"{""type"":""MultiPoint"",""coordinates"":[]}"
20190920,2019-09-20,0.5201733333798244,"{""type"":""MultiPoint"",""coordinates"":[]}"
20190921,2019-09-21,0.12651376416152507,"{""type"":""MultiPoint"",""coordinates"":[]}"
20190922,2019-09-22,0.22199591258141924,"{""type"":""MultiPoint"",""coordinates"":[]}"
20190923,2019-09-23,0.35470531417069473,"{""type"":""MultiPoint"",""coordinates"":[]}"
20190924,2019-09-24,0.2820744893761617,"{""type"":""MultiPoint"",""coordinates"":[]}"
20190925,2019-09-25,0.8136442510055176,"{""type"":""MultiPoint"",""coordinates"":[]}"
20190926,2019-09-26,0.24691594499581504,"{""type"":""MultiPoint"",""coordinates"":[]}"
20190927,2019-09-27,0.2818109805308772,"{""type"":""MultiPoint"",""coordinates"":[]}"
20190928,2019-09-28,0.08664636150753936,"{""type"":""MultiPoint"",""coordinates"":[]}"
20190929,2019-09-29,0.19904775156948332,"{""type"":""MultiPoint"",""coordinates"":[]}"
20190930,2019-09-30,0.2827477493073496,"{""type"":""MultiPoint"",""coordinates"":[]}"
20191001,2019-10-01,0.38905178365703746,"{""type"":""MultiPoint"",""coordinates"":[]}"
20191002,2019-10-02,0.6309872535132324,"{""type"":""MultiPoint"",""coordinates"":[]}"
20191003,2019-10-03,0.2593124736576194,"{""type"":""MultiPoint"",""coordinates"":[]}"
20191004,2019-10-04,0.64184427613212,"{""type"":""MultiPoint"",""coordinates"":[]}"
20191005,2019-10-05,0.3944810406105161,"{""type"":""MultiPoint"",""coordinates"":[]}"
20191006,2019-10-06,0.5399698428950602,"{""type"":""MultiPoint"",""coordinates"":[]}"
20191007,2019-10-07,0.38510863324058897,"{""type"":""MultiPoint"",""coordinates"":[]}"
20191008,2019-10-08,0.3002957280298967,"{""type"":""MultiPoint"",""coordinates"":[]}"
20191009,2019-10-09,0.6154408695872907,"{""type"":""MultiPoint"",""coordinates"":[]}"
20191010,2019-10-10,0.23929022853595702,"{""type"":""MultiPoint"",""coordinates"":[]}"
20191011,2019-10-11,0.7024550402078861,"{""type"":""MultiPoint"",""coordinates"":[]}"
20191012,2019-10-12,0.25702169576515577,"{""type"":""MultiPoint"",""coordinates"":[]}"
20191013,2019-10-13,0.8351516226143832,"{""type"":""MultiPoint"",""coordinates"":[]}"
20191014,2019-10-14,0.18541466217869135,"{""type"":""MultiPoint"",""coordinates"":[]}"
20191015,2019-10-15,0.2637435244694275,"{""type"":""MultiPoint"",""coordinates"":[]}"
20191016,2019-10-16,0.48533926300482316,"{""type"":""MultiPoint"",""coordinates"":[]}"
20191017,2019-10-17,0.36366932923714623,"{""type"":""MultiPoint"",""coordinates"":[]}"
20191018,2019-10-18,0.17070749287182918,"{""type"":""MultiPoint"",""coordinates"":[]}"
20191019,2019-10-19,0.12410630160106437,"{""type"":""MultiPoint"",""coordinates"":[]}"
20191020,2019-10-20,0.1301142374010432,"{""type"":""MultiPoint"",""coordinates"":[]}"
20191021,2019-10-21,0.6458208085847981,"{""type"":""MultiPoint"",""coordinates"":[]}"
20191022,2019-10-22,0.7313778115245216,"{""type"":""MultiPoint"",""coordinates"":[]}"
20191023,2019-10-23,0.5342548999453262,"{""type"":""MultiPoint"",""coordinates"":[]}"
20191024,2019-10-24,0.1156554841855635,"{""type"":""MultiPoint"",""coordinates"":[]}"
20191025,2019-10-25,0.2667249064400842,"{""type"":""MultiPoint"",""coordinates"":[]}"
20191026,2019-10-26,0.3230085912561227,"{""type"":""MultiPoint"",""coordinates"":[]}"
20191027,2019-10-27,0.0748747802847655,"{""type"":""MultiPoint"",""coordinates"":[]}"
20191028,2019-10-28,0.5510961764039717,"{""type"":""MultiPoint"",""coordinates"":[]}"
20191029,2019-10-29,0.1163513326867346,"{""type"":""MultiPoint"",""coordinates"":[]}"
20191030,2019-10-30,0.19144915708129998,"{""type"":""MultiPoint"",""coordinates"":[]}"
20191031,2019-10-31,0.13337055528462274,"{""type"":""MultiPoint"",""coordinates"":[]}"
20191101,2019-11-01,0.13888077086895495,"{""type"":""MultiPoint"",""coordinates"":[]}"
20191102,2019-11-02,0.9170257870757758,"{""type"":""MultiPoint"",""coordinates"":[]}"
20191103,2019-11-03,0.04704260420719796,"{""type"":""MultiPoint"",""coordinates"":[]}"
20191104,2019-11-04,0.39273449642941066,"{""type"":""MultiPoint"",""coordinates"":[]}"
20191105,2019-11-05,0.18209481894335725,"{""type"":""MultiPoint"",""coordinates"":[]}"
20191106,2019-11-06,0.08698995203020946,"{""type"":""MultiPoint"",""coordinates"":[]}"
20191107,2019-11-07,0.31212929831587116,"{""type"":""MultiPoint"",""coordinates"":[]}"
20191108,2019-11-08,0.19700184377935936,"{""type"":""MultiPoint"",""coordinates"":[]}"
20191109,2019-11-09,0.3826289253977952,"{""type"":""MultiPoint"",""coordinates"":[]}"
20191110,2019-11-10,0.5361289749250931,"{""type"":""MultiPoint"",""coordinates"":[]}"
20191111,2019-11-11,0.5864079594006383,"{""type"":""MultiPoint"",""coordinates"":[]}"
20191112,2019-11-12,0.33099259066126524,"{""type"":""MultiPoint"",""coordinates"":[]}"
20191113,2019-11-13,0.4705309200546217,"{""type"":""MultiPoint"",""coordinates"":[]}"
20191114,2019-11-14,1.0223098412777387,"{""type"":""MultiPoint"",""coordinates"":[]}"
20191115,2019-11-15,1.1761272630773674,"{""type"":""MultiPoint"",""coordinates"":[]}"
20191116,2019-11-16,0.9853615271479451,"{""type"":""MultiPoint"",""coordinates"":[]}"
20191117,2019-11-17,1.0299526021950147,"{""type"":""MultiPoint"",""coordinates"":[]}"
20191118,2019-11-18,0.6527714035555121,"{""type"":""MultiPoint"",""coordinates"":[]}"
20191119,2019-11-19,0.8831234776448159,"{""type"":""MultiPoint"",""coordinates"":[]}"
20191120,2019-11-20,0.724723575369015,"{""type"":""MultiPoint"",""coordinates"":[]}"
20191121,2019-11-21,0.6165617971851046,"{""type"":""MultiPoint"",""coordinates"":[]}"
20191122,2019-11-22,0.7787029408554241,"{""type"":""MultiPoint"",""coordinates"":[]}"
20191123,2019-11-23,0.9698437788720468,"{""type"":""MultiPoint"",""coordinates"":[]}"
20191124,2019-11-24,0.876075108559976,"{""type"":""MultiPoint"",""coordinates"":[]}"
20191125,2019-11-25,0.09347552816134827,"{""type"":""MultiPoint"",""coordinates"":[]}"
20191126,2019-11-26,0.24114208858463773,"{""type"":""MultiPoint"",""coordinates"":[]}"
20191127,2019-11-27,0.5161008002925686,"{""type"":""MultiPoint"",""coordinates"":[]}"
20191128,2019-11-28,0.20114995711120595,"{""type"":""MultiPoint"",""coordinates"":[]}"
20191129,2019-11-29,0.6348990551492801,"{""type"":""MultiPoint"",""coordinates"":[]}"
20191130,2019-11-30,1.2444607525622562,"{""type"":""MultiPoint"",""coordinates"":[]}"
20191201,2019-12-01,0.30882414552099435,"{""type"":""MultiPoint"",""coordinates"":[]}"
20191202,2019-12-02,0.195726385241881,"{""type"":""MultiPoint"",""coordinates"":[]}"
20191203,2019-12-03,0.27950524730566007,"{""type"":""MultiPoint"",""coordinates"":[]}"
20191204,2019-12-04,0.4513182780915202,"{""type"":""MultiPoint"",""coordinates"":[]}"
20191205,2019-12-05,0.33351304318170566,"{""type"":""MultiPoint"",""coordinates"":[]}"
20191206,2019-12-06,0.5082462148785679,"{""type"":""MultiPoint"",""coordinates"":[]}"
20191207,2019-12-07,0.6591625963926417,"{""type"":""MultiPoint"",""coordinates"":[]}"
20191208,2019-12-08,1.246076751916659,"{""type"":""MultiPoint"",""coordinates"":[]}"
20191209,2019-12-09,0.43243816317841555,"{""type"":""MultiPoint"",""coordinates"":[]}"
20191210,2019-12-10,0.5317105481537204,"{""type"":""MultiPoint"",""coordinates"":[]}"
20191211,2019-12-11,0.7268352374271413,"{""type"":""MultiPoint"",""coordinates"":[]}"
20191212,2019-12-12,1.204121070893976,"{""type"":""MultiPoint"",""coordinates"":[]}"
20191213,2019-12-13,0.8741544620947701,"{""type"":""MultiPoint"",""coordinates"":[]}"
20191214,2019-12-14,0.5856561715576257,"{""type"":""MultiPoint"",""coordinates"":[]}"
20191215,2019-12-15,0.42209088279463863,"{""type"":""MultiPoint"",""coordinates"":[]}"
20191216,2019-12-16,0.1978733998077126,"{""type"":""MultiPoint"",""coordinates"":[]}"
20191217,2019-12-17,0.21651255061853406,"{""type"":""MultiPoint"",""coordinates"":[]}"
20191218,2019-12-18,0.37846625858265054,"{""type"":""MultiPoint"",""coordinates"":[]}"
20191219,2019-12-19,0.3570424657633085,"{""type"":""MultiPoint"",""coordinates"":[]}"
20191220,2019-12-20,0.08663999318642872,"{""type"":""MultiPoint"",""coordinates"":[]}"
20191221,2019-12-21,0.10205017944137003,"{""type"":""MultiPoint"",""coordinates"":[]}"
20191222,2019-12-22,0.17303286062455733,"{""type"":""MultiPoint"",""coordinates"":[]}"
20191223,2019-12-23,0.18706335338238103,"{""type"":""MultiPoint"",""coordinates"":[]}"
20191224,2019-12-24,0.41650554162205816,"{""type"":""MultiPoint"",""coordinates"":[]}"
20191225,2019-12-25,0.16530674381707186,"{""type"":""MultiPoint"",""coordinates"":[]}"
20191226,2019-12-26,0.25541772709594857,"{""type"":""MultiPoint"",""coordinates"":[]}"
20191227,2019-12-27,0.10984778105584815,"{""type"":""MultiPoint"",""coordinates"":[]}"
20191228,2019-12-28,0.11245182997564422,"{""type"":""MultiPoint"",""coordinates"":[]}"
20191229,2019-12-29,0.13586991084572428,"{""type"":""MultiPoint"",""coordinates"":[]}"
20191230,2019-12-30,0.3607618984980536,"{""type"":""MultiPoint"",""coordinates"":[]}"
20191231,2019-12-31,1.1616901770352692,"{""type"":""MultiPoint"",""coordinates"":[]}"
20200101,2020-01-01,1.1223773014614542,"{""type"":""MultiPoint"",""coordinates"":[]}"
20200102,2020-01-02,1.0450470233120572,"{""type"":""MultiPoint"",""coordinates"":[]}"
20200103,2020-01-03,0.4021261456908387,"{""type"":""MultiPoint"",""coordinates"":[]}"
20200104,2020-01-04,0.6338041525889565,"{""type"":""MultiPoint"",""coordinates"":[]}"
20200105,2020-01-05,1.3885612692204738,"{""type"":""MultiPoint"",""coordinates"":[]}"
20200106,2020-01-06,1.0363976008679252,"{""type"":""MultiPoint"",""coordinates"":[]}"
20200107,2020-01-07,0.9502504700846007,"{""type"":""MultiPoint"",""coordinates"":[]}"
20200108,2020-01-08,0.6757447754005785,"{""type"":""MultiPoint"",""coordinates"":[]}"
20200109,2020-01-09,0.19952574185890626,"{""type"":""MultiPoint"",""coordinates"":[]}"
20200110,2020-01-10,0.6203012515388382,"{""type"":""MultiPoint"",""coordinates"":[]}"
20200111,2020-01-11,0.6970273276104948,"{""type"":""MultiPoint"",""coordinates"":[]}"
20200112,2020-01-12,0.14617950042942884,"{""type"":""MultiPoint"",""coordinates"":[]}"
20200113,2020-01-13,0.6756374327717835,"{""type"":""MultiPoint"",""coordinates"":[]}"
20200114,2020-01-14,0.38195443287009906,"{""type"":""MultiPoint"",""coordinates"":[]}"
20200115,2020-01-15,0.3885104559072545,"{""type"":""MultiPoint"",""coordinates"":[]}"
20200116,2020-01-16,0.29325806516204195,"{""type"":""MultiPoint"",""coordinates"":[]}"
20200117,2020-01-17,1.2855805171396624,"{""type"":""MultiPoint"",""coordinates"":[]}"
20200118,2020-01-18,1.3786288148450307,"{""type"":""MultiPoint"",""coordinates"":[]}"
20200119,2020-01-19,0.8800775039031223,"{""type"":""MultiPoint"",""coordinates"":[]}"
20200120,2020-01-20,0.18489088231485498,"{""type"":""MultiPoint"",""coordinates"":[]}"
20200121,2020-01-21,0.7028085457351677,"{""type"":""MultiPoint"",""coordinates"":[]}"
20200122,2020-01-22,1.1039642794267985,"{""type"":""MultiPoint"",""coordinates"":[]}"
20200123,2020-01-23,1.3826438184113885,"{""type"":""MultiPoint"",""coordinates"":[]}"
20200124,2020-01-24,0.9667965882138565,"{""type"":""MultiPoint"",""coordinates"":[]}"
20200125,2020-01-25,0.9932820747107343,"{""type"":""MultiPoint"",""coordinates"":[]}"
20200126,2020-01-26,0.9759867784017082,"{""type"":""MultiPoint"",""coordinates"":[]}"
20200127,2020-01-27,1.0728989940502396,"{""type"":""MultiPoint"",""coordinates"":[]}"
20200128,2020-01-28,1.2259746274489594,"{""type"":""MultiPoint"",""coordinates"":[]}"
20200129,2020-01-29,1.1231398310557308,"{""type"":""MultiPoint"",""coordinates"":[]}"
20200130,2020-01-30,0.47171642589963236,"{""type"":""MultiPoint"",""coordinates"":[]}"
20200131,2020-01-31,0.21029752492609868,"{""type"":""MultiPoint"",""coordinates"":[]}"
20200201,2020-02-01,0.13819313059115276,"{""type"":""MultiPoint"",""coordinates"":[]}"
20200202,2020-02-02,0.4345835431391455,"{""type"":""MultiPoint"",""coordinates"":[]}"
20200203,2020-02-03,0.39458865447282443,"{""type"":""MultiPoint"",""coordinates"":[]}"
20200204,2020-02-04,0.22646290012168255,"{""type"":""MultiPoint"",""coordinates"":[]}"
20200205,2020-02-05,0.42271580964519895,"{""type"":""MultiPoint"",""coordinates"":[]}"
20200206,2020-02-06,0.3941807478887361,"{""type"":""MultiPoint"",""coordinates"":[]}"
20200207,2020-02-07,0.37457902474089255,"{""type"":""MultiPoint"",""coordinates"":[]}"
20200208,2020-02-08,0.8010514321414434,"{""type"":""MultiPoint"",""coordinates"":[]}"
20200209,2020-02-09,0.7481191819106686,"{""type"":""MultiPoint"",""coordinates"":[]}"
20200210,2020-02-10,0.5162490734754446,"{""type"":""MultiPoint"",""coordinates"":[]}"
20200211,2020-02-11,0.701914398105126,"{""type"":""MultiPoint"",""coordinates"":[]}"
20200212,2020-02-12,0.09719113199136752,"{""type"":""MultiPoint"",""coordinates"":[]}"
20200213,2020-02-13,0.24671831678377726,"{""type"":""MultiPoint"",""coordinates"":[]}"
20200214,2020-02-14,0.22067738247627003,"{""type"":""MultiPoint"",""coordinates"":[]}"
20200215,2020-02-15,0.555748928886469,"{""type"":""MultiPoint"",""coordinates"":[]}"
20200216,2020-02-16,0.6375605009821418,"{""type"":""MultiPoint"",""coordinates"":[]}"
20200217,2020-02-17,0.5789379910252924,"{""type"":""MultiPoint"",""coordinates"":[]}"
20200218,2020-02-18,0.7315537926418834,"{""type"":""MultiPoint"",""coordinates"":[]}"
20200219,2020-02-19,0.5118430474702494,"{""type"":""MultiPoint"",""coordinates"":[]}"
20200220,2020-02-20,0.4262852945055938,"{""type"":""MultiPoint"",""coordinates"":[]}"
20200221,2020-02-21,0.8431974967711799,"{""type"":""MultiPoint"",""coordinates"":[]}"
20200222,2020-02-22,1.0021895619270633,"{""type"":""MultiPoint"",""coordinates"":[]}"
20200223,2020-02-23,0.9935858551823319,"{""type"":""MultiPoint"",""coordinates"":[]}"
20200224,2020-02-24,0.8736838903995943,"{""type"":""MultiPoint"",""coordinates"":[]}"
20200225,2020-02-25,0.5685808751213817,"{""type"":""MultiPoint"",""coordinates"":[]}"
20200226,2020-02-26,1.3606707813935668,"{""type"":""MultiPoint"",""coordinates"":[]}"
20200227,2020-02-27,1.2360368048211081,"{""type"":""MultiPoint"",""coordinates"":[]}"
20200228,2020-02-28,0.9353553507276606,"{""type"":""MultiPoint"",""coordinates"":[]}"
20200229,2020-02-29,0.5793375594995451,"{""type"":""MultiPoint"",""coordinates"":[]}"
20200301,2020-03-01,0.19358691880118267,"{""type"":""MultiPoint"",""coordinates"":[]}"
20200302,2020-03-02,0.3076136163309096,"{""type"":""MultiPoint"",""coordinates"":[]}"
20200303,2020-03-03,0.24888896523284013,"{""type"":""MultiPoint"",""coordinates"":[]}"
20200304,2020-03-04,0.3427191189814566,"{""type"":""MultiPoint"",""coordinates"":[]}"
20200305,2020-03-05,0.39475433186315656,"{""type"":""MultiPoint"",""coordinates"":[]}"
20200306,2020-03-06,0.3283773140529384,"{""type"":""MultiPoint"",""coordinates"":[]}"
20200307,2020-03-07,0.20442161489598268,"{""type"":""MultiPoint"",""coordinates"":[]}"
20200308,2020-03-08,0.6291191394093496,"{""type"":""MultiPoint"",""coordinates"":[]}"
20200309,2020-03-09,0.06602093834284795,"{""type"":""MultiPoint"",""coordinates"":[]}"
20200310,2020-03-10,0.15199774410623199,"{""type"":""MultiPoint"",""coordinates"":[]}"
20200311,2020-03-11,0.40605260100384205,"{""type"":""MultiPoint"",""coordinates"":[]}"
20200312,2020-03-12,0.8415024215085884,"{""type"":""MultiPoint"",""coordinates"":[]}"
20200313,2020-03-13,0.915245291897049,"{""type"":""MultiPoint"",""coordinates"":[]}"
20200314,2020-03-14,0.826908014124775,"{""type"":""MultiPoint"",""coordinates"":[]}"
20200315,2020-03-15,0.7301579866462609,"{""type"":""MultiPoint"",""coordinates"":[]}"
20200316,2020-03-16,1.1018547582861533,"{""type"":""MultiPoint"",""coordinates"":[]}"
20200317,2020-03-17,0.8042220736034009,"{""type"":""MultiPoint"",""coordinates"":[]}"
20200318,2020-03-18,0.4690638152459276,"{""type"":""MultiPoint"",""coordinates"":[]}"
20200319,2020-03-19,0.32913422262380837,"{""type"":""MultiPoint"",""coordinates"":[]}"
20200320,2020-03-20,0.9846595843905273,"{""type"":""MultiPoint"",""coordinates"":[]}"
20200321,2020-03-21,1.5803399939432738,"{""type"":""MultiPoint"",""coordinates"":[]}"
20200322,2020-03-22,0.739193132085812,"{""type"":""MultiPoint"",""coordinates"":[]}"
20200323,2020-03-23,0.32661806944849575,"{""type"":""MultiPoint"",""coordinates"":[]}"
20200324,2020-03-24,0.07787249225327128,"{""type"":""MultiPoint"",""coordinates"":[]}"
20200325,2020-03-25,0.2941720114462511,"{""type"":""MultiPoint"",""coordinates"":[]}"
20200326,2020-03-26,0.20540169242808248,"{""type"":""MultiPoint"",""coordinates"":[]}"
20200327,2020-03-27,0.7745838660835996,"{""type"":""MultiPoint"",""coordinates"":[]}"
20200328,2020-03-28,0.11209034113505811,"{""type"":""MultiPoint"",""coordinates"":[]}"
20200329,2020-03-29,0.3129187752168271,"{""type"":""MultiPoint"",""coordinates"":[]}"
20200330,2020-03-30,0.43069026127952426,"{""type"":""MultiPoint"",""coordinates"":[]}"
20200331,2020-03-31,0.7333926885683463,"{""type"":""MultiPoint"",""coordinates"":[]}"
20200401,2020-04-01,0.5538612776256168,"{""type"":""MultiPoint"",""coordinates"":[]}"
20200402,2020-04-02,0.48744294769610624,"{""type"":""MultiPoint"",""coordinates"":[]}"
20200403,2020-04-03,0.7902636175620873,"{""type"":""MultiPoint"",""coordinates"":[]}"
20200404,2020-04-04,0.3888782729780012,"{""type"":""MultiPoint"",""coordinates"":[]}"
20200405,2020-04-05,0.337148313481049,"{""type"":""MultiPoint"",""coordinates"":[]}"
20200406,2020-04-06,0.13815074379111503,"{""type"":""MultiPoint"",""coordinates"":[]}"
20200407,2020-04-07,0.6370011214048462,"{""type"":""MultiPoint"",""coordinates"":[]}"
20200408,2020-04-08,0.477939587675048,"{""type"":""MultiPoint"",""coordinates"":[]}"
20200409,2020-04-09,0.7416894921136862,"{""type"":""MultiPoint"",""coordinates"":[]}"
20200410,2020-04-10,0.3028442585482198,"{""type"":""MultiPoint"",""coordinates"":[]}"
20200411,2020-04-11,0.4058651370608502,"{""type"":""MultiPoint"",""coordinates"":[]}"
20200412,2020-04-12,0.4385351245800697,"{""type"":""MultiPoint"",""coordinates"":[]}"
20200413,2020-04-13,0.3189641459511943,"{""type"":""MultiPoint"",""coordinates"":[]}"
20200414,2020-04-14,0.9523484348723423,"{""type"":""MultiPoint"",""coordinates"":[]}"
20200415,2020-04-15,1.2292092322543449,"{""type"":""MultiPoint"",""coordinates"":[]}"
20200416,2020-04-16,0.2654646529233331,"{""type"":""MultiPoint"",""coordinates"":[]}"
20200417,2020-04-17,0.3664910415587385,"{""type"":""MultiPoint"",""coordinates"":[]}"
20200418,2020-04-18,0.31995258050728037,"{""type"":""MultiPoint"",""coordinates"":[]}"
20200419,2020-04-19,0.23145598278922733,"{""type"":""MultiPoint"",""coordinates"":[]}"
20200420,2020-04-20,0.783122577068394,"{""type"":""MultiPoint"",""coordinates"":[]}"
20200421,2020-04-21,0.15456308387364268,"{""type"":""MultiPoint"",""coordinates"":[]}"
20200422,2020-04-22,0.2575848424540779,"{""type"":""MultiPoint"",""coordinates"":[]}"
20200423,2020-04-23,0.4460052305582522,"{""type"":""MultiPoint"",""coordinates"":[]}"
20200424,2020-04-24,0.26544800742192276,"{""type"":""MultiPoint"",""coordinates"":[]}"
20200425,2020-04-25,0.24956558931571557,"{""type"":""MultiPoint"",""coordinates"":[]}"
20200426,2020-04-26,0.13823008889626237,"{""type"":""MultiPoint"",""coordinates"":[]}"
20200427,2020-04-27,0.34147402222289597,"{""type"":""MultiPoint"",""coordinates"":[]}"
20200428,2020-04-28,0.8126725407894045,"{""type"":""MultiPoint"",""coordinates"":[]}"
20200429,2020-04-29,0.24933957337730553,"{""type"":""MultiPoint"",""coordinates"":[]}"
20200430,2020-04-30,0.2626548974312005,"{""type"":""MultiPoint"",""coordinates"":[]}"
20200501,2020-05-01,0.48246766146456455,"{""type"":""MultiPoint"",""coordinates"":[]}"
20200502,2020-05-02,0.4879261011636051,"{""type"":""MultiPoint"",""coordinates"":[]}"
20200503,2020-05-03,0.7570375328994827,"{""type"":""MultiPoint"",""coordinates"":[]}"
20200504,2020-05-04,0.8511371475647683,"{""type"":""MultiPoint"",""coordinates"":[]}"
20200505,2020-05-05,0.6257075706622961,"{""type"":""MultiPoint"",""coordinates"":[]}"
20200506,2020-05-06,0.30081378894452293,"{""type"":""MultiPoint"",""coordinates"":[]}"
20200507,2020-05-07,0.7060358494615459,"{""type"":""MultiPoint"",""coordinates"":[]}"
20200508,2020-05-08,1.0105070119157933,"{""type"":""MultiPoint"",""coordinates"":[]}"
20200509,2020-05-09,1.7244777654582757,"{""type"":""MultiPoint"",""coordinates"":[]}"
20200510,2020-05-10,0.8996375409187813,"{""type"":""MultiPoint"",""coordinates"":[]}"
20200511,2020-05-11,0.4958989044568129,"{""type"":""MultiPoint"",""coordinates"":[]}"
20200512,2020-05-12,0.4915488407137395,"{""type"":""MultiPoint"",""coordinates"":[]}"
20200513,2020-05-13,0.31042664001786874,"{""type"":""MultiPoint"",""coordinates"":[]}"
20200514,2020-05-14,0.1565433628447816,"{""type"":""MultiPoint"",""coordinates"":[]}"
20200515,2020-05-15,0.2502093368481952,"{""type"":""MultiPoint"",""coordinates"":[]}"
20200516,2020-05-16,0.9993346118650301,"{""type"":""MultiPoint"",""coordinates"":[]}"
20200517,2020-05-17,0.989692380787105,"{""type"":""MultiPoint"",""coordinates"":[]}"
20200518,2020-05-18,0.8497913119177043,"{""type"":""MultiPoint"",""coordinates"":[]}"
20200519,2020-05-19,0.7458745495195809,"{""type"":""MultiPoint"",""coordinates"":[]}"
20200520,2020-05-20,0.519449004221549,"{""type"":""MultiPoint"",""coordinates"":[]}"
20200521,2020-05-21,0.6529191222097663,"{""type"":""MultiPoint"",""coordinates"":[]}"
20200522,2020-05-22,0.5771138594045536,"{""type"":""MultiPoint"",""coordinates"":[]}"
20200523,2020-05-23,0.41058299199621845,"{""type"":""MultiPoint"",""coordinates"":[]}"
20200524,2020-05-24,0.9720130398554014,"{""type"":""MultiPoint"",""coordinates"":[]}"
20200525,2020-05-25,1.2514104942668751,"{""type"":""MultiPoint"",""coordinates"":[]}"
20200526,2020-05-26,1.0241032488766193,"{""type"":""MultiPoint"",""coordinates"":[]}"
20200527,2020-05-27,1.3686355353542614,"{""type"":""MultiPoint"",""coordinates"":[]}"
20200528,2020-05-28,0.43705800460537203,"{""type"":""MultiPoint"",""coordinates"":[]}"
20200529,2020-05-29,0.2043087957361904,"{""type"":""MultiPoint"",""coordinates"":[]}"
20200530,2020-05-30,0.29333068961914727,"{""type"":""MultiPoint"",""coordinates"":[]}"
20200531,2020-05-31,0.5885313429672899,"{""type"":""MultiPoint"",""coordinates"":[]}"
20200601,2020-06-01,0.19745780689172607,"{""type"":""MultiPoint"",""coordinates"":[]}"
20200602,2020-06-02,0.22973487266017262,"{""type"":""MultiPoint"",""coordinates"":[]}"
20200603,2020-06-03,0.1654744362894462,"{""type"":""MultiPoint"",""coordinates"":[]}"
20200604,2020-06-04,0.8238529054672064,"{""type"":""MultiPoint"",""coordinates"":[]}"
20200605,2020-06-05,0.35848710559162117,"{""type"":""MultiPoint"",""coordinates"":[]}"
20200606,2020-06-06,0.7372026829502033,"{""type"":""MultiPoint"",""coordinates"":[]}"
20200607,2020-06-07,0.5891741522212204,"{""type"":""MultiPoint"",""coordinates"":[]}"
20200608,2020-06-08,0.9198749154151683,"{""type"":""MultiPoint"",""coordinates"":[]}"
20200609,2020-06-09,0.859445798134704,"{""type"":""MultiPoint"",""coordinates"":[]}"
20200610,2020-06-10,0.5395895563827277,"{""type"":""MultiPoint"",""coordinates"":[]}"
20200611,2020-06-11,0.5065091851411226,"{""type"":""MultiPoint"",""coordinates"":[]}"
20200612,2020-06-12,0.5449976212812744,"{""type"":""MultiPoint"",""coordinates"":[]}"
20200613,2020-06-13,0.2917262560870374,"{""type"":""MultiPoint"",""coordinates"":[]}"
20200614,2020-06-14,0.7168061731430342,"{""type"":""MultiPoint"",""coordinates"":[]}"
20200615,2020-06-15,1.2419906882373963,"{""type"":""MultiPoint"",""coordinates"":[]}"
20200616,2020-06-16,0.3900279801699979,"{""type"":""MultiPoint"",""coordinates"":[]}"
20200617,2020-06-17,0.5721116831744699,"{""type"":""MultiPoint"",""coordinates"":[]}"
20200618,2020-06-18,0.3894956256769013,"{""type"":""MultiPoint"",""coordinates"":[]}"
20200619,2020-06-19,0.7281172314296471,"{""type"":""MultiPoint"",""coordinates"":[]}"
20200620,2020-06-20,0.5193518576941993,"{""type"":""MultiPoint"",""coordinates"":[]}"
20200621,2020-06-21,1.3341813873106574,"{""type"":""MultiPoint"",""coordinates"":[]}"
20200622,2020-06-22,0.994051179316263,"{""type"":""MultiPoint"",""coordinates"":[]}"
20200623,2020-06-23,1.0468696090779088,"{""type"":""MultiPoint"",""coordinates"":[]}"
20200624,2020-06-24,0.43243557291194834,"{""type"":""MultiPoint"",""coordinates"":[]}"
20200625,2020-06-25,0.5904516610191096,"{""type"":""MultiPoint"",""coordinates"":[]}"
20200626,2020-06-26,0.26052577914894104,"{""type"":""MultiPoint"",""coordinates"":[]}"
20200627,2020-06-27,0.4234698226311614,"{""type"":""MultiPoint"",""coordinates"":[]}"
20200628,2020-06-28,0.19429572490022645,"{""type"":""MultiPoint"",""coordinates"":[]}"
20200629,2020-06-29,0.5868457933363105,"{""type"":""MultiPoint"",""coordinates"":[]}"
20200630,2020-06-30,0.5695739881915941,"{""type"":""MultiPoint"",""coordinates"":[]}"
20200701,2020-07-01,0.1110477107164597,"{""type"":""MultiPoint"",""coordinates"":[]}"
20200702,2020-07-02,0.6149237547948566,"{""type"":""MultiPoint"",""coordinates"":[]}"
20200703,2020-07-03,0.38724267040381527,"{""type"":""MultiPoint"",""coordinates"":[]}"
20200704,2020-07-04,0.47731753748742484,"{""type"":""MultiPoint"",""coordinates"":[]}"
20200705,2020-07-05,0.06494611938348067,"{""type"":""MultiPoint"",""coordinates"":[]}"
20200706,2020-07-06,0.7282278709620343,"{""type"":""MultiPoint"",""coordinates"":[]}"
20200707,2020-07-07,0.9968114164639932,"{""type"":""MultiPoint"",""coordinates"":[]}"
20200708,2020-07-08,0.4250561858937401,"{""type"":""MultiPoint"",""coordinates"":[]}"
20200709,2020-07-09,0.5495444081965297,"{""type"":""MultiPoint"",""coordinates"":[]}"
20200710,2020-07-10,0.6613254520492678,"{""type"":""MultiPoint"",""coordinates"":[]}"
20200711,2020-07-11,0.15075560573567728,"{""type"":""MultiPoint"",""coordinates"":[]}"
20200712,2020-07-12,0.2871624355910316,"{""type"":""MultiPoint"",""coordinates"":[]}"
20200713,2020-07-13,0.8180544533983493,"{""type"":""MultiPoint"",""coordinates"":[]}"
20200714,2020-07-14,0.961933025570536,"{""type"":""MultiPoint"",""coordinates"":[]}"
20200715,2020-07-15,0.7695882735318555,"{""type"":""MultiPoint"",""coordinates"":[]}"
20200716,2020-07-16,1.2798840284639237,"{""type"":""MultiPoint"",""coordinates"":[]}"
20200717,2020-07-17,1.1930534939997408,"{""type"":""MultiPoint"",""coordinates"":[]}"
20200718,2020-07-18,1.2681677801477538,"{""type"":""MultiPoint"",""coordinates"":[]}"
20200719,2020-07-19,1.1810077019838194,"{""type"":""MultiPoint"",""coordinates"":[]}"
20200720,2020-07-20,1.0140696141157344,"{""type"":""MultiPoint"",""coordinates"":[]}"
20200721,2020-07-21,0.4856979082343947,"{""type"":""MultiPoint"",""coordinates"":[]}"
20200722,2020-07-22,0.1839204985796976,"{""type"":""MultiPoint"",""coordinates"":[]}"
20200723,2020-07-23,0.35271701283403284,"{""type"":""MultiPoint"",""coordinates"":[]}"
20200724,2020-07-24,0.3126292089739722,"{""type"":""MultiPoint"",""coordinates"":[]}"
20200725,2020-07-25,0.40448717212998486,"{""type"":""MultiPoint"",""coordinates"":[]}"
20200726,2020-07-26,0.735363689393958,"{""type"":""MultiPoint"",""coordinates"":[]}"
20200727,2020-07-27,0.6147150841467857,"{""type"":""MultiPoint"",""coordinates"":[]}"
20200728,2020-07-28,0.5326388440047009,"{""type"":""MultiPoint"",""coordinates"":[]}"
20200729,2020-07-29,0.7497020764676711,"{""type"":""MultiPoint"",""coordinates"":[]}"
20200730,2020-07-30,0.9324241446798607,"{""type"":""MultiPoint"",""coordinates"":[]}"
20200731,2020-07-31,1.312458062187537,"{""type"":""MultiPoint"",""coordinates"":[]}"
20200801,2020-08-01,1.2702603812095166,"{""type"":""MultiPoint"",""coordinates"":[]}"
20200802,2020-08-02,1.5156704613069787,"{""type"":""MultiPoint"",""coordinates"":[]}"
20200803,2020-08-03,1.4486923248968315,"{""type"":""MultiPoint"",""coordinates"":[]}"
20200804,2020-08-04,1.3452315505808847,"{""type"":""MultiPoint"",""coordinates"":[]}"
20200805,2020-08-05,1.4565272801419664,"{""type"":""MultiPoint"",""coordinates"":[]}"
20200806,2020-08-06,0.837279206202809,"{""type"":""MultiPoint"",""coordinates"":[]}"
20200807,2020-08-07,1.1280654677881183,"{""type"":""MultiPoint"",""coordinates"":[]}"
20200808,2020-08-08,1.7073592643720754,"{""type"":""MultiPoint"",""coordinates"":[]}"
20200809,2020-08-09,1.8800550996800853,"{""type"":""MultiPoint"",""coordinates"":[]}"
20200810,2020-08-10,1.088004626413799,"{""type"":""MultiPoint"",""coordinates"":[]}"
20200811,2020-08-11,0.3261100231898767,"{""type"":""MultiPoint"",""coordinates"":[]}"
20200812,2020-08-12,0.2358420434821526,"{""type"":""MultiPoint"",""coordinates"":[]}"
20200813,2020-08-13,0.633967647265863,"{""type"":""MultiPoint"",""coordinates"":[]}"
20200814,2020-08-14,0.5283370276394088,"{""type"":""MultiPoint"",""coordinates"":[]}"
20200815,2020-08-15,0.30217745016492437,"{""type"":""MultiPoint"",""coordinates"":[]}"
20200816,2020-08-16,0.1583048800794582,"{""type"":""MultiPoint"",""coordinates"":[]}"
20200817,2020-08-17,0.2168057887899747,"{""type"":""MultiPoint"",""coordinates"":[]}"
20200818,2020-08-18,0.30498656914292643,"{""type"":""MultiPoint"",""coordinates"":[]}"
20200819,2020-08-19,0.3028919979203044,"{""type"":""MultiPoint"",""coordinates"":[]}"
20200820,2020-08-20,0.20672039778872411,"{""type"":""MultiPoint"",""coordinates"":[]}"
20200821,2020-08-21,0.5599846995473516,"{""type"":""MultiPoint"",""coordinates"":[]}"
20200822,2020-08-22,0.6086701153631497,"{""type"":""MultiPoint"",""coordinates"":[]}"
20200823,2020-08-23,0.24032866943315973,"{""type"":""MultiPoint"",""coordinates"":[]}"
20200824,2020-08-24,0.3235880339700705,"{""type"":""MultiPoint"",""coordinates"":[]}"
20200825,2020-08-25,0.2221458446210798,"{""type"":""MultiPoint"",""coordinates"":[]}"
20200826,2020-08-26,0.348583330903714,"{""type"":""MultiPoint"",""coordinates"":[]}"
20200827,2020-08-27,0.14233355302811704,"{""type"":""MultiPoint"",""coordinates"":[]}"
20200828,2020-08-28,0.4857500661258098,"{""type"":""MultiPoint"",""coordinates"":[]}"
20200829,2020-08-29,0.2666612300482939,"{""type"":""MultiPoint"",""coordinates"":[]}"
20200830,2020-08-30,0.320028231636184,"{""type"":""MultiPoint"",""coordinates"":[]}"
20200831,2020-08-31,0.3476542633441205,"{""type"":""MultiPoint"",""coordinates"":[]}"
20200901,2020-09-01,0.6516195185125319,"{""type"":""MultiPoint"",""coordinates"":[]}"
20200902,2020-09-02,0.10054279903111069,"{""type"":""MultiPoint"",""coordinates"":[]}"
20200903,2020-09-03,0.5652777768036388,"{""type"":""MultiPoint"",""coordinates"":[]}"
20200904,2020-09-04,0.502422044432458,"{""type"":""MultiPoint"",""coordinates"":[]}"
20200905,2020-09-05,0.626865608872725,"{""type"":""MultiPoint"",""coordinates"":[]}"
20200906,2020-09-06,0.6384057263470294,"{""type"":""MultiPoint"",""coordinates"":[]}"
20200907,2020-09-07,0.21003475560823082,"{""type"":""MultiPoint"",""coordinates"":[]}"
20200908,2020-09-08,0.48940374562738603,"{""type"":""MultiPoint"",""coordinates"":[]}"
20200909,2020-09-09,0.16323011184977232,"{""type"":""MultiPoint"",""coordinates"":[]}"
20200910,2020-09-10,0.543374423997107,"{""type"":""MultiPoint"",""coordinates"":[]}"
20200911,2020-09-11,0.6960424855076921,"{""type"":""MultiPoint"",""coordinates"":[]}"
20200912,2020-09-12,0.15003302410037278,"{""type"":""MultiPoint"",""coordinates"":[]}"
20200913,2020-09-13,0.8511143909155952,"{""type"":""MultiPoint"",""coordinates"":[]}"
20200914,2020-09-14,0.4982330931934932,"{""type"":""MultiPoint"",""coordinates"":[]}"
20200915,2020-09-15,0.17272064263096276,"{""type"":""MultiPoint"",""coordinates"":[]}"
20200916,2020-09-16,0.23141903594034607,"{""type"":""MultiPoint"",""coordinates"":[]}"
20200917,2020-09-17,0.681434073940603,"{""type"":""MultiPoint"",""coordinates"":[]}"
20200918,2020-09-18,0.6717520565785345,"{""type"":""MultiPoint"",""coordinates"":[]}"
20200919,2020-09-19,0.600207720960393,"{""type"":""MultiPoint"",""coordinates"":[]}"
20200920,2020-09-20,0.4428682868888878,"{""type"":""MultiPoint"",""coordinates"":[]}"
20200921,2020-09-21,0.4571782604669051,"{""type"":""MultiPoint"",""coordinates"":[]}"
20200922,2020-09-22,0.22310627635543676,"{""type"":""MultiPoint"",""coordinates"":[]}"
20200923,2020-09-23,0.5236753933649619,"{""type"":""MultiPoint"",""coordinates"":[]}"
20200924,2020-09-24,0.7965115995748953,"{""type"":""MultiPoint"",""coordinates"":[]}"
20200925,2020-09-25,0.8527794837632129,"{""type"":""MultiPoint"",""coordinates"":[]}"
20200926,2020-09-26,0.18570292947084788,"{""type"":""MultiPoint"",""coordinates"":[]}"
20200927,2020-09-27,0.45365709592000925,"{""type"":""MultiPoint"",""coordinates"":[]}"
20200928,2020-09-28,0.10790776258373727,"{""type"":""MultiPoint"",""coordinates"":[]}"
20200929,2020-09-29,0.640643720408441,"{""type"":""MultiPoint"",""coordinates"":[]}"
20200930,2020-09-30,0.7186582432220352,"{""type"":""MultiPoint"",""coordinates"":[]}"
20201001,2020-10-01,0.6146131699701506,"{""type"":""MultiPoint"",""coordinates"":[]}"
20201002,2020-10-02,0.32857476781300293,"{""type"":""MultiPoint"",""coordinates"":[]}"
20201003,2020-10-03,0.314364221747109,"{""type"":""MultiPoint"",""coordinates"":[]}"
20201004,2020-10-04,0.6885816768869604,"{""type"":""MultiPoint"",""coordinates"":[]}"
20201005,2020-10-05,0.7871971741019,"{""type"":""MultiPoint"",""coordinates"":[]}"
20201006,2020-10-06,0.26798594986975155,"{""type"":""MultiPoint"",""coordinates"":[]}"
20201007,2020-10-07,0.6775733471916718,"{""type"":""MultiPoint"",""coordinates"":[]}"
20201008,2020-10-08,0.5280522301683425,"{""type"":""MultiPoint"",""coordinates"":[]}"
20201009,2020-10-09,0.9950492571732501,"{""type"":""MultiPoint"",""coordinates"":[]}"
20201010,2020-10-10,0.3440358596932359,"{""type"":""MultiPoint"",""coordinates"":[]}"
20201011,2020-10-11,0.741168876245238,"{""type"":""MultiPoint"",""coordinates"":[]}"
20201012,2020-10-12,0.48949670961469655,"{""type"":""MultiPoint"",""coordinates"":[]}"
20201013,2020-10-13,0.4954276482794919,"{""type"":""MultiPoint"",""coordinates"":[]}"
20201014,2020-10-14,0.16349676831164184,"{""type"":""MultiPoint"",""coordinates"":[]}"
20201015,2020-10-15,0.24618138496690983,"{""type"":""MultiPoint"",""coordinates"":[]}"
20201016,2020-10-16,0.7742261018821566,"{""type"":""MultiPoint"",""coordinates"":[]}"
20201017,2020-10-17,0.9657877709894961,"{""type"":""MultiPoint"",""coordinates"":[]}"
20201018,2020-10-18,0.5074792651844736,"{""type"":""MultiPoint"",""coordinates"":[]}"
20201019,2020-10-19,0.16059309260735805,"{""type"":""MultiPoint"",""coordinates"":[]}"
20201020,2020-10-20,0.27769113431534975,"{""type"":""MultiPoint"",""coordinates"":[]}"
20201021,2020-10-21,0.34546797376450905,"{""type"":""MultiPoint"",""coordinates"":[]}"
20201022,2020-10-22,0.6324811498978139,"{""type"":""MultiPoint"",""coordinates"":[]}"
20201023,2020-10-23,0.7096295680805862,"{""type"":""MultiPoint"",""coordinates"":[]}"
20201024,2020-10-24,0.24162302212745218,"{""type"":""MultiPoint"",""coordinates"":[]}"
20201025,2020-10-25,0.7317432861386869,"{""type"":""MultiPoint"",""coordinates"":[]}"
20201026,2020-10-26,0.46799847658891836,"{""type"":""MultiPoint"",""coordinates"":[]}"
20201027,2020-10-27,0.8081462700318611,"{""type"":""MultiPoint"",""coordinates"":[]}"
20201028,2020-10-28,0.8413753636805948,"{""type"":""MultiPoint"",""coordinates"":[]}"
20201029,2020-10-29,1.2002581637587548,"{""type"":""MultiPoint"",""coordinates"":[]}"
20201030,2020-10-30,0.9561032183688333,"{""type"":""MultiPoint"",""coordinates"":[]}"
20201031,2020-10-31,0.8639070274136499,"{""type"":""MultiPoint"",""coordinates"":[]}"
20201101,2020-11-01,0.5076883611357058,"{""type"":""MultiPoint"",""coordinates"":[]}"
20201102,2020-11-02,0.6134527660920633,"{""type"":""MultiPoint"",""coordinates"":[]}"
20201103,2020-11-03,0.8065817089021297,"{""type"":""MultiPoint"",""coordinates"":[]}"
20201104,2020-11-04,0.49592670724209975,"{""type"":""MultiPoint"",""coordinates"":[]}"
20201105,2020-11-05,0.515835021845344,"{""type"":""MultiPoint"",""coordinates"":[]}"
20201106,2020-11-06,0.7414900324716525,"{""type"":""MultiPoint"",""coordinates"":[]}"
20201107,2020-11-07,0.18770654505312973,"{""type"":""MultiPoint"",""coordinates"":[]}"
20201108,2020-11-08,0.4000384503584694,"{""type"":""MultiPoint"",""coordinates"":[]}"
20201109,2020-11-09,0.350705994305836,"{""type"":""MultiPoint"",""coordinates"":[]}"
20201110,2020-11-10,0.5926966577737662,"{""type"":""MultiPoint"",""coordinates"":[]}"
20201111,2020-11-11,0.8372034903259261,"{""type"":""MultiPoint"",""coordinates"":[]}"
20201112,2020-11-12,0.3319295339681346,"{""type"":""MultiPoint"",""coordinates"":[]}"
20201113,2020-11-13,0.7632340272268215,"{""type"":""MultiPoint"",""coordinates"":[]}"
20201114,2020-11-14,0.40347124152364594,"{""type"":""MultiPoint"",""coordinates"":[]}"
20201115,2020-11-15,0.43534619893946974,"{""type"":""MultiPoint"",""coordinates"":[]}"
20201116,2020-11-16,0.2916413893079707,"{""type"":""MultiPoint"",""coordinates"":[]}"
20201117,2020-11-17,0.6749084634220294,"{""type"":""MultiPoint"",""coordinates"":[]}"
20201118,2020-11-18,0.9650319509045951,"{""type"":""MultiPoint"",""coordinates"":[]}"
20201119,2020-11-19,1.2745061511936677,"{""type"":""MultiPoint"",""coordinates"":[]}"
20201120,2020-11-20,0.6564597957785839,"{""type"":""MultiPoint"",""coordinates"":[]}"
20201121,2020-11-21,0.2499357657589427,"{""type"":""MultiPoint"",""coordinates"":[]}"
20201122,2020-11-22,0.9216742432857377,"{""type"":""MultiPoint"",""coordinates"":[]}"
20201123,2020-11-23,0.2331717040146924,"{""type"":""MultiPoint"",""coordinates"":[]}"
20201124,2020-11-24,0.19177157352283533,"{""type"":""MultiPoint"",""coordinates"":[]}"
20201125,2020-11-25,0.2768489705593787,"{""type"":""MultiPoint"",""coordinates"":[]}"
20201126,2020-11-26,0.7873287170142143,"{""type"":""MultiPoint"",""coordinates"":[]}"
20201127,2020-11-27,0.5506883117837249,"{""type"":""MultiPoint"",""coordinates"":[]}"
20201128,2020-11-28,0.24790483765529275,"{""type"":""MultiPoint"",""coordinates"":[]}"
20201129,2020-11-29,0.340661437242109,"{""type"":""MultiPoint"",""coordinates"":[]}"
20201130,2020-11-30,0.037218780788329735,"{""type"":""MultiPoint"",""coordinates"":[]}"
20201201,2020-12-01,0.4154898456939811,"{""type"":""MultiPoint"",""coordinates"":[]}"
20201202,2020-12-02,0.5426319286429147,"{""type"":""MultiPoint"",""coordinates"":[]}"
20201203,2020-12-03,0.57060577361951,"{""type"":""MultiPoint"",""coordinates"":[]}"
20201204,2020-12-04,0.44290282764438976,"{""type"":""MultiPoint"",""coordinates"":[]}"
20201205,2020-12-05,0.17182103004072954,"{""type"":""MultiPoint"",""coordinates"":[]}"
20201206,2020-12-06,0.2642544588545228,"{""type"":""MultiPoint"",""coordinates"":[]}"
20201207,2020-12-07,0.33765875910276216,"{""type"":""MultiPoint"",""coordinates"":[]}"
20201208,2020-12-08,0.3016295602468716,"{""type"":""MultiPoint"",""coordinates"":[]}"
20201209,2020-12-09,0.5195879184342934,"{""type"":""MultiPoint"",""coordinates"":[]}"
20201210,2020-12-10,0.6809468308128975,"{""type"":""MultiPoint"",""coordinates"":[]}"
20201211,2020-12-11,0.5966370424770411,"{""type"":""MultiPoint"",""coordinates"":[]}"
20201212,2020-12-12,0.6553868342029151,"{""type"":""MultiPoint"",""coordinates"":[]}"
20201213,2020-12-13,0.21596252805118832,"{""type"":""MultiPoint"",""coordinates"":[]}"
20201214,2020-12-14,0.6107224238611867,"{""type"":""MultiPoint"",""coordinates"":[]}"
20201215,2020-12-15,0.5931869012011624,"{""type"":""MultiPoint"",""coordinates"":[]}"
20201216,2020-12-16,0.5612993008295214,"{""type"":""MultiPoint"",""coordinates"":[]}"
20201217,2020-12-17,0.5582899225495751,"{""type"":""MultiPoint"",""coordinates"":[]}"
20201218,2020-12-18,0.4803181729998667,"{""type"":""MultiPoint"",""coordinates"":[]}"
20201219,2020-12-19,0.6661488465024884,"{""type"":""MultiPoint"",""coordinates"":[]}"
20201220,2020-12-20,0.46138695908538185,"{""type"":""MultiPoint"",""coordinates"":[]}"
20201221,2020-12-21,0.5735465167059671,"{""type"":""MultiPoint"",""coordinates"":[]}"
20201222,2020-12-22,0.5038940929867446,"{""type"":""MultiPoint"",""coordinates"":[]}"
20201223,2020-12-23,0.37584281767368005,"{""type"":""MultiPoint"",""coordinates"":[]}"
20201224,2020-12-24,0.5479665912913557,"{""type"":""MultiPoint"",""coordinates"":[]}"
20201225,2020-12-25,1.0033363215134963,"{""type"":""MultiPoint"",""coordinates"":[]}"
20201226,2020-12-26,1.2675990235296315,"{""type"":""MultiPoint"",""coordinates"":[]}"
20201227,2020-12-27,1.5714422384034539,"{""type"":""MultiPoint"",""coordinates"":[]}"
20201228,2020-12-28,0.9303969562549943,"{""type"":""MultiPoint"",""coordinates"":[]}"
20201229,2020-12-29,0.8557446732325936,"{""type"":""MultiPoint"",""coordinates"":[]}"
20201230,2020-12-30,0.819665050168216,"{""type"":""MultiPoint"",""coordinates"":[]}"
20201231,2020-12-31,0.8801696047502139,"{""type"":""MultiPoint"",""coordinates"":[]}"
20210101,2021-01-01,0.5032831942608413,"{""type"":""MultiPoint"",""coordinates"":[]}"
20210102,2021-01-02,0.15468072599037944,"{""type"":""MultiPoint"",""coordinates"":[]}"
20210103,2021-01-03,0.4629716755390707,"{""type"":""MultiPoint"",""coordinates"":[]}"
20210104,2021-01-04,0.854389527661803,"{""type"":""MultiPoint"",""coordinates"":[]}"
20210105,2021-01-05,0.8500092826378208,"{""type"":""MultiPoint"",""coordinates"":[]}"
20210106,2021-01-06,0.480844376137262,"{""type"":""MultiPoint"",""coordinates"":[]}"
20210107,2021-01-07,0.23494032092876235,"{""type"":""MultiPoint"",""coordinates"":[]}"
20210108,2021-01-08,0.48245940777725693,"{""type"":""MultiPoint"",""coordinates"":[]}"
20210109,2021-01-09,0.40896914550567903,"{""type"":""MultiPoint"",""coordinates"":[]}"
20210110,2021-01-10,0.2324803710491452,"{""type"":""MultiPoint"",""coordinates"":[]}"
20210111,2021-01-11,0.32937862340946117,"{""type"":""MultiPoint"",""coordinates"":[]}"
20210112,2021-01-12,0.21528320719793864,"{""type"":""MultiPoint"",""coordinates"":[]}"
20210113,2021-01-13,0.291123467034178,"{""type"":""MultiPoint"",""coordinates"":[]}"
20210114,2021-01-14,0.32507686184929413,"{""type"":""MultiPoint"",""coordinates"":[]}"
20210115,2021-01-15,0.656417465816877,"{""type"":""MultiPoint"",""coordinates"":[]}"
20210116,2021-01-16,0.7360952177939196,"{""type"":""MultiPoint"",""coordinates"":[]}"
20210117,2021-01-17,0.7437379559113998,"{""type"":""MultiPoint"",""coordinates"":[]}"
20210118,2021-01-18,0.7768371917760623,"{""type"":""MultiPoint"",""coordinates"":[]}"
20210119,2021-01-19,0.2951483519856189,"{""type"":""MultiPoint"",""coordinates"":[]}"
20210120,2021-01-20,0.3666336093004271,"{""type"":""MultiPoint"",""coordinates"":[]}"
20210121,2021-01-21,0.25648120729780943,"{""type"":""MultiPoint"",""coordinates"":[]}"
20210122,2021-01-22,0.2330310439131299,"{""type"":""MultiPoint"",""coordinates"":[]}"
20210123,2021-01-23,0.21467882091333174,"{""type"":""MultiPoint"",""coordinates"":[]}"
20210124,2021-01-24,0.19897630926557344,"{""type"":""MultiPoint"",""coordinates"":[]}"
20210125,2021-01-25,0.19898699000768577,"{""type"":""MultiPoint"",""coordinates"":[]}"
20210126,2021-01-26,0.2602481255246289,"{""type"":""MultiPoint"",""coordinates"":[]}"
20210127,2021-01-27,0.3438981179810232,"{""type"":""MultiPoint"",""coordinates"":[]}"
20210128,2021-01-28,0.471464939416055,"{""type"":""MultiPoint"",""coordinates"":[]}"
20210129,2021-01-29,0.14562806816882135,"{""type"":""MultiPoint"",""coordinates"":[]}"
20210130,2021-01-30,0.11940027397550829,"{""type"":""MultiPoint"",""coordinates"":[]}"
20210131,2021-01-31,0.8546191661892046,"{""type"":""MultiPoint"",""coordinates"":[]}"
20210201,2021-02-01,0.28819438177134554,"{""type"":""MultiPoint"",""coordinates"":[]}"
20210202,2021-02-02,0.11866082860036437,"{""type"":""MultiPoint"",""coordinates"":[]}"
20210203,2021-02-03,0.21227751585696558,"{""type"":""MultiPoint"",""coordinates"":[]}"
20210204,2021-02-04,0.17993033887255178,"{""type"":""MultiPoint"",""coordinates"":[]}"
20210205,2021-02-05,0.21314299281491206,"{""type"":""MultiPoint"",""coordinates"":[]}"
20210206,2021-02-06,0.0710973691076692,"{""type"":""MultiPoint"",""coordinates"":[]}"
20210207,2021-02-07,0.5426849298597705,"{""type"":""MultiPoint"",""coordinates"":[]}"
20210208,2021-02-08,0.3301588671359787,"{""type"":""MultiPoint"",""coordinates"":[]}"
20210209,2021-02-09,0.22331167711640756,"{""type"":""MultiPoint"",""coordinates"":[]}"
20210210,2021-02-10,0.7639551364073655,"{""type"":""MultiPoint"",""coordinates"":[]}"
20210211,2021-02-11,0.8362130009180528,"{""type"":""MultiPoint"",""coordinates"":[]}"
20210212,2021-02-12,0.3894892829784841,"{""type"":""MultiPoint"",""coordinates"":[]}"
20210213,2021-02-13,0.04558494852336877,"{""type"":""MultiPoint"",""coordinates"":[]}"
20210214,2021-02-14,0.6236527806390423,"{""type"":""MultiPoint"",""coordinates"":[]}"
20210215,2021-02-15,0.26960910208230077,"{""type"":""MultiPoint"",""coordinates"":[]}"
20210216,2021-02-16,0.6746302542820556,"{""type"":""MultiPoint"",""coordinates"":[]}"
20210217,2021-02-17,0.8761830677493306,"{""type"":""MultiPoint"",""coordinates"":[]}"
20210218,2021-02-18,0.8163148354742852,"{""type"":""MultiPoint"",""coordinates"":[]}"
20210219,2021-02-19,0.9357888164184595,"{""type"":""MultiPoint"",""coordinates"":[]}"
20210220,2021-02-20,0.6338240472078808,"{""type"":""MultiPoint"",""coordinates"":[]}"
20210221,2021-02-21,0.45501831388804576,"{""type"":""MultiPoint"",""coordinates"":[]}"
20210222,2021-02-22,0.1811647169197674,"{""type"":""MultiPoint"",""coordinates"":[]}"
20210223,2021-02-23,0.2806370928255444,"{""type"":""MultiPoint"",""coordinates"":[]}"
20210224,2021-02-24,0.13847301589451594,"{""type"":""MultiPoint"",""coordinates"":[]}"
20210225,2021-02-25,0.28356827230572573,"{""type"":""MultiPoint"",""coordinates"":[]}"
20210226,2021-02-26,0.20301227135501096,"{""type"":""MultiPoint"",""coordinates"":[]}"
20210227,2021-02-27,0.5087367962522518,"{""type"":""MultiPoint"",""coordinates"":[]}"
20210228,2021-02-28,0.17456481369104979,"{""type"":""MultiPoint"",""coordinates"":[]}"
20210301,2021-03-01,0.20798751338989416,"{""type"":""MultiPoint"",""coordinates"":[]}"
20210302,2021-03-02,0.3584798318311567,"{""type"":""MultiPoint"",""coordinates"":[]}"
20210303,2021-03-03,0.05114080539295171,"{""type"":""MultiPoint"",""coordinates"":[]}"
20210304,2021-03-04,0.23592428954521047,"{""type"":""MultiPoint"",""coordinates"":[]}"
20210305,2021-03-05,0.0658841834520071,"{""type"":""MultiPoint"",""coordinates"":[]}"
20210306,2021-03-06,0.13184476735669695,"{""type"":""MultiPoint"",""coordinates"":[]}"
20210307,2021-03-07,0.1434390406252759,"{""type"":""MultiPoint"",""coordinates"":[]}"
20210308,2021-03-08,0.4197279794202293,"{""type"":""MultiPoint"",""coordinates"":[]}"
20210309,2021-03-09,0.05346646125939732,"{""type"":""MultiPoint"",""coordinates"":[]}"
20210310,2021-03-10,0.187710327169252,"{""type"":""MultiPoint"",""coordinates"":[]}"
20210311,2021-03-11,0.5641073540358186,"{""type"":""MultiPoint"",""coordinates"":[]}"
20210312,2021-03-12,0.917051470490039,"{""type"":""MultiPoint"",""coordinates"":[]}"
20210313,2021-03-13,0.33384205986279064,"{""type"":""MultiPoint"",""coordinates"":[]}"
20210314,2021-03-14,0.47421661658099895,"{""type"":""MultiPoint"",""coordinates"":[]}"
20210315,2021-03-15,0.20177447554213312,"{""type"":""MultiPoint"",""coordinates"":[]}"
20210316,2021-03-16,0.7585388287714596,"{""type"":""MultiPoint"",""coordinates"":[]}"
20210317,2021-03-17,0.2473115096198186,"{""type"":""MultiPoint"",""coordinates"":[]}"
20210318,2021-03-18,0.18900026722924038,"{""type"":""MultiPoint"",""coordinates"":[]}"
20210319,2021-03-19,0.7064935527657367,"{""type"":""MultiPoint"",""coordinates"":[]}"
20210320,2021-03-20,0.8970926418026682,"{""type"":""MultiPoint"",""coordinates"":[]}"
20210321,2021-03-21,0.3395345283741911,"{""type"":""MultiPoint"",""coordinates"":[]}"
20210322,2021-03-22,0.11457066225720496,"{""type"":""MultiPoint"",""coordinates"":[]}"
20210323,2021-03-23,0.3894640335266057,"{""type"":""MultiPoint"",""coordinates"":[]}"
20210324,2021-03-24,0.5219917038399043,"{""type"":""MultiPoint"",""coordinates"":[]}"
20210325,2021-03-25,0.06260634513360461,"{""type"":""MultiPoint"",""coordinates"":[]}"
20210326,2021-03-26,0.16959747949348508,"{""type"":""MultiPoint"",""coordinates"":[]}"
20210327,2021-03-27,0.46202733903151844,"{""type"":""MultiPoint"",""coordinates"":[]}"
20210328,2021-03-28,0.13106272749512002,"{""type"":""MultiPoint"",""coordinates"":[]}"
20210329,2021-03-29,0.4553095526667774,"{""type"":""MultiPoint"",""coordinates"":[]}"
20210330,2021-03-30,0.6258239624438435,"{""type"":""MultiPoint"",""coordinates"":[]}"
20210331,2021-03-31,0.8662012860140106,"{""type"":""MultiPoint"",""coordinates"":[]}"
20210401,2021-04-01,0.4197905088793185,"{""type"":""MultiPoint"",""coordinates"":[]}"
20210402,2021-04-02,0.06848834296626181,"{""type"":""MultiPoint"",""coordinates"":[]}"
20210403,2021-04-03,0.14855055523916444,"{""type"":""MultiPoint"",""coordinates"":[]}"
20210404,2021-04-04,0.5084593662990812,"{""type"":""MultiPoint"",""coordinates"":[]}"
20210405,2021-04-05,0.3304382359141312,"{""type"":""MultiPoint"",""coordinates"":[]}"
20210406,2021-04-06,0.4836626368960096,"{""type"":""MultiPoint"",""coordinates"":[]}"
20210407,2021-04-07,0.3830232113115272,"{""type"":""MultiPoint"",""coordinates"":[]}"
20210408,2021-04-08,0.2215033950552728,"{""type"":""MultiPoint"",""coordinates"":[]}"
20210409,2021-04-09,0.17669348569602164,"{""type"":""MultiPoint"",""coordinates"":[]}"
20210410,2021-04-10,0.32018480638855595,"{""type"":""MultiPoint"",""coordinates"":[]}"
20210411,2021-04-11,0.4413338033146693,"{""type"":""MultiPoint"",""coordinates"":[]}"
20210412,2021-04-12,0.7780083419656596,"{""type"":""MultiPoint"",""coordinates"":[]}"
20210413,2021-04-13,1.1370522737933497,"{""type"":""MultiPoint"",""coordinates"":[]}"
20210414,2021-04-14,0.5659300868584514,"{""type"":""MultiPoint"",""coordinates"":[]}"
20210415,2021-04-15,0.4219368478918513,"{""type"":""MultiPoint"",""coordinates"":[]}"
20210416,2021-04-16,0.1494833572077522,"{""type"":""MultiPoint"",""coordinates"":[]}"
20210417,2021-04-17,0.540293702192017,"{""type"":""MultiPoint"",""coordinates"":[]}"
20210418,2021-04-18,0.07180236053781744,"{""type"":""MultiPoint"",""coordinates"":[]}"
20210419,2021-04-19,0.3667848052242443,"{""type"":""MultiPoint"",""coordinates"":[]}"
20210420,2021-04-20,0.1735694669584247,"{""type"":""MultiPoint"",""coordinates"":[]}"
20210421,2021-04-21,0.162101638204288,"{""type"":""MultiPoint"",""coordinates"":[]}"
20210422,2021-04-22,0.14874327363642462,"{""type"":""MultiPoint"",""coordinates"":[]}"
20210423,2021-04-23,0.022284998044815874,"{""type"":""MultiPoint"",""coordinates"":[]}"
20210424,2021-04-24,0.1976405910166738,"{""type"":""MultiPoint"",""coordinates"":[]}"
20210425,2021-04-25,0.24378946949008226,"{""type"":""MultiPoint"",""coordinates"":[]}"
20210426,2021-04-26,0.19407003666196254,"{""type"":""MultiPoint"",""coordinates"":[]}"
20210427,2021-04-27,0.6283391894183982,"{""type"":""MultiPoint"",""coordinates"":[]}"
20210428,2021-04-28,0.15172967684691516,"{""type"":""MultiPoint"",""coordinates"":[]}"
20210429,2021-04-29,0.7412697394982012,"{""type"":""MultiPoint"",""coordinates"":[]}"
20210430,2021-04-30,0.2082154487921793,"{""type"":""MultiPoint"",""coordinates"":[]}"
20210501,2021-05-01,0.28445986460396133,"{""type"":""MultiPoint"",""coordinates"":[]}"
20210502,2021-05-02,0.2785635819747135,"{""type"":""MultiPoint"",""coordinates"":[]}"
20210503,2021-05-03,0.6062211086571164,"{""type"":""MultiPoint"",""coordinates"":[]}"
20210504,2021-05-04,0.36868773832565854,"{""type"":""MultiPoint"",""coordinates"":[]}"
20210505,2021-05-05,0.18495265794186264,"{""type"":""MultiPoint"",""coordinates"":[]}"
20210506,2021-05-06,0.2671463294985311,"{""type"":""MultiPoint"",""coordinates"":[]}"
20210507,2021-05-07,0.2346494829655676,"{""type"":""MultiPoint"",""coordinates"":[]}"
20210508,2021-05-08,0.29679826696501044,"{""type"":""MultiPoint"",""coordinates"":[]}"
20210509,2021-05-09,0.3523829752270095,"{""type"":""MultiPoint"",""coordinates"":[]}"
20210510,2021-05-10,0.9606228446172312,"{""type"":""MultiPoint"",""coordinates"":[]}"
20210511,2021-05-11,0.9738690707164823,"{""type"":""MultiPoint"",""coordinates"":[]}"
20210512,2021-05-12,1.0560071990287183,"{""type"":""MultiPoint"",""coordinates"":[]}"
20210513,2021-05-13,0.6259452603936441,"{""type"":""MultiPoint"",""coordinates"":[]}"
20210514,2021-05-14,0.30298349625783605,"{""type"":""MultiPoint"",""coordinates"":[]}"
20210515,2021-05-15,0.3102848780669594,"{""type"":""MultiPoint"",""coordinates"":[]}"
20210516,2021-05-16,0.5793507914992967,"{""type"":""MultiPoint"",""coordinates"":[]}"
20210517,2021-05-17,0.5020089075710056,"{""type"":""MultiPoint"",""coordinates"":[]}"
20210518,2021-05-18,0.5355446216736508,"{""type"":""MultiPoint"",""coordinates"":[]}"
20210519,2021-05-19,0.5961944139544535,"{""type"":""MultiPoint"",""coordinates"":[]}"
20210520,2021-05-20,0.31165818979744747,"{""type"":""MultiPoint"",""coordinates"":[]}"
20210521,2021-05-21,0.22345352912964986,"{""type"":""MultiPoint"",""coordinates"":[]}"
20210522,2021-05-22,0.0756959193954575,"{""type"":""MultiPoint"",""coordinates"":[]}"
20210523,2021-05-23,0.38078529145319745,"{""type"":""MultiPoint"",""coordinates"":[]}"
20210524,2021-05-24,0.26587479672890324,"{""type"":""MultiPoint"",""coordinates"":[]}"
20210525,2021-05-25,0.26259806074780784,"{""type"":""MultiPoint"",""coordinates"":[]}"
20210526,2021-05-26,0.6742650132404887,"{""type"":""MultiPoint"",""coordinates"":[]}"
20210527,2021-05-27,0.377179390706182,"{""type"":""MultiPoint"",""coordinates"":[]}"
20210528,2021-05-28,0.35932801094492023,"{""type"":""MultiPoint"",""coordinates"":[]}"
20210529,2021-05-29,0.3806557203918738,"{""type"":""MultiPoint"",""coordinates"":[]}"
20210530,2021-05-30,0.6832387852389363,"{""type"":""MultiPoint"",""coordinates"":[]}"
20210531,2021-05-31,0.5163134652264858,"{""type"":""MultiPoint"",""coordinates"":[]}"
20210601,2021-06-01,0.2971873065053945,"{""type"":""MultiPoint"",""coordinates"":[]}"
20210602,2021-06-02,0.13073363909409066,"{""type"":""MultiPoint"",""coordinates"":[]}"
20210603,2021-06-03,0.303769613858551,"{""type"":""MultiPoint"",""coordinates"":[]}"
20210604,2021-06-04,0.5215310669059426,"{""type"":""MultiPoint"",""coordinates"":[]}"
20210605,2021-06-05,0.9394036617772559,"{""type"":""MultiPoint"",""coordinates"":[]}"
20210606,2021-06-06,0.07417708985908764,"{""type"":""MultiPoint"",""coordinates"":[]}"
20210607,2021-06-07,0.268598755495689,"{""type"":""MultiPoint"",""coordinates"":[]}"
20210608,2021-06-08,0.31760955523039536,"{""type"":""MultiPoint"",""coordinates"":[]}"
20210609,2021-06-09,0.2210047307913895,"{""type"":""MultiPoint"",""coordinates"":[]}"
20210610,2021-06-10,0.16967424016498592,"{""type"":""MultiPoint"",""coordinates"":[]}"
20210611,2021-06-11,0.11357014209600882,"{""type"":""MultiPoint"",""coordinates"":[]}"
20210612,2021-06-12,0.4473507318143571,"{""type"":""MultiPoint"",""coordinates"":[]}"
20210613,2021-06-13,0.441040518860688,"{""type"":""MultiPoint"",""coordinates"":[]}"
20210614,2021-06-14,0.11550740613777341,"{""type"":""MultiPoint"",""coordinates"":[]}"
20210615,2021-06-15,0.24132512049651392,"{""type"":""MultiPoint"",""coordinates"":[]}"
20210616,2021-06-16,0.6918093373245001,"{""type"":""MultiPoint"",""coordinates"":[]}"
20210617,2021-06-17,0.874518425565385,"{""type"":""MultiPoint"",""coordinates"":[]}"
20210618,2021-06-18,0.7276734349561464,"{""type"":""MultiPoint"",""coordinates"":[]}"
20210619,2021-06-19,0.7615028042305425,"{""type"":""MultiPoint"",""coordinates"":[]}"
20210620,2021-06-20,1.0218531718216022,"{""type"":""MultiPoint"",""coordinates"":[]}"
20210621,2021-06-21,1.2656196809138878,"{""type"":""MultiPoint"",""coordinates"":[]}"
20210622,2021-06-22,0.09660100931659114,"{""type"":""MultiPoint"",""coordinates"":[]}"
20210623,2021-06-23,0.48128551003207687,"{""type"":""MultiPoint"",""coordinates"":[]}"
20210624,2021-06-24,0.2063358218532869,"{""type"":""MultiPoint"",""coordinates"":[]}"
20210625,2021-06-25,0.2500012901605823,"{""type"":""MultiPoint"",""coordinates"":[]}"
20210626,2021-06-26,0.3652503899978111,"{""type"":""MultiPoint"",""coordinates"":[]}"
20210627,2021-06-27,0.2740785508879422,"{""type"":""MultiPoint"",""coordinates"":[]}"
20210628,2021-06-28,0.697299341432519,"{""type"":""MultiPoint"",""coordinates"":[]}"
20210629,2021-06-29,1.0931743160527132,"{""type"":""MultiPoint"",""coordinates"":[]}"
20210630,2021-06-30,1.428572076088196,"{""type"":""MultiPoint"",""coordinates"":[]}"
20210701,2021-07-01,1.6043293131993823,"{""type"":""MultiPoint"",""coordinates"":[]}"
20210702,2021-07-02,1.1443321044946104,"{""type"":""MultiPoint"",""coordinates"":[]}"
20210703,2021-07-03,1.4666007191346029,"{""type"":""MultiPoint"",""coordinates"":[]}"
20210704,2021-07-04,1.4126422617847576,"{""type"":""MultiPoint"",""coordinates"":[]}"
20210705,2021-07-05,1.0821020038154854,"{""type"":""MultiPoint"",""coordinates"":[]}"
20210706,2021-07-06,0.7851729249292867,"{""type"":""MultiPoint"",""coordinates"":[]}"
20210707,2021-07-07,1.3590866189011521,"{""type"":""MultiPoint"",""coordinates"":[]}"
20210708,2021-07-08,1.0057986544476398,"{""type"":""MultiPoint"",""coordinates"":[]}"
20210709,2021-07-09,0.8902643151361685,"{""type"":""MultiPoint"",""coordinates"":[]}"
20210710,2021-07-10,0.9040485832955161,"{""type"":""MultiPoint"",""coordinates"":[]}"
20210711,2021-07-11,0.3833254731376004,"{""type"":""MultiPoint"",""coordinates"":[]}"
20210712,2021-07-12,1.1046155398355526,"{""type"":""MultiPoint"",""coordinates"":[]}"
20210713,2021-07-13,1.1279558454826129,"{""type"":""MultiPoint"",""coordinates"":[]}"
20210714,2021-07-14,1.0573816180574085,"{""type"":""MultiPoint"",""coordinates"":[]}"
20210715,2021-07-15,0.7278264127921462,"{""type"":""MultiPoint"",""coordinates"":[]}"
20210716,2021-07-16,0.5264859711067411,"{""type"":""MultiPoint"",""coordinates"":[]}"
20210717,2021-07-17,0.4669059831753893,"{""type"":""MultiPoint"",""coordinates"":[]}"
20210718,2021-07-18,0.7621641968447298,"{""type"":""MultiPoint"",""coordinates"":[]}"
20210719,2021-07-19,1.2812777487373332,"{""type"":""MultiPoint"",""coordinates"":[]}"
20210720,2021-07-20,1.6204939450709421,"{""type"":""MultiPoint"",""coordinates"":[]}"
20210721,2021-07-21,1.4415796156600071,"{""type"":""MultiPoint"",""coordinates"":[]}"
20210722,2021-07-22,1.9582292654366968,"{""type"":""MultiPoint"",""coordinates"":[]}"
20210723,2021-07-23,1.4919282705846273,"{""type"":""MultiPoint"",""coordinates"":[]}"
20210724,2021-07-24,0.725987478087294,"{""type"":""MultiPoint"",""coordinates"":[]}"
20210725,2021-07-25,0.14603124535422515,"{""type"":""MultiPoint"",""coordinates"":[]}"
20210726,2021-07-26,0.24300791776700933,"{""type"":""MultiPoint"",""coordinates"":[]}"
20210727,2021-07-27,0.42639321180158585,"{""type"":""MultiPoint"",""coordinates"":[]}"
20210728,2021-07-28,0.654842912814267,"{""type"":""MultiPoint"",""coordinates"":[]}"
20210729,2021-07-29,1.373708116668604,"{""type"":""MultiPoint"",""coordinates"":[]}"
20210730,2021-07-30,1.3212762626836947,"{""type"":""MultiPoint"",""coordinates"":[]}"
20210731,2021-07-31,1.5666720419541977,"{""type"":""MultiPoint"",""coordinates"":[]}"
20210801,2021-08-01,1.9195793614909338,"{""type"":""MultiPoint"",""coordinates"":[]}"
20210802,2021-08-02,1.9058497758589825,"{""type"":""MultiPoint"",""coordinates"":[]}"
20210803,2021-08-03,1.973958429569306,"{""type"":""MultiPoint"",""coordinates"":[]}"
20210804,2021-08-04,1.230769342587053,"{""type"":""MultiPoint"",""coordinates"":[]}"
20210805,2021-08-05,1.8415436924262394,"{""type"":""MultiPoint"",""coordinates"":[]}"
20210806,2021-08-06,1.82358287145012,"{""type"":""MultiPoint"",""coordinates"":[]}"
20210807,2021-08-07,0.9248052395608544,"{""type"":""MultiPoint"",""coordinates"":[]}"
20210808,2021-08-08,0.6372567145288661,"{""type"":""MultiPoint"",""coordinates"":[]}"
20210809,2021-08-09,0.6901870932814913,"{""type"":""MultiPoint"",""coordinates"":[]}"
20210810,2021-08-10,0.8231535780433337,"{""type"":""MultiPoint"",""coordinates"":[]}"
20210811,2021-08-11,0.8954280479791653,"{""type"":""MultiPoint"",""coordinates"":[]}"
20210812,2021-08-12,0.6784861091680124,"{""type"":""MultiPoint"",""coordinates"":[]}"
20210813,2021-08-13,0.6969942665076766,"{""type"":""MultiPoint"",""coordinates"":[]}"
20210814,2021-08-14,0.39946217324755756,"{""type"":""MultiPoint"",""coordinates"":[]}"
20210815,2021-08-15,0.4512078607008771,"{""type"":""MultiPoint"",""coordinates"":[]}"
20210816,2021-08-16,0.22198539244192836,"{""type"":""MultiPoint"",""coordinates"":[]}"
20210817,2021-08-17,0.3478670181820134,"{""type"":""MultiPoint"",""coordinates"":[]}"
20210818,2021-08-18,0.41970870749863415,"{""type"":""MultiPoint"",""coordinates"":[]}"
20210819,2021-08-19,0.22858549321847377,"{""type"":""MultiPoint"",""coordinates"":[]}"
20210820,2021-08-20,0.14709728710674078,"{""type"":""MultiPoint"",""coordinates"":[]}"
20210821,2021-08-21,0.4491034473864124,"{""type"":""MultiPoint"",""coordinates"":[]}"
20210822,2021-08-22,0.49797793872222873,"{""type"":""MultiPoint"",""coordinates"":[]}"
20210823,2021-08-23,0.38284429204762477,"{""type"":""MultiPoint"",""coordinates"":[]}"
20210824,2021-08-24,0.45849388061789853,"{""type"":""MultiPoint"",""coordinates"":[]}"
20210825,2021-08-25,0.28695619844238657,"{""type"":""MultiPoint"",""coordinates"":[]}"
20210826,2021-08-26,0.33429017894627744,"{""type"":""MultiPoint"",""coordinates"":[]}"
20210827,2021-08-27,0.1463904506124828,"{""type"":""MultiPoint"",""coordinates"":[]}"
20210828,2021-08-28,0.3881559235500168,"{""type"":""MultiPoint"",""coordinates"":[]}"
20210829,2021-08-29,0.8325443288906362,"{""type"":""MultiPoint"",""coordinates"":[]}"
20210830,2021-08-30,0.8134478295097346,"{""type"":""MultiPoint"",""coordinates"":[]}"
20210831,2021-08-31,0.15206618204252917,"{""type"":""MultiPoint"",""coordinates"":[]}"
20210901,2021-09-01,0.49437227076008655,"{""type"":""MultiPoint"",""coordinates"":[]}"
20210902,2021-09-02,0.5063537393447248,"{""type"":""MultiPoint"",""coordinates"":[]}"
20210903,2021-09-03,0.4749112914755004,"{""type"":""MultiPoint"",""coordinates"":[]}"
20210904,2021-09-04,0.28667691543981283,"{""type"":""MultiPoint"",""coordinates"":[]}"
20210905,2021-09-05,0.4842422187097042,"{""type"":""MultiPoint"",""coordinates"":[]}"
20210906,2021-09-06,0.5762157664092722,"{""type"":""MultiPoint"",""coordinates"":[]}"
20210907,2021-09-07,0.0973217871072257,"{""type"":""MultiPoint"",""coordinates"":[]}"
20210908,2021-09-08,0.29525129901449954,"{""type"":""MultiPoint"",""coordinates"":[]}"
20210909,2021-09-09,0.1742157062261519,"{""type"":""MultiPoint"",""coordinates"":[]}"
20210910,2021-09-10,0.6341413913771154,"{""type"":""MultiPoint"",""coordinates"":[]}"
20210911,2021-09-11,0.5168112189435365,"{""type"":""MultiPoint"",""coordinates"":[]}"
20210912,2021-09-12,0.4189604013358509,"{""type"":""MultiPoint"",""coordinates"":[]}"
20210913,2021-09-13,0.324840086964874,"{""type"":""MultiPoint"",""coordinates"":[]}"
20210914,2021-09-14,0.4658628841003856,"{""type"":""MultiPoint"",""coordinates"":[]}"
20210915,2021-09-15,0.21614751367888163,"{""type"":""MultiPoint"",""coordinates"":[]}"
20210916,2021-09-16,0.8800410891238312,"{""type"":""MultiPoint"",""coordinates"":[]}"
20210917,2021-09-17,1.3953464158364657,"{""type"":""MultiPoint"",""coordinates"":[]}"
20210918,2021-09-18,0.642779885582451,"{""type"":""MultiPoint"",""coordinates"":[]}"
20210919,2021-09-19,0.24419288976865555,"{""type"":""MultiPoint"",""coordinates"":[]}"
20210920,2021-09-20,0.10643706702714553,"{""type"":""MultiPoint"",""coordinates"":[]}"
20210921,2021-09-21,0.42125478555915646,"{""type"":""MultiPoint"",""coordinates"":[]}"
20210922,2021-09-22,0.45583534355470345,"{""type"":""MultiPoint"",""coordinates"":[]}"
20210923,2021-09-23,0.6548344141559208,"{""type"":""MultiPoint"",""coordinates"":[]}"
20210924,2021-09-24,0.7410562641359392,"{""type"":""MultiPoint"",""coordinates"":[]}"
20210925,2021-09-25,1.4711240542441015,"{""type"":""MultiPoint"",""coordinates"":[]}"
20210926,2021-09-26,1.1563705414482404,"{""type"":""MultiPoint"",""coordinates"":[]}"
20210927,2021-09-27,0.4741052120113243,"{""type"":""MultiPoint"",""coordinates"":[]}"
20210928,2021-09-28,0.20460431265807533,"{""type"":""MultiPoint"",""coordinates"":[]}"
20210929,2021-09-29,0.20128172498234917,"{""type"":""MultiPoint"",""coordinates"":[]}"
20210930,2021-09-30,0.21696371473353152,"{""type"":""MultiPoint"",""coordinates"":[]}"
20211001,2021-10-01,0.1787930224295238,"{""type"":""MultiPoint"",""coordinates"":[]}"
20211002,2021-10-02,0.146435418741244,"{""type"":""MultiPoint"",""coordinates"":[]}"
20211003,2021-10-03,0.09542410389655247,"{""type"":""MultiPoint"",""coordinates"":[]}"
20211004,2021-10-04,0.07940707057668199,"{""type"":""MultiPoint"",""coordinates"":[]}"
20211005,2021-10-05,0.2803796340082634,"{""type"":""MultiPoint"",""coordinates"":[]}"
20211006,2021-10-06,0.17862265482943634,"{""type"":""MultiPoint"",""coordinates"":[]}"
20211007,2021-10-07,0.448789921040181,"{""type"":""MultiPoint"",""coordinates"":[]}"
20211008,2021-10-08,0.463633305067208,"{""type"":""MultiPoint"",""coordinates"":[]}"
20211009,2021-10-09,0.047076065596332754,"{""type"":""MultiPoint"",""coordinates"":[]}"
20211010,2021-10-10,0.3272141675933325,"{""type"":""MultiPoint"",""coordinates"":[]}"
20211011,2021-10-11,0.2888971573341898,"{""type"":""MultiPoint"",""coordinates"":[]}"
20211012,2021-10-12,0.18200934910928548,"{""type"":""MultiPoint"",""coordinates"":[]}"
20211013,2021-10-13,0.1947771448334887,"{""type"":""MultiPoint"",""coordinates"":[]}"
20211014,2021-10-14,0.7235368347095086,"{""type"":""MultiPoint"",""coordinates"":[]}"
20211015,2021-10-15,0.3066753414882784,"{""type"":""MultiPoint"",""coordinates"":[]}"
20211016,2021-10-16,0.3023557374569584,"{""type"":""MultiPoint"",""coordinates"":[]}"
20211017,2021-10-17,0.6297759979042123,"{""type"":""MultiPoint"",""coordinates"":[]}"
20211018,2021-10-18,0.29040165095704706,"{""type"":""MultiPoint"",""coordinates"":[]}"
20211019,2021-10-19,0.29757353024158767,"{""type"":""MultiPoint"",""coordinates"":[]}"
20211020,2021-10-20,0.227853712513744,"{""type"":""MultiPoint"",""coordinates"":[]}"
20211021,2021-10-21,0.36117217353608844,"{""type"":""MultiPoint"",""coordinates"":[]}"
20211022,2021-10-22,0.4430590912382179,"{""type"":""MultiPoint"",""coordinates"":[]}"
20211023,2021-10-23,0.666352116224011,"{""type"":""MultiPoint"",""coordinates"":[]}"
20211024,2021-10-24,0.661192743938175,"{""type"":""MultiPoint"",""coordinates"":[]}"
20211025,2021-10-25,0.8559244398906339,"{""type"":""MultiPoint"",""coordinates"":[]}"
20211026,2021-10-26,0.4442981775871525,"{""type"":""MultiPoint"",""coordinates"":[]}"
20211027,2021-10-27,0.3650027545450459,"{""type"":""MultiPoint"",""coordinates"":[]}"
20211028,2021-10-28,0.8946764850890544,"{""type"":""MultiPoint"",""coordinates"":[]}"
20211029,2021-10-29,0.08857039527911068,"{""type"":""MultiPoint"",""coordinates"":[]}"
20211030,2021-10-30,0.2851227839526189,"{""type"":""MultiPoint"",""coordinates"":[]}"
20211031,2021-10-31,0.5463763292511983,"{""type"":""MultiPoint"",""coordinates"":[]}"
20211101,2021-11-01,0.7395060570555567,"{""type"":""MultiPoint"",""coordinates"":[]}"
20211102,2021-11-02,0.9643390535229753,"{""type"":""MultiPoint"",""coordinates"":[]}"
20211103,2021-11-03,0.9343426562439189,"{""type"":""MultiPoint"",""coordinates"":[]}"
20211104,2021-11-04,0.9419692250653173,"{""type"":""MultiPoint"",""coordinates"":[]}"
20211105,2021-11-05,0.6579736744160688,"{""type"":""MultiPoint"",""coordinates"":[]}"
20211106,2021-11-06,0.2136735634231981,"{""type"":""MultiPoint"",""coordinates"":[]}"
20211107,2021-11-07,0.3717974459118222,"{""type"":""MultiPoint"",""coordinates"":[]}"
20211108,2021-11-08,0.5289673000976836,"{""type"":""MultiPoint"",""coordinates"":[]}"
20211109,2021-11-09,0.4608826885062394,"{""type"":""MultiPoint"",""coordinates"":[]}"
20211110,2021-11-10,0.6027384904366156,"{""type"":""MultiPoint"",""coordinates"":[]}"
20211111,2021-11-11,0.8025291696082238,"{""type"":""MultiPoint"",""coordinates"":[]}"
20211112,2021-11-12,0.3232684867722335,"{""type"":""MultiPoint"",""coordinates"":[]}"
20211113,2021-11-13,0.1787818678893602,"{""type"":""MultiPoint"",""coordinates"":[]}"
20211114,2021-11-14,0.4338614580501341,"{""type"":""MultiPoint"",""coordinates"":[]}"
20211115,2021-11-15,0.919452435411415,"{""type"":""MultiPoint"",""coordinates"":[]}"
20211116,2021-11-16,0.48168312975136446,"{""type"":""MultiPoint"",""coordinates"":[]}"
20211117,2021-11-17,0.670593868847928,"{""type"":""MultiPoint"",""coordinates"":[]}"
20211118,2021-11-18,0.8829859976852239,"{""type"":""MultiPoint"",""coordinates"":[]}"
20211119,2021-11-19,0.7268486266968589,"{""type"":""MultiPoint"",""coordinates"":[]}"
20211120,2021-11-20,0.3720589570182895,"{""type"":""MultiPoint"",""coordinates"":[]}"
20211121,2021-11-21,0.25434366230424527,"{""type"":""MultiPoint"",""coordinates"":[]}"
20211122,2021-11-22,0.5230858395310755,"{""type"":""MultiPoint"",""coordinates"":[]}"
20211123,2021-11-23,0.35609080541124166,"{""type"":""MultiPoint"",""coordinates"":[]}"
20211124,2021-11-24,0.516644557045118,"{""type"":""MultiPoint"",""coordinates"":[]}"
20211125,2021-11-25,0.2652401862222462,"{""type"":""MultiPoint"",""coordinates"":[]}"
20211126,2021-11-26,0.5149850544648479,"{""type"":""MultiPoint"",""coordinates"":[]}"
20211127,2021-11-27,0.39191299845236627,"{""type"":""MultiPoint"",""coordinates"":[]}"
20211128,2021-11-28,0.3414629301127091,"{""type"":""MultiPoint"",""coordinates"":[]}"
20211129,2021-11-29,0.3689789916478461,"{""type"":""MultiPoint"",""coordinates"":[]}"
20211130,2021-11-30,0.20465301504994998,"{""type"":""MultiPoint"",""coordinates"":[]}"
20211201,2021-12-01,0.6393167972541334,"{""type"":""MultiPoint"",""coordinates"":[]}"
20211202,2021-12-02,0.27977288893955166,"{""type"":""MultiPoint"",""coordinates"":[]}"
20211203,2021-12-03,0.045999811398857386,"{""type"":""MultiPoint"",""coordinates"":[]}"
20211204,2021-12-04,0.14888924224415975,"{""type"":""MultiPoint"",""coordinates"":[]}"
20211205,2021-12-05,0.05085305671622406,"{""type"":""MultiPoint"",""coordinates"":[]}"
20211206,2021-12-06,0.13375565711315218,"{""type"":""MultiPoint"",""coordinates"":[]}"
20211207,2021-12-07,0.22755097341276556,"{""type"":""MultiPoint"",""coordinates"":[]}"
20211208,2021-12-08,0.17440825409237837,"{""type"":""MultiPoint"",""coordinates"":[]}"
20211209,2021-12-09,0.5022639858916841,"{""type"":""MultiPoint"",""coordinates"":[]}"
20211210,2021-12-10,0.20255446829582616,"{""type"":""MultiPoint"",""coordinates"":[]}"
20211211,2021-12-11,0.6579860152772914,"{""type"":""MultiPoint"",""coordinates"":[]}"
20211212,2021-12-12,1.0518675360763499,"{""type"":""MultiPoint"",""coordinates"":[]}"
20211213,2021-12-13,0.9103887709670619,"{""type"":""MultiPoint"",""coordinates"":[]}"
20211214,2021-12-14,0.6780438226873694,"{""type"":""MultiPoint"",""coordinates"":[]}"
20211215,2021-12-15,0.6948919788873517,"{""type"":""MultiPoint"",""coordinates"":[]}"
20211216,2021-12-16,0.46315266063628324,"{""type"":""MultiPoint"",""coordinates"":[]}"
20211217,2021-12-17,0.47833605117433,"{""type"":""MultiPoint"",""coordinates"":[]}"
20211218,2021-12-18,0.3012191380711718,"{""type"":""MultiPoint"",""coordinates"":[]}"
20211219,2021-12-19,0.24464148488938708,"{""type"":""MultiPoint"",""coordinates"":[]}"
20211220,2021-12-20,0.6534326786943149,"{""type"":""MultiPoint"",""coordinates"":[]}"
20211221,2021-12-21,0.9223632622926743,"{""type"":""MultiPoint"",""coordinates"":[]}"
20211222,2021-12-22,1.2644859995786382,"{""type"":""MultiPoint"",""coordinates"":[]}"
20211223,2021-12-23,1.097082350131878,"{""type"":""MultiPoint"",""coordinates"":[]}"
20211224,2021-12-24,0.8401948113733975,"{""type"":""MultiPoint"",""coordinates"":[]}"
20211225,2021-12-25,0.6165487493913605,"{""type"":""MultiPoint"",""coordinates"":[]}"
20211226,2021-12-26,0.4305087099433047,"{""type"":""MultiPoint"",""coordinates"":[]}"
20211227,2021-12-27,0.5341960755909344,"{""type"":""MultiPoint"",""coordinates"":[]}"
20211228,2021-12-28,0.7018611633312822,"{""type"":""MultiPoint"",""coordinates"":[]}"
20211229,2021-12-29,0.33052222391879005,"{""type"":""MultiPoint"",""coordinates"":[]}"
20211230,2021-12-30,0.14928375024414883,"{""type"":""MultiPoint"",""coordinates"":[]}"
20211231,2021-12-31,0.3499535831721046,"{""type"":""MultiPoint"",""coordinates"":[]}"
20220101,2022-01-01,0.027434018128805644,"{""type"":""MultiPoint"",""coordinates"":[]}"
20220102,2022-01-02,0.5191948880398638,"{""type"":""MultiPoint"",""coordinates"":[]}"
20220103,2022-01-03,0.38947380164177514,"{""type"":""MultiPoint"",""coordinates"":[]}"
20220104,2022-01-04,0.5597089325351855,"{""type"":""MultiPoint"",""coordinates"":[]}"
20220105,2022-01-05,0.39915184188919806,"{""type"":""MultiPoint"",""coordinates"":[]}"
20220106,2022-01-06,0.08717838988565454,"{""type"":""MultiPoint"",""coordinates"":[]}"
20220107,2022-01-07,0.49910951260447955,"{""type"":""MultiPoint"",""coordinates"":[]}"
20220108,2022-01-08,0.728357550960283,"{""type"":""MultiPoint"",""coordinates"":[]}"
20220109,2022-01-09,1.021010195686196,"{""type"":""MultiPoint"",""coordinates"":[]}"
20220110,2022-01-10,0.7116701439380904,"{""type"":""MultiPoint"",""coordinates"":[]}"
20220111,2022-01-11,0.889837223671172,"{""type"":""MultiPoint"",""coordinates"":[]}"
20220112,2022-01-12,0.5730849589121295,"{""type"":""MultiPoint"",""coordinates"":[]}"
20220113,2022-01-13,0.7019013325094775,"{""type"":""MultiPoint"",""coordinates"":[]}"
20220114,2022-01-14,0.8273391937394352,"{""type"":""MultiPoint"",""coordinates"":[]}"
20220115,2022-01-15,0.4421299149488915,"{""type"":""MultiPoint"",""coordinates"":[]}"
20220116,2022-01-16,0.17165126429782032,"{""type"":""MultiPoint"",""coordinates"":[]}"
20220117,2022-01-17,0.5054059766520774,"{""type"":""MultiPoint"",""coordinates"":[]}"
20220118,2022-01-18,0.45211481711162294,"{""type"":""MultiPoint"",""coordinates"":[]}"
20220119,2022-01-19,0.3738650801219164,"{""type"":""MultiPoint"",""coordinates"":[]}"
20220120,2022-01-20,0.49240068376026236,"{""type"":""MultiPoint"",""coordinates"":[]}"
20220121,2022-01-21,0.28429970025192064,"{""type"":""MultiPoint"",""coordinates"":[]}"
20220122,2022-01-22,0.48547578755442733,"{""type"":""MultiPoint"",""coordinates"":[]}"
20220123,2022-01-23,0.11017976134633214,"{""type"":""MultiPoint"",""coordinates"":[]}"
20220124,2022-01-24,0.23484800406295075,"{""type"":""MultiPoint"",""coordinates"":[]}"
20220125,2022-01-25,0.45749631821113707,"{""type"":""MultiPoint"",""coordinates"":[]}"
20220126,2022-01-26,0.37024325518710083,"{""type"":""MultiPoint"",""coordinates"":[]}"
20220127,2022-01-27,0.6134034983324675,"{""type"":""MultiPoint"",""coordinates"":[]}"
20220128,2022-01-28,0.9158460238640469,"{""type"":""MultiPoint"",""coordinates"":[]}"
20220129,2022-01-29,1.3130730003232398,"{""type"":""MultiPoint"",""coordinates"":[]}"
20220130,2022-01-30,1.3838487482517037,"{""type"":""MultiPoint"",""coordinates"":[]}"
20220131,2022-01-31,1.1879076025567974,"{""type"":""MultiPoint"",""coordinates"":[]}"
20220201,2022-02-01,0.4062297348939024,"{""type"":""MultiPoint"",""coordinates"":[]}"
20220202,2022-02-02,0.10670298245073992,"{""type"":""MultiPoint"",""coordinates"":[]}"
20220203,2022-02-03,0.235727556170825,"{""type"":""MultiPoint"",""coordinates"":[]}"
20220204,2022-02-04,0.508937876438638,"{""type"":""MultiPoint"",""coordinates"":[]}"
20220205,2022-02-05,0.5482840987183144,"{""type"":""MultiPoint"",""coordinates"":[]}"
20220206,2022-02-06,0.382542409801046,"{""type"":""MultiPoint"",""coordinates"":[]}"
20220207,2022-02-07,0.47985072764893083,"{""type"":""MultiPoint"",""coordinates"":[]}"
20220208,2022-02-08,0.22896465389549436,"{""type"":""MultiPoint"",""coordinates"":[]}"
20220209,2022-02-09,0.2654858769147917,"{""type"":""MultiPoint"",""coordinates"":[]}"
20220210,2022-02-10,0.14585780253092304,"{""type"":""MultiPoint"",""coordinates"":[]}"
20220211,2022-02-11,0.262022541501101,"{""type"":""MultiPoint"",""coordinates"":[]}"
20220212,2022-02-12,0.03323666053523976,"{""type"":""MultiPoint"",""coordinates"":[]}"
20220213,2022-02-13,0.04244728421953366,"{""type"":""MultiPoint"",""coordinates"":[]}"
20220214,2022-02-14,0.5489642810466646,"{""type"":""MultiPoint"",""coordinates"":[]}"
20220215,2022-02-15,0.25801118416850055,"{""type"":""MultiPoint"",""coordinates"":[]}"
20220216,2022-02-16,0.2369927350857363,"{""type"":""MultiPoint"",""coordinates"":[]}"
20220217,2022-02-17,0.13956174750000658,"{""type"":""MultiPoint"",""coordinates"":[]}"
20220218,2022-02-18,0.6383716789021227,"{""type"":""MultiPoint"",""coordinates"":[]}"
20220219,2022-02-19,0.6366286828379911,"{""type"":""MultiPoint"",""coordinates"":[]}"
20220220,2022-02-20,0.8779398849956948,"{""type"":""MultiPoint"",""coordinates"":[]}"
20220221,2022-02-21,0.4251719819644984,"{""type"":""MultiPoint"",""coordinates"":[]}"
20220222,2022-02-22,0.11476964288698868,"{""type"":""MultiPoint"",""coordinates"":[]}"
20220223,2022-02-23,0.08678718490577522,"{""type"":""MultiPoint"",""coordinates"":[]}"
20220224,2022-02-24,0.1251222856054792,"{""type"":""MultiPoint"",""coordinates"":[]}"
20220225,2022-02-25,0.14599321506756788,"{""type"":""MultiPoint"",""coordinates"":[]}"
20220226,2022-02-26,0.2884639779421237,"{""type"":""MultiPoint"",""coordinates"":[]}"
20220227,2022-02-27,0.3645993648278461,"{""type"":""MultiPoint"",""coordinates"":[]}"
20220228,2022-02-28,0.31898039263503464,"{""type"":""MultiPoint"",""coordinates"":[]}"
20220301,2022-03-01,0.2922255274792651,"{""type"":""MultiPoint"",""coordinates"":[]}"
20220302,2022-03-02,0.3626710088355884,"{""type"":""MultiPoint"",""coordinates"":[]}"
20220303,2022-03-03,0.44806161085017593,"{""type"":""MultiPoint"",""coordinates"":[]}"
20220304,2022-03-04,0.1792244818103309,"{""type"":""MultiPoint"",""coordinates"":[]}"
20220305,2022-03-05,0.5845082939180727,"{""type"":""MultiPoint"",""coordinates"":[]}"
20220306,2022-03-06,0.7884154689955183,"{""type"":""MultiPoint"",""coordinates"":[]}"
20220307,2022-03-07,1.2036568710129498,"{""type"":""MultiPoint"",""coordinates"":[]}"
20220308,2022-03-08,0.7537928932152639,"{""type"":""MultiPoint"",""coordinates"":[]}"
20220309,2022-03-09,0.5890414311184374,"{""type"":""MultiPoint"",""coordinates"":[]}"
20220310,2022-03-10,0.8292116380960404,"{""type"":""MultiPoint"",""coordinates"":[]}"
20220311,2022-03-11,0.5232786700177009,"{""type"":""MultiPoint"",""coordinates"":[]}"
20220312,2022-03-12,0.2335032940026831,"{""type"":""MultiPoint"",""coordinates"":[]}"
20220313,2022-03-13,0.827083481140118,"{""type"":""MultiPoint"",""coordinates"":[]}"
20220314,2022-03-14,0.057019597929684786,"{""type"":""MultiPoint"",""coordinates"":[]}"
20220315,2022-03-15,0.5110258077224057,"{""type"":""MultiPoint"",""coordinates"":[]}"
20220316,2022-03-16,0.5099588287800074,"{""type"":""MultiPoint"",""coordinates"":[]}"
20220317,2022-03-17,0.18276683351915754,"{""type"":""MultiPoint"",""coordinates"":[]}"
20220318,2022-03-18,0.23167828774701824,"{""type"":""MultiPoint"",""coordinates"":[]}"
20220319,2022-03-19,0.18653957386741427,"{""type"":""MultiPoint"",""coordinates"":[]}"
20220320,2022-03-20,0.17439495022531726,"{""type"":""MultiPoint"",""coordinates"":[]}"
20220321,2022-03-21,0.27180099902061505,"{""type"":""MultiPoint"",""coordinates"":[]}"
20220322,2022-03-22,0.322883163036109,"{""type"":""MultiPoint"",""coordinates"":[]}"
20220323,2022-03-23,0.029221479866224784,"{""type"":""MultiPoint"",""coordinates"":[]}"
20220324,2022-03-24,0.12948802052841654,"{""type"":""MultiPoint"",""coordinates"":[]}"
20220325,2022-03-25,0.4448206508411102,"{""type"":""MultiPoint"",""coordinates"":[]}"
20220326,2022-03-26,0.36023828036651157,"{""type"":""MultiPoint"",""coordinates"":[]}"
20220327,2022-03-27,0.31961679717230124,"{""type"":""MultiPoint"",""coordinates"":[]}"
20220328,2022-03-28,0.6990006265981372,"{""type"":""MultiPoint"",""coordinates"":[]}"
20220329,2022-03-29,0.349758847033895,"{""type"":""MultiPoint"",""coordinates"":[]}"
20220330,2022-03-30,0.08384055257034509,"{""type"":""MultiPoint"",""coordinates"":[]}"
20220331,2022-03-31,0.15917596957139662,"{""type"":""MultiPoint"",""coordinates"":[]}"
20220401,2022-04-01,0.1774473483486035,"{""type"":""MultiPoint"",""coordinates"":[]}"
20220402,2022-04-02,0.19274024678562568,"{""type"":""MultiPoint"",""coordinates"":[]}"
20220403,2022-04-03,0.46118738756888417,"{""type"":""MultiPoint"",""coordinates"":[]}"
20220404,2022-04-04,0.30999550610534676,"{""type"":""MultiPoint"",""coordinates"":[]}"
20220405,2022-04-05,0.37157976174308727,"{""type"":""MultiPoint"",""coordinates"":[]}"
20220406,2022-04-06,0.7139714440589745,"{""type"":""MultiPoint"",""coordinates"":[]}"
20220407,2022-04-07,0.17785289626613374,"{""type"":""MultiPoint"",""coordinates"":[]}"
20220408,2022-04-08,0.3470057957079283,"{""type"":""MultiPoint"",""coordinates"":[]}"
20220409,2022-04-09,0.2083895509202867,"{""type"":""MultiPoint"",""coordinates"":[]}"
20220410,2022-04-10,0.3463453050406778,"{""type"":""MultiPoint"",""coordinates"":[]}"
20220411,2022-04-11,0.06426067295805142,"{""type"":""MultiPoint"",""coordinates"":[]}"
20220412,2022-04-12,0.42790639333219727,"{""type"":""MultiPoint"",""coordinates"":[]}"
20220413,2022-04-13,0.44406292237519834,"{""type"":""MultiPoint"",""coordinates"":[]}"
20220414,2022-04-14,0.17209420668269307,"{""type"":""MultiPoint"",""coordinates"":[]}"
20220415,2022-04-15,0.3480148038152078,"{""type"":""MultiPoint"",""coordinates"":[]}"
20220416,2022-04-16,0.28734403632884875,"{""type"":""MultiPoint"",""coordinates"":[]}"
20220417,2022-04-17,0.19248824659308983,"{""type"":""MultiPoint"",""coordinates"":[]}"
20220418,2022-04-18,0.27495557490399486,"{""type"":""MultiPoint"",""coordinates"":[]}"
20220419,2022-04-19,0.24628144355910714,"{""type"":""MultiPoint"",""coordinates"":[]}"
20220420,2022-04-20,0.3525185651015006,"{""type"":""MultiPoint"",""coordinates"":[]}"
20220421,2022-04-21,0.712933338073753,"{""type"":""MultiPoint"",""coordinates"":[]}"
20220422,2022-04-22,0.8355026559457399,"{""type"":""MultiPoint"",""coordinates"":[]}"
20220423,2022-04-23,1.3008784481620421,"{""type"":""MultiPoint"",""coordinates"":[]}"
20220424,2022-04-24,0.4886674003135371,"{""type"":""MultiPoint"",""coordinates"":[]}"
20220425,2022-04-25,0.3852465287783447,"{""type"":""MultiPoint"",""coordinates"":[]}"
20220426,2022-04-26,0.07506723522567645,"{""type"":""MultiPoint"",""coordinates"":[]}"
20220427,2022-04-27,0.23732535002160324,"{""type"":""MultiPoint"",""coordinates"":[]}"
20220428,2022-04-28,0.17784863835137796,"{""type"":""MultiPoint"",""coordinates"":[]}"
20220429,2022-04-29,0.5025690564374844,"{""type"":""MultiPoint"",""coordinates"":[]}"
20220430,2022-04-30,1.181310112233598,"{""type"":""MultiPoint"",""coordinates"":[]}"
20220501,2022-05-01,0.8221644579467579,"{""type"":""MultiPoint"",""coordinates"":[]}"
20220502,2022-05-02,0.3602307482619145,"{""type"":""MultiPoint"",""coordinates"":[]}"
20220503,2022-05-03,0.3901334158915574,"{""type"":""MultiPoint"",""coordinates"":[]}"
20220504,2022-05-04,0.5140299593718359,"{""type"":""MultiPoint"",""coordinates"":[]}"
20220505,2022-05-05,0.49513640495564515,"{""type"":""MultiPoint"",""coordinates"":[]}"
20220506,2022-05-06,0.12323889238142686,"{""type"":""MultiPoint"",""coordinates"":[]}"
20220507,2022-05-07,0.418479513553028,"{""type"":""MultiPoint"",""coordinates"":[]}"
20220508,2022-05-08,1.1687795172365205,"{""type"":""MultiPoint"",""coordinates"":[]}"
20220509,2022-05-09,0.6255245744706344,"{""type"":""MultiPoint"",""coordinates"":[]}"
20220510,2022-05-10,0.09126401300821337,"{""type"":""MultiPoint"",""coordinates"":[]}"
20220511,2022-05-11,0.26820629855006545,"{""type"":""MultiPoint"",""coordinates"":[]}"
20220512,2022-05-12,0.36578834177824326,"{""type"":""MultiPoint"",""coordinates"":[]}"
20220513,2022-05-13,0.3058898072694154,"{""type"":""MultiPoint"",""coordinates"":[]}"
20220514,2022-05-14,0.18628705578949264,"{""type"":""MultiPoint"",""coordinates"":[]}"
20220515,2022-05-15,0.31685396339445565,"{""type"":""MultiPoint"",""coordinates"":[]}"
20220516,2022-05-16,0.6677133624299117,"{""type"":""MultiPoint"",""coordinates"":[]}"
20220517,2022-05-17,0.4531978638109976,"{""type"":""MultiPoint"",""coordinates"":[]}"
20220518,2022-05-18,0.3354720465582059,"{""type"":""MultiPoint"",""coordinates"":[]}"
20220519,2022-05-19,0.9896126072967603,"{""type"":""MultiPoint"",""coordinates"":[]}"
20220520,2022-05-20,0.45383040143254055,"{""type"":""MultiPoint"",""coordinates"":[]}"
20220521,2022-05-21,0.2792877195832368,"{""type"":""MultiPoint"",""coordinates"":[]}"
20220522,2022-05-22,0.5206055407421094,"{""type"":""MultiPoint"",""coordinates"":[]}"
20220523,2022-05-23,0.22304229024578512,"{""type"":""MultiPoint"",""coordinates"":[]}"
20220524,2022-05-24,0.32741761825605437,"{""type"":""MultiPoint"",""coordinates"":[]}"
20220525,2022-05-25,0.43241547784316947,"{""type"":""MultiPoint"",""coordinates"":[]}"
20220526,2022-05-26,0.44305321342162485,"{""type"":""MultiPoint"",""coordinates"":[]}"
20220527,2022-05-27,0.6918666863598364,"{""type"":""MultiPoint"",""coordinates"":[]}"
20220528,2022-05-28,0.7269525112694631,"{""type"":""MultiPoint"",""coordinates"":[]}"
20220529,2022-05-29,0.2721264120035721,"{""type"":""MultiPoint"",""coordinates"":[]}"
20220530,2022-05-30,0.36174427002567927,"{""type"":""MultiPoint"",""coordinates"":[]}"
20220531,2022-05-31,0.07424253029055317,"{""type"":""MultiPoint"",""coordinates"":[]}"
20220601,2022-06-01,0.24849007954842015,"{""type"":""MultiPoint"",""coordinates"":[]}"
20220602,2022-06-02,0.07491991340320509,"{""type"":""MultiPoint"",""coordinates"":[]}"
20220603,2022-06-03,0.6366741340774847,"{""type"":""MultiPoint"",""coordinates"":[]}"
20220604,2022-06-04,0.518981661416722,"{""type"":""MultiPoint"",""coordinates"":[]}"
20220605,2022-06-05,0.7641229354325648,"{""type"":""MultiPoint"",""coordinates"":[]}"
20220606,2022-06-06,0.22950839243825155,"{""type"":""MultiPoint"",""coordinates"":[]}"
20220607,2022-06-07,0.06198219074900802,"{""type"":""MultiPoint"",""coordinates"":[]}"
20220608,2022-06-08,0.559207222632989,"{""type"":""MultiPoint"",""coordinates"":[]}"
20220609,2022-06-09,0.4901441207619703,"{""type"":""MultiPoint"",""coordinates"":[]}"
20220610,2022-06-10,0.10287419859697108,"{""type"":""MultiPoint"",""coordinates"":[]}"
20220611,2022-06-11,0.2781934202226494,"{""type"":""MultiPoint"",""coordinates"":[]}"
20220612,2022-06-12,0.6016868533567913,"{""type"":""MultiPoint"",""coordinates"":[]}"
20220613,2022-06-13,0.7763366891465993,"{""type"":""MultiPoint"",""coordinates"":[]}"
20220614,2022-06-14,0.6172640737174403,"{""type"":""MultiPoint"",""coordinates"":[]}"
20220615,2022-06-15,0.4139229281444113,"{""type"":""MultiPoint"",""coordinates"":[]}"
20220616,2022-06-16,0.6047528920473745,"{""type"":""MultiPoint"",""coordinates"":[]}"
20220617,2022-06-17,0.16729581321802747,"{""type"":""MultiPoint"",""coordinates"":[]}"
20220618,2022-06-18,0.12214202925407956,"{""type"":""MultiPoint"",""coordinates"":[]}"
20220619,2022-06-19,0.3502878038436818,"{""type"":""MultiPoint"",""coordinates"":[]}"
20220620,2022-06-20,0.3896998528564562,"{""type"":""MultiPoint"",""coordinates"":[]}"
20220621,2022-06-21,0.6301497273912504,"{""type"":""MultiPoint"",""coordinates"":[]}"
20220622,2022-06-22,0.32951743162466907,"{""type"":""MultiPoint"",""coordinates"":[]}"
20220623,2022-06-23,0.7436607309110581,"{""type"":""MultiPoint"",""coordinates"":[]}"
20220624,2022-06-24,1.0068713672601357,"{""type"":""MultiPoint"",""coordinates"":[]}"
20220625,2022-06-25,0.6100608963621619,"{""type"":""MultiPoint"",""coordinates"":[]}"
20220626,2022-06-26,0.7055653119529365,"{""type"":""MultiPoint"",""coordinates"":[]}"
20220627,2022-06-27,0.5298265446789909,"{""type"":""MultiPoint"",""coordinates"":[]}"
20220628,2022-06-28,0.3231863338554924,"{""type"":""MultiPoint"",""coordinates"":[]}"
20220629,2022-06-29,0.30072366665927774,"{""type"":""MultiPoint"",""coordinates"":[]}"
20220630,2022-06-30,0.7646900369981051,"{""type"":""MultiPoint"",""coordinates"":[]}"
20220701,2022-07-01,0.47534827431689464,"{""type"":""MultiPoint"",""coordinates"":[]}"
20220702,2022-07-02,0.6053051403709053,"{""type"":""MultiPoint"",""coordinates"":[]}"
20220703,2022-07-03,0.894666542985098,"{""type"":""MultiPoint"",""coordinates"":[]}"
20220704,2022-07-04,1.1867827681429919,"{""type"":""MultiPoint"",""coordinates"":[]}"
20220705,2022-07-05,0.6765452105412415,"{""type"":""MultiPoint"",""coordinates"":[]}"
20220706,2022-07-06,0.7789970048482334,"{""type"":""MultiPoint"",""coordinates"":[]}"
20220707,2022-07-07,0.6222895720052768,"{""type"":""MultiPoint"",""coordinates"":[]}"
20220708,2022-07-08,0.8594549989755418,"{""type"":""MultiPoint"",""coordinates"":[]}"
20220709,2022-07-09,1.2814029225104964,"{""type"":""MultiPoint"",""coordinates"":[]}"
20220710,2022-07-10,0.7904472548073372,"{""type"":""MultiPoint"",""coordinates"":[]}"
20220711,2022-07-11,0.36575978350083577,"{""type"":""MultiPoint"",""coordinates"":[]}"
20220712,2022-07-12,0.2745684783898674,"{""type"":""MultiPoint"",""coordinates"":[]}"
20220713,2022-07-13,0.5247476812068218,"{""type"":""MultiPoint"",""coordinates"":[]}"
20220714,2022-07-14,0.48019530620038653,"{""type"":""MultiPoint"",""coordinates"":[]}"
20220715,2022-07-15,0.10978752154252035,"{""type"":""MultiPoint"",""coordinates"":[]}"
20220716,2022-07-16,0.22413272894390154,"{""type"":""MultiPoint"",""coordinates"":[]}"
20220717,2022-07-17,0.5135288823417548,"{""type"":""MultiPoint"",""coordinates"":[]}"
20220718,2022-07-18,0.9232961300127994,"{""type"":""MultiPoint"",""coordinates"":[]}"
20220719,2022-07-19,1.124875750269779,"{""type"":""MultiPoint"",""coordinates"":[]}"
20220720,2022-07-20,1.2692139185438507,"{""type"":""MultiPoint"",""coordinates"":[]}"
20220721,2022-07-21,1.0988228995989797,"{""type"":""MultiPoint"",""coordinates"":[]}"
20220722,2022-07-22,0.31371830274460194,"{""type"":""MultiPoint"",""coordinates"":[]}"
20220723,2022-07-23,0.022556300065424084,"{""type"":""MultiPoint"",""coordinates"":[]}"
20220724,2022-07-24,0.2666652238112599,"{""type"":""MultiPoint"",""coordinates"":[]}"
20220725,2022-07-25,0.5692486785832052,"{""type"":""MultiPoint"",""coordinates"":[]}"
20220726,2022-07-26,0.1033975776862294,"{""type"":""MultiPoint"",""coordinates"":[]}"
20220727,2022-07-27,0.37528163798467756,"{""type"":""MultiPoint"",""coordinates"":[]}"
20220728,2022-07-28,0.29514619026357625,"{""type"":""MultiPoint"",""coordinates"":[]}"
20220729,2022-07-29,0.427221938119549,"{""type"":""MultiPoint"",""coordinates"":[]}"
20220730,2022-07-30,0.8742466689717826,"{""type"":""MultiPoint"",""coordinates"":[]}"
20220731,2022-07-31,0.8590738300490202,"{""type"":""MultiPoint"",""coordinates"":[]}"
20220801,2022-08-01,0.25841703812245764,"{""type"":""MultiPoint"",""coordinates"":[]}"
20220802,2022-08-02,0.453610870251952,"{""type"":""MultiPoint"",""coordinates"":[]}"
20220803,2022-08-03,0.5227040011262061,"{""type"":""MultiPoint"",""coordinates"":[]}"
20220804,2022-08-04,0.45940639917921405,"{""type"":""MultiPoint"",""coordinates"":[]}"
20220805,2022-08-05,0.23370872692323552,"{""type"":""MultiPoint"",""coordinates"":[]}"
20220806,2022-08-06,0.5849017251894094,"{""type"":""MultiPoint"",""coordinates"":[]}"
20220807,2022-08-07,0.3263009843750652,"{""type"":""MultiPoint"",""coordinates"":[]}"
20220808,2022-08-08,0.689312080174963,"{""type"":""MultiPoint"",""coordinates"":[]}"
20220809,2022-08-09,0.7510619000717272,"{""type"":""MultiPoint"",""coordinates"":[]}"
20220810,2022-08-10,1.330833884449063,"{""type"":""MultiPoint"",""coordinates"":[]}"
20220811,2022-08-11,1.2099819242865044,"{""type"":""MultiPoint"",""coordinates"":[]}"
20220812,2022-08-12,0.6332075907375377,"{""type"":""MultiPoint"",""coordinates"":[]}"
20220813,2022-08-13,0.460811527149828,"{""type"":""MultiPoint"",""coordinates"":[]}"
20220814,2022-08-14,0.6911530681523753,"{""type"":""MultiPoint"",""coordinates"":[]}"
20220815,2022-08-15,0.9861180609446402,"{""type"":""MultiPoint"",""coordinates"":[]}"
20220816,2022-08-16,0.549411382295947,"{""type"":""MultiPoint"",""coordinates"":[]}"
20220817,2022-08-17,0.2993004149078759,"{""type"":""MultiPoint"",""coordinates"":[]}"
20220818,2022-08-18,0.07225773512864281,"{""type"":""MultiPoint"",""coordinates"":[]}"
20220819,2022-08-19,0.4674500901013599,"{""type"":""MultiPoint"",""coordinates"":[]}"
20220820,2022-08-20,1.1112737682643852,"{""type"":""MultiPoint"",""coordinates"":[]}"
20220821,2022-08-21,0.754523495386912,"{""type"":""MultiPoint"",""coordinates"":[]}"
20220822,2022-08-22,0.976464114584928,"{""type"":""MultiPoint"",""coordinates"":[]}"
20220823,2022-08-23,0.8315017560070004,"{""type"":""MultiPoint"",""coordinates"":[]}"
20220824,2022-08-24,0.9941787101865226,"{""type"":""MultiPoint"",""coordinates"":[]}"
20220825,2022-08-25,0.8111374371742471,"{""type"":""MultiPoint"",""coordinates"":[]}"
20220826,2022-08-26,0.28984167492203156,"{""type"":""MultiPoint"",""coordinates"":[]}"
20220827,2022-08-27,0.42692270327119186,"{""type"":""MultiPoint"",""coordinates"":[]}"
20220828,2022-08-28,0.4263440524458068,"{""type"":""MultiPoint"",""coordinates"":[]}"
20220829,2022-08-29,0.5933986357836669,"{""type"":""MultiPoint"",""coordinates"":[]}"
20220830,2022-08-30,1.0710409487088854,"{""type"":""MultiPoint"",""coordinates"":[]}"
20220831,2022-08-31,0.47822606868709594,"{""type"":""MultiPoint"",""coordinates"":[]}"
20220901,2022-09-01,0.1966875935972805,"{""type"":""MultiPoint"",""coordinates"":[]}"
20220902,2022-09-02,0.2968484051922259,"{""type"":""MultiPoint"",""coordinates"":[]}"
20220903,2022-09-03,0.8152875104038351,"{""type"":""MultiPoint"",""coordinates"":[]}"
20220904,2022-09-04,1.399831109328245,"{""type"":""MultiPoint"",""coordinates"":[]}"
20220905,2022-09-05,0.996080076423018,"{""type"":""MultiPoint"",""coordinates"":[]}"
20220906,2022-09-06,0.9686236676793598,"{""type"":""MultiPoint"",""coordinates"":[]}"
20220907,2022-09-07,0.8961937229156954,"{""type"":""MultiPoint"",""coordinates"":[]}"
20220908,2022-09-08,0.2715177864995243,"{""type"":""MultiPoint"",""coordinates"":[]}"
20220909,2022-09-09,0.4683235978161253,"{""type"":""MultiPoint"",""coordinates"":[]}"
20220910,2022-09-10,1.1076578711846632,"{""type"":""MultiPoint"",""coordinates"":[]}"
20220911,2022-09-11,1.0733588659667603,"{""type"":""MultiPoint"",""coordinates"":[]}"
20220912,2022-09-12,0.6184328099445024,"{""type"":""MultiPoint"",""coordinates"":[]}"
20220913,2022-09-13,0.39375267212524645,"{""type"":""MultiPoint"",""coordinates"":[]}"
20220914,2022-09-14,0.1364791599096906,"{""type"":""MultiPoint"",""coordinates"":[]}"
20220915,2022-09-15,0.11711554878196205,"{""type"":""MultiPoint"",""coordinates"":[]}"
20220916,2022-09-16,0.7586193733989894,"{""type"":""MultiPoint"",""coordinates"":[]}"
20220917,2022-09-17,0.2777638990275746,"{""type"":""MultiPoint"",""coordinates"":[]}"
20220918,2022-09-18,0.28679492789838396,"{""type"":""MultiPoint"",""coordinates"":[]}"
20220919,2022-09-19,0.8135268384179706,"{""type"":""MultiPoint"",""coordinates"":[]}"
20220920,2022-09-20,0.4671454611116582,"{""type"":""MultiPoint"",""coordinates"":[]}"
20220921,2022-09-21,0.3627062477761559,"{""type"":""MultiPoint"",""coordinates"":[]}"
20220922,2022-09-22,0.6238291571269617,"{""type"":""MultiPoint"",""coordinates"":[]}"
20220923,2022-09-23,0.4013194191409705,"{""type"":""MultiPoint"",""coordinates"":[]}"
20220924,2022-09-24,0.7715675655508658,"{""type"":""MultiPoint"",""coordinates"":[]}"
20220925,2022-09-25,0.39762970283088395,"{""type"":""MultiPoint"",""coordinates"":[]}"
20220926,2022-09-26,0.2085730240357699,"{""type"":""MultiPoint"",""coordinates"":[]}"
20220927,2022-09-27,0.10652198854465705,"{""type"":""MultiPoint"",""coordinates"":[]}"
20220928,2022-09-28,0.3378411382495691,"{""type"":""MultiPoint"",""coordinates"":[]}"
20220929,2022-09-29,0.22349190336440278,"{""type"":""MultiPoint"",""coordinates"":[]}"
20220930,2022-09-30,0.28128234170100225,"{""type"":""MultiPoint"",""coordinates"":[]}"
20221001,2022-10-01,0.7496158883683002,"{""type"":""MultiPoint"",""coordinates"":[]}"
20221002,2022-10-02,0.946425247003369,"{""type"":""MultiPoint"",""coordinates"":[]}"
20221003,2022-10-03,0.5459976064065649,"{""type"":""MultiPoint"",""coordinates"":[]}"
20221004,2022-10-04,0.22621518542331503,"{""type"":""MultiPoint"",""coordinates"":[]}"
20221005,2022-10-05,0.4911093821793233,"{""type"":""MultiPoint"",""coordinates"":[]}"
20221006,2022-10-06,0.5759831864297019,"{""type"":""MultiPoint"",""coordinates"":[]}"
20221007,2022-10-07,0.26229111969254754,"{""type"":""MultiPoint"",""coordinates"":[]}"
20221008,2022-10-08,0.4268946088785553,"{""type"":""MultiPoint"",""coordinates"":[]}"
20221009,2022-10-09,0.11408012833073933,"{""type"":""MultiPoint"",""coordinates"":[]}"
20221010,2022-10-10,0.45471068473563164,"{""type"":""MultiPoint"",""coordinates"":[]}"
20221011,2022-10-11,0.15563973136333273,"{""type"":""MultiPoint"",""coordinates"":[]}"
20221012,2022-10-12,0.26471348122227906,"{""type"":""MultiPoint"",""coordinates"":[]}"
20221013,2022-10-13,0.6469938507335499,"{""type"":""MultiPoint"",""coordinates"":[]}"
20221014,2022-10-14,0.8168526204217702,"{""type"":""MultiPoint"",""coordinates"":[]}"
20221015,2022-10-15,0.22756312597897188,"{""type"":""MultiPoint"",""coordinates"":[]}"
20221016,2022-10-16,0.4709731069570787,"{""type"":""MultiPoint"",""coordinates"":[]}"
20221017,2022-10-17,0.1293756355040596,"{""type"":""MultiPoint"",""coordinates"":[]}"
20221018,2022-10-18,0.6252494785764848,"{""type"":""MultiPoint"",""coordinates"":[]}"
20221019,2022-10-19,0.2467526854054065,"{""type"":""MultiPoint"",""coordinates"":[]}"
20221020,2022-10-20,0.5074073431275915,"{""type"":""MultiPoint"",""coordinates"":[]}"
20221021,2022-10-21,0.6602268943540804,"{""type"":""MultiPoint"",""coordinates"":[]}"
20221022,2022-10-22,0.7349973098897891,"{""type"":""MultiPoint"",""coordinates"":[]}"
20221023,2022-10-23,0.6389012113248944,"{""type"":""MultiPoint"",""coordinates"":[]}"
20221024,2022-10-24,0.037269900783184824,"{""type"":""MultiPoint"",""coordinates"":[]}"
20221025,2022-10-25,0.3267047564022035,"{""type"":""MultiPoint"",""coordinates"":[]}"
20221026,2022-10-26,1.0855063729837056,"{""type"":""MultiPoint"",""coordinates"":[]}"
20221027,2022-10-27,0.9239203461012054,"{""type"":""MultiPoint"",""coordinates"":[]}"
20221028,2022-10-28,1.1202375720474627,"{""type"":""MultiPoint"",""coordinates"":[]}"
20221029,2022-10-29,1.133664674675524,"{""type"":""MultiPoint"",""coordinates"":[]}"
20221030,2022-10-30,1.1722225149726906,"{""type"":""MultiPoint"",""coordinates"":[]}"
20221031,2022-10-31,0.799729916954915,"{""type"":""MultiPoint"",""coordinates"":[]}"
20221101,2022-11-01,0.3499677853210811,"{""type"":""MultiPoint"",""coordinates"":[]}"
20221102,2022-11-02,0.7139736472621306,"{""type"":""MultiPoint"",""coordinates"":[]}"
20221103,2022-11-03,1.7116329400565078,"{""type"":""MultiPoint"",""coordinates"":[]}"
20221104,2022-11-04,0.344207489437911,"{""type"":""MultiPoint"",""coordinates"":[]}"
20221105,2022-11-05,0.5124591545457388,"{""type"":""MultiPoint"",""coordinates"":[]}"
20221106,2022-11-06,0.19588538243238945,"{""type"":""MultiPoint"",""coordinates"":[]}"
20221107,2022-11-07,0.1266077807209231,"{""type"":""MultiPoint"",""coordinates"":[]}"
20221108,2022-11-08,0.3637488937527112,"{""type"":""MultiPoint"",""coordinates"":[]}"
20221109,2022-11-09,0.6072614227413411,"{""type"":""MultiPoint"",""coordinates"":[]}"
20221110,2022-11-10,0.45732534204474873,"{""type"":""MultiPoint"",""coordinates"":[]}"
20221111,2022-11-11,0.3055010356468777,"{""type"":""MultiPoint"",""coordinates"":[]}"
20221112,2022-11-12,0.6202164108122193,"{""type"":""MultiPoint"",""coordinates"":[]}"
20221113,2022-11-13,0.9430926807839696,"{""type"":""MultiPoint"",""coordinates"":[]}"
20221114,2022-11-14,0.7989103948546217,"{""type"":""MultiPoint"",""coordinates"":[]}"
20221115,2022-11-15,0.5374273663629688,"{""type"":""MultiPoint"",""coordinates"":[]}"
20221116,2022-11-16,0.40718214508376316,"{""type"":""MultiPoint"",""coordinates"":[]}"
20221117,2022-11-17,0.4714819562855522,"{""type"":""MultiPoint"",""coordinates"":[]}"
20221118,2022-11-18,0.1402025655192266,"{""type"":""MultiPoint"",""coordinates"":[]}"
20221119,2022-11-19,0.23290548237735925,"{""type"":""MultiPoint"",""coordinates"":[]}"
20221120,2022-11-20,0.1279862690099292,"{""type"":""MultiPoint"",""coordinates"":[]}"
20221121,2022-11-21,0.9064035980919088,"{""type"":""MultiPoint"",""coordinates"":[]}"
20221122,2022-11-22,0.9389420167044978,"{""type"":""MultiPoint"",""coordinates"":[]}"
20221123,2022-11-23,0.796741654876597,"{""type"":""MultiPoint"",""coordinates"":[]}"
20221124,2022-11-24,0.5375934993619269,"{""type"":""MultiPoint"",""coordinates"":[]}"
20221125,2022-11-25,0.4500232592869851,"{""type"":""MultiPoint"",""coordinates"":[]}"
20221126,2022-11-26,0.6418489853245727,"{""type"":""MultiPoint"",""coordinates"":[]}"
20221127,2022-11-27,0.29299572820038966,"{""type"":""MultiPoint"",""coordinates"":[]}"
20221128,2022-11-28,0.5174047920730593,"{""type"":""MultiPoint"",""coordinates"":[]}"
20221129,2022-11-29,0.7425938666169969,"{""type"":""MultiPoint"",""coordinates"":[]}"
20221130,2022-11-30,0.8382034147333144,"{""type"":""MultiPoint"",""coordinates"":[]}"
20221201,2022-12-01,1.307658224848425,"{""type"":""MultiPoint"",""coordinates"":[]}"
20221202,2022-12-02,1.190638583404407,"{""type"":""MultiPoint"",""coordinates"":[]}"
20221203,2022-12-03,0.5603383079079132,"{""type"":""MultiPoint"",""coordinates"":[]}"
20221204,2022-12-04,0.8296188634746875,"{""type"":""MultiPoint"",""coordinates"":[]}"
20221205,2022-12-05,0.7978092973999611,"{""type"":""MultiPoint"",""coordinates"":[]}"
20221206,2022-12-06,0.6154045013512898,"{""type"":""MultiPoint"",""coordinates"":[]}"
20221207,2022-12-07,0.40645900343351155,"{""type"":""MultiPoint"",""coordinates"":[]}"
20221208,2022-12-08,0.7373098960452688,"{""type"":""MultiPoint"",""coordinates"":[]}"
20221209,2022-12-09,0.45239469205824057,"{""type"":""MultiPoint"",""coordinates"":[]}"
20221210,2022-12-10,0.5709897505863334,"{""type"":""MultiPoint"",""coordinates"":[]}"
20221211,2022-12-11,0.04802859394727314,"{""type"":""MultiPoint"",""coordinates"":[]}"
20221212,2022-12-12,0.3635126023983375,"{""type"":""MultiPoint"",""coordinates"":[]}"
20221213,2022-12-13,0.3713262018465643,"{""type"":""MultiPoint"",""coordinates"":[]}"
20221214,2022-12-14,0.24599656307224244,"{""type"":""MultiPoint"",""coordinates"":[]}"
20221215,2022-12-15,0.10271380257127924,"{""type"":""MultiPoint"",""coordinates"":[]}"
20221216,2022-12-16,0.30128602741232735,"{""type"":""MultiPoint"",""coordinates"":[]}"
20221217,2022-12-17,0.3565467719329749,"{""type"":""MultiPoint"",""coordinates"":[]}"
20221218,2022-12-18,0.29660297477006375,"{""type"":""MultiPoint"",""coordinates"":[]}"
20221219,2022-12-19,0.43495621373127596,"{""type"":""MultiPoint"",""coordinates"":[]}"
20221220,2022-12-20,0.19200203417166142,"{""type"":""MultiPoint"",""coordinates"":[]}"
20221221,2022-12-21,0.4448962972921041,"{""type"":""MultiPoint"",""coordinates"":[]}"
20221222,2022-12-22,0.051526702487576403,"{""type"":""MultiPoint"",""coordinates"":[]}"
20221223,2022-12-23,0.2233345139049245,"{""type"":""MultiPoint"",""coordinates"":[]}"
20221224,2022-12-24,0.2701990698150642,"{""type"":""MultiPoint"",""coordinates"":[]}"
20221225,2022-12-25,0.7532384692111651,"{""type"":""MultiPoint"",""coordinates"":[]}"
20221226,2022-12-26,0.18488886336831187,"{""type"":""MultiPoint"",""coordinates"":[]}"
20221227,2022-12-27,0.18244304446495652,"{""type"":""MultiPoint"",""coordinates"":[]}"
20221228,2022-12-28,0.6453118083653231,"{""type"":""MultiPoint"",""coordinates"":[]}"
20221229,2022-12-29,0.7214599236777333,"{""type"":""MultiPoint"",""coordinates"":[]}"
20221230,2022-12-30,0.05760594675948226,"{""type"":""MultiPoint"",""coordinates"":[]}"
20221231,2022-12-31,0.31341227030060376,"{""type"":""MultiPoint"",""coordinates"":[]}"
20230101,2023-01-01,0.24905440859530062,"{""type"":""MultiPoint"",""coordinates"":[]}"
20230102,2023-01-02,0.3212371888227542,"{""type"":""MultiPoint"",""coordinates"":[]}"
20230103,2023-01-03,0.6611427996488315,"{""type"":""MultiPoint"",""coordinates"":[]}"
20230104,2023-01-04,0.7678508982016109,"{""type"":""MultiPoint"",""coordinates"":[]}"
20230105,2023-01-05,0.34124285773452895,"{""type"":""MultiPoint"",""coordinates"":[]}"
20230106,2023-01-06,0.270341698549638,"{""type"":""MultiPoint"",""coordinates"":[]}"
20230107,2023-01-07,0.3587986271933355,"{""type"":""MultiPoint"",""coordinates"":[]}"
20230108,2023-01-08,0.2376089553236325,"{""type"":""MultiPoint"",""coordinates"":[]}"
20230109,2023-01-09,0.12075226738102487,"{""type"":""MultiPoint"",""coordinates"":[]}"
20230110,2023-01-10,0.3507240928951102,"{""type"":""MultiPoint"",""coordinates"":[]}"
20230111,2023-01-11,0.2922903472649833,"{""type"":""MultiPoint"",""coordinates"":[]}"
20230112,2023-01-12,0.21878145674582095,"{""type"":""MultiPoint"",""coordinates"":[]}"
20230113,2023-01-13,0.1085846120377939,"{""type"":""MultiPoint"",""coordinates"":[]}"
20230114,2023-01-14,0.45586321023844056,"{""type"":""MultiPoint"",""coordinates"":[]}"
20230115,2023-01-15,0.6089124050841421,"{""type"":""MultiPoint"",""coordinates"":[]}"
20230116,2023-01-16,0.2765544992922301,"{""type"":""MultiPoint"",""coordinates"":[]}"
20230117,2023-01-17,0.19425997949752508,"{""type"":""MultiPoint"",""coordinates"":[]}"
20230118,2023-01-18,0.2172204069875386,"{""type"":""MultiPoint"",""coordinates"":[]}"
20230119,2023-01-19,0.3961959739199006,"{""type"":""MultiPoint"",""coordinates"":[]}"
20230120,2023-01-20,0.31726429736751394,"{""type"":""MultiPoint"",""coordinates"":[]}"
20230121,2023-01-21,0.19561425342287914,"{""type"":""MultiPoint"",""coordinates"":[]}"
20230122,2023-01-22,0.24101043708378694,"{""type"":""MultiPoint"",""coordinates"":[]}"
20230123,2023-01-23,0.15942157421177056,"{""type"":""MultiPoint"",""coordinates"":[]}"
20230124,2023-01-24,0.5096674373025896,"{""type"":""MultiPoint"",""coordinates"":[]}"
20230125,2023-01-25,0.43583420920663196,"{""type"":""MultiPoint"",""coordinates"":[]}"
20230126,2023-01-26,0.24377894334850275,"{""type"":""MultiPoint"",""coordinates"":[]}"
20230127,2023-01-27,0.2655354748829337,"{""type"":""MultiPoint"",""coordinates"":[]}"
20230128,2023-01-28,0.22414234641648903,"{""type"":""MultiPoint"",""coordinates"":[]}"
20230129,2023-01-29,0.5154958239833306,"{""type"":""MultiPoint"",""coordinates"":[]}"
20230130,2023-01-30,0.536852544695732,"{""type"":""MultiPoint"",""coordinates"":[]}"
20230131,2023-01-31,0.6866966420287445,"{""type"":""MultiPoint"",""coordinates"":[]}"
20230201,2023-02-01,0.5553478752590377,"{""type"":""MultiPoint"",""coordinates"":[]}"
20230202,2023-02-02,0.0740094752542882,"{""type"":""MultiPoint"",""coordinates"":[]}"
20230203,2023-02-03,0.5156305067356936,"{""type"":""MultiPoint"",""coordinates"":[]}"
20230204,2023-02-04,0.11496381768960678,"{""type"":""MultiPoint"",""coordinates"":[]}"
20230205,2023-02-05,0.32272433715954235,"{""type"":""MultiPoint"",""coordinates"":[]}"
20230206,2023-02-06,0.3149524873710014,"{""type"":""MultiPoint"",""coordinates"":[]}"
20230207,2023-02-07,0.3588118146763681,"{""type"":""MultiPoint"",""coordinates"":[]}"
20230208,2023-02-08,0.26055381255438104,"{""type"":""MultiPoint"",""coordinates"":[]}"
20230209,2023-02-09,0.19658388866967513,"{""type"":""MultiPoint"",""coordinates"":[]}"
20230210,2023-02-10,0.2919712371672648,"{""type"":""MultiPoint"",""coordinates"":[]}"
20230211,2023-02-11,0.034873985937614975,"{""type"":""MultiPoint"",""coordinates"":[]}"
20230212,2023-02-12,0.1982078927488411,"{""type"":""MultiPoint"",""coordinates"":[]}"
20230213,2023-02-13,0.3648640328846111,"{""type"":""MultiPoint"",""coordinates"":[]}"
20230214,2023-02-14,0.3579733233643892,"{""type"":""MultiPoint"",""coordinates"":[]}"
20230215,2023-02-15,0.4871358304306853,"{""type"":""MultiPoint"",""coordinates"":[]}"
20230216,2023-02-16,0.15073262401383938,"{""type"":""MultiPoint"",""coordinates"":[]}"
20230217,2023-02-17,0.45070201044523983,"{""type"":""MultiPoint"",""coordinates"":[]}"
20230218,2023-02-18,0.4916361696313492,"{""type"":""MultiPoint"",""coordinates"":[]}"
20230219,2023-02-19,0.3193501297428876,"{""type"":""MultiPoint"",""coordinates"":[]}"
20230220,2023-02-20,0.35212413787766006,"{""type"":""MultiPoint"",""coordinates"":[]}"
20230221,2023-02-21,0.3263388752120778,"{""type"":""MultiPoint"",""coordinates"":[]}"
20230222,2023-02-22,0.36919608258307013,"{""type"":""MultiPoint"",""coordinates"":[]}"
20230223,2023-02-23,0.40900922644555193,"{""type"":""MultiPoint"",""coordinates"":[]}"
20230224,2023-02-24,0.19187728019062686,"{""type"":""MultiPoint"",""coordinates"":[]}"
20230225,2023-02-25,0.054420742503027,"{""type"":""MultiPoint"",""coordinates"":[]}"
20230226,2023-02-26,0.13767819073564427,"{""type"":""MultiPoint"",""coordinates"":[]}"
20230227,2023-02-27,0.1541904682949296,"{""type"":""MultiPoint"",""coordinates"":[]}"
20230228,2023-02-28,0.4677423258990156,"{""type"":""MultiPoint"",""coordinates"":[]}"
20230301,2023-03-01,0.19601829598664017,"{""type"":""MultiPoint"",""coordinates"":[]}"
20230302,2023-03-02,0.5428979666505362,"{""type"":""MultiPoint"",""coordinates"":[]}"
20230303,2023-03-03,0.5086922021382265,"{""type"":""MultiPoint"",""coordinates"":[]}"
20230304,2023-03-04,0.21799254036698915,"{""type"":""MultiPoint"",""coordinates"":[]}"
20230305,2023-03-05,0.5626001426713811,"{""type"":""MultiPoint"",""coordinates"":[]}"
20230306,2023-03-06,0.18080101150701158,"{""type"":""MultiPoint"",""coordinates"":[]}"
20230307,2023-03-07,0.4255793284136175,"{""type"":""MultiPoint"",""coordinates"":[]}"
20230308,2023-03-08,0.7749224776778696,"{""type"":""MultiPoint"",""coordinates"":[]}"
20230309,2023-03-09,0.8205107314865117,"{""type"":""MultiPoint"",""coordinates"":[]}"
20230310,2023-03-10,0.42238993879359665,"{""type"":""MultiPoint"",""coordinates"":[]}"
20230311,2023-03-11,0.4977164085998516,"{""type"":""MultiPoint"",""coordinates"":[]}"
20230312,2023-03-12,0.32179205051128057,"{""type"":""MultiPoint"",""coordinates"":[]}"
20230313,2023-03-13,0.27102152934182094,"{""type"":""MultiPoint"",""coordinates"":[]}"
20230314,2023-03-14,0.20211299645111688,"{""type"":""MultiPoint"",""coordinates"":[]}"
20230315,2023-03-15,0.27391372656983853,"{""type"":""MultiPoint"",""coordinates"":[]}"
20230316,2023-03-16,0.7764295449449798,"{""type"":""MultiPoint"",""coordinates"":[]}"
20230317,2023-03-17,0.6059746021303527,"{""type"":""MultiPoint"",""coordinates"":[]}"
20230318,2023-03-18,0.7078576041273319,"{""type"":""MultiPoint"",""coordinates"":[]}"
20230319,2023-03-19,0.624311127499661,"{""type"":""MultiPoint"",""coordinates"":[]}"
20230320,2023-03-20,0.5116657485630411,"{""type"":""MultiPoint"",""coordinates"":[]}"
20230321,2023-03-21,0.5759476585627769,"{""type"":""MultiPoint"",""coordinates"":[]}"
20230322,2023-03-22,0.14432236702094745,"{""type"":""MultiPoint"",""coordinates"":[]}"
20230323,2023-03-23,0.4651375913819279,"{""type"":""MultiPoint"",""coordinates"":[]}"
20230324,2023-03-24,0.45353843909209113,"{""type"":""MultiPoint"",""coordinates"":[]}"
20230325,2023-03-25,0.15490245267946992,"{""type"":""MultiPoint"",""coordinates"":[]}"
20230326,2023-03-26,0.24358111271283436,"{""type"":""MultiPoint"",""coordinates"":[]}"
20230327,2023-03-27,0.20372818284728497,"{""type"":""MultiPoint"",""coordinates"":[]}"
20230328,2023-03-28,0.2686967738193674,"{""type"":""MultiPoint"",""coordinates"":[]}"
20230329,2023-03-29,0.11836287110692971,"{""type"":""MultiPoint"",""coordinates"":[]}"
20230330,2023-03-30,0.37437460715971793,"{""type"":""MultiPoint"",""coordinates"":[]}"
20230331,2023-03-31,0.09694213567834266,"{""type"":""MultiPoint"",""coordinates"":[]}"
20230401,2023-04-01,0.19369721186496772,"{""type"":""MultiPoint"",""coordinates"":[]}"
20230402,2023-04-02,0.47720886491429537,"{""type"":""MultiPoint"",""coordinates"":[]}"
20230403,2023-04-03,0.6721675753886249,"{""type"":""MultiPoint"",""coordinates"":[]}"
20230404,2023-04-04,0.11897633012609371,"{""type"":""MultiPoint"",""coordinates"":[]}"
20230405,2023-04-05,0.12031251813344468,"{""type"":""MultiPoint"",""coordinates"":[]}"
20230406,2023-04-06,0.2663278456582313,"{""type"":""MultiPoint"",""coordinates"":[]}"
20230407,2023-04-07,0.6203018865176761,"{""type"":""MultiPoint"",""coordinates"":[]}"
20230408,2023-04-08,0.4746674565710101,"{""type"":""MultiPoint"",""coordinates"":[]}"
20230409,2023-04-09,0.3827569378401856,"{""type"":""MultiPoint"",""coordinates"":[]}"
20230410,2023-04-10,0.33890939068710924,"{""type"":""MultiPoint"",""coordinates"":[]}"
20230411,2023-04-11,0.16571667108164914,"{""type"":""MultiPoint"",""coordinates"":[]}"
20230412,2023-04-12,0.340166723238311,"{""type"":""MultiPoint"",""coordinates"":[]}"
20230413,2023-04-13,0.26836014951359394,"{""type"":""MultiPoint"",""coordinates"":[]}"
20230414,2023-04-14,0.04452570583673903,"{""type"":""MultiPoint"",""coordinates"":[]}"
20230415,2023-04-15,0.025218495361248254,"{""type"":""MultiPoint"",""coordinates"":[]}"
20230416,2023-04-16,0.5074083448934403,"{""type"":""MultiPoint"",""coordinates"":[]}"
20230417,2023-04-17,0.3128829398675076,"{""type"":""MultiPoint"",""coordinates"":[]}"
20230418,2023-04-18,0.6384422421054307,"{""type"":""MultiPoint"",""coordinates"":[]}"
20230419,2023-04-19,0.3301452633594652,"{""type"":""MultiPoint"",""coordinates"":[]}"
20230420,2023-04-20,0.09480963176016927,"{""type"":""MultiPoint"",""coordinates"":[]}"
20230421,2023-04-21,0.5402738291034122,"{""type"":""MultiPoint"",""coordinates"":[]}"
20230422,2023-04-22,0.8500759132406703,"{""type"":""MultiPoint"",""coordinates"":[]}"
20230423,2023-04-23,0.45841495634595253,"{""type"":""MultiPoint"",""coordinates"":[]}"
20230424,2023-04-24,0.4656454446950843,"{""type"":""MultiPoint"",""coordinates"":[]}"
20230425,2023-04-25,0.4607316523006674,"{""type"":""MultiPoint"",""coordinates"":[]}"
20230426,2023-04-26,0.21578133083918746,"{""type"":""MultiPoint"",""coordinates"":[]}"
20230427,2023-04-27,0.156460164030181,"{""type"":""MultiPoint"",""coordinates"":[]}"
20230428,2023-04-28,0.1896807009166291,"{""type"":""MultiPoint"",""coordinates"":[]}"
20230429,2023-04-29,0.4176759642368575,"{""type"":""MultiPoint"",""coordinates"":[]}"
20230430,2023-04-30,0.14595529591373385,"{""type"":""MultiPoint"",""coordinates"":[]}"
20230501,2023-05-01,0.32121881749127307,"{""type"":""MultiPoint"",""coordinates"":[]}"
20230502,2023-05-02,0.47384218308853765,"{""type"":""MultiPoint"",""coordinates"":[]}"
20230503,2023-05-03,1.162444005235785,"{""type"":""MultiPoint"",""coordinates"":[]}"
20230504,2023-05-04,0.7361191493340897,"{""type"":""MultiPoint"",""coordinates"":[]}"
20230505,2023-05-05,0.9164601434937749,"{""type"":""MultiPoint"",""coordinates"":[]}"
20230506,2023-05-06,0.746746580352214,"{""type"":""MultiPoint"",""coordinates"":[]}"
20230507,2023-05-07,0.7122493646717033,"{""type"":""MultiPoint"",""coordinates"":[]}"
20230508,2023-05-08,0.7509031500285694,"{""type"":""MultiPoint"",""coordinates"":[]}"
20230509,2023-05-09,0.6270785861237518,"{""type"":""MultiPoint"",""coordinates"":[]}"
20230510,2023-05-10,0.2927178552866613,"{""type"":""MultiPoint"",""coordinates"":[]}"
20230511,2023-05-11,0.6081535415738132,"{""type"":""MultiPoint"",""coordinates"":[]}"
20230512,2023-05-12,0.354378750298963,"{""type"":""MultiPoint"",""coordinates"":[]}"
20230513,2023-05-13,0.7525925508733953,"{""type"":""MultiPoint"",""coordinates"":[]}"
20230514,2023-05-14,0.7251979852824454,"{""type"":""MultiPoint"",""coordinates"":[]}"
20230515,2023-05-15,0.5805575226008641,"{""type"":""MultiPoint"",""coordinates"":[]}"
20230516,2023-05-16,0.08439760600389383,"{""type"":""MultiPoint"",""coordinates"":[]}"
20230517,2023-05-17,0.2629909312372498,"{""type"":""MultiPoint"",""coordinates"":[]}"
20230518,2023-05-18,0.6826605727187661,"{""type"":""MultiPoint"",""coordinates"":[]}"
20230519,2023-05-19,0.29894581746758997,"{""type"":""MultiPoint"",""coordinates"":[]}"
20230520,2023-05-20,0.5292349417054228,"{""type"":""MultiPoint"",""coordinates"":[]}"
20230521,2023-05-21,0.27716224821809776,"{""type"":""MultiPoint"",""coordinates"":[]}"
20230522,2023-05-22,0.5071212491211388,"{""type"":""MultiPoint"",""coordinates"":[]}"
20230523,2023-05-23,0.4064496270416066,"{""type"":""MultiPoint"",""coordinates"":[]}"
20230524,2023-05-24,0.07358262327114357,"{""type"":""MultiPoint"",""coordinates"":[]}"
20230525,2023-05-25,0.25502186497412227,"{""type"":""MultiPoint"",""coordinates"":[]}"
20230526,2023-05-26,0.29723613610367905,"{""type"":""MultiPoint"",""coordinates"":[]}"
20230527,2023-05-27,0.1419517019302087,"{""type"":""MultiPoint"",""coordinates"":[]}"
20230528,2023-05-28,0.3797152348026604,"{""type"":""MultiPoint"",""coordinates"":[]}"
20230529,2023-05-29,0.1338016179529151,"{""type"":""MultiPoint"",""coordinates"":[]}"
20230530,2023-05-30,0.2899668614721652,"{""type"":""MultiPoint"",""coordinates"":[]}"
20230531,2023-05-31,0.27981186921665385,"{""type"":""MultiPoint"",""coordinates"":[]}"
20230601,2023-06-01,0.20628736016568436,"{""type"":""MultiPoint"",""coordinates"":[]}"
20230602,2023-06-02,1.144031825799299,"{""type"":""MultiPoint"",""coordinates"":[]}"
20230603,2023-06-03,1.1226801169570002,"{""type"":""MultiPoint"",""coordinates"":[]}"
20230604,2023-06-04,0.5085298567400449,"{""type"":""MultiPoint"",""coordinates"":[]}"
20230605,2023-06-05,0.3647731793927365,"{""type"":""MultiPoint"",""coordinates"":[]}"
20230606,2023-06-06,0.5585649050973521,"{""type"":""MultiPoint"",""coordinates"":[]}"
20230607,2023-06-07,0.9874167878721455,"{""type"":""MultiPoint"",""coordinates"":[]}"
20230608,2023-06-08,0.5397196667521222,"{""type"":""MultiPoint"",""coordinates"":[]}"
20230609,2023-06-09,0.5561111308507859,"{""type"":""MultiPoint"",""coordinates"":[]}"
20230610,2023-06-10,0.3540184084879573,"{""type"":""MultiPoint"",""coordinates"":[]}"
20230611,2023-06-11,0.4205429777221265,"{""type"":""MultiPoint"",""coordinates"":[]}"
20230612,2023-06-12,0.9989059580062508,"{""type"":""MultiPoint"",""coordinates"":[]}"
20230613,2023-06-13,0.9256258998696463,"{""type"":""MultiPoint"",""coordinates"":[]}"
20230614,2023-06-14,0.8229901094508524,"{""type"":""MultiPoint"",""coordinates"":[]}"
20230615,2023-06-15,1.3289392302884744,"{""type"":""MultiPoint"",""coordinates"":[]}"
20230616,2023-06-16,1.6228097656929865,"{""type"":""MultiPoint"",""coordinates"":[]}"
20230617,2023-06-17,1.7704158175737787,"{""type"":""MultiPoint"",""coordinates"":[]}"
20230618,2023-06-18,1.4508551037613155,"{""type"":""MultiPoint"",""coordinates"":[]}"
20230619,2023-06-19,2.073828979873497,"{""type"":""MultiPoint"",""coordinates"":[]}"
20230620,2023-06-20,1.5619760752920187,"{""type"":""MultiPoint"",""coordinates"":[]}"
20230621,2023-06-21,1.6105737604013752,"{""type"":""MultiPoint"",""coordinates"":[]}"
20230622,2023-06-22,1.0084584835975017,"{""type"":""MultiPoint"",""coordinates"":[]}"
20230623,2023-06-23,0.5174759933856624,"{""type"":""MultiPoint"",""coordinates"":[]}"
20230624,2023-06-24,0.2647470398360863,"{""type"":""MultiPoint"",""coordinates"":[]}"
20230625,2023-06-25,0.3647155753262304,"{""type"":""MultiPoint"",""coordinates"":[]}"
20230626,2023-06-26,0.4127206772353135,"{""type"":""MultiPoint"",""coordinates"":[]}"
20230627,2023-06-27,0.5782377035741263,"{""type"":""MultiPoint"",""coordinates"":[]}"
20230628,2023-06-28,0.5849399316424386,"{""type"":""MultiPoint"",""coordinates"":[]}"
20230629,2023-06-29,1.3185907000311803,"{""type"":""MultiPoint"",""coordinates"":[]}"
20230630,2023-06-30,1.444129213291337,"{""type"":""MultiPoint"",""coordinates"":[]}"
20230701,2023-07-01,1.6411710852392074,"{""type"":""MultiPoint"",""coordinates"":[]}"
20230702,2023-07-02,0.7132101320649931,"{""type"":""MultiPoint"",""coordinates"":[]}"
20230703,2023-07-03,0.42024032694683827,"{""type"":""MultiPoint"",""coordinates"":[]}"
20230704,2023-07-04,0.5875498183886922,"{""type"":""MultiPoint"",""coordinates"":[]}"
20230705,2023-07-05,0.46505199739922526,"{""type"":""MultiPoint"",""coordinates"":[]}"
20230706,2023-07-06,0.3621311493157482,"{""type"":""MultiPoint"",""coordinates"":[]}"
20230707,2023-07-07,0.20065968052632516,"{""type"":""MultiPoint"",""coordinates"":[]}"
20230708,2023-07-08,0.7809182422068589,"{""type"":""MultiPoint"",""coordinates"":[]}"
20230709,2023-07-09,0.6850626558839498,"{""type"":""MultiPoint"",""coordinates"":[]}"
20230710,2023-07-10,1.0728231561912196,"{""type"":""MultiPoint"",""coordinates"":[]}"
20230711,2023-07-11,1.035574618269334,"{""type"":""MultiPoint"",""coordinates"":[]}"
20230712,2023-07-12,0.7089939066840664,"{""type"":""MultiPoint"",""coordinates"":[]}"
20230713,2023-07-13,0.9742945090866246,"{""type"":""MultiPoint"",""coordinates"":[]}"
20230714,2023-07-14,0.7385443882551365,"{""type"":""MultiPoint"",""coordinates"":[]}"
20230715,2023-07-15,1.2180397616247578,"{""type"":""MultiPoint"",""coordinates"":[]}"
20230716,2023-07-16,1.1723062431381948,"{""type"":""MultiPoint"",""coordinates"":[]}"
20230717,2023-07-17,1.0604301428399368,"{""type"":""MultiPoint"",""coordinates"":[]}"
20230718,2023-07-18,1.522961521033046,"{""type"":""MultiPoint"",""coordinates"":[]}"
20230719,2023-07-19,1.882707963440013,"{""type"":""MultiPoint"",""coordinates"":[]}"
20230720,2023-07-20,2.0955339658869225,"{""type"":""MultiPoint"",""coordinates"":[]}"
20230721,2023-07-21,2.0342359983026155,"{""type"":""MultiPoint"",""coordinates"":[]}"
20230722,2023-07-22,1.7625321476588616,"{""type"":""MultiPoint"",""coordinates"":[]}"
20230723,2023-07-23,1.1693953903890417,"{""type"":""MultiPoint"",""coordinates"":[]}"
20230724,2023-07-24,1.6184777305907563,"{""type"":""MultiPoint"",""coordinates"":[]}"
20230725,2023-07-25,1.149476400002647,"{""type"":""MultiPoint"",""coordinates"":[]}"
20230726,2023-07-26,0.1641496184733587,"{""type"":""MultiPoint"",""coordinates"":[]}"
20230727,2023-07-27,0.3303699415264357,"{""type"":""MultiPoint"",""coordinates"":[]}"
20230728,2023-07-28,0.5674065449290285,"{""type"":""MultiPoint"",""coordinates"":[]}"
20230729,2023-07-29,1.2353640119651936,"{""type"":""MultiPoint"",""coordinates"":[]}"
20230730,2023-07-30,1.6220875937115475,"{""type"":""MultiPoint"",""coordinates"":[]}"
20230731,2023-07-31,1.9692527990805548,"{""type"":""MultiPoint"",""coordinates"":[]}"
20230801,2023-08-01,1.7309616870054172,"{""type"":""MultiPoint"",""coordinates"":[]}"
20230802,2023-08-02,1.4256661018763,"{""type"":""MultiPoint"",""coordinates"":[]}"
20230803,2023-08-03,0.860434249512024,"{""type"":""MultiPoint"",""coordinates"":[]}"
20230804,2023-08-04,1.0769201122456888,"{""type"":""MultiPoint"",""coordinates"":[]}"
20230805,2023-08-05,1.2180756491336064,"{""type"":""MultiPoint"",""coordinates"":[]}"
20230806,2023-08-06,1.3873171285738468,"{""type"":""MultiPoint"",""coordinates"":[]}"
20230807,2023-08-07,1.1171189293670116,"{""type"":""MultiPoint"",""coordinates"":[]}"
20230808,2023-08-08,0.9131170621882053,"{""type"":""MultiPoint"",""coordinates"":[]}"
20230809,2023-08-09,1.0998297525427,"{""type"":""MultiPoint"",""coordinates"":[]}"
20230810,2023-08-10,0.7301707657926819,"{""type"":""MultiPoint"",""coordinates"":[]}"
20230811,2023-08-11,1.0689454643363128,"{""type"":""MultiPoint"",""coordinates"":[]}"
20230812,2023-08-12,0.5421391289470745,"{""type"":""MultiPoint"",""coordinates"":[]}"
20230813,2023-08-13,0.8802150161976529,"{""type"":""MultiPoint"",""coordinates"":[]}"
20230814,2023-08-14,0.47868944266507557,"{""type"":""MultiPoint"",""coordinates"":[]}"
20230815,2023-08-15,0.7579614327060294,"{""type"":""MultiPoint"",""coordinates"":[]}"
20230816,2023-08-16,0.34802330902096557,"{""type"":""MultiPoint"",""coordinates"":[]}"
20230817,2023-08-17,0.41331879339062394,"{""type"":""MultiPoint"",""coordinates"":[]}"
20230818,2023-08-18,0.3785409387639539,"{""type"":""MultiPoint"",""coordinates"":[]}"
20230819,2023-08-19,0.595108814679132,"{""type"":""MultiPoint"",""coordinates"":[]}"
20230820,2023-08-20,0.10611575405893386,"{""type"":""MultiPoint"",""coordinates"":[]}"
20230821,2023-08-21,0.23356917916763287,"{""type"":""MultiPoint"",""coordinates"":[]}"
20230822,2023-08-22,0.32845281134168525,"{""type"":""MultiPoint"",""coordinates"":[]}"
20230823,2023-08-23,0.44074941834860637,"{""type"":""MultiPoint"",""coordinates"":[]}"
20230824,2023-08-24,0.5625878910238425,"{""type"":""MultiPoint"",""coordinates"":[]}"
20230825,2023-08-25,0.4326690501064118,"{""type"":""MultiPoint"",""coordinates"":[]}"
20230826,2023-08-26,0.6127103867140872,"{""type"":""MultiPoint"",""coordinates"":[]}"
20230827,2023-08-27,0.5272976351511166,"{""type"":""MultiPoint"",""coordinates"":[]}"
20230828,2023-08-28,0.874279577564265,"{""type"":""MultiPoint"",""coordinates"":[]}"
20230829,2023-08-29,0.5279864556873413,"{""type"":""MultiPoint"",""coordinates"":[]}"
20230830,2023-08-30,1.212415279931212,"{""type"":""MultiPoint"",""coordinates"":[]}"
20230831,2023-08-31,1.201285974093711,"{""type"":""MultiPoint"",""coordinates"":[]}"
20230901,2023-09-01,0.46461912980715425,"{""type"":""MultiPoint"",""coordinates"":[]}"
20230902,2023-09-02,0.30207537506791554,"{""type"":""MultiPoint"",""coordinates"":[]}"
20230903,2023-09-03,0.3921859843634967,"{""type"":""MultiPoint"",""coordinates"":[]}"
20230904,2023-09-04,0.23995250642349836,"{""type"":""MultiPoint"",""coordinates"":[]}"
20230905,2023-09-05,0.7397170020964141,"{""type"":""MultiPoint"",""coordinates"":[]}"
20230906,2023-09-06,0.9766049328408913,"{""type"":""MultiPoint"",""coordinates"":[]}"
20230907,2023-09-07,0.7679067972298361,"{""type"":""MultiPoint"",""coordinates"":[]}"
20230908,2023-09-08,0.13582800644084145,"{""type"":""MultiPoint"",""coordinates"":[]}"
20230909,2023-09-09,0.8999754127874519,"{""type"":""MultiPoint"",""coordinates"":[]}"
20230910,2023-09-10,0.4757546474717967,"{""type"":""MultiPoint"",""coordinates"":[]}"
20230911,2023-09-11,0.8170583953168136,"{""type"":""MultiPoint"",""coordinates"":[]}"
20230912,2023-09-12,0.24370588198386461,"{""type"":""MultiPoint"",""coordinates"":[]}"
20230913,2023-09-13,0.08990889029088311,"{""type"":""MultiPoint"",""coordinates"":[]}"
20230914,2023-09-14,0.7749887723766997,"{""type"":""MultiPoint"",""coordinates"":[]}"
20230915,2023-09-15,1.1360195156650432,"{""type"":""MultiPoint"",""coordinates"":[]}"
20230916,2023-09-16,0.5015534021531056,"{""type"":""MultiPoint"",""coordinates"":[]}"
20230917,2023-09-17,0.5570506156058279,"{""type"":""MultiPoint"",""coordinates"":[]}"
20230918,2023-09-18,0.9760261820202952,"{""type"":""MultiPoint"",""coordinates"":[]}"
20230919,2023-09-19,0.765294970546724,"{""type"":""MultiPoint"",""coordinates"":[]}"
20230920,2023-09-20,0.7969308342471423,"{""type"":""MultiPoint"",""coordinates"":[]}"
20230921,2023-09-21,0.3889844110157718,"{""type"":""MultiPoint"",""coordinates"":[]}"
20230922,2023-09-22,0.27103532351793597,"{""type"":""MultiPoint"",""coordinates"":[]}"
20230923,2023-09-23,0.6565136598143536,"{""type"":""MultiPoint"",""coordinates"":[]}"
20230924,2023-09-24,0.5566124006775466,"{""type"":""MultiPoint"",""coordinates"":[]}"
20230925,2023-09-25,0.6116115930661464,"{""type"":""MultiPoint"",""coordinates"":[]}"
20230926,2023-09-26,0.7119547868608463,"{""type"":""MultiPoint"",""coordinates"":[]}"
20230927,2023-09-27,0.4203994466365941,"{""type"":""MultiPoint"",""coordinates"":[]}"
20230928,2023-09-28,0.054201802996257036,"{""type"":""MultiPoint"",""coordinates"":[]}"
20230929,2023-09-29,0.17397396447341248,"{""type"":""MultiPoint"",""coordinates"":[]}"
20230930,2023-09-30,0.09385567883448835,"{""type"":""MultiPoint"",""coordinates"":[]}"
20231001,2023-10-01,0.46650543519895676,"{""type"":""MultiPoint"",""coordinates"":[]}"
20231002,2023-10-02,0.07836495770287723,"{""type"":""MultiPoint"",""coordinates"":[]}"
20231003,2023-10-03,0.3209457976418856,"{""type"":""MultiPoint"",""coordinates"":[]}"
20231004,2023-10-04,0.779487541794628,"{""type"":""MultiPoint"",""coordinates"":[]}"
20231005,2023-10-05,0.7120469166589299,"{""type"":""MultiPoint"",""coordinates"":[]}"
20231006,2023-10-06,0.43906385670050235,"{""type"":""MultiPoint"",""coordinates"":[]}"
20231007,2023-10-07,0.27848498373052244,"{""type"":""MultiPoint"",""coordinates"":[]}"
20231008,2023-10-08,0.31579025787361276,"{""type"":""MultiPoint"",""coordinates"":[]}"
20231009,2023-10-09,0.22283213106063599,"{""type"":""MultiPoint"",""coordinates"":[]}"
20231010,2023-10-10,0.689945821020959,"{""type"":""MultiPoint"",""coordinates"":[]}"
20231011,2023-10-11,0.3731579475098768,"{""type"":""MultiPoint"",""coordinates"":[]}"
20231012,2023-10-12,0.3140827641219478,"{""type"":""MultiPoint"",""coordinates"":[]}"
20231013,2023-10-13,0.46479240801771404,"{""type"":""MultiPoint"",""coordinates"":[]}"
20231014,2023-10-14,0.1824776806879824,"{""type"":""MultiPoint"",""coordinates"":[]}"
20231015,2023-10-15,0.1655052626897235,"{""type"":""MultiPoint"",""coordinates"":[]}"
20231016,2023-10-16,0.34429941971357264,"{""type"":""MultiPoint"",""coordinates"":[]}"
20231017,2023-10-17,0.07769021779062991,"{""type"":""MultiPoint"",""coordinates"":[]}"
20231018,2023-10-18,0.5865839083554263,"{""type"":""MultiPoint"",""coordinates"":[]}"
20231019,2023-10-19,0.7395426768619955,"{""type"":""MultiPoint"",""coordinates"":[]}"
20231020,2023-10-20,0.35370546272387887,"{""type"":""MultiPoint"",""coordinates"":[]}"
20231021,2023-10-21,0.42950043635586516,"{""type"":""MultiPoint"",""coordinates"":[]}"
20231022,2023-10-22,0.48009985335442945,"{""type"":""MultiPoint"",""coordinates"":[]}"
20231023,2023-10-23,0.5505655045398654,"{""type"":""MultiPoint"",""coordinates"":[]}"
20231024,2023-10-24,0.22662114032645664,"{""type"":""MultiPoint"",""coordinates"":[]}"
20231025,2023-10-25,0.4838137333569083,"{""type"":""MultiPoint"",""coordinates"":[]}"
20231026,2023-10-26,0.8239437001022182,"{""type"":""MultiPoint"",""coordinates"":[]}"
20231027,2023-10-27,0.9445529112091278,"{""type"":""MultiPoint"",""coordinates"":[]}"
20231028,2023-10-28,1.0508304203812497,"{""type"":""MultiPoint"",""coordinates"":[]}"
20231029,2023-10-29,0.8311965859315157,"{""type"":""MultiPoint"",""coordinates"":[]}"
20231030,2023-10-30,0.5574413189137195,"{""type"":""MultiPoint"",""coordinates"":[]}"
20231031,2023-10-31,0.6062688174799047,"{""type"":""MultiPoint"",""coordinates"":[]}"
20231101,2023-11-01,0.42481068913652553,"{""type"":""MultiPoint"",""coordinates"":[]}"
20231102,2023-11-02,0.7623782549874256,"{""type"":""MultiPoint"",""coordinates"":[]}"
20231103,2023-11-03,0.677521568040916,"{""type"":""MultiPoint"",""coordinates"":[]}"
20231104,2023-11-04,0.2707362720736251,"{""type"":""MultiPoint"",""coordinates"":[]}"
20231105,2023-11-05,0.09714072555205971,"{""type"":""MultiPoint"",""coordinates"":[]}"
20231106,2023-11-06,0.3524026269073001,"{""type"":""MultiPoint"",""coordinates"":[]}"
20231107,2023-11-07,0.29518306684444157,"{""type"":""MultiPoint"",""coordinates"":[]}"
20231108,2023-11-08,0.28581573305548097,"{""type"":""MultiPoint"",""coordinates"":[]}"
20231109,2023-11-09,0.439259509378398,"{""type"":""MultiPoint"",""coordinates"":[]}"
20231110,2023-11-10,0.38091350213038383,"{""type"":""MultiPoint"",""coordinates"":[]}"
20231111,2023-11-11,0.40934616701730386,"{""type"":""MultiPoint"",""coordinates"":[]}"
20231112,2023-11-12,0.20758367546186135,"{""type"":""MultiPoint"",""coordinates"":[]}"
20231113,2023-11-13,0.1942995090507425,"{""type"":""MultiPoint"",""coordinates"":[]}"
20231114,2023-11-14,0.14908771414155994,"{""type"":""MultiPoint"",""coordinates"":[]}"
20231115,2023-11-15,0.3401295728545619,"{""type"":""MultiPoint"",""coordinates"":[]}"
20231116,2023-11-16,0.6923050167458815,"{""type"":""MultiPoint"",""coordinates"":[]}"
20231117,2023-11-17,0.20851264731454958,"{""type"":""MultiPoint"",""coordinates"":[]}"
20231118,2023-11-18,0.3607508301421347,"{""type"":""MultiPoint"",""coordinates"":[]}"
20231119,2023-11-19,0.48125510065883154,"{""type"":""MultiPoint"",""coordinates"":[]}"
20231120,2023-11-20,0.8043431688906268,"{""type"":""MultiPoint"",""coordinates"":[]}"
20231121,2023-11-21,0.6731096997369788,"{""type"":""MultiPoint"",""coordinates"":[]}"
20231122,2023-11-22,0.8353946611403295,"{""type"":""MultiPoint"",""coordinates"":[]}"
20231123,2023-11-23,0.48970750966259435,"{""type"":""MultiPoint"",""coordinates"":[]}"
20231124,2023-11-24,0.263295071726734,"{""type"":""MultiPoint"",""coordinates"":[]}"
20231125,2023-11-25,0.11950579794264932,"{""type"":""MultiPoint"",""coordinates"":[]}"
20231126,2023-11-26,0.2893110761899989,"{""type"":""MultiPoint"",""coordinates"":[]}"
20231127,2023-11-27,0.7021305592600573,"{""type"":""MultiPoint"",""coordinates"":[]}"
20231128,2023-11-28,0.740688660012221,"{""type"":""MultiPoint"",""coordinates"":[]}"
20231129,2023-11-29,0.18565044648616308,"{""type"":""MultiPoint"",""coordinates"":[]}"
20231130,2023-11-30,0.21806360783747508,"{""type"":""MultiPoint"",""coordinates"":[]}"
20231201,2023-12-01,0.5153664775515325,"{""type"":""MultiPoint"",""coordinates"":[]}"
20231202,2023-12-02,0.2172081157908236,"{""type"":""MultiPoint"",""coordinates"":[]}"
20231203,2023-12-03,0.13674139039654773,"{""type"":""MultiPoint"",""coordinates"":[]}"
20231204,2023-12-04,0.18827275286309791,"{""type"":""MultiPoint"",""coordinates"":[]}"
20231205,2023-12-05,0.17638812858381997,"{""type"":""MultiPoint"",""coordinates"":[]}"
20231206,2023-12-06,0.13058396683267803,"{""type"":""MultiPoint"",""coordinates"":[]}"
20231207,2023-12-07,0.2743762023083549,"{""type"":""MultiPoint"",""coordinates"":[]}"
20231208,2023-12-08,0.4431673935264455,"{""type"":""MultiPoint"",""coordinates"":[]}"
20231209,2023-12-09,0.6833493212864883,"{""type"":""MultiPoint"",""coordinates"":[]}"
20231210,2023-12-10,0.7769700649265374,"{""type"":""MultiPoint"",""coordinates"":[]}"
20231211,2023-12-11,0.2218307596805845,"{""type"":""MultiPoint"",""coordinates"":[]}"
20231212,2023-12-12,0.3067037233708437,"{""type"":""MultiPoint"",""coordinates"":[]}"
20231213,2023-12-13,0.13451037605323096,"{""type"":""MultiPoint"",""coordinates"":[]}"
20231214,2023-12-14,0.23807980275626112,"{""type"":""MultiPoint"",""coordinates"":[]}"
20231215,2023-12-15,0.13408374582509666,"{""type"":""MultiPoint"",""coordinates"":[]}"
20231216,2023-12-16,0.34418390470142524,"{""type"":""MultiPoint"",""coordinates"":[]}"
20231217,2023-12-17,0.43293798792768906,"{""type"":""MultiPoint"",""coordinates"":[]}"
20231218,2023-12-18,0.180095376166325,"{""type"":""MultiPoint"",""coordinates"":[]}"
20231219,2023-12-19,0.8031136650145964,"{""type"":""MultiPoint"",""coordinates"":[]}"
20231220,2023-12-20,0.7072381145804801,"{""type"":""MultiPoint"",""coordinates"":[]}"
20231221,2023-12-21,0.40276334592982643,"{""type"":""MultiPoint"",""coordinates"":[]}"
20231222,2023-12-22,0.14918790816550306,"{""type"":""MultiPoint"",""coordinates"":[]}"
20231223,2023-12-23,0.1352635198888894,"{""type"":""MultiPoint"",""coordinates"":[]}"
20231224,2023-12-24,0.0988572986921302,"{""type"":""MultiPoint"",""coordinates"":[]}"
20231225,2023-12-25,0.08321101000948888,"{""type"":""MultiPoint"",""coordinates"":[]}"
20231226,2023-12-26,0.18659147276860913,"{""type"":""MultiPoint"",""coordinates"":[]}"
20231227,2023-12-27,0.15229914513309908,"{""type"":""MultiPoint"",""coordinates"":[]}"
20231228,2023-12-28,0.2612142015025924,"{""type"":""MultiPoint"",""coordinates"":[]}"
20231229,2023-12-29,0.40364990235778975,"{""type"":""MultiPoint"",""coordinates"":[]}"
20231230,2023-12-30,0.7961340486117902,"{""type"":""MultiPoint"",""coordinates"":[]}"
20231231,2023-12-31,0.19472482898439755,"{""type"":""MultiPoint"",""coordinates"":[]}"
20240101,2024-01-01,0.2669715296644542,"{""type"":""MultiPoint"",""coordinates"":[]}"
20240102,2024-01-02,0.3665561014502081,"{""type"":""MultiPoint"",""coordinates"":[]}"
20240103,2024-01-03,0.620797009901215,"{""type"":""MultiPoint"",""coordinates"":[]}"
20240104,2024-01-04,0.40273771725283936,"{""type"":""MultiPoint"",""coordinates"":[]}"
20240105,2024-01-05,0.47008461555953807,"{""type"":""MultiPoint"",""coordinates"":[]}"
20240106,2024-01-06,0.19540209883761775,"{""type"":""MultiPoint"",""coordinates"":[]}"
20240107,2024-01-07,0.06709270149613972,"{""type"":""MultiPoint"",""coordinates"":[]}"
20240108,2024-01-08,0.289157922988556,"{""type"":""MultiPoint"",""coordinates"":[]}"
20240109,2024-01-09,0.18990125490816082,"{""type"":""MultiPoint"",""coordinates"":[]}"
20240110,2024-01-10,0.5456336083148131,"{""type"":""MultiPoint"",""coordinates"":[]}"
20240111,2024-01-11,0.15052680951932113,"{""type"":""MultiPoint"",""coordinates"":[]}"
20240112,2024-01-12,0.1383465804414361,"{""type"":""MultiPoint"",""coordinates"":[]}"
20240113,2024-01-13,0.09054592296199958,"{""type"":""MultiPoint"",""coordinates"":[]}"
20240114,2024-01-14,0.33739679705564746,"{""type"":""MultiPoint"",""coordinates"":[]}"
20240115,2024-01-15,0.49911758952167573,"{""type"":""MultiPoint"",""coordinates"":[]}"
20240116,2024-01-16,0.7267329133222091,"{""type"":""MultiPoint"",""coordinates"":[]}"
20240117,2024-01-17,0.21145109890735342,"{""type"":""MultiPoint"",""coordinates"":[]}"
20240118,2024-01-18,0.5936412092469828,"{""type"":""MultiPoint"",""coordinates"":[]}"
20240119,2024-01-19,0.5428159805100586,"{""type"":""MultiPoint"",""coordinates"":[]}"
20240120,2024-01-20,0.22469719321074944,"{""type"":""MultiPoint"",""coordinates"":[]}"
20240121,2024-01-21,0.487192867618605,"{""type"":""MultiPoint"",""coordinates"":[]}"
20240122,2024-01-22,0.8530324379929222,"{""type"":""MultiPoint"",""coordinates"":[]}"
20240123,2024-01-23,0.8760091958546068,"{""type"":""MultiPoint"",""coordinates"":[]}"
20240124,2024-01-24,0.788479471811951,"{""type"":""MultiPoint"",""coordinates"":[]}"
20240125,2024-01-25,0.32755261008696474,"{""type"":""MultiPoint"",""coordinates"":[]}"
20240126,2024-01-26,0.2064746616422624,"{""type"":""MultiPoint"",""coordinates"":[]}"
20240127,2024-01-27,0.18721257769878974,"{""type"":""MultiPoint"",""coordinates"":[]}"
20240128,2024-01-28,0.29241783519473924,"{""type"":""MultiPoint"",""coordinates"":[]}"
20240129,2024-01-29,0.19604937223931046,"{""type"":""MultiPoint"",""coordinates"":[]}"
20240130,2024-01-30,0.3628822313770158,"{""type"":""MultiPoint"",""coordinates"":[]}"
20240131,2024-01-31,0.4585205441866219,"{""type"":""MultiPoint"",""coordinates"":[]}"
20240201,2024-02-01,0.5595025499753224,"{""type"":""MultiPoint"",""coordinates"":[]}"
20240202,2024-02-02,0.14293462160835657,"{""type"":""MultiPoint"",""coordinates"":[]}"
20240203,2024-02-03,0.6473652443892293,"{""type"":""MultiPoint"",""coordinates"":[]}"
20240204,2024-02-04,0.2637713316170749,"{""type"":""MultiPoint"",""coordinates"":[]}"
20240205,2024-02-05,0.39121426252103303,"{""type"":""MultiPoint"",""coordinates"":[]}"
20240206,2024-02-06,0.334224173098372,"{""type"":""MultiPoint"",""coordinates"":[]}"
20240207,2024-02-07,0.22203695582515148,"{""type"":""MultiPoint"",""coordinates"":[]}"
20240208,2024-02-08,1.1508243048291673,"{""type"":""MultiPoint"",""coordinates"":[]}"
20240209,2024-02-09,0.5788614926331018,"{""type"":""MultiPoint"",""coordinates"":[]}"
20240210,2024-02-10,0.3371330840712453,"{""type"":""MultiPoint"",""coordinates"":[]}"
20240211,2024-02-11,0.1490605753620523,"{""type"":""MultiPoint"",""coordinates"":[]}"
20240212,2024-02-12,0.1058006451304313,"{""type"":""MultiPoint"",""coordinates"":[]}"
20240213,2024-02-13,0.25086202475189506,"{""type"":""MultiPoint"",""coordinates"":[]}"
20240214,2024-02-14,0.5407490079576468,"{""type"":""MultiPoint"",""coordinates"":[]}"
20240215,2024-02-15,1.286067937426509,"{""type"":""MultiPoint"",""coordinates"":[]}"
20240216,2024-02-16,0.8507116096282732,"{""type"":""MultiPoint"",""coordinates"":[]}"
20240217,2024-02-17,1.030948447782436,"{""type"":""MultiPoint"",""coordinates"":[]}"
20240218,2024-02-18,0.23957378989080177,"{""type"":""MultiPoint"",""coordinates"":[]}"
20240219,2024-02-19,0.8053547470683179,"{""type"":""MultiPoint"",""coordinates"":[]}"
20240220,2024-02-20,0.9592993659593245,"{""type"":""MultiPoint"",""coordinates"":[]}"
20240221,2024-02-21,1.4452685331038848,"{""type"":""MultiPoint"",""coordinates"":[]}"
20240222,2024-02-22,1.7044136983773386,"{""type"":""MultiPoint"",""coordinates"":[]}"
20240223,2024-02-23,1.2074183923854265,"{""type"":""MultiPoint"",""coordinates"":[]}"
20240224,2024-02-24,0.6122604490047062,"{""type"":""MultiPoint"",""coordinates"":[]}"
20240225,2024-02-25,0.8132870865109049,"{""type"":""MultiPoint"",""coordinates"":[]}"
20240226,2024-02-26,0.20196243825334098,"{""type"":""MultiPoint"",""coordinates"":[]}"
20240227,2024-02-27,0.20707449992958638,"{""type"":""MultiPoint"",""coordinates"":[]}"
20240228,2024-02-28,0.08152767228195158,"{""type"":""MultiPoint"",""coordinates"":[]}"
20240229,2024-02-29,0.16246716387001195,"{""type"":""MultiPoint"",""coordinates"":[]}"
20240301,2024-03-01,0.13541643577608153,"{""type"":""MultiPoint"",""coordinates"":[]}"
20240302,2024-03-02,0.23734833143012948,"{""type"":""MultiPoint"",""coordinates"":[]}"
20240303,2024-03-03,0.3150629532008185,"{""type"":""MultiPoint"",""coordinates"":[]}"
20240304,2024-03-04,0.23537598853216682,"{""type"":""MultiPoint"",""coordinates"":[]}"
20240305,2024-03-05,0.2587390418485736,"{""type"":""MultiPoint"",""coordinates"":[]}"
20240306,2024-03-06,0.11809402291718014,"{""type"":""MultiPoint"",""coordinates"":[]}"
20240307,2024-03-07,0.17387406242490172,"{""type"":""MultiPoint"",""coordinates"":[]}"
20240308,2024-03-08,0.3240651256701042,"{""type"":""MultiPoint"",""coordinates"":[]}"
20240309,2024-03-09,0.4233824278064042,"{""type"":""MultiPoint"",""coordinates"":[]}"
20240310,2024-03-10,0.5543542127107072,"{""type"":""MultiPoint"",""coordinates"":[]}"
20240311,2024-03-11,0.39760475449559024,"{""type"":""MultiPoint"",""coordinates"":[]}"
20240312,2024-03-12,0.5633131904680939,"{""type"":""MultiPoint"",""coordinates"":[]}"
20240313,2024-03-13,0.6545252159990627,"{""type"":""MultiPoint"",""coordinates"":[]}"
20240314,2024-03-14,0.5848793174607974,"{""type"":""MultiPoint"",""coordinates"":[]}"
20240315,2024-03-15,0.3942752329552883,"{""type"":""MultiPoint"",""coordinates"":[]}"
20240316,2024-03-16,0.43405774326606283,"{""type"":""MultiPoint"",""coordinates"":[]}"
20240317,2024-03-17,0.1873787125825357,"{""type"":""MultiPoint"",""coordinates"":[]}"
20240318,2024-03-18,0.4562186091389884,"{""type"":""MultiPoint"",""coordinates"":[]}"
20240319,2024-03-19,0.31900547290899306,"{""type"":""MultiPoint"",""coordinates"":[]}"
20240320,2024-03-20,0.5458355188063834,"{""type"":""MultiPoint"",""coordinates"":[]}"
20240321,2024-03-21,0.7790792531581658,"{""type"":""MultiPoint"",""coordinates"":[]}"
20240322,2024-03-22,0.10604116199492739,"{""type"":""MultiPoint"",""coordinates"":[]}"
20240323,2024-03-23,0.024978286606928097,"{""type"":""MultiPoint"",""coordinates"":[]}"
20240324,2024-03-24,0.5351874272541628,"{""type"":""MultiPoint"",""coordinates"":[]}"
20240325,2024-03-25,0.9408044892220101,"{""type"":""MultiPoint"",""coordinates"":[]}"
20240326,2024-03-26,0.9529103874766552,"{""type"":""MultiPoint"",""coordinates"":[]}"
20240327,2024-03-27,0.8692792816005511,"{""type"":""MultiPoint"",""coordinates"":[]}"
20240328,2024-03-28,0.9102611728121833,"{""type"":""MultiPoint"",""coordinates"":[]}"
20240329,2024-03-29,0.5224353505248803,"{""type"":""MultiPoint"",""coordinates"":[]}"
20240330,2024-03-30,0.3567097316665264,"{""type"":""MultiPoint"",""coordinates"":[]}"
20240331,2024-03-31,0.12027851423258734,"{""type"":""MultiPoint"",""coordinates"":[]}"
20240401,2024-04-01,0.19375286047553616,"{""type"":""MultiPoint"",""coordinates"":[]}"
20240402,2024-04-02,0.31458933609642703,"{""type"":""MultiPoint"",""coordinates"":[]}"
20240403,2024-04-03,0.17889260883093933,"{""type"":""MultiPoint"",""coordinates"":[]}"
20240404,2024-04-04,0.47672852651689,"{""type"":""MultiPoint"",""coordinates"":[]}"
20240405,2024-04-05,0.44335209549372656,"{""type"":""MultiPoint"",""coordinates"":[]}"
20240406,2024-04-06,0.691994404980048,"{""type"":""MultiPoint"",""coordinates"":[]}"
20240407,2024-04-07,0.7084957087280914,"{""type"":""MultiPoint"",""coordinates"":[]}"
20240408,2024-04-08,0.4863748124605013,"{""type"":""MultiPoint"",""coordinates"":[]}"
20240409,2024-04-09,0.49239423868773247,"{""type"":""MultiPoint"",""coordinates"":[]}"
20240410,2024-04-10,0.10606675375890756,"{""type"":""MultiPoint"",""coordinates"":[]}"
20240411,2024-04-11,0.10939785675063866,"{""type"":""MultiPoint"",""coordinates"":[]}"
20240412,2024-04-12,0.19414976500990505,"{""type"":""MultiPoint"",""coordinates"":[]}"
20240413,2024-04-13,0.29080519437902996,"{""type"":""MultiPoint"",""coordinates"":[]}"
20240414,2024-04-14,0.16284804923871962,"{""type"":""MultiPoint"",""coordinates"":[]}"
20240415,2024-04-15,0.11906984337182136,"{""type"":""MultiPoint"",""coordinates"":[]}"
20240416,2024-04-16,0.1910724181710653,"{""type"":""MultiPoint"",""coordinates"":[]}"
20240417,2024-04-17,0.20679717317558116,"{""type"":""MultiPoint"",""coordinates"":[]}"
20240418,2024-04-18,0.20126679620186025,"{""type"":""MultiPoint"",""coordinates"":[]}"
20240419,2024-04-19,0.3172545574507015,"{""type"":""MultiPoint"",""coordinates"":[]}"
20240420,2024-04-20,0.1421033074130618,"{""type"":""MultiPoint"",""coordinates"":[]}"
20240421,2024-04-21,0.2981271067203769,"{""type"":""MultiPoint"",""coordinates"":[]}"
20240422,2024-04-22,0.3258042957495743,"{""type"":""MultiPoint"",""coordinates"":[]}"
20240423,2024-04-23,0.17311229728467512,"{""type"":""MultiPoint"",""coordinates"":[]}"
20240424,2024-04-24,0.6136558005968797,"{""type"":""MultiPoint"",""coordinates"":[]}"
20240425,2024-04-25,0.1390350756709148,"{""type"":""MultiPoint"",""coordinates"":[]}"
20240426,2024-04-26,0.162984370760588,"{""type"":""MultiPoint"",""coordinates"":[]}"
20240427,2024-04-27,0.36450222878809746,"{""type"":""MultiPoint"",""coordinates"":[]}"
20240428,2024-04-28,0.6651521485272249,"{""type"":""MultiPoint"",""coordinates"":[]}"
20240429,2024-04-29,0.43887823587943386,"{""type"":""MultiPoint"",""coordinates"":[]}"
20240430,2024-04-30,0.1476123483047591,"{""type"":""MultiPoint"",""coordinates"":[]}"
20240501,2024-05-01,0.5789609804801726,"{""type"":""MultiPoint"",""coordinates"":[]}"
20240502,2024-05-02,0.2369504539441981,"{""type"":""MultiPoint"",""coordinates"":[]}"
20240503,2024-05-03,0.1825679260641664,"{""type"":""MultiPoint"",""coordinates"":[]}"
20240504,2024-05-04,0.2920419794702896,"{""type"":""MultiPoint"",""coordinates"":[]}"
20240505,2024-05-05,0.38839123927136887,"{""type"":""MultiPoint"",""coordinates"":[]}"
20240506,2024-05-06,0.6411916630528564,"{""type"":""MultiPoint"",""coordinates"":[]}"
20240507,2024-05-07,0.26085493642535773,"{""type"":""MultiPoint"",""coordinates"":[]}"
20240508,2024-05-08,0.15869263798037808,"{""type"":""MultiPoint"",""coordinates"":[]}"
20240509,2024-05-09,0.4271216514926185,"{""type"":""MultiPoint"",""coordinates"":[]}"
20240510,2024-05-10,0.9942999220209409,"{""type"":""MultiPoint"",""coordinates"":[]}"
20240511,2024-05-11,0.25801429714233404,"{""type"":""MultiPoint"",""coordinates"":[]}"
20240512,2024-05-12,0.30932689727307827,"{""type"":""MultiPoint"",""coordinates"":[]}"
20240513,2024-05-13,1.3571658760451764,"{""type"":""MultiPoint"",""coordinates"":[]}"
20240514,2024-05-14,0.6619580364750803,"{""type"":""MultiPoint"",""coordinates"":[]}"
20240515,2024-05-15,0.4893768391666793,"{""type"":""MultiPoint"",""coordinates"":[]}"
20240516,2024-05-16,0.2194907729464027,"{""type"":""MultiPoint"",""coordinates"":[]}"
20240517,2024-05-17,0.5331584676151445,"{""type"":""MultiPoint"",""coordinates"":[]}"
20240518,2024-05-18,0.24806680133565712,"{""type"":""MultiPoint"",""coordinates"":[]}"
20240519,2024-05-19,1.1132161932381588,"{""type"":""MultiPoint"",""coordinates"":[]}"
20240520,2024-05-20,1.2674416121994294,"{""type"":""MultiPoint"",""coordinates"":[]}"
20240521,2024-05-21,0.695436353559682,"{""type"":""MultiPoint"",""coordinates"":[]}"
20240522,2024-05-22,0.4954272033434387,"{""type"":""MultiPoint"",""coordinates"":[]}"
20240523,2024-05-23,0.43398002824961157,"{""type"":""MultiPoint"",""coordinates"":[]}"
20240524,2024-05-24,0.2712167420943118,"{""type"":""MultiPoint"",""coordinates"":[]}"
20240525,2024-05-25,0.5209275295784238,"{""type"":""MultiPoint"",""coordinates"":[]}"
20240526,2024-05-26,1.1177608509575154,"{""type"":""MultiPoint"",""coordinates"":[]}"
20240527,2024-05-27,0.6597382308795671,"{""type"":""MultiPoint"",""coordinates"":[]}"
20240528,2024-05-28,0.5384453290118644,"{""type"":""MultiPoint"",""coordinates"":[]}"
20240529,2024-05-29,0.3812596700706766,"{""type"":""MultiPoint"",""coordinates"":[]}"
20240530,2024-05-30,0.6321725589017314,"{""type"":""MultiPoint"",""coordinates"":[]}"
20240531,2024-05-31,0.8932986402550084,"{""type"":""MultiPoint"",""coordinates"":[]}"
20240601,2024-06-01,1.6776469481135448,"{""type"":""MultiPoint"",""coordinates"":[]}"
20240602,2024-06-02,1.2325709558657163,"{""type"":""MultiPoint"",""coordinates"":[]}"
20240603,2024-06-03,0.9505375162456918,"{""type"":""MultiPoint"",""coordinates"":[]}"
20240604,2024-06-04,1.0835147278259947,"{""type"":""MultiPoint"",""coordinates"":[]}"
20240605,2024-06-05,1.060525100794354,"{""type"":""MultiPoint"",""coordinates"":[]}"
20240606,2024-06-06,0.822238336612058,"{""type"":""MultiPoint"",""coordinates"":[]}"
20240607,2024-06-07,0.8212830770071354,"{""type"":""MultiPoint"",""coordinates"":[]}"
20240608,2024-06-08,0.9729345171268113,"{""type"":""MultiPoint"",""coordinates"":[]}"
20240609,2024-06-09,0.3772774613028622,"{""type"":""MultiPoint"",""coordinates"":[]}"
20240610,2024-06-10,0.6535953689601645,"{""type"":""MultiPoint"",""coordinates"":[]}"
20240611,2024-06-11,0.5249876355339583,"{""type"":""MultiPoint"",""coordinates"":[]}"
20240612,2024-06-12,0.5777277422479501,"{""type"":""MultiPoint"",""coordinates"":[]}"
20240613,2024-06-13,0.39335610711629915,"{""type"":""MultiPoint"",""coordinates"":[]}"
20240614,2024-06-14,0.2997413311389264,"{""type"":""MultiPoint"",""coordinates"":[]}"
20240615,2024-06-15,0.3582514328281923,"{""type"":""MultiPoint"",""coordinates"":[]}"
20240616,2024-06-16,0.45013857034030474,"{""type"":""MultiPoint"",""coordinates"":[]}"
20240617,2024-06-17,0.6331444070301641,"{""type"":""MultiPoint"",""coordinates"":[]}"
20240618,2024-06-18,0.34241823114006525,"{""type"":""MultiPoint"",""coordinates"":[]}"
20240619,2024-06-19,0.22931950799389078,"{""type"":""MultiPoint"",""coordinates"":[]}"
20240620,2024-06-20,0.24036234284158614,"{""type"":""MultiPoint"",""coordinates"":[]}"
20240621,2024-06-21,0.5861966762443481,"{""type"":""MultiPoint"",""coordinates"":[]}"
20240622,2024-06-22,0.7143850694617457,"{""type"":""MultiPoint"",""coordinates"":[]}"
20240623,2024-06-23,0.43845296725966865,"{""type"":""MultiPoint"",""coordinates"":[]}"
20240624,2024-06-24,0.7864005032772167,"{""type"":""MultiPoint"",""coordinates"":[]}"
20240625,2024-06-25,0.8320898656809457,"{""type"":""MultiPoint"",""coordinates"":[]}"
20240626,2024-06-26,0.5250963749447095,"{""type"":""MultiPoint"",""coordinates"":[]}"
20240627,2024-06-27,0.4969891270510497,"{""type"":""MultiPoint"",""coordinates"":[]}"
20240628,2024-06-28,0.37917659179037755,"{""type"":""MultiPoint"",""coordinates"":[]}"
20240629,2024-06-29,0.17034151017029817,"{""type"":""MultiPoint"",""coordinates"":[]}"
20240630,2024-06-30,0.3664615335278119,"{""type"":""MultiPoint"",""coordinates"":[]}"
20240701,2024-07-01,0.8925017168500214,"{""type"":""MultiPoint"",""coordinates"":[]}"
20240702,2024-07-02,0.5555450225465597,"{""type"":""MultiPoint"",""coordinates"":[]}"
20240703,2024-07-03,0.5123085123272276,"{""type"":""MultiPoint"",""coordinates"":[]}"
20240704,2024-07-04,0.40520365697980343,"{""type"":""MultiPoint"",""coordinates"":[]}"
20240705,2024-07-05,0.24640385733647074,"{""type"":""MultiPoint"",""coordinates"":[]}"
20240706,2024-07-06,0.9309283154599026,"{""type"":""MultiPoint"",""coordinates"":[]}"
20240707,2024-07-07,1.4255293028899678,"{""type"":""MultiPoint"",""coordinates"":[]}"
20240708,2024-07-08,1.3686426161420513,"{""type"":""MultiPoint"",""coordinates"":[]}"
20240709,2024-07-09,1.1799499760181575,"{""type"":""MultiPoint"",""coordinates"":[]}"
20240710,2024-07-10,0.9150042765560995,"{""type"":""MultiPoint"",""coordinates"":[]}"
20240711,2024-07-11,0.5777467402852313,"{""type"":""MultiPoint"",""coordinates"":[]}"
20240712,2024-07-12,0.2733923072435031,"{""type"":""MultiPoint"",""coordinates"":[]}"
20240713,2024-07-13,1.38732943019484,"{""type"":""MultiPoint"",""coordinates"":[]}"
20240714,2024-07-14,1.5391882513290316,"{""type"":""MultiPoint"",""coordinates"":[]}"
20240715,2024-07-15,1.3590697432537215,"{""type"":""MultiPoint"",""coordinates"":[]}"
20240716,2024-07-16,2.1672374768419136,"{""type"":""MultiPoint"",""coordinates"":[]}"
20240717,2024-07-17,2.0839971958633736,"{""type"":""MultiPoint"",""coordinates"":[]}"
20240718,2024-07-18,1.7602556012007913,"{""type"":""MultiPoint"",""coordinates"":[]}"
20240719,2024-07-19,1.3877085606393318,"{""type"":""MultiPoint"",""coordinates"":[]}"
20240720,2024-07-20,1.3873316448766286,"{""type"":""MultiPoint"",""coordinates"":[]}"
20240721,2024-07-21,1.6610896391877272,"{""type"":""MultiPoint"",""coordinates"":[]}"
20240722,2024-07-22,1.8120450521712308,"{""type"":""MultiPoint"",""coordinates"":[]}"
20240723,2024-07-23,2.0609135768879794,"{""type"":""MultiPoint"",""coordinates"":[]}"
20240724,2024-07-24,1.2802191520613952,"{""type"":""MultiPoint"",""coordinates"":[]}"
20240725,2024-07-25,1.5170311315170841,"{""type"":""MultiPoint"",""coordinates"":[]}"
20240726,2024-07-26,1.082755093913432,"{""type"":""MultiPoint"",""coordinates"":[]}"
20240727,2024-07-27,0.9701694624892915,"{""type"":""MultiPoint"",""coordinates"":[]}"
20240728,2024-07-28,1.1362302004820293,"{""type"":""MultiPoint"",""coordinates"":[]}"
20240729,2024-07-29,1.6714692845685404,"{""type"":""MultiPoint"",""coordinates"":[]}"
20240730,2024-07-30,1.9774760228536992,"{""type"":""MultiPoint"",""coordinates"":[]}"
20240731,2024-07-31,1.6598240402225253,"{""type"":""MultiPoint"",""coordinates"":[]}"
20240801,2024-08-01,1.4676353076483375,"{""type"":""MultiPoint"",""coordinates"":[]}"
20240802,2024-08-02,0.5580565421738201,"{""type"":""MultiPoint"",""coordinates"":[]}"
20240803,2024-08-03,0.41721028131890614,"{""type"":""MultiPoint"",""coordinates"":[]}"
20240804,2024-08-04,0.18484298490532866,"{""type"":""MultiPoint"",""coordinates"":[]}"
20240805,2024-08-05,0.6132561732484608,"{""type"":""MultiPoint"",""coordinates"":[]}"
20240806,2024-08-06,0.582522995799575,"{""type"":""MultiPoint"",""coordinates"":[]}"
20240807,2024-08-07,0.29979420209002816,"{""type"":""MultiPoint"",""coordinates"":[]}"
20240808,2024-08-08,0.293590694536152,"{""type"":""MultiPoint"",""coordinates"":[]}"
20240809,2024-08-09,0.11344980438427144,"{""type"":""MultiPoint"",""coordinates"":[]}"
20240810,2024-08-10,0.7420811727389302,"{""type"":""MultiPoint"",""coordinates"":[]}"
20240811,2024-08-11,1.080202549551848,"{""type"":""MultiPoint"",""coordinates"":[]}"
20240812,2024-08-12,0.6817840642847894,"{""type"":""MultiPoint"",""coordinates"":[]}"
20240813,2024-08-13,1.233252466780949,"{""type"":""MultiPoint"",""coordinates"":[]}"
20240814,2024-08-14,0.941813214285818,"{""type"":""MultiPoint"",""coordinates"":[]}"
20240815,2024-08-15,1.447223128364297,"{""type"":""MultiPoint"",""coordinates"":[]}"
20240816,2024-08-16,1.1250986490929058,"{""type"":""MultiPoint"",""coordinates"":[]}"
20240817,2024-08-17,1.3403936298201906,"{""type"":""MultiPoint"",""coordinates"":[]}"
20240818,2024-08-18,0.9328158489202009,"{""type"":""MultiPoint"",""coordinates"":[]}"
20240819,2024-08-19,0.9306181286099909,"{""type"":""MultiPoint"",""coordinates"":[]}"
20240820,2024-08-20,1.0165789713022357,"{""type"":""MultiPoint"",""coordinates"":[]}"
20240821,2024-08-21,0.7912025141126133,"{""type"":""MultiPoint"",""coordinates"":[]}"
20240822,2024-08-22,0.3640970144139249,"{""type"":""MultiPoint"",""coordinates"":[]}"
20240823,2024-08-23,0.06574874614173512,"{""type"":""MultiPoint"",""coordinates"":[]}"
20240824,2024-08-24,0.6389213223278704,"{""type"":""MultiPoint"",""coordinates"":[]}"
20240825,2024-08-25,0.5872114044351627,"{""type"":""MultiPoint"",""coordinates"":[]}"
20240826,2024-08-26,1.1668402549688182,"{""type"":""MultiPoint"",""coordinates"":[]}"
20240827,2024-08-27,0.7395760509089436,"{""type"":""MultiPoint"",""coordinates"":[]}"
20240828,2024-08-28,0.7775413109865768,"{""type"":""MultiPoint"",""coordinates"":[]}"
20240829,2024-08-29,1.399246138734066,"{""type"":""MultiPoint"",""coordinates"":[]}"
20240830,2024-08-30,1.2807985580579566,"{""type"":""MultiPoint"",""coordinates"":[]}"
20240831,2024-08-31,0.6410456697459086,"{""type"":""MultiPoint"",""coordinates"":[]}"
20240901,2024-09-01,0.35193921420137153,"{""type"":""MultiPoint"",""coordinates"":[]}"
20240902,2024-09-02,0.7419191618583042,"{""type"":""MultiPoint"",""coordinates"":[]}"
20240903,2024-09-03,0.8778466947669303,"{""type"":""MultiPoint"",""coordinates"":[]}"
20240904,2024-09-04,0.5083111472846115,"{""type"":""MultiPoint"",""coordinates"":[]}"
20240905,2024-09-05,1.1165229405454475,"{""type"":""MultiPoint"",""coordinates"":[]}"
20240906,2024-09-06,1.0958665798524976,"{""type"":""MultiPoint"",""coordinates"":[]}"
20240907,2024-09-07,0.7265933835728534,"{""type"":""MultiPoint"",""coordinates"":[]}"
20240908,2024-09-08,1.1641979081758753,"{""type"":""MultiPoint"",""coordinates"":[]}"
20240909,2024-09-09,1.2497501769685189,"{""type"":""MultiPoint"",""coordinates"":[]}"
20240910,2024-09-10,0.8590267636983646,"{""type"":""MultiPoint"",""coordinates"":[]}"
20240911,2024-09-11,0.3935558280929816,"{""type"":""MultiPoint"",""coordinates"":[]}"
20240912,2024-09-12,0.22503283435069843,"{""type"":""MultiPoint"",""coordinates"":[]}"
20240913,2024-09-13,0.42536022918601785,"{""type"":""MultiPoint"",""coordinates"":[]}"
20240914,2024-09-14,0.35466019966123713,"{""type"":""MultiPoint"",""coordinates"":[]}"
20240915,2024-09-15,0.7980734947304547,"{""type"":""MultiPoint"",""coordinates"":[]}"
20240916,2024-09-16,0.8931566159347458,"{""type"":""MultiPoint"",""coordinates"":[]}"
20240917,2024-09-17,1.0674433628374862,"{""type"":""MultiPoint"",""coordinates"":[]}"
20240918,2024-09-18,0.9582131968383424,"{""type"":""MultiPoint"",""coordinates"":[]}"
20240919,2024-09-19,0.9065954301216865,"{""type"":""MultiPoint"",""coordinates"":[]}"
20240920,2024-09-20,0.325522884335856,"{""type"":""MultiPoint"",""coordinates"":[]}"
20240921,2024-09-21,0.4562243277079015,"{""type"":""MultiPoint"",""coordinates"":[]}"
20240922,2024-09-22,0.37642254158996047,"{""type"":""MultiPoint"",""coordinates"":[]}"
20240923,2024-09-23,0.5071860106699995,"{""type"":""MultiPoint"",""coordinates"":[]}"
20240924,2024-09-24,0.3980056059955881,"{""type"":""MultiPoint"",""coordinates"":[]}"
20240925,2024-09-25,0.28922422787983787,"{""type"":""MultiPoint"",""coordinates"":[]}"
20240926,2024-09-26,0.5606607775309237,"{""type"":""MultiPoint"",""coordinates"":[]}"
20240927,2024-09-27,0.228529326688581,"{""type"":""MultiPoint"",""coordinates"":[]}"
20240928,2024-09-28,0.33903906530696015,"{""type"":""MultiPoint"",""coordinates"":[]}"
20240929,2024-09-29,0.3621639612269877,"{""type"":""MultiPoint"",""coordinates"":[]}"
20240930,2024-09-30,0.0890494207044292,"{""type"":""MultiPoint"",""coordinates"":[]}"
20241001,2024-10-01,0.38531802819210814,"{""type"":""MultiPoint"",""coordinates"":[]}"
20241002,2024-10-02,0.9336137862885248,"{""type"":""MultiPoint"",""coordinates"":[]}"
20241003,2024-10-03,0.6482151143398325,"{""type"":""MultiPoint"",""coordinates"":[]}"
20241004,2024-10-04,0.3671268917733997,"{""type"":""MultiPoint"",""coordinates"":[]}"
20241005,2024-10-05,0.4217046503898757,"{""type"":""MultiPoint"",""coordinates"":[]}"
20241006,2024-10-06,0.35842781019072867,"{""type"":""MultiPoint"",""coordinates"":[]}"
20241007,2024-10-07,0.2029707852688185,"{""type"":""MultiPoint"",""coordinates"":[]}"
20241008,2024-10-08,0.35935850905906286,"{""type"":""MultiPoint"",""coordinates"":[]}"
20241009,2024-10-09,0.186192174937938,"{""type"":""MultiPoint"",""coordinates"":[]}"
20241010,2024-10-10,0.1574160134208363,"{""type"":""MultiPoint"",""coordinates"":[]}"
20241011,2024-10-11,0.21808509445373775,"{""type"":""MultiPoint"",""coordinates"":[]}"
20241012,2024-10-12,0.12720087232382207,"{""type"":""MultiPoint"",""coordinates"":[]}"
20241013,2024-10-13,1.2118601817946009,"{""type"":""MultiPoint"",""coordinates"":[]}"
20241014,2024-10-14,1.086196351187147,"{""type"":""MultiPoint"",""coordinates"":[]}"
20241015,2024-10-15,0.6227245095921973,"{""type"":""MultiPoint"",""coordinates"":[]}"
20241016,2024-10-16,0.09922301021806608,"{""type"":""MultiPoint"",""coordinates"":[]}"
20241017,2024-10-17,0.4429836616771278,"{""type"":""MultiPoint"",""coordinates"":[]}"
20241018,2024-10-18,0.1781247964994968,"{""type"":""MultiPoint"",""coordinates"":[]}"
20241019,2024-10-19,0.08904610600375729,"{""type"":""MultiPoint"",""coordinates"":[]}"
20241020,2024-10-20,0.6149282014444037,"{""type"":""MultiPoint"",""coordinates"":[]}"
20241021,2024-10-21,0.7791701264855228,"{""type"":""MultiPoint"",""coordinates"":[]}"
20241022,2024-10-22,0.8566657603759983,"{""type"":""MultiPoint"",""coordinates"":[]}"
20241023,2024-10-23,0.2820236718465186,"{""type"":""MultiPoint"",""coordinates"":[]}"
20241024,2024-10-24,0.3680634306860476,"{""type"":""MultiPoint"",""coordinates"":[]}"
20241025,2024-10-25,0.1976022859420295,"{""type"":""MultiPoint"",""coordinates"":[]}"
20241026,2024-10-26,0.08849051719963205,"{""type"":""MultiPoint"",""coordinates"":[]}"
20241027,2024-10-27,0.22920149300827034,"{""type"":""MultiPoint"",""coordinates"":[]}"
20241028,2024-10-28,0.6030687744233252,"{""type"":""MultiPoint"",""coordinates"":[]}"
20241029,2024-10-29,0.6028472121924638,"{""type"":""MultiPoint"",""coordinates"":[]}"
20241030,2024-10-30,0.5788954776934502,"{""type"":""MultiPoint"",""coordinates"":[]}"
20241031,2024-10-31,0.29608510119134673,"{""type"":""MultiPoint"",""coordinates"":[]}"
20241101,2024-11-01,0.9672953275238997,"{""type"":""MultiPoint"",""coordinates"":[]}"
20241102,2024-11-02,0.8346796736333154,"{""type"":""MultiPoint"",""coordinates"":[]}"
20241103,2024-11-03,0.19051532882096528,"{""type"":""MultiPoint"",""coordinates"":[]}"
20241104,2024-11-04,0.424111128918342,"{""type"":""MultiPoint"",""coordinates"":[]}"
20241105,2024-11-05,0.19772649636600229,"{""type"":""MultiPoint"",""coordinates"":[]}"
20241106,2024-11-06,0.5908506282913737,"{""type"":""MultiPoint"",""coordinates"":[]}"
20241107,2024-11-07,0.7635489689932599,"{""type"":""MultiPoint"",""coordinates"":[]}"
20241108,2024-11-08,0.9367674665621877,"{""type"":""MultiPoint"",""coordinates"":[]}"
20241109,2024-11-09,0.5032858354489141,"{""type"":""MultiPoint"",""coordinates"":[]}"
20241110,2024-11-10,0.7820836203515269,"{""type"":""MultiPoint"",""coordinates"":[]}"
20241111,2024-11-11,0.6832757333619465,"{""type"":""MultiPoint"",""coordinates"":[]}"
20241112,2024-11-12,0.6550851357764171,"{""type"":""MultiPoint"",""coordinates"":[]}"
20241113,2024-11-13,1.058840832932362,"{""type"":""MultiPoint"",""coordinates"":[]}"
20241114,2024-11-14,1.034650746013166,"{""type"":""MultiPoint"",""coordinates"":[]}"
20241115,2024-11-15,0.6419416638412772,"{""type"":""MultiPoint"",""coordinates"":[]}"
20241116,2024-11-16,0.8320140552882443,"{""type"":""MultiPoint"",""coordinates"":[]}"
20241117,2024-11-17,0.6911349980996586,"{""type"":""MultiPoint"",""coordinates"":[]}"
20241118,2024-11-18,0.5735868651373152,"{""type"":""MultiPoint"",""coordinates"":[]}"
20241119,2024-11-19,0.17115344166714433,"{""type"":""MultiPoint"",""coordinates"":[]}"
20241120,2024-11-20,0.7351325442917993,"{""type"":""MultiPoint"",""coordinates"":[]}"
20241121,2024-11-21,0.6147121223863196,"{""type"":""MultiPoint"",""coordinates"":[]}"
20241122,2024-11-22,0.34683717892697313,"{""type"":""MultiPoint"",""coordinates"":[]}"
20241123,2024-11-23,0.38502942654598976,"{""type"":""MultiPoint"",""coordinates"":[]}"
20241124,2024-11-24,0.18720472930264373,"{""type"":""MultiPoint"",""coordinates"":[]}"
20241125,2024-11-25,0.256619944061043,"{""type"":""MultiPoint"",""coordinates"":[]}"
20241126,2024-11-26,0.3565793237202778,"{""type"":""MultiPoint"",""coordinates"":[]}"
20241127,2024-11-27,0.44163883781196367,"{""type"":""MultiPoint"",""coordinates"":[]}"
20241128,2024-11-28,0.4514036298786719,"{""type"":""MultiPoint"",""coordinates"":[]}"
20241129,2024-11-29,0.15026832646453997,"{""type"":""MultiPoint"",""coordinates"":[]}"
20241130,2024-11-30,0.5105717571541387,"{""type"":""MultiPoint"",""coordinates"":[]}"
20241201,2024-12-01,0.22142057311681443,"{""type"":""MultiPoint"",""coordinates"":[]}"
20241202,2024-12-02,0.22788612348225035,"{""type"":""MultiPoint"",""coordinates"":[]}"
20241203,2024-12-03,0.6385373439222992,"{""type"":""MultiPoint"",""coordinates"":[]}"
20241204,2024-12-04,0.3532039480455162,"{""type"":""MultiPoint"",""coordinates"":[]}"
20241205,2024-12-05,0.3253425743093248,"{""type"":""MultiPoint"",""coordinates"":[]}"
20241206,2024-12-06,0.5664554467351139,"{""type"":""MultiPoint"",""coordinates"":[]}"
20241207,2024-12-07,0.9710221421725804,"{""type"":""MultiPoint"",""coordinates"":[]}"
20241208,2024-12-08,0.29756015639525357,"{""type"":""MultiPoint"",""coordinates"":[]}"
20241209,2024-12-09,0.2847159229738589,"{""type"":""MultiPoint"",""coordinates"":[]}"
20241210,2024-12-10,0.06881151170172872,"{""type"":""MultiPoint"",""coordinates"":[]}"
20241211,2024-12-11,0.34058704419809,"{""type"":""MultiPoint"",""coordinates"":[]}"
20241212,2024-12-12,0.9461765053677594,"{""type"":""MultiPoint"",""coordinates"":[]}"
20241213,2024-12-13,0.778906890360369,"{""type"":""MultiPoint"",""coordinates"":[]}"
20241214,2024-12-14,0.9862487093222857,"{""type"":""MultiPoint"",""coordinates"":[]}"
20241215,2024-12-15,0.6205681164313842,"{""type"":""MultiPoint"",""coordinates"":[]}"
20241216,2024-12-16,0.25975307981394136,"{""type"":""MultiPoint"",""coordinates"":[]}"
20241217,2024-12-17,0.25054725105464754,"{""type"":""MultiPoint"",""coordinates"":[]}"
20241218,2024-12-18,0.24014241048719798,"{""type"":""MultiPoint"",""coordinates"":[]}"
20241219,2024-12-19,0.2804111778729337,"{""type"":""MultiPoint"",""coordinates"":[]}"
20241220,2024-12-20,0.18400383853622004,"{""type"":""MultiPoint"",""coordinates"":[]}"
20241221,2024-12-21,0.7063908815164832,"{""type"":""MultiPoint"",""coordinates"":[]}"
20241222,2024-12-22,0.2946958434591575,"{""type"":""MultiPoint"",""coordinates"":[]}"
20241223,2024-12-23,0.13573714924766667,"{""type"":""MultiPoint"",""coordinates"":[]}"
20241224,2024-12-24,0.27837776559864497,"{""type"":""MultiPoint"",""coordinates"":[]}"
20241225,2024-12-25,0.5582112558996396,"{""type"":""MultiPoint"",""coordinates"":[]}"
20241226,2024-12-26,0.7495572636719765,"{""type"":""MultiPoint"",""coordinates"":[]}"
20241227,2024-12-27,0.5878425206868686,"{""type"":""MultiPoint"",""coordinates"":[]}"
20241228,2024-12-28,0.32546865374220946,"{""type"":""MultiPoint"",""coordinates"":[]}"
20241229,2024-12-29,0.26047204125047957,"{""type"":""MultiPoint"",""coordinates"":[]}"
20241230,2024-12-30,0.5752614683707008,"{""type"":""MultiPoint"",""coordinates"":[]}"
20241231,2024-12-31,0.44899647457883135,"{""type"":""MultiPoint"",""coordinates"":[]}"
20250101,2025-01-01,0.7692262680001826,"{""type"":""MultiPoint"",""coordinates"":[]}"
20250102,2025-01-02,0.5302433302330171,"{""type"":""MultiPoint"",""coordinates"":[]}"
20250103,2025-01-03,0.5378758931431709,"{""type"":""MultiPoint"",""coordinates"":[]}"
20250104,2025-01-04,0.14355383281059028,"{""type"":""MultiPoint"",""coordinates"":[]}"
20250105,2025-01-05,0.3086302027974729,"{""type"":""MultiPoint"",""coordinates"":[]}"
20250106,2025-01-06,0.2829617586257079,"{""type"":""MultiPoint"",""coordinates"":[]}"
20250107,2025-01-07,0.28198260830072125,"{""type"":""MultiPoint"",""coordinates"":[]}"
20250108,2025-01-08,0.5689909063450502,"{""type"":""MultiPoint"",""coordinates"":[]}"
20250109,2025-01-09,0.49459421045189017,"{""type"":""MultiPoint"",""coordinates"":[]}"
20250110,2025-01-10,0.5511713319821482,"{""type"":""MultiPoint"",""coordinates"":[]}"
20250111,2025-01-11,0.36881274968534006,"{""type"":""MultiPoint"",""coordinates"":[]}"
20250112,2025-01-12,0.49405360624780226,"{""type"":""MultiPoint"",""coordinates"":[]}"
20250113,2025-01-13,0.7285366674342332,"{""type"":""MultiPoint"",""coordinates"":[]}"
20250114,2025-01-14,0.6674935552133713,"{""type"":""MultiPoint"",""coordinates"":[]}"
20250115,2025-01-15,0.7621671759517039,"{""type"":""MultiPoint"",""coordinates"":[]}"
20250116,2025-01-16,0.8234026894408631,"{""type"":""MultiPoint"",""coordinates"":[]}"
20250117,2025-01-17,0.7332837966388892,"{""type"":""MultiPoint"",""coordinates"":[]}"
20250118,2025-01-18,0.21289472471937074,"{""type"":""MultiPoint"",""coordinates"":[]}"
20250119,2025-01-19,0.3726710349767049,"{""type"":""MultiPoint"",""coordinates"":[]}"
20250120,2025-01-20,0.5453234047374765,"{""type"":""MultiPoint"",""coordinates"":[]}"
20250121,2025-01-21,0.2594153477495151,"{""type"":""MultiPoint"",""coordinates"":[]}"
20250122,2025-01-22,0.14442062096255248,"{""type"":""MultiPoint"",""coordinates"":[]}"
20250123,2025-01-23,0.534379520028571,"{""type"":""MultiPoint"",""coordinates"":[]}"
20250124,2025-01-24,0.18981523858052074,"{""type"":""MultiPoint"",""coordinates"":[]}"
20250125,2025-01-25,0.1679126099307109,"{""type"":""MultiPoint"",""coordinates"":[]}"
20250126,2025-01-26,0.5672020220384248,"{""type"":""MultiPoint"",""coordinates"":[]}"
20250127,2025-01-27,0.36867413307997643,"{""type"":""MultiPoint"",""coordinates"":[]}"
20250128,2025-01-28,0.08090110093258449,"{""type"":""MultiPoint"",""coordinates"":[]}"
20250129,2025-01-29,0.473583047899708,"{""type"":""MultiPoint"",""coordinates"":[]}"
20250130,2025-01-30,0.45427398830697235,"{""type"":""MultiPoint"",""coordinates"":[]}"
20250131,2025-01-31,0.36619089608234007,"{""type"":""MultiPoint"",""coordinates"":[]}"
20250201,2025-02-01,0.12700828546197995,"{""type"":""MultiPoint"",""coordinates"":[]}"
20250202,2025-02-02,0.15061904734695566,"{""type"":""MultiPoint"",""coordinates"":[]}"
20250203,2025-02-03,0.13635486085057003,"{""type"":""MultiPoint"",""coordinates"":[]}"
20250204,2025-02-04,0.09986469577835527,"{""type"":""MultiPoint"",""coordinates"":[]}"
20250205,2025-02-05,0.27838946244994633,"{""type"":""MultiPoint"",""coordinates"":[]}"
20250206,2025-02-06,0.31297539395918883,"{""type"":""MultiPoint"",""coordinates"":[]}"
20250207,2025-02-07,0.06130967871832391,"{""type"":""MultiPoint"",""coordinates"":[]}"
20250208,2025-02-08,0.0761999332700139,"{""type"":""MultiPoint"",""coordinates"":[]}"
20250209,2025-02-09,0.43742276010711506,"{""type"":""MultiPoint"",""coordinates"":[]}"
20250210,2025-02-10,0.17281395559577775,"{""type"":""MultiPoint"",""coordinates"":[]}"
20250211,2025-02-11,0.32101831542548065,"{""type"":""MultiPoint"",""coordinates"":[]}"
20250212,2025-02-12,0.414300179227289,"{""type"":""MultiPoint"",""coordinates"":[]}"
20250213,2025-02-13,0.06736619583943934,"{""type"":""MultiPoint"",""coordinates"":[]}"
20250214,2025-02-14,0.06827873965029661,"{""type"":""MultiPoint"",""coordinates"":[]}"
20250215,2025-02-15,0.5238899850311981,"{""type"":""MultiPoint"",""coordinates"":[]}"
20250216,2025-02-16,0.6075404274123748,"{""type"":""MultiPoint"",""coordinates"":[]}"
20250217,2025-02-17,0.6274386501701401,"{""type"":""MultiPoint"",""coordinates"":[]}"
20250218,2025-02-18,0.22431971031989117,"{""type"":""MultiPoint"",""coordinates"":[]}"
20250219,2025-02-19,0.3833243507523819,"{""type"":""MultiPoint"",""coordinates"":[]}"
20250220,2025-02-20,0.3270687288302836,"{""type"":""MultiPoint"",""coordinates"":[]}"
20250221,2025-02-21,0.2622598058923319,"{""type"":""MultiPoint"",""coordinates"":[]}"
20250222,2025-02-22,0.6191601412053367,"{""type"":""MultiPoint"",""coordinates"":[]}"
20250223,2025-02-23,0.4855175517793651,"{""type"":""MultiPoint"",""coordinates"":[]}"
20250224,2025-02-24,0.46403510648758745,"{""type"":""MultiPoint"",""coordinates"":[]}"
20250225,2025-02-25,0.46259838940572107,"{""type"":""MultiPoint"",""coordinates"":[]}"
20250226,2025-02-26,0.30206297261095955,"{""type"":""MultiPoint"",""coordinates"":[]}"
20250227,2025-02-27,0.3594668429596417,"{""type"":""MultiPoint"",""coordinates"":[]}"
20250228,2025-02-28,0.2375345371139875,"{""type"":""MultiPoint"",""coordinates"":[]}"
20250301,2025-03-01,0.630925444696721,"{""type"":""MultiPoint"",""coordinates"":[]}"
20250302,2025-03-02,0.4503600158894435,"{""type"":""MultiPoint"",""coordinates"":[]}"
20250303,2025-03-03,0.3887763320614909,"{""type"":""MultiPoint"",""coordinates"":[]}"
20250304,2025-03-04,0.43638032386237335,"{""type"":""MultiPoint"",""coordinates"":[]}"
20250305,2025-03-05,0.6025050170438395,"{""type"":""MultiPoint"",""coordinates"":[]}"
20250306,2025-03-06,0.190181155236789,"{""type"":""MultiPoint"",""coordinates"":[]}"
20250307,2025-03-07,0.24575155112984529,"{""type"":""MultiPoint"",""coordinates"":[]}"
20250308,2025-03-08,0.25683169783485205,"{""type"":""MultiPoint"",""coordinates"":[]}"
20250309,2025-03-09,0.13491337911376322,"{""type"":""MultiPoint"",""coordinates"":[]}"
20250310,2025-03-10,0.18122404656254879,"{""type"":""MultiPoint"",""coordinates"":[]}"
20250311,2025-03-11,0.4175601071369328,"{""type"":""MultiPoint"",""coordinates"":[]}"
20250312,2025-03-12,0.28480231646581833,"{""type"":""MultiPoint"",""coordinates"":[]}"
20250313,2025-03-13,0.13049124042511473,"{""type"":""MultiPoint"",""coordinates"":[]}"
20250314,2025-03-14,0.32516497258462884,"{""type"":""MultiPoint"",""coordinates"":[]}"
20250315,2025-03-15,0.46566912368684327,"{""type"":""MultiPoint"",""coordinates"":[]}"
20250316,2025-03-16,0.2088231550069669,"{""type"":""MultiPoint"",""coordinates"":[]}"
20250317,2025-03-17,0.17141561183035747,"{""type"":""MultiPoint"",""coordinates"":[]}"
20250318,2025-03-18,0.20526203768695034,"{""type"":""MultiPoint"",""coordinates"":[]}"
20250319,2025-03-19,0.21175023105188276,"{""type"":""MultiPoint"",""coordinates"":[]}"
20250320,2025-03-20,0.4224707447464309,"{""type"":""MultiPoint"",""coordinates"":[]}"
20250321,2025-03-21,0.16122565837932962,"{""type"":""MultiPoint"",""coordinates"":[]}"
20250322,2025-03-22,0.8299617406081142,"{""type"":""MultiPoint"",""coordinates"":[]}"
20250323,2025-03-23,0.7173222118988588,"{""type"":""MultiPoint"",""coordinates"":[]}"
20250324,2025-03-24,0.6710928116797625,"{""type"":""MultiPoint"",""coordinates"":[]}"
20250325,2025-03-25,0.13124030563664563,"{""type"":""MultiPoint"",""coordinates"":[]}"
20250326,2025-03-26,0.09988934301116618,"{""type"":""MultiPoint"",""coordinates"":[]}"
20250327,2025-03-27,0.11272154057033149,"{""type"":""MultiPoint"",""coordinates"":[]}"
20250328,2025-03-28,0.47116480672144007,"{""type"":""MultiPoint"",""coordinates"":[]}"
20250329,2025-03-29,0.40179934870478906,"{""type"":""MultiPoint"",""coordinates"":[]}"
20250330,2025-03-30,0.6473735039958537,"{""type"":""MultiPoint"",""coordinates"":[]}"
20250331,2025-03-31,0.4466866423690223,"{""type"":""MultiPoint"",""coordinates"":[]}"
20250401,2025-04-01,0.47260034056876804,"{""type"":""MultiPoint"",""coordinates"":[]}"
20250402,2025-04-02,0.3249771319767142,"{""type"":""MultiPoint"",""coordinates"":[]}"
20250403,2025-04-03,0.3398525663248739,"{""type"":""MultiPoint"",""coordinates"":[]}"
20250404,2025-04-04,0.28427143637614055,"{""type"":""MultiPoint"",""coordinates"":[]}"
20250405,2025-04-05,0.4507558835714545,"{""type"":""MultiPoint"",""coordinates"":[]}"
20250406,2025-04-06,0.45902933794205936,"{""type"":""MultiPoint"",""coordinates"":[]}"
20250407,2025-04-07,0.35755890651672645,"{""type"":""MultiPoint"",""coordinates"":[]}"
20250408,2025-04-08,0.33214677664975323,"{""type"":""MultiPoint"",""coordinates"":[]}"
20250409,2025-04-09,0.3804056316311405,"{""type"":""MultiPoint"",""coordinates"":[]}"
20250410,2025-04-10,0.1319247308197951,"{""type"":""MultiPoint"",""coordinates"":[]}"
20250411,2025-04-11,0.38032665092543677,"{""type"":""MultiPoint"",""coordinates"":[]}"
20250412,2025-04-12,0.5516110044745652,"{""type"":""MultiPoint"",""coordinates"":[]}"
20250413,2025-04-13,0.29569388051240403,"{""type"":""MultiPoint"",""coordinates"":[]}"
20250414,2025-04-14,0.17897595936915167,"{""type"":""MultiPoint"",""coordinates"":[]}"
20250415,2025-04-15,0.7678421398436427,"{""type"":""MultiPoint"",""coordinates"":[]}"
20250416,2025-04-16,0.07942384290734288,"{""type"":""MultiPoint"",""coordinates"":[]}"
20250417,2025-04-17,0.5668313838285096,"{""type"":""MultiPoint"",""coordinates"":[]}"
20250418,2025-04-18,0.9665475626382501,"{""type"":""MultiPoint"",""coordinates"":[]}"
20250419,2025-04-19,0.49584978499368987,"{""type"":""MultiPoint"",""coordinates"":[]}"
20250420,2025-04-20,0.7518566240465893,"{""type"":""MultiPoint"",""coordinates"":[]}"
20250421,2025-04-21,0.27287907810589207,"{""type"":""MultiPoint"",""coordinates"":[]}"
20250422,2025-04-22,0.28001100805795837,"{""type"":""MultiPoint"",""coordinates"":[]}"
20250423,2025-04-23,0.6753867511511868,"{""type"":""MultiPoint"",""coordinates"":[]}"
20250424,2025-04-24,0.571145536094959,"{""type"":""MultiPoint"",""coordinates"":[]}"
20250425,2025-04-25,0.10341946146426668,"{""type"":""MultiPoint"",""coordinates"":[]}"
20250426,2025-04-26,0.5193904276517071,"{""type"":""MultiPoint"",""coordinates"":[]}"
20250427,2025-04-27,0.40452276473940174,"{""type"":""MultiPoint"",""coordinates"":[]}"
20250428,2025-04-28,0.3619977547994952,"{""type"":""MultiPoint"",""coordinates"":[]}"
20250429,2025-04-29,0.48163678378385816,"{""type"":""MultiPoint"",""coordinates"":[]}"
20250430,2025-04-30,0.27685784545786474,"{""type"":""MultiPoint"",""coordinates"":[]}"
20250501,2025-05-01,0.3191483636071489,"{""type"":""MultiPoint"",""coordinates"":[]}"
20250502,2025-05-02,0.4920052869804295,"{""type"":""MultiPoint"",""coordinates"":[]}"
20250503,2025-05-03,0.20313982348868745,"{""type"":""MultiPoint"",""coordinates"":[]}"
20250504,2025-05-04,0.27539810796811875,"{""type"":""MultiPoint"",""coordinates"":[]}"
20250505,2025-05-05,0.13906631422519541,"{""type"":""MultiPoint"",""coordinates"":[]}"
20250506,2025-05-06,0.12340973801271536,"{""type"":""MultiPoint"",""coordinates"":[]}"
20250507,2025-05-07,0.20259573902619046,"{""type"":""MultiPoint"",""coordinates"":[]}"
20250508,2025-05-08,0.23645478105574091,"{""type"":""MultiPoint"",""coordinates"":[]}"
20250509,2025-05-09,0.5752917445100717,"{""type"":""MultiPoint"",""coordinates"":[]}"
20250510,2025-05-10,1.3386765952772548,"{""type"":""MultiPoint"",""coordinates"":[]}"
20250511,2025-05-11,1.3312813470477263,"{""type"":""MultiPoint"",""coordinates"":[]}"
20250512,2025-05-12,1.2630141260505572,"{""type"":""MultiPoint"",""coordinates"":[]}"
20250513,2025-05-13,1.0846307767560022,"{""type"":""MultiPoint"",""coordinates"":[]}"
20250514,2025-05-14,0.6141439897032819,"{""type"":""MultiPoint"",""coordinates"":[]}"
20250515,2025-05-15,0.3462683474834365,"{""type"":""MultiPoint"",""coordinates"":[]}"
20250516,2025-05-16,0.27252075160173916,"{""type"":""MultiPoint"",""coordinates"":[]}"
20250517,2025-05-17,0.1712428649750979,"{""type"":""MultiPoint"",""coordinates"":[]}"
20250518,2025-05-18,0.10252519304734241,"{""type"":""MultiPoint"",""coordinates"":[]}"
20250519,2025-05-19,0.3549737319014233,"{""type"":""MultiPoint"",""coordinates"":[]}"
20250520,2025-05-20,0.38636887357170596,"{""type"":""MultiPoint"",""coordinates"":[]}"
20250521,2025-05-21,0.31554088088862936,"{""type"":""MultiPoint"",""coordinates"":[]}"
20250522,2025-05-22,0.3703174167785464,"{""type"":""MultiPoint"",""coordinates"":[]}"
20250523,2025-05-23,1.4675437997848562,"{""type"":""MultiPoint"",""coordinates"":[]}"
20250524,2025-05-24,1.0861068040092088,"{""type"":""MultiPoint"",""coordinates"":[]}"
20250525,2025-05-25,0.6764787950450467,"{""type"":""MultiPoint"",""coordinates"":[]}"
20250526,2025-05-26,0.8955776381917144,"{""type"":""MultiPoint"",""coordinates"":[]}"
20250527,2025-05-27,0.120715415516232,"{""type"":""MultiPoint"",""coordinates"":[]}"
20250528,2025-05-28,0.7764643958852249,"{""type"":""MultiPoint"",""coordinates"":[]}"
20250529,2025-05-29,0.7039636407154338,"{""type"":""MultiPoint"",""coordinates"":[]}"
20250530,2025-05-30,0.5536370114690712,"{""type"":""MultiPoint"",""coordinates"":[]}"
20250531,2025-05-31,1.109953031087215,"{""type"":""MultiPoint"",""coordinates"":[]}"
20250601,2025-06-01,0.34077011280075814,"{""type"":""MultiPoint"",""coordinates"":[]}"
20250602,2025-06-02,1.0526881998381907,"{""type"":""MultiPoint"",""coordinates"":[]}"
20250603,2025-06-03,1.0339785308000442,"{""type"":""MultiPoint"",""coordinates"":[]}"
20250604,2025-06-04,0.9243704298968365,"{""type"":""MultiPoint"",""coordinates"":[]}"
20250605,2025-06-05,0.45787612686660567,"{""type"":""MultiPoint"",""coordinates"":[]}"
20250606,2025-06-06,0.5634921491584579,"{""type"":""MultiPoint"",""coordinates"":[]}"
20250607,2025-06-07,1.6338699253963458,"{""type"":""MultiPoint"",""coordinates"":[]}"
20250608,2025-06-08,0.7671169760799892,"{""type"":""MultiPoint"",""coordinates"":[]}"
20250609,2025-06-09,0.5931023344379377,"{""type"":""MultiPoint"",""coordinates"":[]}"
20250610,2025-06-10,0.6674757847231696,"{""type"":""MultiPoint"",""coordinates"":[]}"
20250611,2025-06-11,0.46658635542522053,"{""type"":""MultiPoint"",""coordinates"":[]}"
20250612,2025-06-12,0.5068797207784514,"{""type"":""MultiPoint"",""coordinates"":[]}"
20250613,2025-06-13,0.2935619244298895,"{""type"":""MultiPoint"",""coordinates"":[]}"
20250614,2025-06-14,0.9374109625464367,"{""type"":""MultiPoint"",""coordinates"":[]}"
20250615,2025-06-15,0.2382332739352538,"{""type"":""MultiPoint"",""coordinates"":[]}"
20250616,2025-06-16,0.5292360875135845,"{""type"":""MultiPoint"",""coordinates"":[]}"
20250617,2025-06-17,0.2458734972676249,"{""type"":""MultiPoint"",""coordinates"":[]}"
20250618,2025-06-18,1.2181814172412533,"{""type"":""MultiPoint"",""coordinates"":[]}"
20250619,2025-06-19,1.1479460798704115,"{""type"":""MultiPoint"",""coordinates"":[]}"
20250620,2025-06-20,1.2737024120281437,"{""type"":""MultiPoint"",""coordinates"":[]}"
20250621,2025-06-21,1.1150255365405206,"{""type"":""MultiPoint"",""coordinates"":[]}"
20250622,2025-06-22,0.23702490200886903,"{""type"":""MultiPoint"",""coordinates"":[]}"
20250623,2025-06-23,0.41219907378737736,"{""type"":""MultiPoint"",""coordinates"":[]}"
20250624,2025-06-24,0.45175489901648025,"{""type"":""MultiPoint"",""coordinates"":[]}"
20250625,2025-06-25,0.754686170134508,"{""type"":""MultiPoint"",""coordinates"":[]}"
20250626,2025-06-26,0.3937610459842009,"{""type"":""MultiPoint"",""coordinates"":[]}"
20250627,2025-06-27,0.8691075127803356,"{""type"":""MultiPoint"",""coordinates"":[]}"
20250628,2025-06-28,0.6155136050934716,"{""type"":""MultiPoint"",""coordinates"":[]}"
20250629,2025-06-29,0.6268868155789454,"{""type"":""MultiPoint"",""coordinates"":[]}"
20250630,2025-06-30,1.4570845287272565,"{""type"":""MultiPoint"",""coordinates"":[]}"
20250701,2025-07-01,1.4195230546758848,"{""type"":""MultiPoint"",""coordinates"":[]}"
20250702,2025-07-02,1.2760898034048502,"{""type"":""MultiPoint"",""coordinates"":[]}"
20250703,2025-07-03,1.10538552005659,"{""type"":""MultiPoint"",""coordinates"":[]}"
20250704,2025-07-04,1.393093038656548,"{""type"":""MultiPoint"",""coordinates"":[]}"
20250705,2025-07-05,1.4957296384946897,"{""type"":""MultiPoint"",""coordinates"":[]}"
20250706,2025-07-06,0.7344854041778311,"{""type"":""MultiPoint"",""coordinates"":[]}"
20250707,2025-07-07,0.9768902847156546,"{""type"":""MultiPoint"",""coordinates"":[]}"
20250708,2025-07-08,0.9424748210447377,"{""type"":""MultiPoint"",""coordinates"":[]}"
20250709,2025-07-09,1.0098304335683828,"{""type"":""MultiPoint"",""coordinates"":[]}"
20250710,2025-07-10,1.161485119049903,"{""type"":""MultiPoint"",""coordinates"":[]}"
20250711,2025-07-11,0.606228157414273,"{""type"":""MultiPoint"",""coordinates"":[]}"
20250712,2025-07-12,1.4368118268421388,"{""type"":""MultiPoint"",""coordinates"":[]}"
20250713,2025-07-13,1.3030072883189798,"{""type"":""MultiPoint"",""coordinates"":[]}"
20250714,2025-07-14,1.346415631574817,"{""type"":""MultiPoint"",""coordinates"":[]}"
20250715,2025-07-15,1.9266436319977556,"{""type"":""MultiPoint"",""coordinates"":[]}"
20250716,2025-07-16,0.9849420649606356,"{""type"":""MultiPoint"",""coordinates"":[]}"
20250717,2025-07-17,1.2501630394562104,"{""type"":""MultiPoint"",""coordinates"":[]}"
20250718,2025-07-18,1.6162843415181274,"{""type"":""MultiPoint"",""coordinates"":[]}"
20250719,2025-07-19,1.6902515454331277,"{""type"":""MultiPoint"",""coordinates"":[]}"
20250720,2025-07-20,1.4845296380967203,"{""type"":""MultiPoint"",""coordinates"":[]}"
20250721,2025-07-21,1.37680183981146,"{""type"":""MultiPoint"",""coordinates"":[]}"
20250722,2025-07-22,1.1034560119119592,"{""type"":""MultiPoint"",""coordinates"":[]}"
20250723,2025-07-23,0.611292450977276,"{""type"":""MultiPoint"",""coordinates"":[]}"
20250724,2025-07-24,1.288488637743223,"{""type"":""MultiPoint"",""coordinates"":[]}"
20250725,2025-07-25,0.9184268472899185,"{""type"":""MultiPoint"",""coordinates"":[]}"
20250726,2025-07-26,0.40609217079854876,"{""type"":""MultiPoint"",""coordinates"":[]}"
20250727,2025-07-27,0.6880362570804214,"{""type"":""MultiPoint"",""coordinates"":[]}"
20250728,2025-07-28,0.6796396373547474,"{""type"":""MultiPoint"",""coordinates"":[]}"
20250729,2025-07-29,0.7772497326863426,"{""type"":""MultiPoint"",""coordinates"":[]}"
20250730,2025-07-30,0.7687159238250253,"{""type"":""MultiPoint"",""coordinates"":[]}"
20250731,2025-07-31,0.5924900080195373,"{""type"":""MultiPoint"",""coordinates"":[]}"
20250801,2025-08-01,0.6296932557372703,"{""type"":""MultiPoint"",""coordinates"":[]}"
20250802,2025-08-02,1.111862211047691,"{""type"":""MultiPoint"",""coordinates"":[]}"
20250803,2025-08-03,1.1882034320486148,"{""type"":""MultiPoint"",""coordinates"":[]}"
20250804,2025-08-04,1.1988610195185458,"{""type"":""MultiPoint"",""coordinates"":[]}"
20250805,2025-08-05,0.5294844768988813,"{""type"":""MultiPoint"",""coordinates"":[]}"
20250806,2025-08-06,0.3903130920992491,"{""type"":""MultiPoint"",""coordinates"":[]}"
20250807,2025-08-07,0.2598483795374133,"{""type"":""MultiPoint"",""coordinates"":[]}"
20250808,2025-08-08,0.44168362754224494,"{""type"":""MultiPoint"",""coordinates"":[]}"
20250809,2025-08-09,0.6206950542843176,"{""type"":""MultiPoint"",""coordinates"":[]}"
20250810,2025-08-10,0.7084159098414177,"{""type"":""MultiPoint"",""coordinates"":[]}"
20250811,2025-08-11,0.7990496400052841,"{""type"":""MultiPoint"",""coordinates"":[]}"
20250812,2025-08-12,1.1699187750761815,"{""type"":""MultiPoint"",""coordinates"":[]}"
20250813,2025-08-13,0.3328194378276679,"{""type"":""MultiPoint"",""coordinates"":[]}"
20250814,2025-08-14,0.5856659968125538,"{""type"":""MultiPoint"",""coordinates"":[]}"
20250815,2025-08-15,0.613398482258417,"{""type"":""MultiPoint"",""coordinates"":[]}"
20250816,2025-08-16,0.26804044128170773,"{""type"":""MultiPoint"",""coordinates"":[]}"
20250817,2025-08-17,0.28844267778158367,"{""type"":""MultiPoint"",""coordinates"":[]}"
20250818,2025-08-18,0.522305029839708,"{""type"":""MultiPoint"",""coordinates"":[]}"
20250819,2025-08-19,0.14086288194872762,"{""type"":""MultiPoint"",""coordinates"":[]}"
20250820,2025-08-20,0.6011736538667504,"{""type"":""MultiPoint"",""coordinates"":[]}"
20250821,2025-08-21,0.4644138866448533,"{""type"":""MultiPoint"",""coordinates"":[]}"
20250822,2025-08-22,0.20339253997489928,"{""type"":""MultiPoint"",""coordinates"":[]}"
20250823,2025-08-23,0.6102063261192715,"{""type"":""MultiPoint"",""coordinates"":[]}"
20250824,2025-08-24,0.5182893998997152,"{""type"":""MultiPoint"",""coordinates"":[]}"
20250825,2025-08-25,0.8267148688122277,"{""type"":""MultiPoint"",""coordinates"":[]}"
20250826,2025-08-26,1.5742413866135925,"{""type"":""MultiPoint"",""coordinates"":[]}"
20250827,2025-08-27,1.7177741238112447,"{""type"":""MultiPoint"",""coordinates"":[]}"
20250828,2025-08-28,1.8183532202453503,"{""type"":""MultiPoint"",""coordinates"":[]}"
20250829,2025-08-29,0.9152418477690607,"{""type"":""MultiPoint"",""coordinates"":[]}"
20250830,2025-08-30,0.10933294911394678,"{""type"":""MultiPoint"",""coordinates"":[]}"
20250831,2025-08-31,0.5302500772639273,"{""type"":""MultiPoint"",""coordinates"":[]}"
20250901,2025-09-01,0.3058988897443935,"{""type"":""MultiPoint"",""coordinates"":[]}"
20250902,2025-09-02,1.0345076874359158,"{""type"":""MultiPoint"",""coordinates"":[]}"
20250903,2025-09-03,0.4211463432912744,"{""type"":""MultiPoint"",""coordinates"":[]}"
20250904,2025-09-04,0.9860335979100951,"{""type"":""MultiPoint"",""coordinates"":[]}"
20250905,2025-09-05,0.3379719349603364,"{""type"":""MultiPoint"",""coordinates"":[]}"
20250906,2025-09-06,0.4102789938493058,"{""type"":""MultiPoint"",""coordinates"":[]}"
20250907,2025-09-07,0.5986174523947223,"{""type"":""MultiPoint"",""coordinates"":[]}"
20250908,2025-09-08,0.34013625953841103,"{""type"":""MultiPoint"",""coordinates"":[]}"
20250909,2025-09-09,0.5186550872893386,"{""type"":""MultiPoint"",""coordinates"":[]}"
20250910,2025-09-10,0.885425208631774,"{""type"":""MultiPoint"",""coordinates"":[]}"
20250911,2025-09-11,1.1096116988927525,"{""type"":""MultiPoint"",""coordinates"":[]}"
20250912,2025-09-12,0.9977610058027746,"{""type"":""MultiPoint"",""coordinates"":[]}"
20250913,2025-09-13,0.6324719564323859,"{""type"":""MultiPoint"",""coordinates"":[]}"
20250914,2025-09-14,0.5612903755179477,"{""type"":""MultiPoint"",""coordinates"":[]}"
20250915,2025-09-15,0.9909075823588297,"{""type"":""MultiPoint"",""coordinates"":[]}"
20250916,2025-09-16,0.7399946925186908,"{""type"":""MultiPoint"",""coordinates"":[]}"
20250917,2025-09-17,0.023509396484986057,"{""type"":""MultiPoint"",""coordinates"":[]}"
20250918,2025-09-18,0.4179435147522703,"{""type"":""MultiPoint"",""coordinates"":[]}"
20250919,2025-09-19,0.37568531632866325,"{""type"":""MultiPoint"",""coordinates"":[]}"
20250920,2025-09-20,0.49861903340750274,"{""type"":""MultiPoint"",""coordinates"":[]}"
20250921,2025-09-21,0.8436228175574706,"{""type"":""MultiPoint"",""coordinates"":[]}"
20250922,2025-09-22,0.34031763446760094,"{""type"":""MultiPoint"",""coordinates"":[]}"
20250923,2025-09-23,0.3758788643906123,"{""type"":""MultiPoint"",""coordinates"":[]}"
20250924,2025-09-24,1.202176243574404,"{""type"":""MultiPoint"",""coordinates"":[]}"
20250925,2025-09-25,0.9634216915257269,"{""type"":""MultiPoint"",""coordinates"":[]}"
20250926,2025-09-26,0.745981416489441,"{""type"":""MultiPoint"",""coordinates"":[]}"
20250927,2025-09-27,0.236690722835643,"{""type"":""MultiPoint"",""coordinates"":[]}"
20250928,2025-09-28,0.44765950080586087,"{""type"":""MultiPoint"",""coordinates"":[]}"
20250929,2025-09-29,0.2221361139543379,"{""type"":""MultiPoint"",""coordinates"":[]}"
20250930,2025-09-30,0.38443773198963765,"{""type"":""MultiPoint"",""coordinates"":[]}"
20251001,2025-10-01,0.6890360344165128,"{""type"":""MultiPoint"",""coordinates"":[]}"
20251002,2025-10-02,0.1061715328177354,"{""type"":""MultiPoint"",""coordinates"":[]}"
20251003,2025-10-03,0.2182796006610123,"{""type"":""MultiPoint"",""coordinates"":[]}"
20251004,2025-10-04,0.454098411419934,"{""type"":""MultiPoint"",""coordinates"":[]}"
20251005,2025-10-05,0.3125942332029897,"{""type"":""MultiPoint"",""coordinates"":[]}"
20251006,2025-10-06,0.24952299767018016,"{""type"":""MultiPoint"",""coordinates"":[]}"
20251007,2025-10-07,0.3203437460250503,"{""type"":""MultiPoint"",""coordinates"":[]}"
20251008,2025-10-08,0.4953455298563088,"{""type"":""MultiPoint"",""coordinates"":[]}"
20251009,2025-10-09,0.3468701217822582,"{""type"":""MultiPoint"",""coordinates"":[]}"
20251010,2025-10-10,0.22622619041963773,"{""type"":""MultiPoint"",""coordinates"":[]}"
20251011,2025-10-11,0.27500355953804156,"{""type"":""MultiPoint"",""coordinates"":[]}"
20251012,2025-10-12,0.7596903744946161,"{""type"":""MultiPoint"",""coordinates"":[]}"
20251013,2025-10-13,0.23486933109623392,"{""type"":""MultiPoint"",""coordinates"":[]}"
20251014,2025-10-14,0.6412553398068586,"{""type"":""MultiPoint"",""coordinates"":[]}"
20251015,2025-10-15,0.2542093129475299,"{""type"":""MultiPoint"",""coordinates"":[]}"
20251016,2025-10-16,0.2291924756582129,"{""type"":""MultiPoint"",""coordinates"":[]}"
20251017,2025-10-17,0.17071030817910435,"{""type"":""MultiPoint"",""coordinates"":[]}"
20251018,2025-10-18,0.462567669315832,"{""type"":""MultiPoint"",""coordinates"":[]}"
20251019,2025-10-19,0.3494362442487509,"{""type"":""MultiPoint"",""coordinates"":[]}"
20251020,2025-10-20,0.11863343557349172,"{""type"":""MultiPoint"",""coordinates"":[]}"
20251021,2025-10-21,0.3836477021693072,"{""type"":""MultiPoint"",""coordinates"":[]}"
20251022,2025-10-22,0.2494628052405313,"{""type"":""MultiPoint"",""coordinates"":[]}"
20251023,2025-10-23,0.23607792591091284,"{""type"":""MultiPoint"",""coordinates"":[]}"
20251024,2025-10-24,0.6441135503079246,"{""type"":""MultiPoint"",""coordinates"":[]}"
20251025,2025-10-25,0.1484607866323717,"{""type"":""MultiPoint"",""coordinates"":[]}"
20251026,2025-10-26,0.3242082879302644,"{""type"":""MultiPoint"",""coordinates"":[]}"
20251027,2025-10-27,0.2876387309408703,"{""type"":""MultiPoint"",""coordinates"":[]}"
20251028,2025-10-28,0.18176044935950675,"{""type"":""MultiPoint"",""coordinates"":[]}"
20251029,2025-10-29,0.40210496347038055,"{""type"":""MultiPoint"",""coordinates"":[]}"
20251030,2025-10-30,0.3249604527662135,"{""type"":""MultiPoint"",""coordinates"":[]}"
20251031,2025-10-31,0.3720705129247688,"{""type"":""MultiPoint"",""coordinates"":[]}"
20251101,2025-11-01,0.33354558803529716,"{""type"":""MultiPoint"",""coordinates"":[]}"
20251102,2025-11-02,0.211827324222208,"{""type"":""MultiPoint"",""coordinates"":[]}"
20251103,2025-11-03,0.3965440582230958,"{""type"":""MultiPoint"",""coordinates"":[]}"
20251104,2025-11-04,0.4889729394595341,"{""type"":""MultiPoint"",""coordinates"":[]}"
20251105,2025-11-05,0.4625534276297177,"{""type"":""MultiPoint"",""coordinates"":[]}"
20251106,2025-11-06,0.5387268516695599,"{""type"":""MultiPoint"",""coordinates"":[]}"
20251107,2025-11-07,0.20885137505055226,"{""type"":""MultiPoint"",""coordinates"":[]}"
20251108,2025-11-08,0.07953472001679882,"{""type"":""MultiPoint"",""coordinates"":[]}"
20251109,2025-11-09,0.1411283725192715,"{""type"":""MultiPoint"",""coordinates"":[]}"
20251110,2025-11-10,0.645224008038268,"{""type"":""MultiPoint"",""coordinates"":[]}"
20251111,2025-11-11,0.3454256416570411,"{""type"":""MultiPoint"",""coordinates"":[]}"
20251112,2025-11-12,0.2919383128757679,"{""type"":""MultiPoint"",""coordinates"":[]}"
20251113,2025-11-13,0.3071816641935753,"{""type"":""MultiPoint"",""coordinates"":[]}"
20251114,2025-11-14,0.22119079596756072,"{""type"":""MultiPoint"",""coordinates"":[]}"
20251115,2025-11-15,0.17840426531372888,"{""type"":""MultiPoint"",""coordinates"":[]}"
20251116,2025-11-16,0.414058653191518,"{""type"":""MultiPoint"",""coordinates"":[]}"
20251117,2025-11-17,0.557944228752213,"{""type"":""MultiPoint"",""coordinates"":[]}"
20251118,2025-11-18,0.30078943798326874,"{""type"":""MultiPoint"",""coordinates"":[]}"
20251119,2025-11-19,0.131003399581568,"{""type"":""MultiPoint"",""coordinates"":[]}"
20251120,2025-11-20,0.24181702150666473,"{""type"":""MultiPoint"",""coordinates"":[]}"
20251121,2025-11-21,0.7827270228010839,"{""type"":""MultiPoint"",""coordinates"":[]}"
20251122,2025-11-22,0.29612108255193037,"{""type"":""MultiPoint"",""coordinates"":[]}"
20251123,2025-11-23,0.22362375591968983,"{""type"":""MultiPoint"",""coordinates"":[]}"
20251124,2025-11-24,0.3962245399998718,"{""type"":""MultiPoint"",""coordinates"":[]}"
20251125,2025-11-25,0.3270240777623626,"{""type"":""MultiPoint"",""coordinates"":[]}"
20251126,2025-11-26,0.4036493701963533,"{""type"":""MultiPoint"",""coordinates"":[]}"
20251127,2025-11-27,0.20280307646800638,"{""type"":""MultiPoint"",""coordinates"":[]}"
20251128,2025-11-28,0.2974928276948673,"{""type"":""MultiPoint"",""coordinates"":[]}"
20251129,2025-11-29,0.6372570450041789,"{""type"":""MultiPoint"",""coordinates"":[]}"
20251130,2025-11-30,0.29810795195235706,"{""type"":""MultiPoint"",""coordinates"":[]}"
20251201,2025-12-01,0.7072511315559707,"{""type"":""MultiPoint"",""coordinates"":[]}"
20251202,2025-12-02,1.0693763515328238,"{""type"":""MultiPoint"",""coordinates"":[]}"
20251203,2025-12-03,1.2822079067765897,"{""type"":""MultiPoint"",""coordinates"":[]}"
20251204,2025-12-04,1.0168603706864743,"{""type"":""MultiPoint"",""coordinates"":[]}"
20251205,2025-12-05,0.7059986683964995,"{""type"":""MultiPoint"",""coordinates"":[]}"
20251206,2025-12-06,0.7625125391413901,"{""type"":""MultiPoint"",""coordinates"":[]}"
20251207,2025-12-07,0.7274508476428019,"{""type"":""MultiPoint"",""coordinates"":[]}"
20251208,2025-12-08,0.7199814301252461,"{""type"":""MultiPoint"",""coordinates"":[]}"
20251209,2025-12-09,0.5582296992709547,"{""type"":""MultiPoint"",""coordinates"":[]}"
20251210,2025-12-10,0.15055340056617977,"{""type"":""MultiPoint"",""coordinates"":[]}"
20251211,2025-12-11,0.07894124927221863,"{""type"":""MultiPoint"",""coordinates"":[]}"
20251212,2025-12-12,0.35078416454134415,"{""type"":""MultiPoint"",""coordinates"":[]}"
20251213,2025-12-13,0.34554561093508873,"{""type"":""MultiPoint"",""coordinates"":[]}"
20251214,2025-12-14,0.40257786343385743,"{""type"":""MultiPoint"",""coordinates"":[]}"
20251215,2025-12-15,0.6938301311771895,"{""type"":""MultiPoint"",""coordinates"":[]}"
20251216,2025-12-16,0.5863558627087693,"{""type"":""MultiPoint"",""coordinates"":[]}"
20251217,2025-12-17,0.575736480135675,"{""type"":""MultiPoint"",""coordinates"":[]}"
20251218,2025-12-18,0.7394248924922094,"{""type"":""MultiPoint"",""coordinates"":[]}"
20251219,2025-12-19,0.5998289328029992,"{""type"":""MultiPoint"",""coordinates"":[]}"
20251220,2025-12-20,0.3561312609390045,"{""type"":""MultiPoint"",""coordinates"":[]}"
20251221,2025-12-21,0.4537697714386676,"{""type"":""MultiPoint"",""coordinates"":[]}"
20251222,2025-12-22,0.5902113124697371,"{""type"":""MultiPoint"",""coordinates"":[]}"
20251223,2025-12-23,0.29804218098789576,"{""type"":""MultiPoint"",""coordinates"":[]}"
20251224,2025-12-24,0.7872476882281182,"{""type"":""MultiPoint"",""coordinates"":[]}"
20251225,2025-12-25,1.1088039187396195,"{""type"":""MultiPoint"",""coordinates"":[]}"
20251226,2025-12-26,0.9990786680184786,"{""type"":""MultiPoint"",""coordinates"":[]}"
20251227,2025-12-27,0.4786138562985524,"{""type"":""MultiPoint"",""coordinates"":[]}"
20251228,2025-12-28,0.3071667356975485,"{""type"":""MultiPoint"",""coordinates"":[]}"
20251229,2025-12-29,0.10457861452480864,"{""type"":""MultiPoint"",""coordinates"":[]}"
20251230,2025-12-30,0.4054441525268286,"{""type"":""MultiPoint"",""coordinates"":[]}"
