system:index,RH,date,.geo
0,77.38653588598784,2013-01-01,"{""type"":""MultiPoint"",""coordinates"":[]}"
1,74.22137844125302,2013-01-02,"{""type"":""MultiPoint"",""coordinates"":[]}"
2,74.72259090089109,2013-01-03,"{""type"":""MultiPoint"",""coordinates"":[]}"
3,76.2279958850571,2013-01-04,"{""type"":""MultiPoint"",""coordinates"":[]}"
4,75.43846449583775,2013-01-05,"{""type"":""MultiPoint"",""coordinates"":[]}"
5,74.69250033289127,2013-01-06,"{""type"":""MultiPoint"",""coordinates"":[]}"
6,69.42338392231436,2013-01-07,"{""type"":""MultiPoint"",""coordinates"":[]}"
7,72.90932789284957,2013-01-08,"{""type"":""MultiPoint"",""coordinates"":[]}"
8,70.71722867806422,2013-01-09,"{""type"":""MultiPoint"",""coordinates"":[]}"
9,71.74891577790603,2013-01-10,"{""type"":""MultiPoint"",""coordinates"":[]}"
10,71.57831233691597,2013-01-11,"{""type"":""MultiPoint"",""coordinates"":[]}"
11,74.58202926325828,2013-01-12,"{""type"":""MultiPoint"",""coordinates"":[]}"
12,80.61699823999741,2013-01-13,"{""type"":""MultiPoint"",""coordinates"":[]}"
13,85.16660212146209,2013-01-14,"{""type"":""MultiPoint"",""coordinates"":[]}"
14,74.72308921274423,2013-01-15,"{""type"":""MultiPoint"",""coordinates"":[]}"
15,73.89488306974015,2013-01-16,"{""type"":""MultiPoint"",""coordinates"":[]}"
16,79.07953910379143,2013-01-17,"{""type"":""MultiPoint"",""coordinates"":[]}"
17,86.77445682535738,2013-01-18,"{""type"":""MultiPoint"",""coordinates"":[]}"
18,77.44147420955689,2013-01-19,"{""type"":""MultiPoint"",""coordinates"":[]}"
19,73.71089051055843,2013-01-20,"{""type"":""MultiPoint"",""coordinates"":[]}"
20,72.33076791508047,2013-01-21,"{""type"":""MultiPoint"",""coordinates"":[]}"
21,80.62597855838676,2013-01-22,"{""type"":""MultiPoint"",""coordinates"":[]}"
22,82.23172013196255,2013-01-23,"{""type"":""MultiPoint"",""coordinates"":[]}"
23,80.26942898545188,2013-01-24,"{""type"":""MultiPoint"",""coordinates"":[]}"
24,86.31716401048537,2013-01-25,"{""type"":""MultiPoint"",""coordinates"":[]}"
25,85.52052044684645,2013-01-26,"{""type"":""MultiPoint"",""coordinates"":[]}"
26,79.63200906789625,2013-01-27,"{""type"":""MultiPoint"",""coordinates"":[]}"
27,75.32443384196152,2013-01-28,"{""type"":""MultiPoint"",""coordinates"":[]}"
28,71.48756717821652,2013-01-29,"{""type"":""MultiPoint"",""coordinates"":[]}"
29,71.61135728867174,2013-01-30,"{""type"":""MultiPoint"",""coordinates"":[]}"
30,76.95559015554063,2013-01-31,"{""type"":""MultiPoint"",""coordinates"":[]}"
31,84.13294690724736,2013-02-01,"{""type"":""MultiPoint"",""coordinates"":[]}"
32,86.48583644720357,2013-02-02,"{""type"":""MultiPoint"",""coordinates"":[]}"
33,84.29664782433316,2013-02-03,"{""type"":""MultiPoint"",""coordinates"":[]}"
34,91.13440714225682,2013-02-04,"{""type"":""MultiPoint"",""coordinates"":[]}"
35,93.24150163498207,2013-02-05,"{""type"":""MultiPoint"",""coordinates"":[]}"
36,89.69133467146379,2013-02-06,"{""type"":""MultiPoint"",""coordinates"":[]}"
37,86.20256063246073,2013-02-07,"{""type"":""MultiPoint"",""coordinates"":[]}"
38,90.2409512534341,2013-02-08,"{""type"":""MultiPoint"",""coordinates"":[]}"
39,91.44801612544063,2013-02-09,"{""type"":""MultiPoint"",""coordinates"":[]}"
40,93.62802261677528,2013-02-10,"{""type"":""MultiPoint"",""coordinates"":[]}"
41,89.24199208066062,2013-02-11,"{""type"":""MultiPoint"",""coordinates"":[]}"
42,88.01478717135149,2013-02-12,"{""type"":""MultiPoint"",""coordinates"":[]}"
43,85.17260408881158,2013-02-13,"{""type"":""MultiPoint"",""coordinates"":[]}"
44,83.04030927697853,2013-02-14,"{""type"":""MultiPoint"",""coordinates"":[]}"
45,79.24058737726283,2013-02-15,"{""type"":""MultiPoint"",""coordinates"":[]}"
46,76.91739311999883,2013-02-16,"{""type"":""MultiPoint"",""coordinates"":[]}"
47,84.82219465145941,2013-02-17,"{""type"":""MultiPoint"",""coordinates"":[]}"
48,87.9017918836138,2013-02-18,"{""type"":""MultiPoint"",""coordinates"":[]}"
49,84.90017495536038,2013-02-19,"{""type"":""MultiPoint"",""coordinates"":[]}"
50,87.67981097438654,2013-02-20,"{""type"":""MultiPoint"",""coordinates"":[]}"
51,77.48377226451002,2013-02-21,"{""type"":""MultiPoint"",""coordinates"":[]}"
52,84.57014874730841,2013-02-22,"{""type"":""MultiPoint"",""coordinates"":[]}"
53,82.72307878064875,2013-02-23,"{""type"":""MultiPoint"",""coordinates"":[]}"
54,81.91399237024986,2013-02-24,"{""type"":""MultiPoint"",""coordinates"":[]}"
55,81.98149678972577,2013-02-25,"{""type"":""MultiPoint"",""coordinates"":[]}"
56,81.15492553507634,2013-02-26,"{""type"":""MultiPoint"",""coordinates"":[]}"
57,83.10517783948207,2013-02-27,"{""type"":""MultiPoint"",""coordinates"":[]}"
58,89.18570965926874,2013-02-28,"{""type"":""MultiPoint"",""coordinates"":[]}"
59,91.70596134809433,2013-03-01,"{""type"":""MultiPoint"",""coordinates"":[]}"
60,85.39815785933767,2013-03-02,"{""type"":""MultiPoint"",""coordinates"":[]}"
61,83.67142943980822,2013-03-03,"{""type"":""MultiPoint"",""coordinates"":[]}"
62,86.90891096199768,2013-03-04,"{""type"":""MultiPoint"",""coordinates"":[]}"
63,85.24224810018131,2013-03-05,"{""type"":""MultiPoint"",""coordinates"":[]}"
64,88.04078744969378,2013-03-06,"{""type"":""MultiPoint"",""coordinates"":[]}"
65,91.95521316279307,2013-03-07,"{""type"":""MultiPoint"",""coordinates"":[]}"
66,84.81067773293819,2013-03-08,"{""type"":""MultiPoint"",""coordinates"":[]}"
67,82.68076360795007,2013-03-09,"{""type"":""MultiPoint"",""coordinates"":[]}"
68,84.69732693305288,2013-03-10,"{""type"":""MultiPoint"",""coordinates"":[]}"
69,86.17836022533093,2013-03-11,"{""type"":""MultiPoint"",""coordinates"":[]}"
70,87.65070191263999,2013-03-12,"{""type"":""MultiPoint"",""coordinates"":[]}"
71,81.45290989201828,2013-03-13,"{""type"":""MultiPoint"",""coordinates"":[]}"
72,85.033609469629,2013-03-14,"{""type"":""MultiPoint"",""coordinates"":[]}"
73,92.66578926033411,2013-03-15,"{""type"":""MultiPoint"",""coordinates"":[]}"
74,89.56368968969606,2013-03-16,"{""type"":""MultiPoint"",""coordinates"":[]}"
75,90.79781569111645,2013-03-17,"{""type"":""MultiPoint"",""coordinates"":[]}"
76,90.06626441129909,2013-03-18,"{""type"":""MultiPoint"",""coordinates"":[]}"
77,87.21066493163146,2013-03-19,"{""type"":""MultiPoint"",""coordinates"":[]}"
78,85.78618023578916,2013-03-20,"{""type"":""MultiPoint"",""coordinates"":[]}"
79,92.43572060898214,2013-03-21,"{""type"":""MultiPoint"",""coordinates"":[]}"
80,93.43816458132115,2013-03-22,"{""type"":""MultiPoint"",""coordinates"":[]}"
81,87.90896838606436,2013-03-23,"{""type"":""MultiPoint"",""coordinates"":[]}"
82,85.15701730284937,2013-03-24,"{""type"":""MultiPoint"",""coordinates"":[]}"
83,83.24988253193645,2013-03-25,"{""type"":""MultiPoint"",""coordinates"":[]}"
84,79.29990897532365,2013-03-26,"{""type"":""MultiPoint"",""coordinates"":[]}"
85,77.58603591727076,2013-03-27,"{""type"":""MultiPoint"",""coordinates"":[]}"
86,78.41409954895536,2013-03-28,"{""type"":""MultiPoint"",""coordinates"":[]}"
87,84.88454933540937,2013-03-29,"{""type"":""MultiPoint"",""coordinates"":[]}"
88,86.01409090659557,2013-03-30,"{""type"":""MultiPoint"",""coordinates"":[]}"
89,83.70310124819274,2013-03-31,"{""type"":""MultiPoint"",""coordinates"":[]}"
90,85.31645965533245,2013-04-01,"{""type"":""MultiPoint"",""coordinates"":[]}"
91,87.68963748116788,2013-04-02,"{""type"":""MultiPoint"",""coordinates"":[]}"
92,80.8702425233044,2013-04-03,"{""type"":""MultiPoint"",""coordinates"":[]}"
93,79.0738480664974,2013-04-04,"{""type"":""MultiPoint"",""coordinates"":[]}"
94,83.43066696975457,2013-04-05,"{""type"":""MultiPoint"",""coordinates"":[]}"
95,85.52441440620693,2013-04-06,"{""type"":""MultiPoint"",""coordinates"":[]}"
96,85.30257844606882,2013-04-07,"{""type"":""MultiPoint"",""coordinates"":[]}"
97,87.34556742080724,2013-04-08,"{""type"":""MultiPoint"",""coordinates"":[]}"
98,88.89745270586894,2013-04-09,"{""type"":""MultiPoint"",""coordinates"":[]}"
99,85.65747138148424,2013-04-10,"{""type"":""MultiPoint"",""coordinates"":[]}"
100,88.49458685437988,2013-04-11,"{""type"":""MultiPoint"",""coordinates"":[]}"
101,83.91862777518415,2013-04-12,"{""type"":""MultiPoint"",""coordinates"":[]}"
102,86.47281819168008,2013-04-13,"{""type"":""MultiPoint"",""coordinates"":[]}"
103,87.56860361681221,2013-04-14,"{""type"":""MultiPoint"",""coordinates"":[]}"
104,91.68584253363844,2013-04-15,"{""type"":""MultiPoint"",""coordinates"":[]}"
105,88.82533869133101,2013-04-16,"{""type"":""MultiPoint"",""coordinates"":[]}"
106,87.21292634377818,2013-04-17,"{""type"":""MultiPoint"",""coordinates"":[]}"
107,89.61726038984898,2013-04-18,"{""type"":""MultiPoint"",""coordinates"":[]}"
108,91.45836927426821,2013-04-19,"{""type"":""MultiPoint"",""coordinates"":[]}"
109,90.98771626857229,2013-04-20,"{""type"":""MultiPoint"",""coordinates"":[]}"
110,91.63051918312134,2013-04-21,"{""type"":""MultiPoint"",""coordinates"":[]}"
111,83.91935000259775,2013-04-22,"{""type"":""MultiPoint"",""coordinates"":[]}"
112,85.5163180493243,2013-04-23,"{""type"":""MultiPoint"",""coordinates"":[]}"
113,83.59733127509139,2013-04-24,"{""type"":""MultiPoint"",""coordinates"":[]}"
114,77.10682984462377,2013-04-25,"{""type"":""MultiPoint"",""coordinates"":[]}"
115,73.61350494991667,2013-04-26,"{""type"":""MultiPoint"",""coordinates"":[]}"
116,83.84671087384297,2013-04-27,"{""type"":""MultiPoint"",""coordinates"":[]}"
117,91.26511160635245,2013-04-28,"{""type"":""MultiPoint"",""coordinates"":[]}"
118,91.96599170149064,2013-04-29,"{""type"":""MultiPoint"",""coordinates"":[]}"
119,89.76400945124021,2013-04-30,"{""type"":""MultiPoint"",""coordinates"":[]}"
120,92.41856746431948,2013-05-01,"{""type"":""MultiPoint"",""coordinates"":[]}"
121,88.43941559866927,2013-05-02,"{""type"":""MultiPoint"",""coordinates"":[]}"
122,91.81077575468292,2013-05-03,"{""type"":""MultiPoint"",""coordinates"":[]}"
123,86.31757609529812,2013-05-04,"{""type"":""MultiPoint"",""coordinates"":[]}"
124,95.74336837611095,2013-05-05,"{""type"":""MultiPoint"",""coordinates"":[]}"
125,91.82980607261487,2013-05-06,"{""type"":""MultiPoint"",""coordinates"":[]}"
126,94.83840697152522,2013-05-07,"{""type"":""MultiPoint"",""coordinates"":[]}"
127,90.2692721063168,2013-05-08,"{""type"":""MultiPoint"",""coordinates"":[]}"
128,92.54116008404738,2013-05-09,"{""type"":""MultiPoint"",""coordinates"":[]}"
129,90.24742495503249,2013-05-10,"{""type"":""MultiPoint"",""coordinates"":[]}"
130,87.43866240729956,2013-05-11,"{""type"":""MultiPoint"",""coordinates"":[]}"
131,82.00109243922009,2013-05-12,"{""type"":""MultiPoint"",""coordinates"":[]}"
132,82.50354730059178,2013-05-13,"{""type"":""MultiPoint"",""coordinates"":[]}"
133,91.06184537345347,2013-05-14,"{""type"":""MultiPoint"",""coordinates"":[]}"
134,89.94801602668167,2013-05-15,"{""type"":""MultiPoint"",""coordinates"":[]}"
135,91.29026232691619,2013-05-16,"{""type"":""MultiPoint"",""coordinates"":[]}"
136,92.72602891140883,2013-05-17,"{""type"":""MultiPoint"",""coordinates"":[]}"
137,89.40704964566085,2013-05-18,"{""type"":""MultiPoint"",""coordinates"":[]}"
138,88.48690794439881,2013-05-19,"{""type"":""MultiPoint"",""coordinates"":[]}"
139,95.1671107529959,2013-05-20,"{""type"":""MultiPoint"",""coordinates"":[]}"
140,93.91786693304944,2013-05-21,"{""type"":""MultiPoint"",""coordinates"":[]}"
141,91.76871994239963,2013-05-22,"{""type"":""MultiPoint"",""coordinates"":[]}"
142,94.24969250241905,2013-05-23,"{""type"":""MultiPoint"",""coordinates"":[]}"
143,92.71230861472192,2013-05-24,"{""type"":""MultiPoint"",""coordinates"":[]}"
144,88.96710393994539,2013-05-25,"{""type"":""MultiPoint"",""coordinates"":[]}"
145,91.37516052949836,2013-05-26,"{""type"":""MultiPoint"",""coordinates"":[]}"
146,91.79899815659542,2013-05-27,"{""type"":""MultiPoint"",""coordinates"":[]}"
147,91.22295074155507,2013-05-28,"{""type"":""MultiPoint"",""coordinates"":[]}"
148,92.03017607164126,2013-05-29,"{""type"":""MultiPoint"",""coordinates"":[]}"
149,85.20451641604723,2013-05-30,"{""type"":""MultiPoint"",""coordinates"":[]}"
150,86.47462206980508,2013-05-31,"{""type"":""MultiPoint"",""coordinates"":[]}"
151,90.22195380718779,2013-06-01,"{""type"":""MultiPoint"",""coordinates"":[]}"
152,88.02283076912822,2013-06-02,"{""type"":""MultiPoint"",""coordinates"":[]}"
153,85.0295003856198,2013-06-03,"{""type"":""MultiPoint"",""coordinates"":[]}"
154,80.38234751711558,2013-06-04,"{""type"":""MultiPoint"",""coordinates"":[]}"
155,80.43484710789195,2013-06-05,"{""type"":""MultiPoint"",""coordinates"":[]}"
156,83.8769162249808,2013-06-06,"{""type"":""MultiPoint"",""coordinates"":[]}"
157,86.47517261770379,2013-06-07,"{""type"":""MultiPoint"",""coordinates"":[]}"
158,78.51576393400643,2013-06-08,"{""type"":""MultiPoint"",""coordinates"":[]}"
159,76.54089516188711,2013-06-09,"{""type"":""MultiPoint"",""coordinates"":[]}"
160,78.89173592530149,2013-06-10,"{""type"":""MultiPoint"",""coordinates"":[]}"
161,84.43761475691382,2013-06-11,"{""type"":""MultiPoint"",""coordinates"":[]}"
162,85.45856359811023,2013-06-12,"{""type"":""MultiPoint"",""coordinates"":[]}"
163,87.02601695727594,2013-06-13,"{""type"":""MultiPoint"",""coordinates"":[]}"
164,84.43227033995383,2013-06-14,"{""type"":""MultiPoint"",""coordinates"":[]}"
165,84.76937194816877,2013-06-15,"{""type"":""MultiPoint"",""coordinates"":[]}"
166,85.70058076158928,2013-06-16,"{""type"":""MultiPoint"",""coordinates"":[]}"
167,85.9193329831096,2013-06-17,"{""type"":""MultiPoint"",""coordinates"":[]}"
168,86.25127043966869,2013-06-18,"{""type"":""MultiPoint"",""coordinates"":[]}"
169,85.52373153771538,2013-06-19,"{""type"":""MultiPoint"",""coordinates"":[]}"
170,82.32217050520244,2013-06-20,"{""type"":""MultiPoint"",""coordinates"":[]}"
171,80.25686305788842,2013-06-21,"{""type"":""MultiPoint"",""coordinates"":[]}"
172,82.05018525256504,2013-06-22,"{""type"":""MultiPoint"",""coordinates"":[]}"
173,83.93120852897334,2013-06-23,"{""type"":""MultiPoint"",""coordinates"":[]}"
174,87.25456844219218,2013-06-24,"{""type"":""MultiPoint"",""coordinates"":[]}"
175,89.18429639217995,2013-06-25,"{""type"":""MultiPoint"",""coordinates"":[]}"
176,85.39501123466796,2013-06-26,"{""type"":""MultiPoint"",""coordinates"":[]}"
177,87.15374215103331,2013-06-27,"{""type"":""MultiPoint"",""coordinates"":[]}"
178,88.63804567162184,2013-06-28,"{""type"":""MultiPoint"",""coordinates"":[]}"
179,90.16300703494652,2013-06-29,"{""type"":""MultiPoint"",""coordinates"":[]}"
180,89.23115507535071,2013-06-30,"{""type"":""MultiPoint"",""coordinates"":[]}"
181,90.44907822600452,2013-07-01,"{""type"":""MultiPoint"",""coordinates"":[]}"
182,88.40300698818703,2013-07-02,"{""type"":""MultiPoint"",""coordinates"":[]}"
183,80.0851790511271,2013-07-03,"{""type"":""MultiPoint"",""coordinates"":[]}"
184,76.4671764972735,2013-07-04,"{""type"":""MultiPoint"",""coordinates"":[]}"
185,80.87595582064436,2013-07-05,"{""type"":""MultiPoint"",""coordinates"":[]}"
186,87.09105810223336,2013-07-06,"{""type"":""MultiPoint"",""coordinates"":[]}"
187,81.35342298372727,2013-07-07,"{""type"":""MultiPoint"",""coordinates"":[]}"
188,85.05966657858518,2013-07-08,"{""type"":""MultiPoint"",""coordinates"":[]}"
189,84.8597808132655,2013-07-09,"{""type"":""MultiPoint"",""coordinates"":[]}"
190,86.51869268545384,2013-07-10,"{""type"":""MultiPoint"",""coordinates"":[]}"
191,85.36004112107743,2013-07-11,"{""type"":""MultiPoint"",""coordinates"":[]}"
192,86.21579197015126,2013-07-12,"{""type"":""MultiPoint"",""coordinates"":[]}"
193,84.63387313033763,2013-07-13,"{""type"":""MultiPoint"",""coordinates"":[]}"
194,86.51997226831263,2013-07-14,"{""type"":""MultiPoint"",""coordinates"":[]}"
195,83.25386069825939,2013-07-15,"{""type"":""MultiPoint"",""coordinates"":[]}"
196,80.01566920053779,2013-07-16,"{""type"":""MultiPoint"",""coordinates"":[]}"
197,82.8123156842435,2013-07-17,"{""type"":""MultiPoint"",""coordinates"":[]}"
198,81.71818858641969,2013-07-18,"{""type"":""MultiPoint"",""coordinates"":[]}"
199,81.62988550278311,2013-07-19,"{""type"":""MultiPoint"",""coordinates"":[]}"
200,83.94178782401802,2013-07-20,"{""type"":""MultiPoint"",""coordinates"":[]}"
201,79.88081399753433,2013-07-21,"{""type"":""MultiPoint"",""coordinates"":[]}"
202,81.68239407732644,2013-07-22,"{""type"":""MultiPoint"",""coordinates"":[]}"
203,88.67445629308465,2013-07-23,"{""type"":""MultiPoint"",""coordinates"":[]}"
204,82.04223546324567,2013-07-24,"{""type"":""MultiPoint"",""coordinates"":[]}"
205,72.06609708477252,2013-07-25,"{""type"":""MultiPoint"",""coordinates"":[]}"
206,84.65997857010828,2013-07-26,"{""type"":""MultiPoint"",""coordinates"":[]}"
207,75.81493908323894,2013-07-27,"{""type"":""MultiPoint"",""coordinates"":[]}"
208,76.09911558303895,2013-07-28,"{""type"":""MultiPoint"",""coordinates"":[]}"
209,74.67731987989448,2013-07-29,"{""type"":""MultiPoint"",""coordinates"":[]}"
210,74.93721365466847,2013-07-30,"{""type"":""MultiPoint"",""coordinates"":[]}"
211,77.15115058387299,2013-07-31,"{""type"":""MultiPoint"",""coordinates"":[]}"
212,77.20749234162743,2013-08-01,"{""type"":""MultiPoint"",""coordinates"":[]}"
213,88.32600279928232,2013-08-02,"{""type"":""MultiPoint"",""coordinates"":[]}"
214,84.29098245111307,2013-08-03,"{""type"":""MultiPoint"",""coordinates"":[]}"
215,76.74710590890341,2013-08-04,"{""type"":""MultiPoint"",""coordinates"":[]}"
216,80.53143304070302,2013-08-05,"{""type"":""MultiPoint"",""coordinates"":[]}"
217,82.99260867937242,2013-08-06,"{""type"":""MultiPoint"",""coordinates"":[]}"
218,84.9378875336938,2013-08-07,"{""type"":""MultiPoint"",""coordinates"":[]}"
219,87.24357278502883,2013-08-08,"{""type"":""MultiPoint"",""coordinates"":[]}"
220,83.7678566845442,2013-08-09,"{""type"":""MultiPoint"",""coordinates"":[]}"
221,86.76004070017073,2013-08-10,"{""type"":""MultiPoint"",""coordinates"":[]}"
222,90.83190626209743,2013-08-11,"{""type"":""MultiPoint"",""coordinates"":[]}"
223,89.19097278685939,2013-08-12,"{""type"":""MultiPoint"",""coordinates"":[]}"
224,93.84482558106697,2013-08-13,"{""type"":""MultiPoint"",""coordinates"":[]}"
225,85.48963324394605,2013-08-14,"{""type"":""MultiPoint"",""coordinates"":[]}"
226,82.70717173603892,2013-08-15,"{""type"":""MultiPoint"",""coordinates"":[]}"
227,79.18757245265179,2013-08-16,"{""type"":""MultiPoint"",""coordinates"":[]}"
228,83.36747087807323,2013-08-17,"{""type"":""MultiPoint"",""coordinates"":[]}"
229,87.09736535043434,2013-08-18,"{""type"":""MultiPoint"",""coordinates"":[]}"
230,87.94961853335259,2013-08-19,"{""type"":""MultiPoint"",""coordinates"":[]}"
231,84.33921807739208,2013-08-20,"{""type"":""MultiPoint"",""coordinates"":[]}"
232,79.9532574042421,2013-08-21,"{""type"":""MultiPoint"",""coordinates"":[]}"
233,80.92942922849753,2013-08-22,"{""type"":""MultiPoint"",""coordinates"":[]}"
234,76.98495508583814,2013-08-23,"{""type"":""MultiPoint"",""coordinates"":[]}"
235,83.38322966930231,2013-08-24,"{""type"":""MultiPoint"",""coordinates"":[]}"
236,84.42267534288055,2013-08-25,"{""type"":""MultiPoint"",""coordinates"":[]}"
237,86.4089256167324,2013-08-26,"{""type"":""MultiPoint"",""coordinates"":[]}"
238,77.17491425406314,2013-08-27,"{""type"":""MultiPoint"",""coordinates"":[]}"
239,78.30613714146702,2013-08-28,"{""type"":""MultiPoint"",""coordinates"":[]}"
240,82.93723563437199,2013-08-29,"{""type"":""MultiPoint"",""coordinates"":[]}"
241,75.81652511286825,2013-08-30,"{""type"":""MultiPoint"",""coordinates"":[]}"
242,73.46990621194223,2013-08-31,"{""type"":""MultiPoint"",""coordinates"":[]}"
243,77.08046929093389,2013-09-01,"{""type"":""MultiPoint"",""coordinates"":[]}"
244,84.49665761942693,2013-09-02,"{""type"":""MultiPoint"",""coordinates"":[]}"
245,85.75223496784459,2013-09-03,"{""type"":""MultiPoint"",""coordinates"":[]}"
246,87.57546580834281,2013-09-04,"{""type"":""MultiPoint"",""coordinates"":[]}"
247,84.99570346121999,2013-09-05,"{""type"":""MultiPoint"",""coordinates"":[]}"
248,83.0076234069618,2013-09-06,"{""type"":""MultiPoint"",""coordinates"":[]}"
249,90.06793498641004,2013-09-07,"{""type"":""MultiPoint"",""coordinates"":[]}"
250,87.8646874675398,2013-09-08,"{""type"":""MultiPoint"",""coordinates"":[]}"
251,82.83806721919541,2013-09-09,"{""type"":""MultiPoint"",""coordinates"":[]}"
252,86.16161133261858,2013-09-10,"{""type"":""MultiPoint"",""coordinates"":[]}"
253,83.3343524243068,2013-09-11,"{""type"":""MultiPoint"",""coordinates"":[]}"
254,90.63333808663127,2013-09-12,"{""type"":""MultiPoint"",""coordinates"":[]}"
255,91.37672911638963,2013-09-13,"{""type"":""MultiPoint"",""coordinates"":[]}"
256,89.63684042139472,2013-09-14,"{""type"":""MultiPoint"",""coordinates"":[]}"
257,85.28008135867577,2013-09-15,"{""type"":""MultiPoint"",""coordinates"":[]}"
258,80.55293469019809,2013-09-16,"{""type"":""MultiPoint"",""coordinates"":[]}"
259,86.59991697221398,2013-09-17,"{""type"":""MultiPoint"",""coordinates"":[]}"
260,84.09978235010902,2013-09-18,"{""type"":""MultiPoint"",""coordinates"":[]}"
261,83.71440904998256,2013-09-19,"{""type"":""MultiPoint"",""coordinates"":[]}"
262,77.63193900608327,2013-09-20,"{""type"":""MultiPoint"",""coordinates"":[]}"
263,73.62014371686816,2013-09-21,"{""type"":""MultiPoint"",""coordinates"":[]}"
264,73.0485528704523,2013-09-22,"{""type"":""MultiPoint"",""coordinates"":[]}"
265,80.76065901512864,2013-09-23,"{""type"":""MultiPoint"",""coordinates"":[]}"
266,78.35152845714151,2013-09-24,"{""type"":""MultiPoint"",""coordinates"":[]}"
267,71.7798301065922,2013-09-25,"{""type"":""MultiPoint"",""coordinates"":[]}"
268,85.99762379360881,2013-09-26,"{""type"":""MultiPoint"",""coordinates"":[]}"
269,86.0561165893077,2013-09-27,"{""type"":""MultiPoint"",""coordinates"":[]}"
270,90.64994797917429,2013-09-28,"{""type"":""MultiPoint"",""coordinates"":[]}"
271,91.57109880054061,2013-09-29,"{""type"":""MultiPoint"",""coordinates"":[]}"
272,87.87796630327544,2013-09-30,"{""type"":""MultiPoint"",""coordinates"":[]}"
273,88.97939366062523,2013-10-01,"{""type"":""MultiPoint"",""coordinates"":[]}"
274,88.47890850754015,2013-10-02,"{""type"":""MultiPoint"",""coordinates"":[]}"
275,86.04748840877306,2013-10-03,"{""type"":""MultiPoint"",""coordinates"":[]}"
276,90.5561929214595,2013-10-04,"{""type"":""MultiPoint"",""coordinates"":[]}"
277,86.18316299539659,2013-10-05,"{""type"":""MultiPoint"",""coordinates"":[]}"
278,80.22448179908538,2013-10-06,"{""type"":""MultiPoint"",""coordinates"":[]}"
279,74.54571523602782,2013-10-07,"{""type"":""MultiPoint"",""coordinates"":[]}"
280,73.50251023102594,2013-10-08,"{""type"":""MultiPoint"",""coordinates"":[]}"
281,73.41570037546042,2013-10-09,"{""type"":""MultiPoint"",""coordinates"":[]}"
282,79.13799510332554,2013-10-10,"{""type"":""MultiPoint"",""coordinates"":[]}"
283,83.7348689743138,2013-10-11,"{""type"":""MultiPoint"",""coordinates"":[]}"
284,86.40224651441447,2013-10-12,"{""type"":""MultiPoint"",""coordinates"":[]}"
285,93.85630850407142,2013-10-13,"{""type"":""MultiPoint"",""coordinates"":[]}"
286,91.45676526464689,2013-10-14,"{""type"":""MultiPoint"",""coordinates"":[]}"
287,90.03997308972718,2013-10-15,"{""type"":""MultiPoint"",""coordinates"":[]}"
288,94.96696603702777,2013-10-16,"{""type"":""MultiPoint"",""coordinates"":[]}"
289,93.61459740690869,2013-10-17,"{""type"":""MultiPoint"",""coordinates"":[]}"
290,88.38775892560518,2013-10-18,"{""type"":""MultiPoint"",""coordinates"":[]}"
291,86.06718414118735,2013-10-19,"{""type"":""MultiPoint"",""coordinates"":[]}"
292,85.92569818312212,2013-10-20,"{""type"":""MultiPoint"",""coordinates"":[]}"
293,84.2456573641497,2013-10-21,"{""type"":""MultiPoint"",""coordinates"":[]}"
294,93.14672652427696,2013-10-22,"{""type"":""MultiPoint"",""coordinates"":[]}"
295,86.25571480556208,2013-10-23,"{""type"":""MultiPoint"",""coordinates"":[]}"
296,86.12621208936598,2013-10-24,"{""type"":""MultiPoint"",""coordinates"":[]}"
297,83.97099162167,2013-10-25,"{""type"":""MultiPoint"",""coordinates"":[]}"
298,78.58366696995203,2013-10-26,"{""type"":""MultiPoint"",""coordinates"":[]}"
299,87.10781520018395,2013-10-27,"{""type"":""MultiPoint"",""coordinates"":[]}"
300,85.82707519093147,2013-10-28,"{""type"":""MultiPoint"",""coordinates"":[]}"
301,83.9704688784736,2013-10-29,"{""type"":""MultiPoint"",""coordinates"":[]}"
302,89.76346653025433,2013-10-30,"{""type"":""MultiPoint"",""coordinates"":[]}"
303,93.03336855101314,2013-10-31,"{""type"":""MultiPoint"",""coordinates"":[]}"
304,86.91233032381058,2013-11-01,"{""type"":""MultiPoint"",""coordinates"":[]}"
305,89.60521061156747,2013-11-02,"{""type"":""MultiPoint"",""coordinates"":[]}"
306,94.81296170485062,2013-11-03,"{""type"":""MultiPoint"",""coordinates"":[]}"
307,93.96993812200232,2013-11-04,"{""type"":""MultiPoint"",""coordinates"":[]}"
308,90.36218302036862,2013-11-05,"{""type"":""MultiPoint"",""coordinates"":[]}"
309,93.03499670414806,2013-11-06,"{""type"":""MultiPoint"",""coordinates"":[]}"
310,94.06666420531668,2013-11-07,"{""type"":""MultiPoint"",""coordinates"":[]}"
311,90.61320890245474,2013-11-08,"{""type"":""MultiPoint"",""coordinates"":[]}"
312,90.59228260203639,2013-11-09,"{""type"":""MultiPoint"",""coordinates"":[]}"
313,88.39229015987779,2013-11-10,"{""type"":""MultiPoint"",""coordinates"":[]}"
314,90.98309900508191,2013-11-11,"{""type"":""MultiPoint"",""coordinates"":[]}"
315,86.95154243263572,2013-11-12,"{""type"":""MultiPoint"",""coordinates"":[]}"
316,85.77688606916065,2013-11-13,"{""type"":""MultiPoint"",""coordinates"":[]}"
317,88.9883760239084,2013-11-14,"{""type"":""MultiPoint"",""coordinates"":[]}"
318,83.43363350173031,2013-11-15,"{""type"":""MultiPoint"",""coordinates"":[]}"
319,79.52045337663917,2013-11-16,"{""type"":""MultiPoint"",""coordinates"":[]}"
320,78.93508144905202,2013-11-17,"{""type"":""MultiPoint"",""coordinates"":[]}"
321,88.01118776405626,2013-11-18,"{""type"":""MultiPoint"",""coordinates"":[]}"
322,94.28847940065482,2013-11-19,"{""type"":""MultiPoint"",""coordinates"":[]}"
323,94.10803713188659,2013-11-20,"{""type"":""MultiPoint"",""coordinates"":[]}"
324,92.2077816023143,2013-11-21,"{""type"":""MultiPoint"",""coordinates"":[]}"
325,89.800728211784,2013-11-22,"{""type"":""MultiPoint"",""coordinates"":[]}"
326,87.38974589484614,2013-11-23,"{""type"":""MultiPoint"",""coordinates"":[]}"
327,90.10372601538462,2013-11-24,"{""type"":""MultiPoint"",""coordinates"":[]}"
328,93.24392996017082,2013-11-25,"{""type"":""MultiPoint"",""coordinates"":[]}"
329,92.52266442655001,2013-11-26,"{""type"":""MultiPoint"",""coordinates"":[]}"
330,90.96978685178982,2013-11-27,"{""type"":""MultiPoint"",""coordinates"":[]}"
331,94.0883259944391,2013-11-28,"{""type"":""MultiPoint"",""coordinates"":[]}"
332,90.62863214896066,2013-11-29,"{""type"":""MultiPoint"",""coordinates"":[]}"
333,95.35690226687349,2013-11-30,"{""type"":""MultiPoint"",""coordinates"":[]}"
334,92.73499662760975,2013-12-01,"{""type"":""MultiPoint"",""coordinates"":[]}"
335,94.06166428998729,2013-12-02,"{""type"":""MultiPoint"",""coordinates"":[]}"
336,90.10499917937524,2013-12-03,"{""type"":""MultiPoint"",""coordinates"":[]}"
337,87.98866801171714,2013-12-04,"{""type"":""MultiPoint"",""coordinates"":[]}"
338,88.83515926357244,2013-12-05,"{""type"":""MultiPoint"",""coordinates"":[]}"
339,88.28378550782294,2013-12-06,"{""type"":""MultiPoint"",""coordinates"":[]}"
340,91.85107241625552,2013-12-07,"{""type"":""MultiPoint"",""coordinates"":[]}"
341,87.66122251740603,2013-12-08,"{""type"":""MultiPoint"",""coordinates"":[]}"
342,91.10262066381783,2013-12-09,"{""type"":""MultiPoint"",""coordinates"":[]}"
343,87.9315894802338,2013-12-10,"{""type"":""MultiPoint"",""coordinates"":[]}"
344,82.93004411245941,2013-12-11,"{""type"":""MultiPoint"",""coordinates"":[]}"
345,83.43403227254798,2013-12-12,"{""type"":""MultiPoint"",""coordinates"":[]}"
346,93.08134264366322,2013-12-13,"{""type"":""MultiPoint"",""coordinates"":[]}"
347,86.52243807891507,2013-12-14,"{""type"":""MultiPoint"",""coordinates"":[]}"
348,83.40528580814232,2013-12-15,"{""type"":""MultiPoint"",""coordinates"":[]}"
349,84.84465353701889,2013-12-16,"{""type"":""MultiPoint"",""coordinates"":[]}"
350,85.60059149228094,2013-12-17,"{""type"":""MultiPoint"",""coordinates"":[]}"
351,94.52472371428375,2013-12-18,"{""type"":""MultiPoint"",""coordinates"":[]}"
352,92.24070470924117,2013-12-19,"{""type"":""MultiPoint"",""coordinates"":[]}"
353,89.68208996708593,2013-12-20,"{""type"":""MultiPoint"",""coordinates"":[]}"
354,91.84748331515571,2013-12-21,"{""type"":""MultiPoint"",""coordinates"":[]}"
355,86.9396410712268,2013-12-22,"{""type"":""MultiPoint"",""coordinates"":[]}"
356,85.38531392744234,2013-12-23,"{""type"":""MultiPoint"",""coordinates"":[]}"
357,91.23089246391253,2013-12-24,"{""type"":""MultiPoint"",""coordinates"":[]}"
358,85.98941674054133,2013-12-25,"{""type"":""MultiPoint"",""coordinates"":[]}"
359,84.34857890363858,2013-12-26,"{""type"":""MultiPoint"",""coordinates"":[]}"
360,83.7622434408392,2013-12-27,"{""type"":""MultiPoint"",""coordinates"":[]}"
361,81.70817427388987,2013-12-28,"{""type"":""MultiPoint"",""coordinates"":[]}"
362,79.25922985439571,2013-12-29,"{""type"":""MultiPoint"",""coordinates"":[]}"
363,76.58726237851452,2013-12-30,"{""type"":""MultiPoint"",""coordinates"":[]}"
364,77.46742578701834,2013-12-31,"{""type"":""MultiPoint"",""coordinates"":[]}"
365,79.64579193703791,2014-01-01,"{""type"":""MultiPoint"",""coordinates"":[]}"
366,77.64726930251406,2014-01-02,"{""type"":""MultiPoint"",""coordinates"":[]}"
367,80.7487080908661,2014-01-03,"{""type"":""MultiPoint"",""coordinates"":[]}"
368,81.37124467448321,2014-01-04,"{""type"":""MultiPoint"",""coordinates"":[]}"
369,78.24389224083644,2014-01-05,"{""type"":""MultiPoint"",""coordinates"":[]}"
370,88.04974542371839,2014-01-06,"{""type"":""MultiPoint"",""coordinates"":[]}"
371,85.79497322179424,2014-01-07,"{""type"":""MultiPoint"",""coordinates"":[]}"
372,88.82550650179986,2014-01-08,"{""type"":""MultiPoint"",""coordinates"":[]}"
373,88.19104921999492,2014-01-09,"{""type"":""MultiPoint"",""coordinates"":[]}"
374,83.16725600877515,2014-01-10,"{""type"":""MultiPoint"",""coordinates"":[]}"
375,80.59908026520294,2014-01-11,"{""type"":""MultiPoint"",""coordinates"":[]}"
376,82.6151974809461,2014-01-12,"{""type"":""MultiPoint"",""coordinates"":[]}"
377,81.82723653924721,2014-01-13,"{""type"":""MultiPoint"",""coordinates"":[]}"
378,79.4877604053208,2014-01-14,"{""type"":""MultiPoint"",""coordinates"":[]}"
379,83.46608756729016,2014-01-15,"{""type"":""MultiPoint"",""coordinates"":[]}"
380,82.44429839317584,2014-01-16,"{""type"":""MultiPoint"",""coordinates"":[]}"
381,82.32861655914904,2014-01-17,"{""type"":""MultiPoint"",""coordinates"":[]}"
382,82.72906651317732,2014-01-18,"{""type"":""MultiPoint"",""coordinates"":[]}"
383,83.40825770193537,2014-01-19,"{""type"":""MultiPoint"",""coordinates"":[]}"
384,80.6728585947405,2014-01-20,"{""type"":""MultiPoint"",""coordinates"":[]}"
385,79.7359106298192,2014-01-21,"{""type"":""MultiPoint"",""coordinates"":[]}"
386,84.84585492060778,2014-01-22,"{""type"":""MultiPoint"",""coordinates"":[]}"
387,87.02101518159077,2014-01-23,"{""type"":""MultiPoint"",""coordinates"":[]}"
388,77.80902799563346,2014-01-24,"{""type"":""MultiPoint"",""coordinates"":[]}"
389,79.94574241456762,2014-01-25,"{""type"":""MultiPoint"",""coordinates"":[]}"
390,88.16706277045724,2014-01-26,"{""type"":""MultiPoint"",""coordinates"":[]}"
391,83.32591642600103,2014-01-27,"{""type"":""MultiPoint"",""coordinates"":[]}"
392,80.04615572488989,2014-01-28,"{""type"":""MultiPoint"",""coordinates"":[]}"
393,77.05956905776388,2014-01-29,"{""type"":""MultiPoint"",""coordinates"":[]}"
394,83.7007938090155,2014-01-30,"{""type"":""MultiPoint"",""coordinates"":[]}"
395,82.28949669230403,2014-01-31,"{""type"":""MultiPoint"",""coordinates"":[]}"
396,82.0462810916445,2014-02-01,"{""type"":""MultiPoint"",""coordinates"":[]}"
397,87.64896463183896,2014-02-02,"{""type"":""MultiPoint"",""coordinates"":[]}"
398,83.00038323958492,2014-02-03,"{""type"":""MultiPoint"",""coordinates"":[]}"
399,82.30342196693185,2014-02-04,"{""type"":""MultiPoint"",""coordinates"":[]}"
400,88.92446463105347,2014-02-05,"{""type"":""MultiPoint"",""coordinates"":[]}"
401,85.93839778578274,2014-02-06,"{""type"":""MultiPoint"",""coordinates"":[]}"
402,83.74892329241369,2014-02-07,"{""type"":""MultiPoint"",""coordinates"":[]}"
403,77.23402878492227,2014-02-08,"{""type"":""MultiPoint"",""coordinates"":[]}"
404,83.42606526836805,2014-02-09,"{""type"":""MultiPoint"",""coordinates"":[]}"
405,81.78202227968765,2014-02-10,"{""type"":""MultiPoint"",""coordinates"":[]}"
406,82.21009439003065,2014-02-11,"{""type"":""MultiPoint"",""coordinates"":[]}"
407,77.24275113149048,2014-02-12,"{""type"":""MultiPoint"",""coordinates"":[]}"
408,79.28501410809835,2014-02-13,"{""type"":""MultiPoint"",""coordinates"":[]}"
409,84.69608328322367,2014-02-14,"{""type"":""MultiPoint"",""coordinates"":[]}"
410,77.7819458333042,2014-02-15,"{""type"":""MultiPoint"",""coordinates"":[]}"
411,81.87127282418608,2014-02-16,"{""type"":""MultiPoint"",""coordinates"":[]}"
412,79.01707137673678,2014-02-17,"{""type"":""MultiPoint"",""coordinates"":[]}"
413,84.06249250378558,2014-02-18,"{""type"":""MultiPoint"",""coordinates"":[]}"
414,84.96814494053147,2014-02-19,"{""type"":""MultiPoint"",""coordinates"":[]}"
415,85.89886337380362,2014-02-20,"{""type"":""MultiPoint"",""coordinates"":[]}"
416,87.74221044935429,2014-02-21,"{""type"":""MultiPoint"",""coordinates"":[]}"
417,80.41029704946112,2014-02-22,"{""type"":""MultiPoint"",""coordinates"":[]}"
418,77.98532981397575,2014-02-23,"{""type"":""MultiPoint"",""coordinates"":[]}"
419,84.5076803375979,2014-02-24,"{""type"":""MultiPoint"",""coordinates"":[]}"
420,87.18826119622825,2014-02-25,"{""type"":""MultiPoint"",""coordinates"":[]}"
421,78.44034949169654,2014-02-26,"{""type"":""MultiPoint"",""coordinates"":[]}"
422,79.42124197564833,2014-02-27,"{""type"":""MultiPoint"",""coordinates"":[]}"
423,92.4553661390184,2014-02-28,"{""type"":""MultiPoint"",""coordinates"":[]}"
424,95.32310866812996,2014-03-01,"{""type"":""MultiPoint"",""coordinates"":[]}"
425,90.34358843155233,2014-03-02,"{""type"":""MultiPoint"",""coordinates"":[]}"
426,89.8150177071526,2014-03-03,"{""type"":""MultiPoint"",""coordinates"":[]}"
427,84.4943542413465,2014-03-04,"{""type"":""MultiPoint"",""coordinates"":[]}"
428,86.19681628136057,2014-03-05,"{""type"":""MultiPoint"",""coordinates"":[]}"
429,85.732476265122,2014-03-06,"{""type"":""MultiPoint"",""coordinates"":[]}"
430,83.05333159314291,2014-03-07,"{""type"":""MultiPoint"",""coordinates"":[]}"
431,90.03124517633381,2014-03-08,"{""type"":""MultiPoint"",""coordinates"":[]}"
432,92.34213490130186,2014-03-09,"{""type"":""MultiPoint"",""coordinates"":[]}"
433,90.8844121835209,2014-03-10,"{""type"":""MultiPoint"",""coordinates"":[]}"
434,85.22894817182443,2014-03-11,"{""type"":""MultiPoint"",""coordinates"":[]}"
435,90.27167671583612,2014-03-12,"{""type"":""MultiPoint"",""coordinates"":[]}"
436,88.52686413757658,2014-03-13,"{""type"":""MultiPoint"",""coordinates"":[]}"
437,88.46675568163302,2014-03-14,"{""type"":""MultiPoint"",""coordinates"":[]}"
438,86.60652079807586,2014-03-15,"{""type"":""MultiPoint"",""coordinates"":[]}"
439,84.25615451822662,2014-03-16,"{""type"":""MultiPoint"",""coordinates"":[]}"
440,76.38660937129238,2014-03-17,"{""type"":""MultiPoint"",""coordinates"":[]}"
441,86.67143681295109,2014-03-18,"{""type"":""MultiPoint"",""coordinates"":[]}"
442,75.60792261195137,2014-03-19,"{""type"":""MultiPoint"",""coordinates"":[]}"
443,79.8066922122983,2014-03-20,"{""type"":""MultiPoint"",""coordinates"":[]}"
444,81.04272083231614,2014-03-21,"{""type"":""MultiPoint"",""coordinates"":[]}"
445,79.43048688513717,2014-03-22,"{""type"":""MultiPoint"",""coordinates"":[]}"
446,82.47382640284964,2014-03-23,"{""type"":""MultiPoint"",""coordinates"":[]}"
447,89.20228730545101,2014-03-24,"{""type"":""MultiPoint"",""coordinates"":[]}"
448,89.62216921346972,2014-03-25,"{""type"":""MultiPoint"",""coordinates"":[]}"
449,87.29908952568228,2014-03-26,"{""type"":""MultiPoint"",""coordinates"":[]}"
450,81.38707929611576,2014-03-27,"{""type"":""MultiPoint"",""coordinates"":[]}"
451,84.3604898637324,2014-03-28,"{""type"":""MultiPoint"",""coordinates"":[]}"
452,78.19876783488186,2014-03-29,"{""type"":""MultiPoint"",""coordinates"":[]}"
453,76.69100938406625,2014-03-30,"{""type"":""MultiPoint"",""coordinates"":[]}"
454,84.48425681842113,2014-03-31,"{""type"":""MultiPoint"",""coordinates"":[]}"
455,84.44928167293756,2014-04-01,"{""type"":""MultiPoint"",""coordinates"":[]}"
456,75.06707714342863,2014-04-02,"{""type"":""MultiPoint"",""coordinates"":[]}"
457,83.10971022444058,2014-04-03,"{""type"":""MultiPoint"",""coordinates"":[]}"
458,80.69073787167753,2014-04-04,"{""type"":""MultiPoint"",""coordinates"":[]}"
459,90.17936244114712,2014-04-05,"{""type"":""MultiPoint"",""coordinates"":[]}"
460,80.35680844706557,2014-04-06,"{""type"":""MultiPoint"",""coordinates"":[]}"
461,80.3723091101122,2014-04-07,"{""type"":""MultiPoint"",""coordinates"":[]}"
462,84.23717851880619,2014-04-08,"{""type"":""MultiPoint"",""coordinates"":[]}"
463,82.67190212816705,2014-04-09,"{""type"":""MultiPoint"",""coordinates"":[]}"
464,73.98317818122803,2014-04-10,"{""type"":""MultiPoint"",""coordinates"":[]}"
465,85.78865370452525,2014-04-11,"{""type"":""MultiPoint"",""coordinates"":[]}"
466,82.28483125276307,2014-04-12,"{""type"":""MultiPoint"",""coordinates"":[]}"
467,78.22113623992645,2014-04-13,"{""type"":""MultiPoint"",""coordinates"":[]}"
468,81.81061280168338,2014-04-14,"{""type"":""MultiPoint"",""coordinates"":[]}"
469,89.76621678068021,2014-04-15,"{""type"":""MultiPoint"",""coordinates"":[]}"
470,92.12017232828305,2014-04-16,"{""type"":""MultiPoint"",""coordinates"":[]}"
471,86.99961847958589,2014-04-17,"{""type"":""MultiPoint"",""coordinates"":[]}"
472,88.75164348925857,2014-04-18,"{""type"":""MultiPoint"",""coordinates"":[]}"
473,90.6508963218359,2014-04-19,"{""type"":""MultiPoint"",""coordinates"":[]}"
474,91.03461384721187,2014-04-20,"{""type"":""MultiPoint"",""coordinates"":[]}"
475,90.78872779364377,2014-04-21,"{""type"":""MultiPoint"",""coordinates"":[]}"
476,91.05028511061876,2014-04-22,"{""type"":""MultiPoint"",""coordinates"":[]}"
477,89.86546201598708,2014-04-23,"{""type"":""MultiPoint"",""coordinates"":[]}"
478,94.93198916811855,2014-04-24,"{""type"":""MultiPoint"",""coordinates"":[]}"
479,86.69107571204161,2014-04-25,"{""type"":""MultiPoint"",""coordinates"":[]}"
480,90.28538815915431,2014-04-26,"{""type"":""MultiPoint"",""coordinates"":[]}"
481,89.60217669552121,2014-04-27,"{""type"":""MultiPoint"",""coordinates"":[]}"
482,89.3323722005643,2014-04-28,"{""type"":""MultiPoint"",""coordinates"":[]}"
483,91.62620851970702,2014-04-29,"{""type"":""MultiPoint"",""coordinates"":[]}"
484,90.68375260172883,2014-04-30,"{""type"":""MultiPoint"",""coordinates"":[]}"
485,90.04251226212394,2014-05-01,"{""type"":""MultiPoint"",""coordinates"":[]}"
486,91.97375469387985,2014-05-02,"{""type"":""MultiPoint"",""coordinates"":[]}"
487,89.78135743774635,2014-05-03,"{""type"":""MultiPoint"",""coordinates"":[]}"
488,85.66971752588604,2014-05-04,"{""type"":""MultiPoint"",""coordinates"":[]}"
489,84.4735271504421,2014-05-05,"{""type"":""MultiPoint"",""coordinates"":[]}"
490,87.17181021917628,2014-05-06,"{""type"":""MultiPoint"",""coordinates"":[]}"
491,86.66326471927113,2014-05-07,"{""type"":""MultiPoint"",""coordinates"":[]}"
492,86.71278749768838,2014-05-08,"{""type"":""MultiPoint"",""coordinates"":[]}"
493,93.88944750257394,2014-05-09,"{""type"":""MultiPoint"",""coordinates"":[]}"
494,92.46619029271888,2014-05-10,"{""type"":""MultiPoint"",""coordinates"":[]}"
495,94.84804699999374,2014-05-11,"{""type"":""MultiPoint"",""coordinates"":[]}"
496,87.22070956619935,2014-05-12,"{""type"":""MultiPoint"",""coordinates"":[]}"
497,85.96139320790111,2014-05-13,"{""type"":""MultiPoint"",""coordinates"":[]}"
498,88.50828151489469,2014-05-14,"{""type"":""MultiPoint"",""coordinates"":[]}"
499,86.60021734353934,2014-05-15,"{""type"":""MultiPoint"",""coordinates"":[]}"
500,85.67098152883784,2014-05-16,"{""type"":""MultiPoint"",""coordinates"":[]}"
501,91.18799270072965,2014-05-17,"{""type"":""MultiPoint"",""coordinates"":[]}"
502,88.46714646693471,2014-05-18,"{""type"":""MultiPoint"",""coordinates"":[]}"
503,89.22328889525664,2014-05-19,"{""type"":""MultiPoint"",""coordinates"":[]}"
504,85.95015210791586,2014-05-20,"{""type"":""MultiPoint"",""coordinates"":[]}"
505,84.42922799413854,2014-05-21,"{""type"":""MultiPoint"",""coordinates"":[]}"
506,87.36051548994813,2014-05-22,"{""type"":""MultiPoint"",""coordinates"":[]}"
507,85.18738320691084,2014-05-23,"{""type"":""MultiPoint"",""coordinates"":[]}"
508,86.44006056072483,2014-05-24,"{""type"":""MultiPoint"",""coordinates"":[]}"
509,85.28205227787863,2014-05-25,"{""type"":""MultiPoint"",""coordinates"":[]}"
510,76.95062839772235,2014-05-26,"{""type"":""MultiPoint"",""coordinates"":[]}"
511,85.00307134634006,2014-05-27,"{""type"":""MultiPoint"",""coordinates"":[]}"
512,87.89620482129003,2014-05-28,"{""type"":""MultiPoint"",""coordinates"":[]}"
513,94.8347120561967,2014-05-29,"{""type"":""MultiPoint"",""coordinates"":[]}"
514,90.70436166348823,2014-05-30,"{""type"":""MultiPoint"",""coordinates"":[]}"
515,91.79021389785312,2014-05-31,"{""type"":""MultiPoint"",""coordinates"":[]}"
516,89.46662768318551,2014-06-01,"{""type"":""MultiPoint"",""coordinates"":[]}"
517,91.70136893095277,2014-06-02,"{""type"":""MultiPoint"",""coordinates"":[]}"
518,89.52069047519784,2014-06-03,"{""type"":""MultiPoint"",""coordinates"":[]}"
519,88.01076604099048,2014-06-04,"{""type"":""MultiPoint"",""coordinates"":[]}"
520,86.87351203358094,2014-06-05,"{""type"":""MultiPoint"",""coordinates"":[]}"
521,87.22909518710799,2014-06-06,"{""type"":""MultiPoint"",""coordinates"":[]}"
522,88.08469124723825,2014-06-07,"{""type"":""MultiPoint"",""coordinates"":[]}"
523,90.9654943472237,2014-06-08,"{""type"":""MultiPoint"",""coordinates"":[]}"
524,86.76356100292702,2014-06-09,"{""type"":""MultiPoint"",""coordinates"":[]}"
525,87.80922045908177,2014-06-10,"{""type"":""MultiPoint"",""coordinates"":[]}"
526,84.51285934445828,2014-06-11,"{""type"":""MultiPoint"",""coordinates"":[]}"
527,78.15291045892494,2014-06-12,"{""type"":""MultiPoint"",""coordinates"":[]}"
528,82.75992114810023,2014-06-13,"{""type"":""MultiPoint"",""coordinates"":[]}"
529,82.29976896520049,2014-06-14,"{""type"":""MultiPoint"",""coordinates"":[]}"
530,85.28003167507447,2014-06-15,"{""type"":""MultiPoint"",""coordinates"":[]}"
531,81.16378182647635,2014-06-16,"{""type"":""MultiPoint"",""coordinates"":[]}"
532,79.28684821537793,2014-06-17,"{""type"":""MultiPoint"",""coordinates"":[]}"
533,85.22288722909566,2014-06-18,"{""type"":""MultiPoint"",""coordinates"":[]}"
534,85.83281104814297,2014-06-19,"{""type"":""MultiPoint"",""coordinates"":[]}"
535,75.32106443019323,2014-06-20,"{""type"":""MultiPoint"",""coordinates"":[]}"
536,76.78410395139294,2014-06-21,"{""type"":""MultiPoint"",""coordinates"":[]}"
537,79.13645601852564,2014-06-22,"{""type"":""MultiPoint"",""coordinates"":[]}"
538,77.06570011849604,2014-06-23,"{""type"":""MultiPoint"",""coordinates"":[]}"
539,84.12083002109435,2014-06-24,"{""type"":""MultiPoint"",""coordinates"":[]}"
540,90.01190145866633,2014-06-25,"{""type"":""MultiPoint"",""coordinates"":[]}"
541,89.7584027382058,2014-06-26,"{""type"":""MultiPoint"",""coordinates"":[]}"
542,86.42214471455543,2014-06-27,"{""type"":""MultiPoint"",""coordinates"":[]}"
543,88.88491627602066,2014-06-28,"{""type"":""MultiPoint"",""coordinates"":[]}"
544,85.41856583456187,2014-06-29,"{""type"":""MultiPoint"",""coordinates"":[]}"
545,85.48316188881552,2014-06-30,"{""type"":""MultiPoint"",""coordinates"":[]}"
546,84.98815963489339,2014-07-01,"{""type"":""MultiPoint"",""coordinates"":[]}"
547,87.83948044989182,2014-07-02,"{""type"":""MultiPoint"",""coordinates"":[]}"
548,84.278307284238,2014-07-03,"{""type"":""MultiPoint"",""coordinates"":[]}"
549,84.77045871433496,2014-07-04,"{""type"":""MultiPoint"",""coordinates"":[]}"
550,89.97544312760652,2014-07-05,"{""type"":""MultiPoint"",""coordinates"":[]}"
551,87.43786703166641,2014-07-06,"{""type"":""MultiPoint"",""coordinates"":[]}"
552,83.4266097871883,2014-07-07,"{""type"":""MultiPoint"",""coordinates"":[]}"
553,84.07967232585,2014-07-08,"{""type"":""MultiPoint"",""coordinates"":[]}"
554,80.81733922555325,2014-07-09,"{""type"":""MultiPoint"",""coordinates"":[]}"
555,77.40830843896639,2014-07-10,"{""type"":""MultiPoint"",""coordinates"":[]}"
556,83.3327251745198,2014-07-11,"{""type"":""MultiPoint"",""coordinates"":[]}"
557,82.36724459573266,2014-07-12,"{""type"":""MultiPoint"",""coordinates"":[]}"
558,82.06758885826923,2014-07-13,"{""type"":""MultiPoint"",""coordinates"":[]}"
559,80.66377553756932,2014-07-14,"{""type"":""MultiPoint"",""coordinates"":[]}"
560,80.62541160278198,2014-07-15,"{""type"":""MultiPoint"",""coordinates"":[]}"
561,78.76315010069824,2014-07-16,"{""type"":""MultiPoint"",""coordinates"":[]}"
562,77.62178130037367,2014-07-17,"{""type"":""MultiPoint"",""coordinates"":[]}"
563,78.12756444365537,2014-07-18,"{""type"":""MultiPoint"",""coordinates"":[]}"
564,74.77324621549522,2014-07-19,"{""type"":""MultiPoint"",""coordinates"":[]}"
565,77.932591710142,2014-07-20,"{""type"":""MultiPoint"",""coordinates"":[]}"
566,77.67506924478239,2014-07-21,"{""type"":""MultiPoint"",""coordinates"":[]}"
567,76.80864888210722,2014-07-22,"{""type"":""MultiPoint"",""coordinates"":[]}"
568,77.81748275014839,2014-07-23,"{""type"":""MultiPoint"",""coordinates"":[]}"
569,75.78416446549426,2014-07-24,"{""type"":""MultiPoint"",""coordinates"":[]}"
570,73.81785669019104,2014-07-25,"{""type"":""MultiPoint"",""coordinates"":[]}"
571,75.37606001436404,2014-07-26,"{""type"":""MultiPoint"",""coordinates"":[]}"
572,78.10453772582514,2014-07-27,"{""type"":""MultiPoint"",""coordinates"":[]}"
573,79.18452306753248,2014-07-28,"{""type"":""MultiPoint"",""coordinates"":[]}"
574,73.77652034408995,2014-07-29,"{""type"":""MultiPoint"",""coordinates"":[]}"
575,74.36073740842947,2014-07-30,"{""type"":""MultiPoint"",""coordinates"":[]}"
576,75.96145445173188,2014-07-31,"{""type"":""MultiPoint"",""coordinates"":[]}"
577,72.29328202342752,2014-08-01,"{""type"":""MultiPoint"",""coordinates"":[]}"
578,75.15043264279208,2014-08-02,"{""type"":""MultiPoint"",""coordinates"":[]}"
579,73.9485008955293,2014-08-03,"{""type"":""MultiPoint"",""coordinates"":[]}"
580,74.24277297750085,2014-08-04,"{""type"":""MultiPoint"",""coordinates"":[]}"
581,78.09472644236,2014-08-05,"{""type"":""MultiPoint"",""coordinates"":[]}"
582,84.17906305630429,2014-08-06,"{""type"":""MultiPoint"",""coordinates"":[]}"
583,79.95368785397237,2014-08-07,"{""type"":""MultiPoint"",""coordinates"":[]}"
584,84.16537952759982,2014-08-08,"{""type"":""MultiPoint"",""coordinates"":[]}"
585,77.63462347442545,2014-08-09,"{""type"":""MultiPoint"",""coordinates"":[]}"
586,77.846558859558,2014-08-10,"{""type"":""MultiPoint"",""coordinates"":[]}"
587,82.25540180085527,2014-08-11,"{""type"":""MultiPoint"",""coordinates"":[]}"
588,85.78875514183733,2014-08-12,"{""type"":""MultiPoint"",""coordinates"":[]}"
589,83.72636250677535,2014-08-13,"{""type"":""MultiPoint"",""coordinates"":[]}"
590,84.08791081768503,2014-08-14,"{""type"":""MultiPoint"",""coordinates"":[]}"
591,74.34250835953084,2014-08-15,"{""type"":""MultiPoint"",""coordinates"":[]}"
592,72.67350570423348,2014-08-16,"{""type"":""MultiPoint"",""coordinates"":[]}"
593,78.87712113914348,2014-08-17,"{""type"":""MultiPoint"",""coordinates"":[]}"
594,81.90980331007277,2014-08-18,"{""type"":""MultiPoint"",""coordinates"":[]}"
595,81.49245990403527,2014-08-19,"{""type"":""MultiPoint"",""coordinates"":[]}"
596,72.27410336432142,2014-08-20,"{""type"":""MultiPoint"",""coordinates"":[]}"
597,74.28970172760167,2014-08-21,"{""type"":""MultiPoint"",""coordinates"":[]}"
598,72.91727450259765,2014-08-22,"{""type"":""MultiPoint"",""coordinates"":[]}"
599,78.45822174133335,2014-08-23,"{""type"":""MultiPoint"",""coordinates"":[]}"
600,87.8967544426746,2014-08-24,"{""type"":""MultiPoint"",""coordinates"":[]}"
601,82.11128088038029,2014-08-25,"{""type"":""MultiPoint"",""coordinates"":[]}"
602,89.08974389857705,2014-08-26,"{""type"":""MultiPoint"",""coordinates"":[]}"
603,84.13538030726224,2014-08-27,"{""type"":""MultiPoint"",""coordinates"":[]}"
604,87.24361920640455,2014-08-28,"{""type"":""MultiPoint"",""coordinates"":[]}"
605,80.43862579479064,2014-08-29,"{""type"":""MultiPoint"",""coordinates"":[]}"
606,76.3467204130264,2014-08-30,"{""type"":""MultiPoint"",""coordinates"":[]}"
607,71.5463662943799,2014-08-31,"{""type"":""MultiPoint"",""coordinates"":[]}"
608,69.81735694726586,2014-09-01,"{""type"":""MultiPoint"",""coordinates"":[]}"
609,80.64583165851614,2014-09-02,"{""type"":""MultiPoint"",""coordinates"":[]}"
610,86.52421189056373,2014-09-03,"{""type"":""MultiPoint"",""coordinates"":[]}"
611,88.08550020944989,2014-09-04,"{""type"":""MultiPoint"",""coordinates"":[]}"
612,83.64385730766907,2014-09-05,"{""type"":""MultiPoint"",""coordinates"":[]}"
613,78.33755497185481,2014-09-06,"{""type"":""MultiPoint"",""coordinates"":[]}"
614,73.98496263723501,2014-09-07,"{""type"":""MultiPoint"",""coordinates"":[]}"
615,74.8548137087577,2014-09-08,"{""type"":""MultiPoint"",""coordinates"":[]}"
616,71.05585111296224,2014-09-09,"{""type"":""MultiPoint"",""coordinates"":[]}"
617,73.62646616268226,2014-09-10,"{""type"":""MultiPoint"",""coordinates"":[]}"
618,84.56974945308222,2014-09-11,"{""type"":""MultiPoint"",""coordinates"":[]}"
619,89.84845086275789,2014-09-12,"{""type"":""MultiPoint"",""coordinates"":[]}"
620,90.19193724585092,2014-09-13,"{""type"":""MultiPoint"",""coordinates"":[]}"
621,88.38455821081402,2014-09-14,"{""type"":""MultiPoint"",""coordinates"":[]}"
622,89.46414513237498,2014-09-15,"{""type"":""MultiPoint"",""coordinates"":[]}"
623,83.21556654908075,2014-09-16,"{""type"":""MultiPoint"",""coordinates"":[]}"
624,86.78164813173665,2014-09-17,"{""type"":""MultiPoint"",""coordinates"":[]}"
625,90.09034220296179,2014-09-18,"{""type"":""MultiPoint"",""coordinates"":[]}"
626,83.9493882782799,2014-09-19,"{""type"":""MultiPoint"",""coordinates"":[]}"
627,88.52523645615155,2014-09-20,"{""type"":""MultiPoint"",""coordinates"":[]}"
628,89.15040955737987,2014-09-21,"{""type"":""MultiPoint"",""coordinates"":[]}"
629,86.03597639448331,2014-09-22,"{""type"":""MultiPoint"",""coordinates"":[]}"
630,93.08376244146537,2014-09-23,"{""type"":""MultiPoint"",""coordinates"":[]}"
631,90.06678881552666,2014-09-24,"{""type"":""MultiPoint"",""coordinates"":[]}"
632,82.04700818224978,2014-09-25,"{""type"":""MultiPoint"",""coordinates"":[]}"
633,88.12289304032969,2014-09-26,"{""type"":""MultiPoint"",""coordinates"":[]}"
634,89.45684284591584,2014-09-27,"{""type"":""MultiPoint"",""coordinates"":[]}"
635,83.71644864428116,2014-09-28,"{""type"":""MultiPoint"",""coordinates"":[]}"
636,80.74231872010118,2014-09-29,"{""type"":""MultiPoint"",""coordinates"":[]}"
637,73.68192526329412,2014-09-30,"{""type"":""MultiPoint"",""coordinates"":[]}"
638,74.77618714116703,2014-10-01,"{""type"":""MultiPoint"",""coordinates"":[]}"
639,75.11536096112717,2014-10-02,"{""type"":""MultiPoint"",""coordinates"":[]}"
640,74.00684924018775,2014-10-03,"{""type"":""MultiPoint"",""coordinates"":[]}"
641,79.53414836751634,2014-10-04,"{""type"":""MultiPoint"",""coordinates"":[]}"
642,89.41654555944423,2014-10-05,"{""type"":""MultiPoint"",""coordinates"":[]}"
643,89.43595062743613,2014-10-06,"{""type"":""MultiPoint"",""coordinates"":[]}"
644,91.69490962872868,2014-10-07,"{""type"":""MultiPoint"",""coordinates"":[]}"
645,94.99846248053005,2014-10-08,"{""type"":""MultiPoint"",""coordinates"":[]}"
646,96.10581592561978,2014-10-09,"{""type"":""MultiPoint"",""coordinates"":[]}"
647,89.49322384831902,2014-10-10,"{""type"":""MultiPoint"",""coordinates"":[]}"
648,88.6937039615478,2014-10-11,"{""type"":""MultiPoint"",""coordinates"":[]}"
649,87.04612864320973,2014-10-12,"{""type"":""MultiPoint"",""coordinates"":[]}"
650,85.0981776732287,2014-10-13,"{""type"":""MultiPoint"",""coordinates"":[]}"
651,83.74924576420871,2014-10-14,"{""type"":""MultiPoint"",""coordinates"":[]}"
652,80.94055627707287,2014-10-15,"{""type"":""MultiPoint"",""coordinates"":[]}"
653,81.5935955873081,2014-10-16,"{""type"":""MultiPoint"",""coordinates"":[]}"
654,86.45452438476438,2014-10-17,"{""type"":""MultiPoint"",""coordinates"":[]}"
655,89.95882613054287,2014-10-18,"{""type"":""MultiPoint"",""coordinates"":[]}"
656,92.94241756072404,2014-10-19,"{""type"":""MultiPoint"",""coordinates"":[]}"
657,85.02631708560153,2014-10-20,"{""type"":""MultiPoint"",""coordinates"":[]}"
658,87.58984477375448,2014-10-21,"{""type"":""MultiPoint"",""coordinates"":[]}"
659,90.94754067309292,2014-10-22,"{""type"":""MultiPoint"",""coordinates"":[]}"
660,90.21552739594023,2014-10-23,"{""type"":""MultiPoint"",""coordinates"":[]}"
661,86.06292331540386,2014-10-24,"{""type"":""MultiPoint"",""coordinates"":[]}"
662,89.26196099493511,2014-10-25,"{""type"":""MultiPoint"",""coordinates"":[]}"
663,94.41841812672322,2014-10-26,"{""type"":""MultiPoint"",""coordinates"":[]}"
664,92.60198844765004,2014-10-27,"{""type"":""MultiPoint"",""coordinates"":[]}"
665,87.2084572084009,2014-10-28,"{""type"":""MultiPoint"",""coordinates"":[]}"
666,88.20390465983765,2014-10-29,"{""type"":""MultiPoint"",""coordinates"":[]}"
667,90.554469280427,2014-10-30,"{""type"":""MultiPoint"",""coordinates"":[]}"
668,90.72982326423723,2014-10-31,"{""type"":""MultiPoint"",""coordinates"":[]}"
669,93.60164998487254,2014-11-01,"{""type"":""MultiPoint"",""coordinates"":[]}"
670,89.3662508679614,2014-11-02,"{""type"":""MultiPoint"",""coordinates"":[]}"
671,80.35180451909093,2014-11-03,"{""type"":""MultiPoint"",""coordinates"":[]}"
672,82.5688301116686,2014-11-04,"{""type"":""MultiPoint"",""coordinates"":[]}"
673,91.00763793910774,2014-11-05,"{""type"":""MultiPoint"",""coordinates"":[]}"
674,91.06296929385303,2014-11-06,"{""type"":""MultiPoint"",""coordinates"":[]}"
675,89.08276139759182,2014-11-07,"{""type"":""MultiPoint"",""coordinates"":[]}"
676,90.37656601627488,2014-11-08,"{""type"":""MultiPoint"",""coordinates"":[]}"
677,90.75801270774154,2014-11-09,"{""type"":""MultiPoint"",""coordinates"":[]}"
678,91.13885377498855,2014-11-10,"{""type"":""MultiPoint"",""coordinates"":[]}"
679,92.49500156656278,2014-11-11,"{""type"":""MultiPoint"",""coordinates"":[]}"
680,96.29938997056966,2014-11-12,"{""type"":""MultiPoint"",""coordinates"":[]}"
681,93.80117715665189,2014-11-13,"{""type"":""MultiPoint"",""coordinates"":[]}"
682,93.71236406853335,2014-11-14,"{""type"":""MultiPoint"",""coordinates"":[]}"
683,92.31815076510394,2014-11-15,"{""type"":""MultiPoint"",""coordinates"":[]}"
684,90.9204643640201,2014-11-16,"{""type"":""MultiPoint"",""coordinates"":[]}"
685,87.6355137508711,2014-11-17,"{""type"":""MultiPoint"",""coordinates"":[]}"
686,87.78837797839043,2014-11-18,"{""type"":""MultiPoint"",""coordinates"":[]}"
687,92.84206446370992,2014-11-19,"{""type"":""MultiPoint"",""coordinates"":[]}"
688,92.05686410211206,2014-11-20,"{""type"":""MultiPoint"",""coordinates"":[]}"
689,94.17947410704558,2014-11-21,"{""type"":""MultiPoint"",""coordinates"":[]}"
690,93.457454469232,2014-11-22,"{""type"":""MultiPoint"",""coordinates"":[]}"
691,89.93045634903312,2014-11-23,"{""type"":""MultiPoint"",""coordinates"":[]}"
692,84.73209173071288,2014-11-24,"{""type"":""MultiPoint"",""coordinates"":[]}"
693,85.2210287272202,2014-11-25,"{""type"":""MultiPoint"",""coordinates"":[]}"
694,90.9174124211014,2014-11-26,"{""type"":""MultiPoint"",""coordinates"":[]}"
695,92.76662245162576,2014-11-27,"{""type"":""MultiPoint"",""coordinates"":[]}"
696,87.39704881444209,2014-11-28,"{""type"":""MultiPoint"",""coordinates"":[]}"
697,86.33018655038835,2014-11-29,"{""type"":""MultiPoint"",""coordinates"":[]}"
698,87.98162650651896,2014-11-30,"{""type"":""MultiPoint"",""coordinates"":[]}"
699,86.96870194219316,2014-12-01,"{""type"":""MultiPoint"",""coordinates"":[]}"
700,84.55649117607446,2014-12-02,"{""type"":""MultiPoint"",""coordinates"":[]}"
701,83.07266162872101,2014-12-03,"{""type"":""MultiPoint"",""coordinates"":[]}"
702,84.7228689371518,2014-12-04,"{""type"":""MultiPoint"",""coordinates"":[]}"
703,83.07601855565157,2014-12-05,"{""type"":""MultiPoint"",""coordinates"":[]}"
704,89.59069568884915,2014-12-06,"{""type"":""MultiPoint"",""coordinates"":[]}"
705,90.34469339107785,2014-12-07,"{""type"":""MultiPoint"",""coordinates"":[]}"
706,90.61640495907564,2014-12-08,"{""type"":""MultiPoint"",""coordinates"":[]}"
707,92.94507441637808,2014-12-09,"{""type"":""MultiPoint"",""coordinates"":[]}"
708,89.72352846916739,2014-12-10,"{""type"":""MultiPoint"",""coordinates"":[]}"
709,90.81025117592866,2014-12-11,"{""type"":""MultiPoint"",""coordinates"":[]}"
710,87.38877568452573,2014-12-12,"{""type"":""MultiPoint"",""coordinates"":[]}"
711,89.5616373184195,2014-12-13,"{""type"":""MultiPoint"",""coordinates"":[]}"
712,89.32042273085897,2014-12-14,"{""type"":""MultiPoint"",""coordinates"":[]}"
713,92.08210588267094,2014-12-15,"{""type"":""MultiPoint"",""coordinates"":[]}"
714,88.55850160942477,2014-12-16,"{""type"":""MultiPoint"",""coordinates"":[]}"
715,89.22204720512042,2014-12-17,"{""type"":""MultiPoint"",""coordinates"":[]}"
716,86.27447411443315,2014-12-18,"{""type"":""MultiPoint"",""coordinates"":[]}"
717,86.52361081610378,2014-12-19,"{""type"":""MultiPoint"",""coordinates"":[]}"
718,89.69847248510717,2014-12-20,"{""type"":""MultiPoint"",""coordinates"":[]}"
719,85.1801391307564,2014-12-21,"{""type"":""MultiPoint"",""coordinates"":[]}"
720,84.36509192470238,2014-12-22,"{""type"":""MultiPoint"",""coordinates"":[]}"
721,77.42889537638032,2014-12-23,"{""type"":""MultiPoint"",""coordinates"":[]}"
722,72.9258537538783,2014-12-24,"{""type"":""MultiPoint"",""coordinates"":[]}"
723,70.2051985578832,2014-12-25,"{""type"":""MultiPoint"",""coordinates"":[]}"
724,71.4128583201981,2014-12-26,"{""type"":""MultiPoint"",""coordinates"":[]}"
725,79.94097934857949,2014-12-27,"{""type"":""MultiPoint"",""coordinates"":[]}"
726,76.22223046686359,2014-12-28,"{""type"":""MultiPoint"",""coordinates"":[]}"
727,72.62974297772402,2014-12-29,"{""type"":""MultiPoint"",""coordinates"":[]}"
728,69.56811830805468,2014-12-30,"{""type"":""MultiPoint"",""coordinates"":[]}"
729,69.68177065581934,2014-12-31,"{""type"":""MultiPoint"",""coordinates"":[]}"
730,70.94189151326711,2015-01-01,"{""type"":""MultiPoint"",""coordinates"":[]}"
731,74.08324589802815,2015-01-02,"{""type"":""MultiPoint"",""coordinates"":[]}"
732,72.03882160206022,2015-01-03,"{""type"":""MultiPoint"",""coordinates"":[]}"
733,71.644340735799,2015-01-04,"{""type"":""MultiPoint"",""coordinates"":[]}"
734,72.79620581688734,2015-01-05,"{""type"":""MultiPoint"",""coordinates"":[]}"
735,72.18856844274865,2015-01-06,"{""type"":""MultiPoint"",""coordinates"":[]}"
736,69.254177008416,2015-01-07,"{""type"":""MultiPoint"",""coordinates"":[]}"
737,71.55445539047564,2015-01-08,"{""type"":""MultiPoint"",""coordinates"":[]}"
738,74.94638899100936,2015-01-09,"{""type"":""MultiPoint"",""coordinates"":[]}"
739,80.64962615101098,2015-01-10,"{""type"":""MultiPoint"",""coordinates"":[]}"
740,82.80288036182544,2015-01-11,"{""type"":""MultiPoint"",""coordinates"":[]}"
741,79.23114181203673,2015-01-12,"{""type"":""MultiPoint"",""coordinates"":[]}"
742,78.38264094123258,2015-01-13,"{""type"":""MultiPoint"",""coordinates"":[]}"
743,83.46052262424936,2015-01-14,"{""type"":""MultiPoint"",""coordinates"":[]}"
744,84.424844722224,2015-01-15,"{""type"":""MultiPoint"",""coordinates"":[]}"
745,87.02045318985729,2015-01-16,"{""type"":""MultiPoint"",""coordinates"":[]}"
746,89.34571457926721,2015-01-17,"{""type"":""MultiPoint"",""coordinates"":[]}"
747,89.39785424999876,2015-01-18,"{""type"":""MultiPoint"",""coordinates"":[]}"
748,88.93653023000992,2015-01-19,"{""type"":""MultiPoint"",""coordinates"":[]}"
749,81.85678274761912,2015-01-20,"{""type"":""MultiPoint"",""coordinates"":[]}"
750,84.8378347381596,2015-01-21,"{""type"":""MultiPoint"",""coordinates"":[]}"
751,82.83900512230379,2015-01-22,"{""type"":""MultiPoint"",""coordinates"":[]}"
752,89.50698717741788,2015-01-23,"{""type"":""MultiPoint"",""coordinates"":[]}"
753,80.96205934103271,2015-01-24,"{""type"":""MultiPoint"",""coordinates"":[]}"
754,79.34184860247414,2015-01-25,"{""type"":""MultiPoint"",""coordinates"":[]}"
755,78.35259517619251,2015-01-26,"{""type"":""MultiPoint"",""coordinates"":[]}"
756,83.53946730527163,2015-01-27,"{""type"":""MultiPoint"",""coordinates"":[]}"
757,86.03796917097992,2015-01-28,"{""type"":""MultiPoint"",""coordinates"":[]}"
758,82.09775423835319,2015-01-29,"{""type"":""MultiPoint"",""coordinates"":[]}"
759,83.07565715342743,2015-01-30,"{""type"":""MultiPoint"",""coordinates"":[]}"
760,88.37788927361485,2015-01-31,"{""type"":""MultiPoint"",""coordinates"":[]}"
761,88.6424104649014,2015-02-01,"{""type"":""MultiPoint"",""coordinates"":[]}"
762,83.53574017235302,2015-02-02,"{""type"":""MultiPoint"",""coordinates"":[]}"
763,87.8787891932209,2015-02-03,"{""type"":""MultiPoint"",""coordinates"":[]}"
764,80.30622219603733,2015-02-04,"{""type"":""MultiPoint"",""coordinates"":[]}"
765,80.81182097961974,2015-02-05,"{""type"":""MultiPoint"",""coordinates"":[]}"
766,86.90221114974493,2015-02-06,"{""type"":""MultiPoint"",""coordinates"":[]}"
767,87.99134735691642,2015-02-07,"{""type"":""MultiPoint"",""coordinates"":[]}"
768,93.27629568975972,2015-02-08,"{""type"":""MultiPoint"",""coordinates"":[]}"
769,91.62113121151823,2015-02-09,"{""type"":""MultiPoint"",""coordinates"":[]}"
770,91.79458675431836,2015-02-10,"{""type"":""MultiPoint"",""coordinates"":[]}"
771,89.1282013406535,2015-02-11,"{""type"":""MultiPoint"",""coordinates"":[]}"
772,88.94727307459202,2015-02-12,"{""type"":""MultiPoint"",""coordinates"":[]}"
773,86.67519981440154,2015-02-13,"{""type"":""MultiPoint"",""coordinates"":[]}"
774,86.90814407302913,2015-02-14,"{""type"":""MultiPoint"",""coordinates"":[]}"
775,85.17118631854875,2015-02-15,"{""type"":""MultiPoint"",""coordinates"":[]}"
776,82.51480743409293,2015-02-16,"{""type"":""MultiPoint"",""coordinates"":[]}"
777,76.75322477760781,2015-02-17,"{""type"":""MultiPoint"",""coordinates"":[]}"
778,80.64078505490438,2015-02-18,"{""type"":""MultiPoint"",""coordinates"":[]}"
779,86.13188653121624,2015-02-19,"{""type"":""MultiPoint"",""coordinates"":[]}"
780,85.57944313253894,2015-02-20,"{""type"":""MultiPoint"",""coordinates"":[]}"
781,81.74933906523744,2015-02-21,"{""type"":""MultiPoint"",""coordinates"":[]}"
782,82.05890977743051,2015-02-22,"{""type"":""MultiPoint"",""coordinates"":[]}"
783,75.89312733398545,2015-02-23,"{""type"":""MultiPoint"",""coordinates"":[]}"
784,79.10224588054233,2015-02-24,"{""type"":""MultiPoint"",""coordinates"":[]}"
785,76.98168997441127,2015-02-25,"{""type"":""MultiPoint"",""coordinates"":[]}"
786,80.14310015064228,2015-02-26,"{""type"":""MultiPoint"",""coordinates"":[]}"
787,77.85735945977164,2015-02-27,"{""type"":""MultiPoint"",""coordinates"":[]}"
788,82.12680596504904,2015-02-28,"{""type"":""MultiPoint"",""coordinates"":[]}"
789,82.80609410915032,2015-03-01,"{""type"":""MultiPoint"",""coordinates"":[]}"
790,80.42770243544965,2015-03-02,"{""type"":""MultiPoint"",""coordinates"":[]}"
791,82.73023496001143,2015-03-03,"{""type"":""MultiPoint"",""coordinates"":[]}"
792,75.64842216865274,2015-03-04,"{""type"":""MultiPoint"",""coordinates"":[]}"
793,79.83950641309069,2015-03-05,"{""type"":""MultiPoint"",""coordinates"":[]}"
794,84.00214125954928,2015-03-06,"{""type"":""MultiPoint"",""coordinates"":[]}"
795,88.51808370815657,2015-03-07,"{""type"":""MultiPoint"",""coordinates"":[]}"
796,84.91814648567984,2015-03-08,"{""type"":""MultiPoint"",""coordinates"":[]}"
797,78.93294107923434,2015-03-09,"{""type"":""MultiPoint"",""coordinates"":[]}"
798,81.49660209925744,2015-03-10,"{""type"":""MultiPoint"",""coordinates"":[]}"
799,84.48256491714068,2015-03-11,"{""type"":""MultiPoint"",""coordinates"":[]}"
800,85.8204882945276,2015-03-12,"{""type"":""MultiPoint"",""coordinates"":[]}"
801,85.96940292895606,2015-03-13,"{""type"":""MultiPoint"",""coordinates"":[]}"
802,80.65604816163443,2015-03-14,"{""type"":""MultiPoint"",""coordinates"":[]}"
803,82.8349867267551,2015-03-15,"{""type"":""MultiPoint"",""coordinates"":[]}"
804,81.86718779238926,2015-03-16,"{""type"":""MultiPoint"",""coordinates"":[]}"
805,79.84948539288528,2015-03-17,"{""type"":""MultiPoint"",""coordinates"":[]}"
806,90.955797506152,2015-03-18,"{""type"":""MultiPoint"",""coordinates"":[]}"
807,93.1759713837771,2015-03-19,"{""type"":""MultiPoint"",""coordinates"":[]}"
808,92.54992467746446,2015-03-20,"{""type"":""MultiPoint"",""coordinates"":[]}"
809,90.92157387082678,2015-03-21,"{""type"":""MultiPoint"",""coordinates"":[]}"
810,89.40275769913102,2015-03-22,"{""type"":""MultiPoint"",""coordinates"":[]}"
811,90.2797890106878,2015-03-23,"{""type"":""MultiPoint"",""coordinates"":[]}"
812,85.70479497997172,2015-03-24,"{""type"":""MultiPoint"",""coordinates"":[]}"
813,86.05755475615179,2015-03-25,"{""type"":""MultiPoint"",""coordinates"":[]}"
814,87.94193835686796,2015-03-26,"{""type"":""MultiPoint"",""coordinates"":[]}"
815,80.73467816641812,2015-03-27,"{""type"":""MultiPoint"",""coordinates"":[]}"
816,80.65440728979694,2015-03-28,"{""type"":""MultiPoint"",""coordinates"":[]}"
817,93.04183048307222,2015-03-29,"{""type"":""MultiPoint"",""coordinates"":[]}"
818,85.2495908332781,2015-03-30,"{""type"":""MultiPoint"",""coordinates"":[]}"
819,86.29265592382814,2015-03-31,"{""type"":""MultiPoint"",""coordinates"":[]}"
820,82.63402293731525,2015-04-01,"{""type"":""MultiPoint"",""coordinates"":[]}"
821,82.77002446901525,2015-04-02,"{""type"":""MultiPoint"",""coordinates"":[]}"
822,91.28416399041659,2015-04-03,"{""type"":""MultiPoint"",""coordinates"":[]}"
823,89.82490338000872,2015-04-04,"{""type"":""MultiPoint"",""coordinates"":[]}"
824,89.03050056510652,2015-04-05,"{""type"":""MultiPoint"",""coordinates"":[]}"
825,87.24419942786504,2015-04-06,"{""type"":""MultiPoint"",""coordinates"":[]}"
826,88.23504768092097,2015-04-07,"{""type"":""MultiPoint"",""coordinates"":[]}"
827,92.52953089400232,2015-04-08,"{""type"":""MultiPoint"",""coordinates"":[]}"
828,87.7195743295339,2015-04-09,"{""type"":""MultiPoint"",""coordinates"":[]}"
829,84.83040867646527,2015-04-10,"{""type"":""MultiPoint"",""coordinates"":[]}"
830,87.22652718599092,2015-04-11,"{""type"":""MultiPoint"",""coordinates"":[]}"
831,85.05233944772675,2015-04-12,"{""type"":""MultiPoint"",""coordinates"":[]}"
832,85.0858194927339,2015-04-13,"{""type"":""MultiPoint"",""coordinates"":[]}"
833,90.7292880855537,2015-04-14,"{""type"":""MultiPoint"",""coordinates"":[]}"
834,91.55725742621445,2015-04-15,"{""type"":""MultiPoint"",""coordinates"":[]}"
835,88.58712502252304,2015-04-16,"{""type"":""MultiPoint"",""coordinates"":[]}"
836,91.846309593831,2015-04-17,"{""type"":""MultiPoint"",""coordinates"":[]}"
837,88.50184666287468,2015-04-18,"{""type"":""MultiPoint"",""coordinates"":[]}"
838,91.5644562981603,2015-04-19,"{""type"":""MultiPoint"",""coordinates"":[]}"
839,89.44228369187208,2015-04-20,"{""type"":""MultiPoint"",""coordinates"":[]}"
840,92.74735154764721,2015-04-21,"{""type"":""MultiPoint"",""coordinates"":[]}"
841,86.76207832165682,2015-04-22,"{""type"":""MultiPoint"",""coordinates"":[]}"
842,85.98965704380805,2015-04-23,"{""type"":""MultiPoint"",""coordinates"":[]}"
843,85.00155329519889,2015-04-24,"{""type"":""MultiPoint"",""coordinates"":[]}"
844,85.93117096675722,2015-04-25,"{""type"":""MultiPoint"",""coordinates"":[]}"
845,83.12275628147951,2015-04-26,"{""type"":""MultiPoint"",""coordinates"":[]}"
846,80.62879375423547,2015-04-27,"{""type"":""MultiPoint"",""coordinates"":[]}"
847,86.00164149677096,2015-04-28,"{""type"":""MultiPoint"",""coordinates"":[]}"
848,80.01493159394275,2015-04-29,"{""type"":""MultiPoint"",""coordinates"":[]}"
849,80.55676185947148,2015-04-30,"{""type"":""MultiPoint"",""coordinates"":[]}"
850,85.52034567128187,2015-05-01,"{""type"":""MultiPoint"",""coordinates"":[]}"
851,80.17160723246984,2015-05-02,"{""type"":""MultiPoint"",""coordinates"":[]}"
852,80.67163030673167,2015-05-03,"{""type"":""MultiPoint"",""coordinates"":[]}"
853,83.63829105595772,2015-05-04,"{""type"":""MultiPoint"",""coordinates"":[]}"
854,86.37660663288999,2015-05-05,"{""type"":""MultiPoint"",""coordinates"":[]}"
855,85.5766221785903,2015-05-06,"{""type"":""MultiPoint"",""coordinates"":[]}"
856,81.31876059856579,2015-05-07,"{""type"":""MultiPoint"",""coordinates"":[]}"
857,89.5958755243715,2015-05-08,"{""type"":""MultiPoint"",""coordinates"":[]}"
858,81.61237294423749,2015-05-09,"{""type"":""MultiPoint"",""coordinates"":[]}"
859,82.05990828739273,2015-05-10,"{""type"":""MultiPoint"",""coordinates"":[]}"
860,80.46525548225613,2015-05-11,"{""type"":""MultiPoint"",""coordinates"":[]}"
861,80.12788088681842,2015-05-12,"{""type"":""MultiPoint"",""coordinates"":[]}"
862,82.51702902167852,2015-05-13,"{""type"":""MultiPoint"",""coordinates"":[]}"
863,85.87511704260966,2015-05-14,"{""type"":""MultiPoint"",""coordinates"":[]}"
864,87.02154186410627,2015-05-15,"{""type"":""MultiPoint"",""coordinates"":[]}"
865,86.98343539382923,2015-05-16,"{""type"":""MultiPoint"",""coordinates"":[]}"
866,88.44017125557183,2015-05-17,"{""type"":""MultiPoint"",""coordinates"":[]}"
867,91.70732526422813,2015-05-18,"{""type"":""MultiPoint"",""coordinates"":[]}"
868,87.92547360141295,2015-05-19,"{""type"":""MultiPoint"",""coordinates"":[]}"
869,83.28565156380495,2015-05-20,"{""type"":""MultiPoint"",""coordinates"":[]}"
870,83.95856027293651,2015-05-21,"{""type"":""MultiPoint"",""coordinates"":[]}"
871,87.64047329100502,2015-05-22,"{""type"":""MultiPoint"",""coordinates"":[]}"
872,85.08873879355978,2015-05-23,"{""type"":""MultiPoint"",""coordinates"":[]}"
873,82.99347484875284,2015-05-24,"{""type"":""MultiPoint"",""coordinates"":[]}"
874,87.89749275597522,2015-05-25,"{""type"":""MultiPoint"",""coordinates"":[]}"
875,86.67887792712905,2015-05-26,"{""type"":""MultiPoint"",""coordinates"":[]}"
876,88.22484725066828,2015-05-27,"{""type"":""MultiPoint"",""coordinates"":[]}"
877,91.21802750974611,2015-05-28,"{""type"":""MultiPoint"",""coordinates"":[]}"
878,94.29621474482163,2015-05-29,"{""type"":""MultiPoint"",""coordinates"":[]}"
879,87.88780548185916,2015-05-30,"{""type"":""MultiPoint"",""coordinates"":[]}"
880,86.63308896617052,2015-05-31,"{""type"":""MultiPoint"",""coordinates"":[]}"
881,86.51047847447622,2015-06-01,"{""type"":""MultiPoint"",""coordinates"":[]}"
882,80.44434660733826,2015-06-02,"{""type"":""MultiPoint"",""coordinates"":[]}"
883,81.53172470834703,2015-06-03,"{""type"":""MultiPoint"",""coordinates"":[]}"
884,79.487689524218,2015-06-04,"{""type"":""MultiPoint"",""coordinates"":[]}"
885,80.84171749636681,2015-06-05,"{""type"":""MultiPoint"",""coordinates"":[]}"
886,81.58145098750562,2015-06-06,"{""type"":""MultiPoint"",""coordinates"":[]}"
887,82.50059135929067,2015-06-07,"{""type"":""MultiPoint"",""coordinates"":[]}"
888,93.1136737949596,2015-06-08,"{""type"":""MultiPoint"",""coordinates"":[]}"
889,86.36800223704101,2015-06-09,"{""type"":""MultiPoint"",""coordinates"":[]}"
890,86.33411953575747,2015-06-10,"{""type"":""MultiPoint"",""coordinates"":[]}"
891,87.66905034142196,2015-06-11,"{""type"":""MultiPoint"",""coordinates"":[]}"
892,81.71709867868559,2015-06-12,"{""type"":""MultiPoint"",""coordinates"":[]}"
893,87.21148189724983,2015-06-13,"{""type"":""MultiPoint"",""coordinates"":[]}"
894,85.0747422304528,2015-06-14,"{""type"":""MultiPoint"",""coordinates"":[]}"
895,87.4143472278969,2015-06-15,"{""type"":""MultiPoint"",""coordinates"":[]}"
896,86.17095783581662,2015-06-16,"{""type"":""MultiPoint"",""coordinates"":[]}"
897,77.8507054415894,2015-06-17,"{""type"":""MultiPoint"",""coordinates"":[]}"
898,81.4322001752711,2015-06-18,"{""type"":""MultiPoint"",""coordinates"":[]}"
899,79.98545837479642,2015-06-19,"{""type"":""MultiPoint"",""coordinates"":[]}"
900,80.83818617404566,2015-06-20,"{""type"":""MultiPoint"",""coordinates"":[]}"
901,80.12604009985182,2015-06-21,"{""type"":""MultiPoint"",""coordinates"":[]}"
902,86.74745690297924,2015-06-22,"{""type"":""MultiPoint"",""coordinates"":[]}"
903,83.15323899026315,2015-06-23,"{""type"":""MultiPoint"",""coordinates"":[]}"
904,80.71641225428192,2015-06-24,"{""type"":""MultiPoint"",""coordinates"":[]}"
905,78.40217710633995,2015-06-25,"{""type"":""MultiPoint"",""coordinates"":[]}"
906,79.62897382156301,2015-06-26,"{""type"":""MultiPoint"",""coordinates"":[]}"
907,79.41259712745034,2015-06-27,"{""type"":""MultiPoint"",""coordinates"":[]}"
908,77.10724505795427,2015-06-28,"{""type"":""MultiPoint"",""coordinates"":[]}"
909,80.00673119414795,2015-06-29,"{""type"":""MultiPoint"",""coordinates"":[]}"
910,82.3858073816548,2015-06-30,"{""type"":""MultiPoint"",""coordinates"":[]}"
911,78.26008348961889,2015-07-01,"{""type"":""MultiPoint"",""coordinates"":[]}"
912,77.15834528780489,2015-07-02,"{""type"":""MultiPoint"",""coordinates"":[]}"
913,73.33444159209576,2015-07-03,"{""type"":""MultiPoint"",""coordinates"":[]}"
914,75.60900064281564,2015-07-04,"{""type"":""MultiPoint"",""coordinates"":[]}"
915,79.80914633591024,2015-07-05,"{""type"":""MultiPoint"",""coordinates"":[]}"
916,82.10118526406772,2015-07-06,"{""type"":""MultiPoint"",""coordinates"":[]}"
917,89.10534043861979,2015-07-07,"{""type"":""MultiPoint"",""coordinates"":[]}"
918,88.65790173118738,2015-07-08,"{""type"":""MultiPoint"",""coordinates"":[]}"
919,82.34013363925204,2015-07-09,"{""type"":""MultiPoint"",""coordinates"":[]}"
920,82.2374560298831,2015-07-10,"{""type"":""MultiPoint"",""coordinates"":[]}"
921,80.03721380935737,2015-07-11,"{""type"":""MultiPoint"",""coordinates"":[]}"
922,80.31488257537069,2015-07-12,"{""type"":""MultiPoint"",""coordinates"":[]}"
923,81.39250307623486,2015-07-13,"{""type"":""MultiPoint"",""coordinates"":[]}"
924,85.2820830635848,2015-07-14,"{""type"":""MultiPoint"",""coordinates"":[]}"
925,87.79956204216278,2015-07-15,"{""type"":""MultiPoint"",""coordinates"":[]}"
926,84.68807426510477,2015-07-16,"{""type"":""MultiPoint"",""coordinates"":[]}"
927,77.25814451544805,2015-07-17,"{""type"":""MultiPoint"",""coordinates"":[]}"
928,75.58246348247619,2015-07-18,"{""type"":""MultiPoint"",""coordinates"":[]}"
929,80.76188502176444,2015-07-19,"{""type"":""MultiPoint"",""coordinates"":[]}"
930,91.01931339573242,2015-07-20,"{""type"":""MultiPoint"",""coordinates"":[]}"
931,90.1885907020614,2015-07-21,"{""type"":""MultiPoint"",""coordinates"":[]}"
932,88.31219588579937,2015-07-22,"{""type"":""MultiPoint"",""coordinates"":[]}"
933,82.66256413929418,2015-07-23,"{""type"":""MultiPoint"",""coordinates"":[]}"
934,84.03789770190349,2015-07-24,"{""type"":""MultiPoint"",""coordinates"":[]}"
935,77.5812468642285,2015-07-25,"{""type"":""MultiPoint"",""coordinates"":[]}"
936,78.95886965645967,2015-07-26,"{""type"":""MultiPoint"",""coordinates"":[]}"
937,81.02137217499099,2015-07-27,"{""type"":""MultiPoint"",""coordinates"":[]}"
938,79.62626526549046,2015-07-28,"{""type"":""MultiPoint"",""coordinates"":[]}"
939,80.99743101955734,2015-07-29,"{""type"":""MultiPoint"",""coordinates"":[]}"
940,87.3728377684215,2015-07-30,"{""type"":""MultiPoint"",""coordinates"":[]}"
941,83.9510696515096,2015-07-31,"{""type"":""MultiPoint"",""coordinates"":[]}"
942,76.77536952285284,2015-08-01,"{""type"":""MultiPoint"",""coordinates"":[]}"
943,76.11237047626814,2015-08-02,"{""type"":""MultiPoint"",""coordinates"":[]}"
944,76.4039468089064,2015-08-03,"{""type"":""MultiPoint"",""coordinates"":[]}"
945,73.37587468780832,2015-08-04,"{""type"":""MultiPoint"",""coordinates"":[]}"
946,73.75165732976119,2015-08-05,"{""type"":""MultiPoint"",""coordinates"":[]}"
947,72.7042801496793,2015-08-06,"{""type"":""MultiPoint"",""coordinates"":[]}"
948,75.0804153323355,2015-08-07,"{""type"":""MultiPoint"",""coordinates"":[]}"
949,79.24887050973723,2015-08-08,"{""type"":""MultiPoint"",""coordinates"":[]}"
950,89.70086236965064,2015-08-09,"{""type"":""MultiPoint"",""coordinates"":[]}"
951,81.4520890427216,2015-08-10,"{""type"":""MultiPoint"",""coordinates"":[]}"
952,76.58171411040134,2015-08-11,"{""type"":""MultiPoint"",""coordinates"":[]}"
953,77.44389018305415,2015-08-12,"{""type"":""MultiPoint"",""coordinates"":[]}"
954,74.32950038153449,2015-08-13,"{""type"":""MultiPoint"",""coordinates"":[]}"
955,76.90621143978626,2015-08-14,"{""type"":""MultiPoint"",""coordinates"":[]}"
956,80.6969563108956,2015-08-15,"{""type"":""MultiPoint"",""coordinates"":[]}"
957,80.84319872124709,2015-08-16,"{""type"":""MultiPoint"",""coordinates"":[]}"
958,77.62949542549991,2015-08-17,"{""type"":""MultiPoint"",""coordinates"":[]}"
959,75.89213370938494,2015-08-18,"{""type"":""MultiPoint"",""coordinates"":[]}"
960,77.953048278559,2015-08-19,"{""type"":""MultiPoint"",""coordinates"":[]}"
961,76.29887819612638,2015-08-20,"{""type"":""MultiPoint"",""coordinates"":[]}"
962,75.76282250651724,2015-08-21,"{""type"":""MultiPoint"",""coordinates"":[]}"
963,68.89799453144194,2015-08-22,"{""type"":""MultiPoint"",""coordinates"":[]}"
964,76.54014829806371,2015-08-23,"{""type"":""MultiPoint"",""coordinates"":[]}"
965,80.54247262956567,2015-08-24,"{""type"":""MultiPoint"",""coordinates"":[]}"
966,79.09910748522319,2015-08-25,"{""type"":""MultiPoint"",""coordinates"":[]}"
967,79.65105281140644,2015-08-26,"{""type"":""MultiPoint"",""coordinates"":[]}"
968,84.0782009011116,2015-08-27,"{""type"":""MultiPoint"",""coordinates"":[]}"
969,82.31392274776839,2015-08-28,"{""type"":""MultiPoint"",""coordinates"":[]}"
970,72.44335666382268,2015-08-29,"{""type"":""MultiPoint"",""coordinates"":[]}"
971,69.13145794176656,2015-08-30,"{""type"":""MultiPoint"",""coordinates"":[]}"
972,71.93987244072757,2015-08-31,"{""type"":""MultiPoint"",""coordinates"":[]}"
973,75.5964413645311,2015-09-01,"{""type"":""MultiPoint"",""coordinates"":[]}"
974,71.9730774299158,2015-09-02,"{""type"":""MultiPoint"",""coordinates"":[]}"
975,74.31730166322338,2015-09-03,"{""type"":""MultiPoint"",""coordinates"":[]}"
976,76.43139431818939,2015-09-04,"{""type"":""MultiPoint"",""coordinates"":[]}"
977,71.92559076714,2015-09-05,"{""type"":""MultiPoint"",""coordinates"":[]}"
978,84.40208768057416,2015-09-06,"{""type"":""MultiPoint"",""coordinates"":[]}"
979,84.80881184996686,2015-09-07,"{""type"":""MultiPoint"",""coordinates"":[]}"
980,77.2176526191861,2015-09-08,"{""type"":""MultiPoint"",""coordinates"":[]}"
981,76.45267167329601,2015-09-09,"{""type"":""MultiPoint"",""coordinates"":[]}"
982,83.46626885731116,2015-09-10,"{""type"":""MultiPoint"",""coordinates"":[]}"
983,89.98767877136252,2015-09-11,"{""type"":""MultiPoint"",""coordinates"":[]}"
984,78.67780037269328,2015-09-12,"{""type"":""MultiPoint"",""coordinates"":[]}"
985,68.16070197775841,2015-09-13,"{""type"":""MultiPoint"",""coordinates"":[]}"
986,63.30022504965575,2015-09-14,"{""type"":""MultiPoint"",""coordinates"":[]}"
987,66.35176136139656,2015-09-15,"{""type"":""MultiPoint"",""coordinates"":[]}"
988,72.36731138691842,2015-09-16,"{""type"":""MultiPoint"",""coordinates"":[]}"
989,84.00433892285837,2015-09-17,"{""type"":""MultiPoint"",""coordinates"":[]}"
990,86.34115794286863,2015-09-18,"{""type"":""MultiPoint"",""coordinates"":[]}"
991,88.02489695505078,2015-09-19,"{""type"":""MultiPoint"",""coordinates"":[]}"
992,90.33713902015135,2015-09-20,"{""type"":""MultiPoint"",""coordinates"":[]}"
993,82.77245818546824,2015-09-21,"{""type"":""MultiPoint"",""coordinates"":[]}"
994,80.68935371642122,2015-09-22,"{""type"":""MultiPoint"",""coordinates"":[]}"
995,79.20606927201909,2015-09-23,"{""type"":""MultiPoint"",""coordinates"":[]}"
996,84.45278354247596,2015-09-24,"{""type"":""MultiPoint"",""coordinates"":[]}"
997,82.83441146273229,2015-09-25,"{""type"":""MultiPoint"",""coordinates"":[]}"
998,74.82353125411872,2015-09-26,"{""type"":""MultiPoint"",""coordinates"":[]}"
999,69.5435593191326,2015-09-27,"{""type"":""MultiPoint"",""coordinates"":[]}"
1000,69.35740249511996,2015-09-28,"{""type"":""MultiPoint"",""coordinates"":[]}"
1001,68.57674995335289,2015-09-29,"{""type"":""MultiPoint"",""coordinates"":[]}"
1002,85.6810268511541,2015-09-30,"{""type"":""MultiPoint"",""coordinates"":[]}"
1003,86.86579794005316,2015-10-01,"{""type"":""MultiPoint"",""coordinates"":[]}"
1004,86.20657110668942,2015-10-02,"{""type"":""MultiPoint"",""coordinates"":[]}"
1005,89.35312785088469,2015-10-03,"{""type"":""MultiPoint"",""coordinates"":[]}"
1006,83.60518480397054,2015-10-04,"{""type"":""MultiPoint"",""coordinates"":[]}"
1007,81.31911251619874,2015-10-05,"{""type"":""MultiPoint"",""coordinates"":[]}"
1008,78.37888172747508,2015-10-06,"{""type"":""MultiPoint"",""coordinates"":[]}"
1009,75.91656355980702,2015-10-07,"{""type"":""MultiPoint"",""coordinates"":[]}"
1010,83.61223586436631,2015-10-08,"{""type"":""MultiPoint"",""coordinates"":[]}"
1011,88.46295620966384,2015-10-09,"{""type"":""MultiPoint"",""coordinates"":[]}"
1012,85.76311067552768,2015-10-10,"{""type"":""MultiPoint"",""coordinates"":[]}"
1013,87.5380261436113,2015-10-11,"{""type"":""MultiPoint"",""coordinates"":[]}"
1014,85.31362783683204,2015-10-12,"{""type"":""MultiPoint"",""coordinates"":[]}"
1015,87.07881404172083,2015-10-13,"{""type"":""MultiPoint"",""coordinates"":[]}"
1016,91.15727351365058,2015-10-14,"{""type"":""MultiPoint"",""coordinates"":[]}"
1017,93.02642647427456,2015-10-15,"{""type"":""MultiPoint"",""coordinates"":[]}"
1018,89.45020965872921,2015-10-16,"{""type"":""MultiPoint"",""coordinates"":[]}"
1019,85.02662141622982,2015-10-17,"{""type"":""MultiPoint"",""coordinates"":[]}"
1020,86.73686650890829,2015-10-18,"{""type"":""MultiPoint"",""coordinates"":[]}"
1021,81.67861741595917,2015-10-19,"{""type"":""MultiPoint"",""coordinates"":[]}"
1022,82.34419964135506,2015-10-20,"{""type"":""MultiPoint"",""coordinates"":[]}"
1023,78.38969113663377,2015-10-21,"{""type"":""MultiPoint"",""coordinates"":[]}"
1024,85.12889043617778,2015-10-22,"{""type"":""MultiPoint"",""coordinates"":[]}"
1025,85.61090327521244,2015-10-23,"{""type"":""MultiPoint"",""coordinates"":[]}"
1026,89.33546150314947,2015-10-24,"{""type"":""MultiPoint"",""coordinates"":[]}"
1027,89.82939840088859,2015-10-25,"{""type"":""MultiPoint"",""coordinates"":[]}"
1028,92.35001517728033,2015-10-26,"{""type"":""MultiPoint"",""coordinates"":[]}"
1029,87.86574206554587,2015-10-27,"{""type"":""MultiPoint"",""coordinates"":[]}"
1030,88.35418438491347,2015-10-28,"{""type"":""MultiPoint"",""coordinates"":[]}"
1031,83.11469281171567,2015-10-29,"{""type"":""MultiPoint"",""coordinates"":[]}"
1032,84.14992796576972,2015-10-30,"{""type"":""MultiPoint"",""coordinates"":[]}"
1033,85.94965509801655,2015-10-31,"{""type"":""MultiPoint"",""coordinates"":[]}"
1034,90.73100586365643,2015-11-01,"{""type"":""MultiPoint"",""coordinates"":[]}"
1035,92.4406588787292,2015-11-02,"{""type"":""MultiPoint"",""coordinates"":[]}"
1036,89.16143429714079,2015-11-03,"{""type"":""MultiPoint"",""coordinates"":[]}"
1037,89.5329076176124,2015-11-04,"{""type"":""MultiPoint"",""coordinates"":[]}"
1038,89.65444463637463,2015-11-05,"{""type"":""MultiPoint"",""coordinates"":[]}"
1039,93.9234572925157,2015-11-06,"{""type"":""MultiPoint"",""coordinates"":[]}"
1040,93.8808698204441,2015-11-07,"{""type"":""MultiPoint"",""coordinates"":[]}"
1041,92.15761939222067,2015-11-08,"{""type"":""MultiPoint"",""coordinates"":[]}"
1042,91.06465658521596,2015-11-09,"{""type"":""MultiPoint"",""coordinates"":[]}"
1043,88.1789229322073,2015-11-10,"{""type"":""MultiPoint"",""coordinates"":[]}"
1044,84.53986055531762,2015-11-11,"{""type"":""MultiPoint"",""coordinates"":[]}"
1045,82.13619681900808,2015-11-12,"{""type"":""MultiPoint"",""coordinates"":[]}"
1046,87.13224942034378,2015-11-13,"{""type"":""MultiPoint"",""coordinates"":[]}"
1047,83.02070050614564,2015-11-14,"{""type"":""MultiPoint"",""coordinates"":[]}"
1048,85.66887362267003,2015-11-15,"{""type"":""MultiPoint"",""coordinates"":[]}"
1049,85.17233751737308,2015-11-16,"{""type"":""MultiPoint"",""coordinates"":[]}"
1050,95.9285836286842,2015-11-17,"{""type"":""MultiPoint"",""coordinates"":[]}"
1051,93.2761083897973,2015-11-18,"{""type"":""MultiPoint"",""coordinates"":[]}"
1052,92.3744883769351,2015-11-19,"{""type"":""MultiPoint"",""coordinates"":[]}"
1053,89.61968800070775,2015-11-20,"{""type"":""MultiPoint"",""coordinates"":[]}"
1054,90.77287167542784,2015-11-21,"{""type"":""MultiPoint"",""coordinates"":[]}"
1055,88.7341628646148,2015-11-22,"{""type"":""MultiPoint"",""coordinates"":[]}"
1056,86.79199675825441,2015-11-23,"{""type"":""MultiPoint"",""coordinates"":[]}"
1057,78.87888968973078,2015-11-24,"{""type"":""MultiPoint"",""coordinates"":[]}"
1058,77.43256535244625,2015-11-25,"{""type"":""MultiPoint"",""coordinates"":[]}"
1059,79.89097198677585,2015-11-26,"{""type"":""MultiPoint"",""coordinates"":[]}"
1060,85.16212577797519,2015-11-27,"{""type"":""MultiPoint"",""coordinates"":[]}"
1061,86.651948075112,2015-11-28,"{""type"":""MultiPoint"",""coordinates"":[]}"
1062,86.85456275626517,2015-11-29,"{""type"":""MultiPoint"",""coordinates"":[]}"
1063,87.33744348266197,2015-11-30,"{""type"":""MultiPoint"",""coordinates"":[]}"
1064,85.84396642556881,2015-12-01,"{""type"":""MultiPoint"",""coordinates"":[]}"
1065,80.59124779827467,2015-12-02,"{""type"":""MultiPoint"",""coordinates"":[]}"
1066,76.47471188592554,2015-12-03,"{""type"":""MultiPoint"",""coordinates"":[]}"
1067,84.0759156310777,2015-12-04,"{""type"":""MultiPoint"",""coordinates"":[]}"
1068,82.17457388034286,2015-12-05,"{""type"":""MultiPoint"",""coordinates"":[]}"
1069,79.67179108564793,2015-12-06,"{""type"":""MultiPoint"",""coordinates"":[]}"
1070,84.35661662077463,2015-12-07,"{""type"":""MultiPoint"",""coordinates"":[]}"
1071,84.21736142982311,2015-12-08,"{""type"":""MultiPoint"",""coordinates"":[]}"
1072,81.1815565819214,2015-12-09,"{""type"":""MultiPoint"",""coordinates"":[]}"
1073,85.16032864747528,2015-12-10,"{""type"":""MultiPoint"",""coordinates"":[]}"
1074,80.840821908122,2015-12-11,"{""type"":""MultiPoint"",""coordinates"":[]}"
1075,76.61477686742067,2015-12-12,"{""type"":""MultiPoint"",""coordinates"":[]}"
1076,77.50847664919188,2015-12-13,"{""type"":""MultiPoint"",""coordinates"":[]}"
1077,87.04821346137793,2015-12-14,"{""type"":""MultiPoint"",""coordinates"":[]}"
1078,90.19806976079002,2015-12-15,"{""type"":""MultiPoint"",""coordinates"":[]}"
1079,87.49418123121335,2015-12-16,"{""type"":""MultiPoint"",""coordinates"":[]}"
1080,87.68385686336204,2015-12-17,"{""type"":""MultiPoint"",""coordinates"":[]}"
1081,83.52741573924946,2015-12-18,"{""type"":""MultiPoint"",""coordinates"":[]}"
1082,91.66811209969386,2015-12-19,"{""type"":""MultiPoint"",""coordinates"":[]}"
1083,81.84336990429084,2015-12-20,"{""type"":""MultiPoint"",""coordinates"":[]}"
1084,78.30360492155076,2015-12-21,"{""type"":""MultiPoint"",""coordinates"":[]}"
1085,75.77084468051616,2015-12-22,"{""type"":""MultiPoint"",""coordinates"":[]}"
1086,75.09198854554434,2015-12-23,"{""type"":""MultiPoint"",""coordinates"":[]}"
1087,75.71611554323697,2015-12-24,"{""type"":""MultiPoint"",""coordinates"":[]}"
1088,76.69822219426969,2015-12-25,"{""type"":""MultiPoint"",""coordinates"":[]}"
1089,76.03158180033084,2015-12-26,"{""type"":""MultiPoint"",""coordinates"":[]}"
1090,74.25271175415747,2015-12-27,"{""type"":""MultiPoint"",""coordinates"":[]}"
1091,73.99577782151268,2015-12-28,"{""type"":""MultiPoint"",""coordinates"":[]}"
1092,75.95009297151314,2015-12-29,"{""type"":""MultiPoint"",""coordinates"":[]}"
1093,78.04448611956347,2015-12-30,"{""type"":""MultiPoint"",""coordinates"":[]}"
1094,75.68105070519987,2015-12-31,"{""type"":""MultiPoint"",""coordinates"":[]}"
1095,75.71309998780643,2016-01-01,"{""type"":""MultiPoint"",""coordinates"":[]}"
1096,79.80389381727936,2016-01-02,"{""type"":""MultiPoint"",""coordinates"":[]}"
1097,77.76899611629084,2016-01-03,"{""type"":""MultiPoint"",""coordinates"":[]}"
1098,85.72750966288176,2016-01-04,"{""type"":""MultiPoint"",""coordinates"":[]}"
1099,84.39973883479263,2016-01-05,"{""type"":""MultiPoint"",""coordinates"":[]}"
1100,85.70041842282855,2016-01-06,"{""type"":""MultiPoint"",""coordinates"":[]}"
1101,81.34044565317345,2016-01-07,"{""type"":""MultiPoint"",""coordinates"":[]}"
1102,89.39616738273226,2016-01-08,"{""type"":""MultiPoint"",""coordinates"":[]}"
1103,85.92580780947382,2016-01-09,"{""type"":""MultiPoint"",""coordinates"":[]}"
1104,84.6142944377784,2016-01-10,"{""type"":""MultiPoint"",""coordinates"":[]}"
1105,85.83481939414905,2016-01-11,"{""type"":""MultiPoint"",""coordinates"":[]}"
1106,77.7151908968648,2016-01-12,"{""type"":""MultiPoint"",""coordinates"":[]}"
1107,80.77595671156996,2016-01-13,"{""type"":""MultiPoint"",""coordinates"":[]}"
1108,78.70374671184831,2016-01-14,"{""type"":""MultiPoint"",""coordinates"":[]}"
1109,79.05342663608583,2016-01-15,"{""type"":""MultiPoint"",""coordinates"":[]}"
1110,73.23270415906423,2016-01-16,"{""type"":""MultiPoint"",""coordinates"":[]}"
1111,74.52176937453109,2016-01-17,"{""type"":""MultiPoint"",""coordinates"":[]}"
1112,76.44651459374923,2016-01-18,"{""type"":""MultiPoint"",""coordinates"":[]}"
1113,74.95126880136549,2016-01-19,"{""type"":""MultiPoint"",""coordinates"":[]}"
1114,75.09789649529701,2016-01-20,"{""type"":""MultiPoint"",""coordinates"":[]}"
1115,76.75451500249187,2016-01-21,"{""type"":""MultiPoint"",""coordinates"":[]}"
1116,78.33972187482405,2016-01-22,"{""type"":""MultiPoint"",""coordinates"":[]}"
1117,75.75450788713034,2016-01-23,"{""type"":""MultiPoint"",""coordinates"":[]}"
1118,80.13537702822734,2016-01-24,"{""type"":""MultiPoint"",""coordinates"":[]}"
1119,86.14644766514061,2016-01-25,"{""type"":""MultiPoint"",""coordinates"":[]}"
1120,73.82638714447656,2016-01-26,"{""type"":""MultiPoint"",""coordinates"":[]}"
1121,71.82056747025668,2016-01-27,"{""type"":""MultiPoint"",""coordinates"":[]}"
1122,62.84670581583293,2016-01-28,"{""type"":""MultiPoint"",""coordinates"":[]}"
1123,75.25283341311118,2016-01-29,"{""type"":""MultiPoint"",""coordinates"":[]}"
1124,80.85537743295309,2016-01-30,"{""type"":""MultiPoint"",""coordinates"":[]}"
1125,74.16289196028188,2016-01-31,"{""type"":""MultiPoint"",""coordinates"":[]}"
1126,68.7702665060575,2016-02-01,"{""type"":""MultiPoint"",""coordinates"":[]}"
1127,69.02343410425965,2016-02-02,"{""type"":""MultiPoint"",""coordinates"":[]}"
1128,72.16207551992774,2016-02-03,"{""type"":""MultiPoint"",""coordinates"":[]}"
1129,76.85126192687876,2016-02-04,"{""type"":""MultiPoint"",""coordinates"":[]}"
1130,86.64619640017962,2016-02-05,"{""type"":""MultiPoint"",""coordinates"":[]}"
1131,83.10573184235822,2016-02-06,"{""type"":""MultiPoint"",""coordinates"":[]}"
1132,76.91088263540716,2016-02-07,"{""type"":""MultiPoint"",""coordinates"":[]}"
1133,86.89163049096165,2016-02-08,"{""type"":""MultiPoint"",""coordinates"":[]}"
1134,85.68992020741207,2016-02-09,"{""type"":""MultiPoint"",""coordinates"":[]}"
1135,83.63472443100487,2016-02-10,"{""type"":""MultiPoint"",""coordinates"":[]}"
1136,83.5482886465307,2016-02-11,"{""type"":""MultiPoint"",""coordinates"":[]}"
1137,83.62028562466656,2016-02-12,"{""type"":""MultiPoint"",""coordinates"":[]}"
1138,81.96627325389129,2016-02-13,"{""type"":""MultiPoint"",""coordinates"":[]}"
1139,86.47103485747179,2016-02-14,"{""type"":""MultiPoint"",""coordinates"":[]}"
1140,82.05002238852508,2016-02-15,"{""type"":""MultiPoint"",""coordinates"":[]}"
1141,78.26076938220912,2016-02-16,"{""type"":""MultiPoint"",""coordinates"":[]}"
1142,84.35026601831576,2016-02-17,"{""type"":""MultiPoint"",""coordinates"":[]}"
1143,77.31878582472264,2016-02-18,"{""type"":""MultiPoint"",""coordinates"":[]}"
1144,78.64274628700254,2016-02-19,"{""type"":""MultiPoint"",""coordinates"":[]}"
1145,82.41106448817266,2016-02-20,"{""type"":""MultiPoint"",""coordinates"":[]}"
1146,90.96824120509017,2016-02-21,"{""type"":""MultiPoint"",""coordinates"":[]}"
1147,84.16084046633453,2016-02-22,"{""type"":""MultiPoint"",""coordinates"":[]}"
1148,82.90763450431182,2016-02-23,"{""type"":""MultiPoint"",""coordinates"":[]}"
1149,86.21480556621093,2016-02-24,"{""type"":""MultiPoint"",""coordinates"":[]}"
1150,90.43195767582056,2016-02-25,"{""type"":""MultiPoint"",""coordinates"":[]}"
1151,90.41200513810168,2016-02-26,"{""type"":""MultiPoint"",""coordinates"":[]}"
1152,87.16094982289724,2016-02-27,"{""type"":""MultiPoint"",""coordinates"":[]}"
1153,83.75733195037584,2016-02-28,"{""type"":""MultiPoint"",""coordinates"":[]}"
1154,80.93093030070644,2016-02-29,"{""type"":""MultiPoint"",""coordinates"":[]}"
1155,83.84221879683778,2016-03-01,"{""type"":""MultiPoint"",""coordinates"":[]}"
1156,83.48794410972845,2016-03-02,"{""type"":""MultiPoint"",""coordinates"":[]}"
1157,81.13164196349918,2016-03-03,"{""type"":""MultiPoint"",""coordinates"":[]}"
1158,76.26309975970683,2016-03-04,"{""type"":""MultiPoint"",""coordinates"":[]}"
1159,82.57700002241214,2016-03-05,"{""type"":""MultiPoint"",""coordinates"":[]}"
1160,92.01875824203192,2016-03-06,"{""type"":""MultiPoint"",""coordinates"":[]}"
1161,89.66983645418411,2016-03-07,"{""type"":""MultiPoint"",""coordinates"":[]}"
1162,87.39611511644716,2016-03-08,"{""type"":""MultiPoint"",""coordinates"":[]}"
1163,83.21360231151927,2016-03-09,"{""type"":""MultiPoint"",""coordinates"":[]}"
1164,82.89847454536594,2016-03-10,"{""type"":""MultiPoint"",""coordinates"":[]}"
1165,85.66224479185303,2016-03-11,"{""type"":""MultiPoint"",""coordinates"":[]}"
1166,76.7121676987119,2016-03-12,"{""type"":""MultiPoint"",""coordinates"":[]}"
1167,79.86450609601803,2016-03-13,"{""type"":""MultiPoint"",""coordinates"":[]}"
1168,79.72748903844759,2016-03-14,"{""type"":""MultiPoint"",""coordinates"":[]}"
1169,74.73731738979272,2016-03-15,"{""type"":""MultiPoint"",""coordinates"":[]}"
1170,84.68694118853661,2016-03-16,"{""type"":""MultiPoint"",""coordinates"":[]}"
1171,89.7400284525793,2016-03-17,"{""type"":""MultiPoint"",""coordinates"":[]}"
1172,89.90449757683949,2016-03-18,"{""type"":""MultiPoint"",""coordinates"":[]}"
1173,85.98611603231764,2016-03-19,"{""type"":""MultiPoint"",""coordinates"":[]}"
1174,85.36545059147142,2016-03-20,"{""type"":""MultiPoint"",""coordinates"":[]}"
1175,86.59743838339598,2016-03-21,"{""type"":""MultiPoint"",""coordinates"":[]}"
1176,83.9309088037605,2016-03-22,"{""type"":""MultiPoint"",""coordinates"":[]}"
1177,80.97574682114625,2016-03-23,"{""type"":""MultiPoint"",""coordinates"":[]}"
1178,79.5406846184941,2016-03-24,"{""type"":""MultiPoint"",""coordinates"":[]}"
1179,77.09561940839028,2016-03-25,"{""type"":""MultiPoint"",""coordinates"":[]}"
1180,75.58557783372288,2016-03-26,"{""type"":""MultiPoint"",""coordinates"":[]}"
1181,79.61073917501271,2016-03-27,"{""type"":""MultiPoint"",""coordinates"":[]}"
1182,84.9452248969564,2016-03-28,"{""type"":""MultiPoint"",""coordinates"":[]}"
1183,81.93587966277434,2016-03-29,"{""type"":""MultiPoint"",""coordinates"":[]}"
1184,83.37496068301066,2016-03-30,"{""type"":""MultiPoint"",""coordinates"":[]}"
1185,88.89556261534402,2016-03-31,"{""type"":""MultiPoint"",""coordinates"":[]}"
1186,84.86737503776735,2016-04-01,"{""type"":""MultiPoint"",""coordinates"":[]}"
1187,87.23159127324311,2016-04-02,"{""type"":""MultiPoint"",""coordinates"":[]}"
1188,89.97206161285418,2016-04-03,"{""type"":""MultiPoint"",""coordinates"":[]}"
1189,89.2043033453373,2016-04-04,"{""type"":""MultiPoint"",""coordinates"":[]}"
1190,86.2566194771943,2016-04-05,"{""type"":""MultiPoint"",""coordinates"":[]}"
1191,83.75640537171931,2016-04-06,"{""type"":""MultiPoint"",""coordinates"":[]}"
1192,87.00321804486703,2016-04-07,"{""type"":""MultiPoint"",""coordinates"":[]}"
1193,86.88938200997664,2016-04-08,"{""type"":""MultiPoint"",""coordinates"":[]}"
1194,89.37164494370275,2016-04-09,"{""type"":""MultiPoint"",""coordinates"":[]}"
1195,89.73700921037575,2016-04-10,"{""type"":""MultiPoint"",""coordinates"":[]}"
1196,82.98496363014088,2016-04-11,"{""type"":""MultiPoint"",""coordinates"":[]}"
1197,93.45907870029339,2016-04-12,"{""type"":""MultiPoint"",""coordinates"":[]}"
1198,92.85389028014022,2016-04-13,"{""type"":""MultiPoint"",""coordinates"":[]}"
1199,85.93543687590513,2016-04-14,"{""type"":""MultiPoint"",""coordinates"":[]}"
1200,86.76557560015591,2016-04-15,"{""type"":""MultiPoint"",""coordinates"":[]}"
1201,88.37234216152486,2016-04-16,"{""type"":""MultiPoint"",""coordinates"":[]}"
1202,92.27142462528046,2016-04-17,"{""type"":""MultiPoint"",""coordinates"":[]}"
1203,88.20475766341536,2016-04-18,"{""type"":""MultiPoint"",""coordinates"":[]}"
1204,88.49727229200435,2016-04-19,"{""type"":""MultiPoint"",""coordinates"":[]}"
1205,86.62276842232797,2016-04-20,"{""type"":""MultiPoint"",""coordinates"":[]}"
1206,85.46613020595511,2016-04-21,"{""type"":""MultiPoint"",""coordinates"":[]}"
1207,85.87673503465142,2016-04-22,"{""type"":""MultiPoint"",""coordinates"":[]}"
1208,84.1316062210529,2016-04-23,"{""type"":""MultiPoint"",""coordinates"":[]}"
1209,88.15226627714338,2016-04-24,"{""type"":""MultiPoint"",""coordinates"":[]}"
1210,87.80326413206404,2016-04-25,"{""type"":""MultiPoint"",""coordinates"":[]}"
1211,86.13438470054962,2016-04-26,"{""type"":""MultiPoint"",""coordinates"":[]}"
1212,88.07958637217371,2016-04-27,"{""type"":""MultiPoint"",""coordinates"":[]}"
1213,85.74582852029806,2016-04-28,"{""type"":""MultiPoint"",""coordinates"":[]}"
1214,90.24401832152279,2016-04-29,"{""type"":""MultiPoint"",""coordinates"":[]}"
1215,88.19084648526382,2016-04-30,"{""type"":""MultiPoint"",""coordinates"":[]}"
1216,94.3920467594641,2016-05-01,"{""type"":""MultiPoint"",""coordinates"":[]}"
1217,89.63999871378142,2016-05-02,"{""type"":""MultiPoint"",""coordinates"":[]}"
1218,90.24648559355892,2016-05-03,"{""type"":""MultiPoint"",""coordinates"":[]}"
1219,95.3534801777255,2016-05-04,"{""type"":""MultiPoint"",""coordinates"":[]}"
1220,85.87134946485587,2016-05-05,"{""type"":""MultiPoint"",""coordinates"":[]}"
1221,89.54557613513022,2016-05-06,"{""type"":""MultiPoint"",""coordinates"":[]}"
1222,90.40859436463275,2016-05-07,"{""type"":""MultiPoint"",""coordinates"":[]}"
1223,91.22722873662106,2016-05-08,"{""type"":""MultiPoint"",""coordinates"":[]}"
1224,92.48763724477965,2016-05-09,"{""type"":""MultiPoint"",""coordinates"":[]}"
1225,94.02386505937856,2016-05-10,"{""type"":""MultiPoint"",""coordinates"":[]}"
1226,89.01275027383963,2016-05-11,"{""type"":""MultiPoint"",""coordinates"":[]}"
1227,90.6193274379555,2016-05-12,"{""type"":""MultiPoint"",""coordinates"":[]}"
1228,84.6486041087101,2016-05-13,"{""type"":""MultiPoint"",""coordinates"":[]}"
1229,83.13179091621534,2016-05-14,"{""type"":""MultiPoint"",""coordinates"":[]}"
1230,80.32444991982315,2016-05-15,"{""type"":""MultiPoint"",""coordinates"":[]}"
1231,83.81015536482776,2016-05-16,"{""type"":""MultiPoint"",""coordinates"":[]}"
1232,83.74902691857682,2016-05-17,"{""type"":""MultiPoint"",""coordinates"":[]}"
1233,84.78834455018702,2016-05-18,"{""type"":""MultiPoint"",""coordinates"":[]}"
1234,88.70530123475856,2016-05-19,"{""type"":""MultiPoint"",""coordinates"":[]}"
1235,82.6831048156625,2016-05-20,"{""type"":""MultiPoint"",""coordinates"":[]}"
1236,81.25407157957108,2016-05-21,"{""type"":""MultiPoint"",""coordinates"":[]}"
1237,82.85414904364627,2016-05-22,"{""type"":""MultiPoint"",""coordinates"":[]}"
1238,81.29351955699924,2016-05-23,"{""type"":""MultiPoint"",""coordinates"":[]}"
1239,85.1120233618297,2016-05-24,"{""type"":""MultiPoint"",""coordinates"":[]}"
1240,84.79751950608929,2016-05-25,"{""type"":""MultiPoint"",""coordinates"":[]}"
1241,92.5272459476646,2016-05-26,"{""type"":""MultiPoint"",""coordinates"":[]}"
1242,85.69681999374546,2016-05-27,"{""type"":""MultiPoint"",""coordinates"":[]}"
1243,90.26386233253554,2016-05-28,"{""type"":""MultiPoint"",""coordinates"":[]}"
1244,92.87071396603245,2016-05-29,"{""type"":""MultiPoint"",""coordinates"":[]}"
1245,89.57371102881184,2016-05-30,"{""type"":""MultiPoint"",""coordinates"":[]}"
1246,90.17513112308052,2016-05-31,"{""type"":""MultiPoint"",""coordinates"":[]}"
1247,90.25471950232385,2016-06-01,"{""type"":""MultiPoint"",""coordinates"":[]}"
1248,87.38901885592485,2016-06-02,"{""type"":""MultiPoint"",""coordinates"":[]}"
1249,86.57763420818596,2016-06-03,"{""type"":""MultiPoint"",""coordinates"":[]}"
1250,85.12621290462603,2016-06-04,"{""type"":""MultiPoint"",""coordinates"":[]}"
1251,83.68748593014101,2016-06-05,"{""type"":""MultiPoint"",""coordinates"":[]}"
1252,85.13539869912687,2016-06-06,"{""type"":""MultiPoint"",""coordinates"":[]}"
1253,89.9931632260391,2016-06-07,"{""type"":""MultiPoint"",""coordinates"":[]}"
1254,87.68924134807021,2016-06-08,"{""type"":""MultiPoint"",""coordinates"":[]}"
1255,86.38438627468503,2016-06-09,"{""type"":""MultiPoint"",""coordinates"":[]}"
1256,87.5555028438111,2016-06-10,"{""type"":""MultiPoint"",""coordinates"":[]}"
1257,84.60081420203744,2016-06-11,"{""type"":""MultiPoint"",""coordinates"":[]}"
1258,83.78937715386566,2016-06-12,"{""type"":""MultiPoint"",""coordinates"":[]}"
1259,81.46410291582991,2016-06-13,"{""type"":""MultiPoint"",""coordinates"":[]}"
1260,85.46590861120553,2016-06-14,"{""type"":""MultiPoint"",""coordinates"":[]}"
1261,86.66877366283767,2016-06-15,"{""type"":""MultiPoint"",""coordinates"":[]}"
1262,84.08292376390472,2016-06-16,"{""type"":""MultiPoint"",""coordinates"":[]}"
1263,78.63960449029338,2016-06-17,"{""type"":""MultiPoint"",""coordinates"":[]}"
1264,81.09058306874032,2016-06-18,"{""type"":""MultiPoint"",""coordinates"":[]}"
1265,83.25731332758598,2016-06-19,"{""type"":""MultiPoint"",""coordinates"":[]}"
1266,85.13969427489553,2016-06-20,"{""type"":""MultiPoint"",""coordinates"":[]}"
1267,86.92870085234767,2016-06-21,"{""type"":""MultiPoint"",""coordinates"":[]}"
1268,83.19671498409872,2016-06-22,"{""type"":""MultiPoint"",""coordinates"":[]}"
1269,85.44069430201567,2016-06-23,"{""type"":""MultiPoint"",""coordinates"":[]}"
1270,89.81883337871392,2016-06-24,"{""type"":""MultiPoint"",""coordinates"":[]}"
1271,89.08078712021789,2016-06-25,"{""type"":""MultiPoint"",""coordinates"":[]}"
1272,88.27616008377534,2016-06-26,"{""type"":""MultiPoint"",""coordinates"":[]}"
1273,80.16003303406747,2016-06-27,"{""type"":""MultiPoint"",""coordinates"":[]}"
1274,76.0195333658903,2016-06-28,"{""type"":""MultiPoint"",""coordinates"":[]}"
1275,79.78432976468652,2016-06-29,"{""type"":""MultiPoint"",""coordinates"":[]}"
1276,81.92196943933862,2016-06-30,"{""type"":""MultiPoint"",""coordinates"":[]}"
1277,86.48179700253871,2016-07-01,"{""type"":""MultiPoint"",""coordinates"":[]}"
1278,84.65293508238317,2016-07-02,"{""type"":""MultiPoint"",""coordinates"":[]}"
1279,88.50793403375302,2016-07-03,"{""type"":""MultiPoint"",""coordinates"":[]}"
1280,87.94850796916133,2016-07-04,"{""type"":""MultiPoint"",""coordinates"":[]}"
1281,86.47967951376398,2016-07-05,"{""type"":""MultiPoint"",""coordinates"":[]}"
1282,89.65684813210902,2016-07-06,"{""type"":""MultiPoint"",""coordinates"":[]}"
1283,82.61490219350131,2016-07-07,"{""type"":""MultiPoint"",""coordinates"":[]}"
1284,76.37993559601132,2016-07-08,"{""type"":""MultiPoint"",""coordinates"":[]}"
1285,74.11274346679778,2016-07-09,"{""type"":""MultiPoint"",""coordinates"":[]}"
1286,75.59535717900908,2016-07-10,"{""type"":""MultiPoint"",""coordinates"":[]}"
1287,80.81204959898851,2016-07-11,"{""type"":""MultiPoint"",""coordinates"":[]}"
1288,87.10980032279917,2016-07-12,"{""type"":""MultiPoint"",""coordinates"":[]}"
1289,86.18116861805123,2016-07-13,"{""type"":""MultiPoint"",""coordinates"":[]}"
1290,86.44060383399669,2016-07-14,"{""type"":""MultiPoint"",""coordinates"":[]}"
1291,87.02730477475211,2016-07-15,"{""type"":""MultiPoint"",""coordinates"":[]}"
1292,88.96389624307052,2016-07-16,"{""type"":""MultiPoint"",""coordinates"":[]}"
1293,84.54452502121684,2016-07-17,"{""type"":""MultiPoint"",""coordinates"":[]}"
1294,85.77526217131106,2016-07-18,"{""type"":""MultiPoint"",""coordinates"":[]}"
1295,83.08624416673226,2016-07-19,"{""type"":""MultiPoint"",""coordinates"":[]}"
1296,85.14128436137305,2016-07-20,"{""type"":""MultiPoint"",""coordinates"":[]}"
1297,85.24525481312476,2016-07-21,"{""type"":""MultiPoint"",""coordinates"":[]}"
1298,83.01086359578278,2016-07-22,"{""type"":""MultiPoint"",""coordinates"":[]}"
1299,82.04716245244332,2016-07-23,"{""type"":""MultiPoint"",""coordinates"":[]}"
1300,84.04846378583048,2016-07-24,"{""type"":""MultiPoint"",""coordinates"":[]}"
1301,87.8169825429971,2016-07-25,"{""type"":""MultiPoint"",""coordinates"":[]}"
1302,81.86911376634968,2016-07-26,"{""type"":""MultiPoint"",""coordinates"":[]}"
1303,80.96885664936998,2016-07-27,"{""type"":""MultiPoint"",""coordinates"":[]}"
1304,80.60908578319577,2016-07-28,"{""type"":""MultiPoint"",""coordinates"":[]}"
1305,79.83498445155465,2016-07-29,"{""type"":""MultiPoint"",""coordinates"":[]}"
1306,82.26131953910927,2016-07-30,"{""type"":""MultiPoint"",""coordinates"":[]}"
1307,82.52057431215069,2016-07-31,"{""type"":""MultiPoint"",""coordinates"":[]}"
1308,77.35239298526584,2016-08-01,"{""type"":""MultiPoint"",""coordinates"":[]}"
1309,75.460855964022,2016-08-02,"{""type"":""MultiPoint"",""coordinates"":[]}"
1310,78.9909699564973,2016-08-03,"{""type"":""MultiPoint"",""coordinates"":[]}"
1311,75.5367593264966,2016-08-04,"{""type"":""MultiPoint"",""coordinates"":[]}"
1312,79.90199138919094,2016-08-05,"{""type"":""MultiPoint"",""coordinates"":[]}"
1313,79.77939291682122,2016-08-06,"{""type"":""MultiPoint"",""coordinates"":[]}"
1314,76.40306521012671,2016-08-07,"{""type"":""MultiPoint"",""coordinates"":[]}"
1315,78.23851981686067,2016-08-08,"{""type"":""MultiPoint"",""coordinates"":[]}"
1316,83.29587727104297,2016-08-09,"{""type"":""MultiPoint"",""coordinates"":[]}"
1317,81.84643386991611,2016-08-10,"{""type"":""MultiPoint"",""coordinates"":[]}"
1318,78.2834882891221,2016-08-11,"{""type"":""MultiPoint"",""coordinates"":[]}"
1319,79.46221738084479,2016-08-12,"{""type"":""MultiPoint"",""coordinates"":[]}"
1320,79.67911163142124,2016-08-13,"{""type"":""MultiPoint"",""coordinates"":[]}"
1321,75.26696834232688,2016-08-14,"{""type"":""MultiPoint"",""coordinates"":[]}"
1322,73.33468628492055,2016-08-15,"{""type"":""MultiPoint"",""coordinates"":[]}"
1323,80.30028170706234,2016-08-16,"{""type"":""MultiPoint"",""coordinates"":[]}"
1324,83.86783682741296,2016-08-17,"{""type"":""MultiPoint"",""coordinates"":[]}"
1325,84.85648971759647,2016-08-18,"{""type"":""MultiPoint"",""coordinates"":[]}"
1326,82.64029742765382,2016-08-19,"{""type"":""MultiPoint"",""coordinates"":[]}"
1327,79.97175867366705,2016-08-20,"{""type"":""MultiPoint"",""coordinates"":[]}"
1328,72.11100036818647,2016-08-21,"{""type"":""MultiPoint"",""coordinates"":[]}"
1329,73.92009369058071,2016-08-22,"{""type"":""MultiPoint"",""coordinates"":[]}"
1330,75.18098889321412,2016-08-23,"{""type"":""MultiPoint"",""coordinates"":[]}"
1331,77.61008119389068,2016-08-24,"{""type"":""MultiPoint"",""coordinates"":[]}"
1332,77.15557975002268,2016-08-25,"{""type"":""MultiPoint"",""coordinates"":[]}"
1333,78.5855380865148,2016-08-26,"{""type"":""MultiPoint"",""coordinates"":[]}"
1334,83.61391709869422,2016-08-27,"{""type"":""MultiPoint"",""coordinates"":[]}"
1335,77.92523039864102,2016-08-28,"{""type"":""MultiPoint"",""coordinates"":[]}"
1336,81.56243741910477,2016-08-29,"{""type"":""MultiPoint"",""coordinates"":[]}"
1337,84.04454643474566,2016-08-30,"{""type"":""MultiPoint"",""coordinates"":[]}"
1338,79.35397579446901,2016-08-31,"{""type"":""MultiPoint"",""coordinates"":[]}"
1339,83.34055650538814,2016-09-01,"{""type"":""MultiPoint"",""coordinates"":[]}"
1340,78.67468719192718,2016-09-02,"{""type"":""MultiPoint"",""coordinates"":[]}"
1341,76.08483919421025,2016-09-03,"{""type"":""MultiPoint"",""coordinates"":[]}"
1342,85.07571420264573,2016-09-04,"{""type"":""MultiPoint"",""coordinates"":[]}"
1343,85.00107189495016,2016-09-05,"{""type"":""MultiPoint"",""coordinates"":[]}"
1344,83.24287347460637,2016-09-06,"{""type"":""MultiPoint"",""coordinates"":[]}"
1345,89.39146977426766,2016-09-07,"{""type"":""MultiPoint"",""coordinates"":[]}"
1346,84.50629647883565,2016-09-08,"{""type"":""MultiPoint"",""coordinates"":[]}"
1347,80.10641681425736,2016-09-09,"{""type"":""MultiPoint"",""coordinates"":[]}"
1348,81.55534029430956,2016-09-10,"{""type"":""MultiPoint"",""coordinates"":[]}"
1349,85.1089187436336,2016-09-11,"{""type"":""MultiPoint"",""coordinates"":[]}"
1350,80.04233198571129,2016-09-12,"{""type"":""MultiPoint"",""coordinates"":[]}"
1351,89.04265857908506,2016-09-13,"{""type"":""MultiPoint"",""coordinates"":[]}"
1352,91.21704049384358,2016-09-14,"{""type"":""MultiPoint"",""coordinates"":[]}"
1353,88.28389538517219,2016-09-15,"{""type"":""MultiPoint"",""coordinates"":[]}"
1354,85.92080170054317,2016-09-16,"{""type"":""MultiPoint"",""coordinates"":[]}"
1355,75.93002574122617,2016-09-17,"{""type"":""MultiPoint"",""coordinates"":[]}"
1356,79.25778569202718,2016-09-18,"{""type"":""MultiPoint"",""coordinates"":[]}"
1357,82.36887631268637,2016-09-19,"{""type"":""MultiPoint"",""coordinates"":[]}"
1358,74.04801544537086,2016-09-20,"{""type"":""MultiPoint"",""coordinates"":[]}"
1359,78.04027227840946,2016-09-21,"{""type"":""MultiPoint"",""coordinates"":[]}"
1360,77.83161565777645,2016-09-22,"{""type"":""MultiPoint"",""coordinates"":[]}"
1361,81.98506828455622,2016-09-23,"{""type"":""MultiPoint"",""coordinates"":[]}"
1362,83.17127017808473,2016-09-24,"{""type"":""MultiPoint"",""coordinates"":[]}"
1363,81.29726024539109,2016-09-25,"{""type"":""MultiPoint"",""coordinates"":[]}"
1364,79.88602880863466,2016-09-26,"{""type"":""MultiPoint"",""coordinates"":[]}"
1365,82.76789216242427,2016-09-27,"{""type"":""MultiPoint"",""coordinates"":[]}"
1366,77.37550542325533,2016-09-28,"{""type"":""MultiPoint"",""coordinates"":[]}"
1367,78.45831471794054,2016-09-29,"{""type"":""MultiPoint"",""coordinates"":[]}"
1368,82.38945606215349,2016-09-30,"{""type"":""MultiPoint"",""coordinates"":[]}"
1369,85.70976580777112,2016-10-01,"{""type"":""MultiPoint"",""coordinates"":[]}"
1370,86.77346453564972,2016-10-02,"{""type"":""MultiPoint"",""coordinates"":[]}"
1371,82.40090059798717,2016-10-03,"{""type"":""MultiPoint"",""coordinates"":[]}"
1372,86.90813807816289,2016-10-04,"{""type"":""MultiPoint"",""coordinates"":[]}"
1373,89.67800873231131,2016-10-05,"{""type"":""MultiPoint"",""coordinates"":[]}"
1374,82.74161855582244,2016-10-06,"{""type"":""MultiPoint"",""coordinates"":[]}"
1375,91.51515738905596,2016-10-07,"{""type"":""MultiPoint"",""coordinates"":[]}"
1376,93.42390029227865,2016-10-08,"{""type"":""MultiPoint"",""coordinates"":[]}"
1377,92.82930089408853,2016-10-09,"{""type"":""MultiPoint"",""coordinates"":[]}"
1378,89.90825081224075,2016-10-10,"{""type"":""MultiPoint"",""coordinates"":[]}"
1379,87.69926476817892,2016-10-11,"{""type"":""MultiPoint"",""coordinates"":[]}"
1380,93.39278914450306,2016-10-12,"{""type"":""MultiPoint"",""coordinates"":[]}"
1381,84.40891219902322,2016-10-13,"{""type"":""MultiPoint"",""coordinates"":[]}"
1382,84.41433616034614,2016-10-14,"{""type"":""MultiPoint"",""coordinates"":[]}"
1383,86.35762224507731,2016-10-15,"{""type"":""MultiPoint"",""coordinates"":[]}"
1384,86.14016305275881,2016-10-16,"{""type"":""MultiPoint"",""coordinates"":[]}"
1385,90.90567820053228,2016-10-17,"{""type"":""MultiPoint"",""coordinates"":[]}"
1386,90.30295230288944,2016-10-18,"{""type"":""MultiPoint"",""coordinates"":[]}"
1387,83.6619588488931,2016-10-19,"{""type"":""MultiPoint"",""coordinates"":[]}"
1388,87.89502825013308,2016-10-20,"{""type"":""MultiPoint"",""coordinates"":[]}"
1389,79.42141098419903,2016-10-21,"{""type"":""MultiPoint"",""coordinates"":[]}"
1390,87.44193595797702,2016-10-22,"{""type"":""MultiPoint"",""coordinates"":[]}"
1391,87.51557295907772,2016-10-23,"{""type"":""MultiPoint"",""coordinates"":[]}"
1392,86.55977744356619,2016-10-24,"{""type"":""MultiPoint"",""coordinates"":[]}"
1393,90.25418033286779,2016-10-25,"{""type"":""MultiPoint"",""coordinates"":[]}"
1394,90.59362978256065,2016-10-26,"{""type"":""MultiPoint"",""coordinates"":[]}"
1395,93.74900155564319,2016-10-27,"{""type"":""MultiPoint"",""coordinates"":[]}"
1396,93.65720454655974,2016-10-28,"{""type"":""MultiPoint"",""coordinates"":[]}"
1397,93.47874453840905,2016-10-29,"{""type"":""MultiPoint"",""coordinates"":[]}"
1398,86.24563630717505,2016-10-30,"{""type"":""MultiPoint"",""coordinates"":[]}"
1399,87.48627414087959,2016-10-31,"{""type"":""MultiPoint"",""coordinates"":[]}"
1400,95.25110426494416,2016-11-01,"{""type"":""MultiPoint"",""coordinates"":[]}"
1401,91.07539162506953,2016-11-02,"{""type"":""MultiPoint"",""coordinates"":[]}"
1402,87.91397924821793,2016-11-03,"{""type"":""MultiPoint"",""coordinates"":[]}"
1403,92.62147055106749,2016-11-04,"{""type"":""MultiPoint"",""coordinates"":[]}"
1404,83.44492294313967,2016-11-05,"{""type"":""MultiPoint"",""coordinates"":[]}"
1405,84.96632420161042,2016-11-06,"{""type"":""MultiPoint"",""coordinates"":[]}"
1406,88.52949193282699,2016-11-07,"{""type"":""MultiPoint"",""coordinates"":[]}"
1407,82.91997302879157,2016-11-08,"{""type"":""MultiPoint"",""coordinates"":[]}"
1408,88.2806927919164,2016-11-09,"{""type"":""MultiPoint"",""coordinates"":[]}"
1409,84.25643659639667,2016-11-10,"{""type"":""MultiPoint"",""coordinates"":[]}"
1410,92.03961588508757,2016-11-11,"{""type"":""MultiPoint"",""coordinates"":[]}"
1411,83.23782400436535,2016-11-12,"{""type"":""MultiPoint"",""coordinates"":[]}"
1412,82.27639200805312,2016-11-13,"{""type"":""MultiPoint"",""coordinates"":[]}"
1413,87.6074429290128,2016-11-14,"{""type"":""MultiPoint"",""coordinates"":[]}"
1414,88.2530349450412,2016-11-15,"{""type"":""MultiPoint"",""coordinates"":[]}"
1415,85.54833624472884,2016-11-16,"{""type"":""MultiPoint"",""coordinates"":[]}"
1416,86.74926385528617,2016-11-17,"{""type"":""MultiPoint"",""coordinates"":[]}"
1417,88.1530922574292,2016-11-18,"{""type"":""MultiPoint"",""coordinates"":[]}"
1418,86.61050098835148,2016-11-19,"{""type"":""MultiPoint"",""coordinates"":[]}"
1419,88.11044993893744,2016-11-20,"{""type"":""MultiPoint"",""coordinates"":[]}"
1420,83.58218603159071,2016-11-21,"{""type"":""MultiPoint"",""coordinates"":[]}"
1421,85.58627057119104,2016-11-22,"{""type"":""MultiPoint"",""coordinates"":[]}"
1422,88.9290592340589,2016-11-23,"{""type"":""MultiPoint"",""coordinates"":[]}"
1423,85.92595998088753,2016-11-24,"{""type"":""MultiPoint"",""coordinates"":[]}"
1424,92.5190716104114,2016-11-25,"{""type"":""MultiPoint"",""coordinates"":[]}"
1425,84.06836795308864,2016-11-26,"{""type"":""MultiPoint"",""coordinates"":[]}"
1426,84.8017148819503,2016-11-27,"{""type"":""MultiPoint"",""coordinates"":[]}"
1427,89.7301662504728,2016-11-28,"{""type"":""MultiPoint"",""coordinates"":[]}"
1428,94.454679350821,2016-11-29,"{""type"":""MultiPoint"",""coordinates"":[]}"
1429,89.47429698859231,2016-11-30,"{""type"":""MultiPoint"",""coordinates"":[]}"
1430,85.57842154247767,2016-12-01,"{""type"":""MultiPoint"",""coordinates"":[]}"
1431,83.94036606409234,2016-12-02,"{""type"":""MultiPoint"",""coordinates"":[]}"
1432,93.5989583444864,2016-12-03,"{""type"":""MultiPoint"",""coordinates"":[]}"
1433,90.69743607923841,2016-12-04,"{""type"":""MultiPoint"",""coordinates"":[]}"
1434,89.92797878649388,2016-12-05,"{""type"":""MultiPoint"",""coordinates"":[]}"
1435,82.35778979321564,2016-12-06,"{""type"":""MultiPoint"",""coordinates"":[]}"
1436,89.1855806437476,2016-12-07,"{""type"":""MultiPoint"",""coordinates"":[]}"
1437,89.59305275688735,2016-12-08,"{""type"":""MultiPoint"",""coordinates"":[]}"
1438,87.72935294783754,2016-12-09,"{""type"":""MultiPoint"",""coordinates"":[]}"
1439,88.49318466756836,2016-12-10,"{""type"":""MultiPoint"",""coordinates"":[]}"
1440,75.65175715199247,2016-12-11,"{""type"":""MultiPoint"",""coordinates"":[]}"
1441,71.82795791171347,2016-12-12,"{""type"":""MultiPoint"",""coordinates"":[]}"
1442,76.83772224588775,2016-12-13,"{""type"":""MultiPoint"",""coordinates"":[]}"
1443,78.25003706733987,2016-12-14,"{""type"":""MultiPoint"",""coordinates"":[]}"
1444,86.78866880218906,2016-12-15,"{""type"":""MultiPoint"",""coordinates"":[]}"
1445,82.03845185437076,2016-12-16,"{""type"":""MultiPoint"",""coordinates"":[]}"
1446,77.45450961769438,2016-12-17,"{""type"":""MultiPoint"",""coordinates"":[]}"
1447,76.60395561830524,2016-12-18,"{""type"":""MultiPoint"",""coordinates"":[]}"
1448,83.71858099143564,2016-12-19,"{""type"":""MultiPoint"",""coordinates"":[]}"
1449,82.36651777120511,2016-12-20,"{""type"":""MultiPoint"",""coordinates"":[]}"
1450,89.52282847115099,2016-12-21,"{""type"":""MultiPoint"",""coordinates"":[]}"
1451,88.68709691364573,2016-12-22,"{""type"":""MultiPoint"",""coordinates"":[]}"
1452,87.03378383294013,2016-12-23,"{""type"":""MultiPoint"",""coordinates"":[]}"
1453,88.47716336302032,2016-12-24,"{""type"":""MultiPoint"",""coordinates"":[]}"
1454,84.01099005449903,2016-12-25,"{""type"":""MultiPoint"",""coordinates"":[]}"
1455,92.70755242294662,2016-12-26,"{""type"":""MultiPoint"",""coordinates"":[]}"
1456,92.7655118691492,2016-12-27,"{""type"":""MultiPoint"",""coordinates"":[]}"
1457,89.69971010224295,2016-12-28,"{""type"":""MultiPoint"",""coordinates"":[]}"
1458,86.70568041367919,2016-12-29,"{""type"":""MultiPoint"",""coordinates"":[]}"
1459,90.81075532494803,2016-12-30,"{""type"":""MultiPoint"",""coordinates"":[]}"
1460,88.43614546205764,2016-12-31,"{""type"":""MultiPoint"",""coordinates"":[]}"
1461,85.9996680897413,2017-01-01,"{""type"":""MultiPoint"",""coordinates"":[]}"
1462,79.92593114044617,2017-01-02,"{""type"":""MultiPoint"",""coordinates"":[]}"
1463,68.80170036113365,2017-01-03,"{""type"":""MultiPoint"",""coordinates"":[]}"
1464,77.75654337015237,2017-01-04,"{""type"":""MultiPoint"",""coordinates"":[]}"
1465,88.95614129775652,2017-01-05,"{""type"":""MultiPoint"",""coordinates"":[]}"
1466,85.65800710622464,2017-01-06,"{""type"":""MultiPoint"",""coordinates"":[]}"
1467,83.99552699358165,2017-01-07,"{""type"":""MultiPoint"",""coordinates"":[]}"
1468,87.05378185725529,2017-01-08,"{""type"":""MultiPoint"",""coordinates"":[]}"
1469,89.41155485126968,2017-01-09,"{""type"":""MultiPoint"",""coordinates"":[]}"
1470,90.06102856692445,2017-01-10,"{""type"":""MultiPoint"",""coordinates"":[]}"
1471,90.80792512996304,2017-01-11,"{""type"":""MultiPoint"",""coordinates"":[]}"
1472,85.40686073797343,2017-01-12,"{""type"":""MultiPoint"",""coordinates"":[]}"
1473,82.596549039238,2017-01-13,"{""type"":""MultiPoint"",""coordinates"":[]}"
1474,87.69434115989526,2017-01-14,"{""type"":""MultiPoint"",""coordinates"":[]}"
1475,89.7171282962973,2017-01-15,"{""type"":""MultiPoint"",""coordinates"":[]}"
1476,87.55029360723849,2017-01-16,"{""type"":""MultiPoint"",""coordinates"":[]}"
1477,82.71696954834455,2017-01-17,"{""type"":""MultiPoint"",""coordinates"":[]}"
1478,83.53568562695092,2017-01-18,"{""type"":""MultiPoint"",""coordinates"":[]}"
1479,77.10472895589275,2017-01-19,"{""type"":""MultiPoint"",""coordinates"":[]}"
1480,78.49276808068912,2017-01-20,"{""type"":""MultiPoint"",""coordinates"":[]}"
1481,81.85147134256516,2017-01-21,"{""type"":""MultiPoint"",""coordinates"":[]}"
1482,76.70278628292745,2017-01-22,"{""type"":""MultiPoint"",""coordinates"":[]}"
1483,71.2646792762714,2017-01-23,"{""type"":""MultiPoint"",""coordinates"":[]}"
1484,73.88410148130107,2017-01-24,"{""type"":""MultiPoint"",""coordinates"":[]}"
1485,71.0833615291585,2017-01-25,"{""type"":""MultiPoint"",""coordinates"":[]}"
1486,70.4407483234694,2017-01-26,"{""type"":""MultiPoint"",""coordinates"":[]}"
1487,74.07251376787708,2017-01-27,"{""type"":""MultiPoint"",""coordinates"":[]}"
1488,86.37794439420851,2017-01-28,"{""type"":""MultiPoint"",""coordinates"":[]}"
1489,85.88102971278211,2017-01-29,"{""type"":""MultiPoint"",""coordinates"":[]}"
1490,86.56272302515289,2017-01-30,"{""type"":""MultiPoint"",""coordinates"":[]}"
1491,81.1530984403482,2017-01-31,"{""type"":""MultiPoint"",""coordinates"":[]}"
1492,81.8936674410481,2017-02-01,"{""type"":""MultiPoint"",""coordinates"":[]}"
1493,75.47372856960023,2017-02-02,"{""type"":""MultiPoint"",""coordinates"":[]}"
1494,75.17900615004582,2017-02-03,"{""type"":""MultiPoint"",""coordinates"":[]}"
1495,81.38140075049208,2017-02-04,"{""type"":""MultiPoint"",""coordinates"":[]}"
1496,75.88011444759763,2017-02-05,"{""type"":""MultiPoint"",""coordinates"":[]}"
1497,79.06857461831748,2017-02-06,"{""type"":""MultiPoint"",""coordinates"":[]}"
1498,68.62052991817394,2017-02-07,"{""type"":""MultiPoint"",""coordinates"":[]}"
1499,66.68398707714796,2017-02-08,"{""type"":""MultiPoint"",""coordinates"":[]}"
1500,75.80789075592762,2017-02-09,"{""type"":""MultiPoint"",""coordinates"":[]}"
1501,78.81570713166569,2017-02-10,"{""type"":""MultiPoint"",""coordinates"":[]}"
1502,73.73756423729286,2017-02-11,"{""type"":""MultiPoint"",""coordinates"":[]}"
1503,73.33927346348239,2017-02-12,"{""type"":""MultiPoint"",""coordinates"":[]}"
1504,73.98651317986251,2017-02-13,"{""type"":""MultiPoint"",""coordinates"":[]}"
1505,72.84495945195555,2017-02-14,"{""type"":""MultiPoint"",""coordinates"":[]}"
1506,67.55343183831152,2017-02-15,"{""type"":""MultiPoint"",""coordinates"":[]}"
1507,71.90843667795158,2017-02-16,"{""type"":""MultiPoint"",""coordinates"":[]}"
1508,68.16215670017992,2017-02-17,"{""type"":""MultiPoint"",""coordinates"":[]}"
1509,74.92021065910936,2017-02-18,"{""type"":""MultiPoint"",""coordinates"":[]}"
1510,70.66535896963472,2017-02-19,"{""type"":""MultiPoint"",""coordinates"":[]}"
1511,69.60660834101132,2017-02-20,"{""type"":""MultiPoint"",""coordinates"":[]}"
1512,65.82865299675355,2017-02-21,"{""type"":""MultiPoint"",""coordinates"":[]}"
1513,81.25353107589866,2017-02-22,"{""type"":""MultiPoint"",""coordinates"":[]}"
1514,73.31024559266604,2017-02-23,"{""type"":""MultiPoint"",""coordinates"":[]}"
1515,70.11018545261886,2017-02-24,"{""type"":""MultiPoint"",""coordinates"":[]}"
1516,75.13728215459987,2017-02-25,"{""type"":""MultiPoint"",""coordinates"":[]}"
1517,74.62886124965739,2017-02-26,"{""type"":""MultiPoint"",""coordinates"":[]}"
1518,77.84713355231521,2017-02-27,"{""type"":""MultiPoint"",""coordinates"":[]}"
1519,75.48378374585725,2017-02-28,"{""type"":""MultiPoint"",""coordinates"":[]}"
1520,73.20886224341119,2017-03-01,"{""type"":""MultiPoint"",""coordinates"":[]}"
1521,73.6272526229043,2017-03-02,"{""type"":""MultiPoint"",""coordinates"":[]}"
1522,78.28057006185384,2017-03-03,"{""type"":""MultiPoint"",""coordinates"":[]}"
1523,71.05760565281453,2017-03-04,"{""type"":""MultiPoint"",""coordinates"":[]}"
1524,86.5725167731869,2017-03-05,"{""type"":""MultiPoint"",""coordinates"":[]}"
1525,83.92095538810175,2017-03-06,"{""type"":""MultiPoint"",""coordinates"":[]}"
1526,79.43691648922558,2017-03-07,"{""type"":""MultiPoint"",""coordinates"":[]}"
1527,86.80156645571681,2017-03-08,"{""type"":""MultiPoint"",""coordinates"":[]}"
1528,89.94087646212527,2017-03-09,"{""type"":""MultiPoint"",""coordinates"":[]}"
1529,87.46891544418618,2017-03-10,"{""type"":""MultiPoint"",""coordinates"":[]}"
1530,88.30884019726814,2017-03-11,"{""type"":""MultiPoint"",""coordinates"":[]}"
1531,86.65439402506524,2017-03-12,"{""type"":""MultiPoint"",""coordinates"":[]}"
1532,84.8428880721534,2017-03-13,"{""type"":""MultiPoint"",""coordinates"":[]}"
1533,79.85208816136388,2017-03-14,"{""type"":""MultiPoint"",""coordinates"":[]}"
1534,86.89553623760803,2017-03-15,"{""type"":""MultiPoint"",""coordinates"":[]}"
1535,88.06308498900961,2017-03-16,"{""type"":""MultiPoint"",""coordinates"":[]}"
1536,88.50822132214863,2017-03-17,"{""type"":""MultiPoint"",""coordinates"":[]}"
1537,86.60227495985363,2017-03-18,"{""type"":""MultiPoint"",""coordinates"":[]}"
1538,83.73211704735972,2017-03-19,"{""type"":""MultiPoint"",""coordinates"":[]}"
1539,86.73463705585026,2017-03-20,"{""type"":""MultiPoint"",""coordinates"":[]}"
1540,86.49976257962005,2017-03-21,"{""type"":""MultiPoint"",""coordinates"":[]}"
1541,82.34879904472233,2017-03-22,"{""type"":""MultiPoint"",""coordinates"":[]}"
1542,86.30550801210751,2017-03-23,"{""type"":""MultiPoint"",""coordinates"":[]}"
1543,90.03072065288222,2017-03-24,"{""type"":""MultiPoint"",""coordinates"":[]}"
1544,87.5340074745804,2017-03-25,"{""type"":""MultiPoint"",""coordinates"":[]}"
1545,88.11414988867278,2017-03-26,"{""type"":""MultiPoint"",""coordinates"":[]}"
1546,91.02161905159055,2017-03-27,"{""type"":""MultiPoint"",""coordinates"":[]}"
1547,85.93825150098588,2017-03-28,"{""type"":""MultiPoint"",""coordinates"":[]}"
1548,86.81970393403243,2017-03-29,"{""type"":""MultiPoint"",""coordinates"":[]}"
1549,86.52918467401447,2017-03-30,"{""type"":""MultiPoint"",""coordinates"":[]}"
1550,87.70445422569465,2017-03-31,"{""type"":""MultiPoint"",""coordinates"":[]}"
1551,85.6659891648784,2017-04-01,"{""type"":""MultiPoint"",""coordinates"":[]}"
1552,86.16094322447844,2017-04-02,"{""type"":""MultiPoint"",""coordinates"":[]}"
1553,74.53745776417524,2017-04-03,"{""type"":""MultiPoint"",""coordinates"":[]}"
1554,69.22270049559334,2017-04-04,"{""type"":""MultiPoint"",""coordinates"":[]}"
1555,71.90620206371149,2017-04-05,"{""type"":""MultiPoint"",""coordinates"":[]}"
1556,74.19753658296905,2017-04-06,"{""type"":""MultiPoint"",""coordinates"":[]}"
1557,71.40798518258539,2017-04-07,"{""type"":""MultiPoint"",""coordinates"":[]}"
1558,71.43298364652951,2017-04-08,"{""type"":""MultiPoint"",""coordinates"":[]}"
1559,85.1462328757926,2017-04-09,"{""type"":""MultiPoint"",""coordinates"":[]}"
1560,77.64306910609154,2017-04-10,"{""type"":""MultiPoint"",""coordinates"":[]}"
1561,81.40840180548025,2017-04-11,"{""type"":""MultiPoint"",""coordinates"":[]}"
1562,76.01037482510999,2017-04-12,"{""type"":""MultiPoint"",""coordinates"":[]}"
1563,85.87953731550031,2017-04-13,"{""type"":""MultiPoint"",""coordinates"":[]}"
1564,94.10570543113572,2017-04-14,"{""type"":""MultiPoint"",""coordinates"":[]}"
1565,87.12287283809592,2017-04-15,"{""type"":""MultiPoint"",""coordinates"":[]}"
1566,83.91548918113592,2017-04-16,"{""type"":""MultiPoint"",""coordinates"":[]}"
1567,89.5606503110158,2017-04-17,"{""type"":""MultiPoint"",""coordinates"":[]}"
1568,85.49017800453528,2017-04-18,"{""type"":""MultiPoint"",""coordinates"":[]}"
1569,85.97725405188623,2017-04-19,"{""type"":""MultiPoint"",""coordinates"":[]}"
1570,82.11579832716828,2017-04-20,"{""type"":""MultiPoint"",""coordinates"":[]}"
1571,90.5816510544205,2017-04-21,"{""type"":""MultiPoint"",""coordinates"":[]}"
1572,80.85717668371875,2017-04-22,"{""type"":""MultiPoint"",""coordinates"":[]}"
1573,81.79538289820793,2017-04-23,"{""type"":""MultiPoint"",""coordinates"":[]}"
1574,86.82336926446902,2017-04-24,"{""type"":""MultiPoint"",""coordinates"":[]}"
1575,86.93283223075149,2017-04-25,"{""type"":""MultiPoint"",""coordinates"":[]}"
1576,88.09257430136394,2017-04-26,"{""type"":""MultiPoint"",""coordinates"":[]}"
1577,81.8343893199876,2017-04-27,"{""type"":""MultiPoint"",""coordinates"":[]}"
1578,82.92875776475358,2017-04-28,"{""type"":""MultiPoint"",""coordinates"":[]}"
1579,79.59444982333876,2017-04-29,"{""type"":""MultiPoint"",""coordinates"":[]}"
1580,86.39555001357161,2017-04-30,"{""type"":""MultiPoint"",""coordinates"":[]}"
1581,91.12350274430072,2017-05-01,"{""type"":""MultiPoint"",""coordinates"":[]}"
1582,90.48853403868937,2017-05-02,"{""type"":""MultiPoint"",""coordinates"":[]}"
1583,93.00576538023056,2017-05-03,"{""type"":""MultiPoint"",""coordinates"":[]}"
1584,88.35880450740046,2017-05-04,"{""type"":""MultiPoint"",""coordinates"":[]}"
1585,90.65816884828222,2017-05-05,"{""type"":""MultiPoint"",""coordinates"":[]}"
1586,93.36880899116797,2017-05-06,"{""type"":""MultiPoint"",""coordinates"":[]}"
1587,86.94430776751858,2017-05-07,"{""type"":""MultiPoint"",""coordinates"":[]}"
1588,91.51879027849996,2017-05-08,"{""type"":""MultiPoint"",""coordinates"":[]}"
1589,89.01432800735097,2017-05-09,"{""type"":""MultiPoint"",""coordinates"":[]}"
1590,87.18882947750431,2017-05-10,"{""type"":""MultiPoint"",""coordinates"":[]}"
1591,87.69368188921187,2017-05-11,"{""type"":""MultiPoint"",""coordinates"":[]}"
1592,87.34940911364663,2017-05-12,"{""type"":""MultiPoint"",""coordinates"":[]}"
1593,85.46237533992637,2017-05-13,"{""type"":""MultiPoint"",""coordinates"":[]}"
1594,86.87023502029541,2017-05-14,"{""type"":""MultiPoint"",""coordinates"":[]}"
1595,83.59913843748141,2017-05-15,"{""type"":""MultiPoint"",""coordinates"":[]}"
1596,84.57705670665378,2017-05-16,"{""type"":""MultiPoint"",""coordinates"":[]}"
1597,91.13568073249202,2017-05-17,"{""type"":""MultiPoint"",""coordinates"":[]}"
1598,88.10355837577316,2017-05-18,"{""type"":""MultiPoint"",""coordinates"":[]}"
1599,82.83102114653639,2017-05-19,"{""type"":""MultiPoint"",""coordinates"":[]}"
1600,85.50168599426394,2017-05-20,"{""type"":""MultiPoint"",""coordinates"":[]}"
1601,83.08054479627062,2017-05-21,"{""type"":""MultiPoint"",""coordinates"":[]}"
1602,86.98079513945241,2017-05-22,"{""type"":""MultiPoint"",""coordinates"":[]}"
1603,86.41768532293104,2017-05-23,"{""type"":""MultiPoint"",""coordinates"":[]}"
1604,77.79998084310694,2017-05-24,"{""type"":""MultiPoint"",""coordinates"":[]}"
1605,77.15863117024399,2017-05-25,"{""type"":""MultiPoint"",""coordinates"":[]}"
1606,75.13355589504275,2017-05-26,"{""type"":""MultiPoint"",""coordinates"":[]}"
1607,71.71904352905484,2017-05-27,"{""type"":""MultiPoint"",""coordinates"":[]}"
1608,75.53766773946997,2017-05-28,"{""type"":""MultiPoint"",""coordinates"":[]}"
1609,75.57485281963221,2017-05-29,"{""type"":""MultiPoint"",""coordinates"":[]}"
1610,78.5739424136713,2017-05-30,"{""type"":""MultiPoint"",""coordinates"":[]}"
1611,84.77356096696646,2017-05-31,"{""type"":""MultiPoint"",""coordinates"":[]}"
1612,82.92769497676657,2017-06-01,"{""type"":""MultiPoint"",""coordinates"":[]}"
1613,85.06653799431494,2017-06-02,"{""type"":""MultiPoint"",""coordinates"":[]}"
1614,79.21689941221852,2017-06-03,"{""type"":""MultiPoint"",""coordinates"":[]}"
1615,82.48613285311357,2017-06-04,"{""type"":""MultiPoint"",""coordinates"":[]}"
1616,82.4214182365008,2017-06-05,"{""type"":""MultiPoint"",""coordinates"":[]}"
1617,75.37024870144928,2017-06-06,"{""type"":""MultiPoint"",""coordinates"":[]}"
1618,75.76890481461984,2017-06-07,"{""type"":""MultiPoint"",""coordinates"":[]}"
1619,87.20327766169095,2017-06-08,"{""type"":""MultiPoint"",""coordinates"":[]}"
1620,81.46336364447971,2017-06-09,"{""type"":""MultiPoint"",""coordinates"":[]}"
1621,81.02224711745346,2017-06-10,"{""type"":""MultiPoint"",""coordinates"":[]}"
1622,88.4661630977029,2017-06-11,"{""type"":""MultiPoint"",""coordinates"":[]}"
1623,86.87574870236453,2017-06-12,"{""type"":""MultiPoint"",""coordinates"":[]}"
1624,84.23328979349311,2017-06-13,"{""type"":""MultiPoint"",""coordinates"":[]}"
1625,83.09299751054213,2017-06-14,"{""type"":""MultiPoint"",""coordinates"":[]}"
1626,92.13466285319636,2017-06-15,"{""type"":""MultiPoint"",""coordinates"":[]}"
1627,84.34965765928715,2017-06-16,"{""type"":""MultiPoint"",""coordinates"":[]}"
1628,87.41992270239552,2017-06-17,"{""type"":""MultiPoint"",""coordinates"":[]}"
1629,74.25852829299218,2017-06-18,"{""type"":""MultiPoint"",""coordinates"":[]}"
1630,71.04661608946346,2017-06-19,"{""type"":""MultiPoint"",""coordinates"":[]}"
1631,78.2040379516211,2017-06-20,"{""type"":""MultiPoint"",""coordinates"":[]}"
1632,86.78882233720383,2017-06-21,"{""type"":""MultiPoint"",""coordinates"":[]}"
1633,83.50629353595313,2017-06-22,"{""type"":""MultiPoint"",""coordinates"":[]}"
1634,82.60528339682338,2017-06-23,"{""type"":""MultiPoint"",""coordinates"":[]}"
1635,83.19876730096455,2017-06-24,"{""type"":""MultiPoint"",""coordinates"":[]}"
1636,83.91065502510808,2017-06-25,"{""type"":""MultiPoint"",""coordinates"":[]}"
1637,87.83986659668223,2017-06-26,"{""type"":""MultiPoint"",""coordinates"":[]}"
1638,83.0102710001848,2017-06-27,"{""type"":""MultiPoint"",""coordinates"":[]}"
1639,84.23400902459846,2017-06-28,"{""type"":""MultiPoint"",""coordinates"":[]}"
1640,84.1443812036075,2017-06-29,"{""type"":""MultiPoint"",""coordinates"":[]}"
1641,85.20948709073431,2017-06-30,"{""type"":""MultiPoint"",""coordinates"":[]}"
1642,78.46748170970929,2017-07-01,"{""type"":""MultiPoint"",""coordinates"":[]}"
1643,81.61863763264294,2017-07-02,"{""type"":""MultiPoint"",""coordinates"":[]}"
1644,77.38739505107769,2017-07-03,"{""type"":""MultiPoint"",""coordinates"":[]}"
1645,81.38805890131698,2017-07-04,"{""type"":""MultiPoint"",""coordinates"":[]}"
1646,79.87318496859437,2017-07-05,"{""type"":""MultiPoint"",""coordinates"":[]}"
1647,77.2291552372692,2017-07-06,"{""type"":""MultiPoint"",""coordinates"":[]}"
1648,76.77817585477108,2017-07-07,"{""type"":""MultiPoint"",""coordinates"":[]}"
1649,76.1399885754573,2017-07-08,"{""type"":""MultiPoint"",""coordinates"":[]}"
1650,80.76960763188839,2017-07-09,"{""type"":""MultiPoint"",""coordinates"":[]}"
1651,81.39903039312766,2017-07-10,"{""type"":""MultiPoint"",""coordinates"":[]}"
1652,84.81386090591981,2017-07-11,"{""type"":""MultiPoint"",""coordinates"":[]}"
1653,82.80180922019011,2017-07-12,"{""type"":""MultiPoint"",""coordinates"":[]}"
1654,79.4195435173629,2017-07-13,"{""type"":""MultiPoint"",""coordinates"":[]}"
1655,75.73479820867871,2017-07-14,"{""type"":""MultiPoint"",""coordinates"":[]}"
1656,83.6023697295279,2017-07-15,"{""type"":""MultiPoint"",""coordinates"":[]}"
1657,78.84750000340763,2017-07-16,"{""type"":""MultiPoint"",""coordinates"":[]}"
1658,86.80999421114144,2017-07-17,"{""type"":""MultiPoint"",""coordinates"":[]}"
1659,85.67011446696533,2017-07-18,"{""type"":""MultiPoint"",""coordinates"":[]}"
1660,80.53971485769479,2017-07-19,"{""type"":""MultiPoint"",""coordinates"":[]}"
1661,82.05613005282235,2017-07-20,"{""type"":""MultiPoint"",""coordinates"":[]}"
1662,77.1253604637509,2017-07-21,"{""type"":""MultiPoint"",""coordinates"":[]}"
1663,76.4883573261001,2017-07-22,"{""type"":""MultiPoint"",""coordinates"":[]}"
1664,75.73310895637826,2017-07-23,"{""type"":""MultiPoint"",""coordinates"":[]}"
1665,75.51619437223998,2017-07-24,"{""type"":""MultiPoint"",""coordinates"":[]}"
1666,76.00119951698376,2017-07-25,"{""type"":""MultiPoint"",""coordinates"":[]}"
1667,76.50408036302595,2017-07-26,"{""type"":""MultiPoint"",""coordinates"":[]}"
1668,72.91427859273226,2017-07-27,"{""type"":""MultiPoint"",""coordinates"":[]}"
1669,79.2173530282608,2017-07-28,"{""type"":""MultiPoint"",""coordinates"":[]}"
1670,76.81504265781446,2017-07-29,"{""type"":""MultiPoint"",""coordinates"":[]}"
1671,77.58605836630682,2017-07-30,"{""type"":""MultiPoint"",""coordinates"":[]}"
1672,74.54153978316835,2017-07-31,"{""type"":""MultiPoint"",""coordinates"":[]}"
1673,71.43793702928706,2017-08-01,"{""type"":""MultiPoint"",""coordinates"":[]}"
1674,64.13330563207528,2017-08-02,"{""type"":""MultiPoint"",""coordinates"":[]}"
1675,66.85493497334905,2017-08-03,"{""type"":""MultiPoint"",""coordinates"":[]}"
1676,82.78610450370897,2017-08-04,"{""type"":""MultiPoint"",""coordinates"":[]}"
1677,77.77737151023291,2017-08-05,"{""type"":""MultiPoint"",""coordinates"":[]}"
1678,74.77443822065563,2017-08-06,"{""type"":""MultiPoint"",""coordinates"":[]}"
1679,76.13864715076546,2017-08-07,"{""type"":""MultiPoint"",""coordinates"":[]}"
1680,76.25831016983473,2017-08-08,"{""type"":""MultiPoint"",""coordinates"":[]}"
1681,72.36983235528372,2017-08-09,"{""type"":""MultiPoint"",""coordinates"":[]}"
1682,71.48222709590262,2017-08-10,"{""type"":""MultiPoint"",""coordinates"":[]}"
1683,80.04312786537339,2017-08-11,"{""type"":""MultiPoint"",""coordinates"":[]}"
1684,79.50254709647614,2017-08-12,"{""type"":""MultiPoint"",""coordinates"":[]}"
1685,79.82130301973491,2017-08-13,"{""type"":""MultiPoint"",""coordinates"":[]}"
1686,72.9099414516764,2017-08-14,"{""type"":""MultiPoint"",""coordinates"":[]}"
1687,68.0709161430167,2017-08-15,"{""type"":""MultiPoint"",""coordinates"":[]}"
1688,71.73427044580968,2017-08-16,"{""type"":""MultiPoint"",""coordinates"":[]}"
1689,85.62313428506381,2017-08-17,"{""type"":""MultiPoint"",""coordinates"":[]}"
1690,84.54692588337055,2017-08-18,"{""type"":""MultiPoint"",""coordinates"":[]}"
1691,84.83395793650162,2017-08-19,"{""type"":""MultiPoint"",""coordinates"":[]}"
1692,87.0368488504947,2017-08-20,"{""type"":""MultiPoint"",""coordinates"":[]}"
1693,87.72132298651114,2017-08-21,"{""type"":""MultiPoint"",""coordinates"":[]}"
1694,74.80941314738708,2017-08-22,"{""type"":""MultiPoint"",""coordinates"":[]}"
1695,70.77557947828086,2017-08-23,"{""type"":""MultiPoint"",""coordinates"":[]}"
1696,71.57192421241655,2017-08-24,"{""type"":""MultiPoint"",""coordinates"":[]}"
1697,76.83629617639455,2017-08-25,"{""type"":""MultiPoint"",""coordinates"":[]}"
1698,75.82023772116408,2017-08-26,"{""type"":""MultiPoint"",""coordinates"":[]}"
1699,84.28399642229961,2017-08-27,"{""type"":""MultiPoint"",""coordinates"":[]}"
1700,82.75266423930874,2017-08-28,"{""type"":""MultiPoint"",""coordinates"":[]}"
1701,85.51587375865068,2017-08-29,"{""type"":""MultiPoint"",""coordinates"":[]}"
1702,83.43770677615795,2017-08-30,"{""type"":""MultiPoint"",""coordinates"":[]}"
1703,75.02475955781107,2017-08-31,"{""type"":""MultiPoint"",""coordinates"":[]}"
1704,66.71133268546554,2017-09-01,"{""type"":""MultiPoint"",""coordinates"":[]}"
1705,66.76007772826178,2017-09-02,"{""type"":""MultiPoint"",""coordinates"":[]}"
1706,69.71651979407223,2017-09-03,"{""type"":""MultiPoint"",""coordinates"":[]}"
1707,68.3465232165636,2017-09-04,"{""type"":""MultiPoint"",""coordinates"":[]}"
1708,66.36586941392916,2017-09-05,"{""type"":""MultiPoint"",""coordinates"":[]}"
1709,74.80348164986815,2017-09-06,"{""type"":""MultiPoint"",""coordinates"":[]}"
1710,78.54973872855568,2017-09-07,"{""type"":""MultiPoint"",""coordinates"":[]}"
1711,90.0524517640229,2017-09-08,"{""type"":""MultiPoint"",""coordinates"":[]}"
1712,87.15870390624224,2017-09-09,"{""type"":""MultiPoint"",""coordinates"":[]}"
1713,90.70454121721498,2017-09-10,"{""type"":""MultiPoint"",""coordinates"":[]}"
1714,81.69543397410476,2017-09-11,"{""type"":""MultiPoint"",""coordinates"":[]}"
1715,84.93614811149547,2017-09-12,"{""type"":""MultiPoint"",""coordinates"":[]}"
1716,85.15523933140757,2017-09-13,"{""type"":""MultiPoint"",""coordinates"":[]}"
1717,82.62524798143751,2017-09-14,"{""type"":""MultiPoint"",""coordinates"":[]}"
1718,82.60218453562753,2017-09-15,"{""type"":""MultiPoint"",""coordinates"":[]}"
1719,80.75719671340612,2017-09-16,"{""type"":""MultiPoint"",""coordinates"":[]}"
1720,78.37005406181487,2017-09-17,"{""type"":""MultiPoint"",""coordinates"":[]}"
1721,74.80594730583822,2017-09-18,"{""type"":""MultiPoint"",""coordinates"":[]}"
1722,78.14478543836357,2017-09-19,"{""type"":""MultiPoint"",""coordinates"":[]}"
1723,77.15604988743314,2017-09-20,"{""type"":""MultiPoint"",""coordinates"":[]}"
1724,82.62822492521379,2017-09-21,"{""type"":""MultiPoint"",""coordinates"":[]}"
1725,84.71309489220336,2017-09-22,"{""type"":""MultiPoint"",""coordinates"":[]}"
1726,84.59015708318888,2017-09-23,"{""type"":""MultiPoint"",""coordinates"":[]}"
1727,84.59536535290154,2017-09-24,"{""type"":""MultiPoint"",""coordinates"":[]}"
1728,80.45174261304048,2017-09-25,"{""type"":""MultiPoint"",""coordinates"":[]}"
1729,76.67738166967098,2017-09-26,"{""type"":""MultiPoint"",""coordinates"":[]}"
1730,76.28390222680693,2017-09-27,"{""type"":""MultiPoint"",""coordinates"":[]}"
1731,89.89002192901154,2017-09-28,"{""type"":""MultiPoint"",""coordinates"":[]}"
1732,87.0159604509005,2017-09-29,"{""type"":""MultiPoint"",""coordinates"":[]}"
1733,95.14046176136871,2017-09-30,"{""type"":""MultiPoint"",""coordinates"":[]}"
1734,88.08210645058453,2017-10-01,"{""type"":""MultiPoint"",""coordinates"":[]}"
1735,83.70330936133435,2017-10-02,"{""type"":""MultiPoint"",""coordinates"":[]}"
1736,83.90923103963512,2017-10-03,"{""type"":""MultiPoint"",""coordinates"":[]}"
1737,91.9907860267571,2017-10-04,"{""type"":""MultiPoint"",""coordinates"":[]}"
1738,87.59928800889753,2017-10-05,"{""type"":""MultiPoint"",""coordinates"":[]}"
1739,85.43098751817429,2017-10-06,"{""type"":""MultiPoint"",""coordinates"":[]}"
1740,83.8782267176469,2017-10-07,"{""type"":""MultiPoint"",""coordinates"":[]}"
1741,79.9677151150343,2017-10-08,"{""type"":""MultiPoint"",""coordinates"":[]}"
1742,84.84864119315039,2017-10-09,"{""type"":""MultiPoint"",""coordinates"":[]}"
1743,79.36267015738953,2017-10-10,"{""type"":""MultiPoint"",""coordinates"":[]}"
1744,90.95370312043082,2017-10-11,"{""type"":""MultiPoint"",""coordinates"":[]}"
1745,76.55422765216447,2017-10-12,"{""type"":""MultiPoint"",""coordinates"":[]}"
1746,81.42580286763122,2017-10-13,"{""type"":""MultiPoint"",""coordinates"":[]}"
1747,81.31045072816305,2017-10-14,"{""type"":""MultiPoint"",""coordinates"":[]}"
1748,77.0699731589887,2017-10-15,"{""type"":""MultiPoint"",""coordinates"":[]}"
1749,70.50415403856456,2017-10-16,"{""type"":""MultiPoint"",""coordinates"":[]}"
1750,75.46572905800846,2017-10-17,"{""type"":""MultiPoint"",""coordinates"":[]}"
1751,72.25907978006826,2017-10-18,"{""type"":""MultiPoint"",""coordinates"":[]}"
1752,73.43277201427422,2017-10-19,"{""type"":""MultiPoint"",""coordinates"":[]}"
1753,78.0239697387096,2017-10-20,"{""type"":""MultiPoint"",""coordinates"":[]}"
1754,85.4953092713265,2017-10-21,"{""type"":""MultiPoint"",""coordinates"":[]}"
1755,90.27374732088215,2017-10-22,"{""type"":""MultiPoint"",""coordinates"":[]}"
1756,86.16624519759223,2017-10-23,"{""type"":""MultiPoint"",""coordinates"":[]}"
1757,84.62583112160567,2017-10-24,"{""type"":""MultiPoint"",""coordinates"":[]}"
1758,83.13504151370172,2017-10-25,"{""type"":""MultiPoint"",""coordinates"":[]}"
1759,92.027060815105,2017-10-26,"{""type"":""MultiPoint"",""coordinates"":[]}"
1760,83.62578364171821,2017-10-27,"{""type"":""MultiPoint"",""coordinates"":[]}"
1761,89.5403562573277,2017-10-28,"{""type"":""MultiPoint"",""coordinates"":[]}"
1762,92.4101764685434,2017-10-29,"{""type"":""MultiPoint"",""coordinates"":[]}"
1763,85.6331058479056,2017-10-30,"{""type"":""MultiPoint"",""coordinates"":[]}"
1764,85.44750252218648,2017-10-31,"{""type"":""MultiPoint"",""coordinates"":[]}"
1765,83.4719440423748,2017-11-01,"{""type"":""MultiPoint"",""coordinates"":[]}"
1766,85.9374516510038,2017-11-02,"{""type"":""MultiPoint"",""coordinates"":[]}"
1767,84.19382638529407,2017-11-03,"{""type"":""MultiPoint"",""coordinates"":[]}"
1768,91.72534816379766,2017-11-04,"{""type"":""MultiPoint"",""coordinates"":[]}"
1769,92.2587745183885,2017-11-05,"{""type"":""MultiPoint"",""coordinates"":[]}"
1770,88.24326902046896,2017-11-06,"{""type"":""MultiPoint"",""coordinates"":[]}"
1771,89.06235716475034,2017-11-07,"{""type"":""MultiPoint"",""coordinates"":[]}"
1772,89.75117839922656,2017-11-08,"{""type"":""MultiPoint"",""coordinates"":[]}"
1773,91.49964152769316,2017-11-09,"{""type"":""MultiPoint"",""coordinates"":[]}"
1774,94.68961054484572,2017-11-10,"{""type"":""MultiPoint"",""coordinates"":[]}"
1775,90.21153992514648,2017-11-11,"{""type"":""MultiPoint"",""coordinates"":[]}"
1776,82.60203276644872,2017-11-12,"{""type"":""MultiPoint"",""coordinates"":[]}"
1777,84.6843666435687,2017-11-13,"{""type"":""MultiPoint"",""coordinates"":[]}"
1778,87.46491828152921,2017-11-14,"{""type"":""MultiPoint"",""coordinates"":[]}"
1779,92.93247754070507,2017-11-15,"{""type"":""MultiPoint"",""coordinates"":[]}"
1780,93.35154570339837,2017-11-16,"{""type"":""MultiPoint"",""coordinates"":[]}"
1781,92.38989621562388,2017-11-17,"{""type"":""MultiPoint"",""coordinates"":[]}"
1782,93.52284992480946,2017-11-18,"{""type"":""MultiPoint"",""coordinates"":[]}"
1783,95.77485619320895,2017-11-19,"{""type"":""MultiPoint"",""coordinates"":[]}"
1784,93.34599919695592,2017-11-20,"{""type"":""MultiPoint"",""coordinates"":[]}"
1785,88.9052606245906,2017-11-21,"{""type"":""MultiPoint"",""coordinates"":[]}"
1786,88.23971092798503,2017-11-22,"{""type"":""MultiPoint"",""coordinates"":[]}"
1787,87.19783762190919,2017-11-23,"{""type"":""MultiPoint"",""coordinates"":[]}"
1788,79.3669569438254,2017-11-24,"{""type"":""MultiPoint"",""coordinates"":[]}"
1789,86.69046677337231,2017-11-25,"{""type"":""MultiPoint"",""coordinates"":[]}"
1790,86.4361605344183,2017-11-26,"{""type"":""MultiPoint"",""coordinates"":[]}"
1791,86.96233249261338,2017-11-27,"{""type"":""MultiPoint"",""coordinates"":[]}"
1792,84.50663709261579,2017-11-28,"{""type"":""MultiPoint"",""coordinates"":[]}"
1793,79.06985952104712,2017-11-29,"{""type"":""MultiPoint"",""coordinates"":[]}"
1794,83.96424700325122,2017-11-30,"{""type"":""MultiPoint"",""coordinates"":[]}"
1795,91.23648646564702,2017-12-01,"{""type"":""MultiPoint"",""coordinates"":[]}"
1796,90.84256278443921,2017-12-02,"{""type"":""MultiPoint"",""coordinates"":[]}"
1797,89.67457861413358,2017-12-03,"{""type"":""MultiPoint"",""coordinates"":[]}"
1798,82.34543865289018,2017-12-04,"{""type"":""MultiPoint"",""coordinates"":[]}"
1799,79.42137429203376,2017-12-05,"{""type"":""MultiPoint"",""coordinates"":[]}"
1800,78.06436401550654,2017-12-06,"{""type"":""MultiPoint"",""coordinates"":[]}"
1801,71.04187641253151,2017-12-07,"{""type"":""MultiPoint"",""coordinates"":[]}"
1802,78.48862946386309,2017-12-08,"{""type"":""MultiPoint"",""coordinates"":[]}"
1803,86.20163650322684,2017-12-09,"{""type"":""MultiPoint"",""coordinates"":[]}"
1804,90.44079888701187,2017-12-10,"{""type"":""MultiPoint"",""coordinates"":[]}"
1805,88.46915679889872,2017-12-11,"{""type"":""MultiPoint"",""coordinates"":[]}"
1806,93.35908045299207,2017-12-12,"{""type"":""MultiPoint"",""coordinates"":[]}"
1807,90.03145057946763,2017-12-13,"{""type"":""MultiPoint"",""coordinates"":[]}"
1808,84.6025464970267,2017-12-14,"{""type"":""MultiPoint"",""coordinates"":[]}"
1809,79.77219963524941,2017-12-15,"{""type"":""MultiPoint"",""coordinates"":[]}"
1810,78.56394908614283,2017-12-16,"{""type"":""MultiPoint"",""coordinates"":[]}"
1811,73.43477238240138,2017-12-17,"{""type"":""MultiPoint"",""coordinates"":[]}"
1812,71.78865795839813,2017-12-18,"{""type"":""MultiPoint"",""coordinates"":[]}"
1813,67.69000156520754,2017-12-19,"{""type"":""MultiPoint"",""coordinates"":[]}"
1814,68.3279998030567,2017-12-20,"{""type"":""MultiPoint"",""coordinates"":[]}"
1815,69.89672761545643,2017-12-21,"{""type"":""MultiPoint"",""coordinates"":[]}"
1816,77.66936501483183,2017-12-22,"{""type"":""MultiPoint"",""coordinates"":[]}"
1817,77.5404232688196,2017-12-23,"{""type"":""MultiPoint"",""coordinates"":[]}"
1818,77.87674473489689,2017-12-24,"{""type"":""MultiPoint"",""coordinates"":[]}"
1819,84.7542340730744,2017-12-25,"{""type"":""MultiPoint"",""coordinates"":[]}"
1820,86.5042880851355,2017-12-26,"{""type"":""MultiPoint"",""coordinates"":[]}"
1821,82.74513827424424,2017-12-27,"{""type"":""MultiPoint"",""coordinates"":[]}"
1822,83.05773420231768,2017-12-28,"{""type"":""MultiPoint"",""coordinates"":[]}"
1823,81.97274595658943,2017-12-29,"{""type"":""MultiPoint"",""coordinates"":[]}"
1824,88.0246634749305,2017-12-30,"{""type"":""MultiPoint"",""coordinates"":[]}"
1825,91.86417916512202,2017-12-31,"{""type"":""MultiPoint"",""coordinates"":[]}"
1826,88.53140800232416,2018-01-01,"{""type"":""MultiPoint"",""coordinates"":[]}"
1827,81.4118547182014,2018-01-02,"{""type"":""MultiPoint"",""coordinates"":[]}"
1828,87.96772645259175,2018-01-03,"{""type"":""MultiPoint"",""coordinates"":[]}"
1829,89.97134989240942,2018-01-04,"{""type"":""MultiPoint"",""coordinates"":[]}"
1830,87.68188049482416,2018-01-05,"{""type"":""MultiPoint"",""coordinates"":[]}"
1831,88.9741257596209,2018-01-06,"{""type"":""MultiPoint"",""coordinates"":[]}"
1832,81.98979729094513,2018-01-07,"{""type"":""MultiPoint"",""coordinates"":[]}"
1833,82.46440486966237,2018-01-08,"{""type"":""MultiPoint"",""coordinates"":[]}"
1834,77.99956609318818,2018-01-09,"{""type"":""MultiPoint"",""coordinates"":[]}"
1835,85.18312599077994,2018-01-10,"{""type"":""MultiPoint"",""coordinates"":[]}"
1836,87.5803985383766,2018-01-11,"{""type"":""MultiPoint"",""coordinates"":[]}"
1837,87.13769941663628,2018-01-12,"{""type"":""MultiPoint"",""coordinates"":[]}"
1838,86.24077266068234,2018-01-13,"{""type"":""MultiPoint"",""coordinates"":[]}"
1839,90.29665692800573,2018-01-14,"{""type"":""MultiPoint"",""coordinates"":[]}"
1840,88.76975267743636,2018-01-15,"{""type"":""MultiPoint"",""coordinates"":[]}"
1841,86.83107596754444,2018-01-16,"{""type"":""MultiPoint"",""coordinates"":[]}"
1842,81.59619629680991,2018-01-17,"{""type"":""MultiPoint"",""coordinates"":[]}"
1843,81.9248710353436,2018-01-18,"{""type"":""MultiPoint"",""coordinates"":[]}"
1844,80.51528296732319,2018-01-19,"{""type"":""MultiPoint"",""coordinates"":[]}"
1845,81.81929046315392,2018-01-20,"{""type"":""MultiPoint"",""coordinates"":[]}"
1846,81.17727178262531,2018-01-21,"{""type"":""MultiPoint"",""coordinates"":[]}"
1847,79.36278414968966,2018-01-22,"{""type"":""MultiPoint"",""coordinates"":[]}"
1848,76.0687142378317,2018-01-23,"{""type"":""MultiPoint"",""coordinates"":[]}"
1849,72.94957077562849,2018-01-24,"{""type"":""MultiPoint"",""coordinates"":[]}"
1850,71.0158884867851,2018-01-25,"{""type"":""MultiPoint"",""coordinates"":[]}"
1851,71.7713716086085,2018-01-26,"{""type"":""MultiPoint"",""coordinates"":[]}"
1852,72.10139729521872,2018-01-27,"{""type"":""MultiPoint"",""coordinates"":[]}"
1853,78.61729349409066,2018-01-28,"{""type"":""MultiPoint"",""coordinates"":[]}"
1854,82.14837682618764,2018-01-29,"{""type"":""MultiPoint"",""coordinates"":[]}"
1855,84.13976762764565,2018-01-30,"{""type"":""MultiPoint"",""coordinates"":[]}"
1856,78.22849480020595,2018-01-31,"{""type"":""MultiPoint"",""coordinates"":[]}"
1857,72.88670603055459,2018-02-01,"{""type"":""MultiPoint"",""coordinates"":[]}"
1858,83.2919988181968,2018-02-02,"{""type"":""MultiPoint"",""coordinates"":[]}"
1859,84.90580901616269,2018-02-03,"{""type"":""MultiPoint"",""coordinates"":[]}"
1860,85.91871756909866,2018-02-04,"{""type"":""MultiPoint"",""coordinates"":[]}"
1861,79.78311735309501,2018-02-05,"{""type"":""MultiPoint"",""coordinates"":[]}"
1862,76.75843580819672,2018-02-06,"{""type"":""MultiPoint"",""coordinates"":[]}"
1863,69.49628013957356,2018-02-07,"{""type"":""MultiPoint"",""coordinates"":[]}"
1864,68.36833673709368,2018-02-08,"{""type"":""MultiPoint"",""coordinates"":[]}"
1865,65.15939428766374,2018-02-09,"{""type"":""MultiPoint"",""coordinates"":[]}"
1866,67.51081293737757,2018-02-10,"{""type"":""MultiPoint"",""coordinates"":[]}"
1867,71.34316180314315,2018-02-11,"{""type"":""MultiPoint"",""coordinates"":[]}"
1868,79.04607836078114,2018-02-12,"{""type"":""MultiPoint"",""coordinates"":[]}"
1869,78.91455424619636,2018-02-13,"{""type"":""MultiPoint"",""coordinates"":[]}"
1870,75.43295505681799,2018-02-14,"{""type"":""MultiPoint"",""coordinates"":[]}"
1871,71.71544610382661,2018-02-15,"{""type"":""MultiPoint"",""coordinates"":[]}"
1872,72.69282403744647,2018-02-16,"{""type"":""MultiPoint"",""coordinates"":[]}"
1873,79.11125630139325,2018-02-17,"{""type"":""MultiPoint"",""coordinates"":[]}"
1874,81.51636420931179,2018-02-18,"{""type"":""MultiPoint"",""coordinates"":[]}"
1875,75.3829353721636,2018-02-19,"{""type"":""MultiPoint"",""coordinates"":[]}"
1876,74.93442157684454,2018-02-20,"{""type"":""MultiPoint"",""coordinates"":[]}"
1877,64.5690876522459,2018-02-21,"{""type"":""MultiPoint"",""coordinates"":[]}"
1878,63.912587287251704,2018-02-22,"{""type"":""MultiPoint"",""coordinates"":[]}"
1879,63.80769109269715,2018-02-23,"{""type"":""MultiPoint"",""coordinates"":[]}"
1880,67.23833701492211,2018-02-24,"{""type"":""MultiPoint"",""coordinates"":[]}"
1881,67.04494093237697,2018-02-25,"{""type"":""MultiPoint"",""coordinates"":[]}"
1882,68.99651202159346,2018-02-26,"{""type"":""MultiPoint"",""coordinates"":[]}"
1883,63.88388001520835,2018-02-27,"{""type"":""MultiPoint"",""coordinates"":[]}"
1884,65.97677964339651,2018-02-28,"{""type"":""MultiPoint"",""coordinates"":[]}"
1885,70.61872888113317,2018-03-01,"{""type"":""MultiPoint"",""coordinates"":[]}"
1886,71.37740035595652,2018-03-02,"{""type"":""MultiPoint"",""coordinates"":[]}"
1887,71.15543368273234,2018-03-03,"{""type"":""MultiPoint"",""coordinates"":[]}"
1888,78.55033624966221,2018-03-04,"{""type"":""MultiPoint"",""coordinates"":[]}"
1889,80.260645773131,2018-03-05,"{""type"":""MultiPoint"",""coordinates"":[]}"
1890,88.48130092017657,2018-03-06,"{""type"":""MultiPoint"",""coordinates"":[]}"
1891,78.46086518511278,2018-03-07,"{""type"":""MultiPoint"",""coordinates"":[]}"
1892,80.53395798884988,2018-03-08,"{""type"":""MultiPoint"",""coordinates"":[]}"
1893,74.85534377064356,2018-03-09,"{""type"":""MultiPoint"",""coordinates"":[]}"
1894,72.60137762894364,2018-03-10,"{""type"":""MultiPoint"",""coordinates"":[]}"
1895,69.35096168648326,2018-03-11,"{""type"":""MultiPoint"",""coordinates"":[]}"
1896,70.67973491394676,2018-03-12,"{""type"":""MultiPoint"",""coordinates"":[]}"
1897,58.616279237851955,2018-03-13,"{""type"":""MultiPoint"",""coordinates"":[]}"
1898,67.19222035338872,2018-03-14,"{""type"":""MultiPoint"",""coordinates"":[]}"
1899,77.72488443208063,2018-03-15,"{""type"":""MultiPoint"",""coordinates"":[]}"
1900,85.53675683023714,2018-03-16,"{""type"":""MultiPoint"",""coordinates"":[]}"
1901,79.60597665052633,2018-03-17,"{""type"":""MultiPoint"",""coordinates"":[]}"
1902,85.7961301243579,2018-03-18,"{""type"":""MultiPoint"",""coordinates"":[]}"
1903,82.56435011997921,2018-03-19,"{""type"":""MultiPoint"",""coordinates"":[]}"
1904,80.12456891865536,2018-03-20,"{""type"":""MultiPoint"",""coordinates"":[]}"
1905,85.54243442608437,2018-03-21,"{""type"":""MultiPoint"",""coordinates"":[]}"
1906,86.66278224150888,2018-03-22,"{""type"":""MultiPoint"",""coordinates"":[]}"
1907,84.82311962675384,2018-03-23,"{""type"":""MultiPoint"",""coordinates"":[]}"
1908,85.2947987349108,2018-03-24,"{""type"":""MultiPoint"",""coordinates"":[]}"
1909,79.35288479869041,2018-03-25,"{""type"":""MultiPoint"",""coordinates"":[]}"
1910,80.4924110027405,2018-03-26,"{""type"":""MultiPoint"",""coordinates"":[]}"
1911,79.64988097145901,2018-03-27,"{""type"":""MultiPoint"",""coordinates"":[]}"
1912,78.41645879271262,2018-03-28,"{""type"":""MultiPoint"",""coordinates"":[]}"
1913,86.91435186987088,2018-03-29,"{""type"":""MultiPoint"",""coordinates"":[]}"
1914,84.85342323798939,2018-03-30,"{""type"":""MultiPoint"",""coordinates"":[]}"
1915,83.03976703103238,2018-03-31,"{""type"":""MultiPoint"",""coordinates"":[]}"
1916,85.73752853649324,2018-04-01,"{""type"":""MultiPoint"",""coordinates"":[]}"
1917,91.1528671923769,2018-04-02,"{""type"":""MultiPoint"",""coordinates"":[]}"
1918,90.82327752778433,2018-04-03,"{""type"":""MultiPoint"",""coordinates"":[]}"
1919,93.46171426264799,2018-04-04,"{""type"":""MultiPoint"",""coordinates"":[]}"
1920,90.34652618351589,2018-04-05,"{""type"":""MultiPoint"",""coordinates"":[]}"
1921,92.3831091072232,2018-04-06,"{""type"":""MultiPoint"",""coordinates"":[]}"
1922,87.01795259626694,2018-04-07,"{""type"":""MultiPoint"",""coordinates"":[]}"
1923,80.46450756290619,2018-04-08,"{""type"":""MultiPoint"",""coordinates"":[]}"
1924,84.61696211937827,2018-04-09,"{""type"":""MultiPoint"",""coordinates"":[]}"
1925,89.7911240849104,2018-04-10,"{""type"":""MultiPoint"",""coordinates"":[]}"
1926,89.86643245526788,2018-04-11,"{""type"":""MultiPoint"",""coordinates"":[]}"
1927,91.35607643301307,2018-04-12,"{""type"":""MultiPoint"",""coordinates"":[]}"
1928,90.77825133305394,2018-04-13,"{""type"":""MultiPoint"",""coordinates"":[]}"
1929,90.35371305230755,2018-04-14,"{""type"":""MultiPoint"",""coordinates"":[]}"
1930,85.51443648355746,2018-04-15,"{""type"":""MultiPoint"",""coordinates"":[]}"
1931,87.952915919132,2018-04-16,"{""type"":""MultiPoint"",""coordinates"":[]}"
1932,89.60298396561062,2018-04-17,"{""type"":""MultiPoint"",""coordinates"":[]}"
1933,89.55608185584026,2018-04-18,"{""type"":""MultiPoint"",""coordinates"":[]}"
1934,86.61147049381269,2018-04-19,"{""type"":""MultiPoint"",""coordinates"":[]}"
1935,85.56990046547077,2018-04-20,"{""type"":""MultiPoint"",""coordinates"":[]}"
1936,84.12378916094029,2018-04-21,"{""type"":""MultiPoint"",""coordinates"":[]}"
1937,86.81904632204913,2018-04-22,"{""type"":""MultiPoint"",""coordinates"":[]}"
1938,88.7400500858409,2018-04-23,"{""type"":""MultiPoint"",""coordinates"":[]}"
1939,86.46633001213276,2018-04-24,"{""type"":""MultiPoint"",""coordinates"":[]}"
1940,89.86807622863678,2018-04-25,"{""type"":""MultiPoint"",""coordinates"":[]}"
1941,90.84293077797237,2018-04-26,"{""type"":""MultiPoint"",""coordinates"":[]}"
1942,93.80750694809448,2018-04-27,"{""type"":""MultiPoint"",""coordinates"":[]}"
1943,90.40054296314565,2018-04-28,"{""type"":""MultiPoint"",""coordinates"":[]}"
1944,92.0389933124831,2018-04-29,"{""type"":""MultiPoint"",""coordinates"":[]}"
1945,88.95654675100434,2018-04-30,"{""type"":""MultiPoint"",""coordinates"":[]}"
1946,87.44641779113668,2018-05-01,"{""type"":""MultiPoint"",""coordinates"":[]}"
1947,88.76798466541162,2018-05-02,"{""type"":""MultiPoint"",""coordinates"":[]}"
1948,86.61295875676764,2018-05-03,"{""type"":""MultiPoint"",""coordinates"":[]}"
1949,90.62827426941426,2018-05-04,"{""type"":""MultiPoint"",""coordinates"":[]}"
1950,87.67837195791178,2018-05-05,"{""type"":""MultiPoint"",""coordinates"":[]}"
1951,92.1233329180372,2018-05-06,"{""type"":""MultiPoint"",""coordinates"":[]}"
1952,93.00715351249595,2018-05-07,"{""type"":""MultiPoint"",""coordinates"":[]}"
1953,88.7069454842564,2018-05-08,"{""type"":""MultiPoint"",""coordinates"":[]}"
1954,85.20397490350025,2018-05-09,"{""type"":""MultiPoint"",""coordinates"":[]}"
1955,84.81500611740782,2018-05-10,"{""type"":""MultiPoint"",""coordinates"":[]}"
1956,89.17280083909304,2018-05-11,"{""type"":""MultiPoint"",""coordinates"":[]}"
1957,89.52449482439162,2018-05-12,"{""type"":""MultiPoint"",""coordinates"":[]}"
1958,95.70560522546957,2018-05-13,"{""type"":""MultiPoint"",""coordinates"":[]}"
1959,93.16789971372897,2018-05-14,"{""type"":""MultiPoint"",""coordinates"":[]}"
1960,90.20984481246688,2018-05-15,"{""type"":""MultiPoint"",""coordinates"":[]}"
1961,84.28628557259188,2018-05-16,"{""type"":""MultiPoint"",""coordinates"":[]}"
1962,89.2297245270013,2018-05-17,"{""type"":""MultiPoint"",""coordinates"":[]}"
1963,89.11362522103006,2018-05-18,"{""type"":""MultiPoint"",""coordinates"":[]}"
1964,90.91004209110747,2018-05-19,"{""type"":""MultiPoint"",""coordinates"":[]}"
1965,90.06110054161599,2018-05-20,"{""type"":""MultiPoint"",""coordinates"":[]}"
1966,91.47414163747014,2018-05-21,"{""type"":""MultiPoint"",""coordinates"":[]}"
1967,87.45220772703357,2018-05-22,"{""type"":""MultiPoint"",""coordinates"":[]}"
1968,91.44760266476278,2018-05-23,"{""type"":""MultiPoint"",""coordinates"":[]}"
1969,89.18075465062073,2018-05-24,"{""type"":""MultiPoint"",""coordinates"":[]}"
1970,85.02680010113063,2018-05-25,"{""type"":""MultiPoint"",""coordinates"":[]}"
1971,89.23782672141219,2018-05-26,"{""type"":""MultiPoint"",""coordinates"":[]}"
1972,88.26077254416764,2018-05-27,"{""type"":""MultiPoint"",""coordinates"":[]}"
1973,90.19897510482544,2018-05-28,"{""type"":""MultiPoint"",""coordinates"":[]}"
1974,88.36109565348637,2018-05-29,"{""type"":""MultiPoint"",""coordinates"":[]}"
1975,89.79195165169595,2018-05-30,"{""type"":""MultiPoint"",""coordinates"":[]}"
1976,86.63247891823426,2018-05-31,"{""type"":""MultiPoint"",""coordinates"":[]}"
1977,87.478782384098,2018-06-01,"{""type"":""MultiPoint"",""coordinates"":[]}"
1978,87.96389053115674,2018-06-02,"{""type"":""MultiPoint"",""coordinates"":[]}"
1979,86.27862895126458,2018-06-03,"{""type"":""MultiPoint"",""coordinates"":[]}"
1980,84.6883064202897,2018-06-04,"{""type"":""MultiPoint"",""coordinates"":[]}"
1981,82.8133309459762,2018-06-05,"{""type"":""MultiPoint"",""coordinates"":[]}"
1982,86.45077686721807,2018-06-06,"{""type"":""MultiPoint"",""coordinates"":[]}"
1983,85.24699326980486,2018-06-07,"{""type"":""MultiPoint"",""coordinates"":[]}"
1984,79.99760761493816,2018-06-08,"{""type"":""MultiPoint"",""coordinates"":[]}"
1985,81.72744784890597,2018-06-09,"{""type"":""MultiPoint"",""coordinates"":[]}"
1986,84.476685735326,2018-06-10,"{""type"":""MultiPoint"",""coordinates"":[]}"
1987,87.6936833780116,2018-06-11,"{""type"":""MultiPoint"",""coordinates"":[]}"
1988,88.49906837812027,2018-06-12,"{""type"":""MultiPoint"",""coordinates"":[]}"
1989,84.78900970484507,2018-06-13,"{""type"":""MultiPoint"",""coordinates"":[]}"
1990,87.12580436489132,2018-06-14,"{""type"":""MultiPoint"",""coordinates"":[]}"
1991,78.72893477349852,2018-06-15,"{""type"":""MultiPoint"",""coordinates"":[]}"
1992,81.18376015413588,2018-06-16,"{""type"":""MultiPoint"",""coordinates"":[]}"
1993,83.20328032934991,2018-06-17,"{""type"":""MultiPoint"",""coordinates"":[]}"
1994,82.0235977674476,2018-06-18,"{""type"":""MultiPoint"",""coordinates"":[]}"
1995,77.97220499304052,2018-06-19,"{""type"":""MultiPoint"",""coordinates"":[]}"
1996,78.84682672314803,2018-06-20,"{""type"":""MultiPoint"",""coordinates"":[]}"
1997,78.42735854436178,2018-06-21,"{""type"":""MultiPoint"",""coordinates"":[]}"
1998,79.95000403192479,2018-06-22,"{""type"":""MultiPoint"",""coordinates"":[]}"
1999,84.08506147018251,2018-06-23,"{""type"":""MultiPoint"",""coordinates"":[]}"
2000,87.77747426056551,2018-06-24,"{""type"":""MultiPoint"",""coordinates"":[]}"
2001,84.21503716857764,2018-06-25,"{""type"":""MultiPoint"",""coordinates"":[]}"
2002,81.87135330544814,2018-06-26,"{""type"":""MultiPoint"",""coordinates"":[]}"
2003,83.80318024170234,2018-06-27,"{""type"":""MultiPoint"",""coordinates"":[]}"
2004,87.37388566908254,2018-06-28,"{""type"":""MultiPoint"",""coordinates"":[]}"
2005,87.61790924502999,2018-06-29,"{""type"":""MultiPoint"",""coordinates"":[]}"
2006,86.56253936111888,2018-06-30,"{""type"":""MultiPoint"",""coordinates"":[]}"
2007,83.66659150850509,2018-07-01,"{""type"":""MultiPoint"",""coordinates"":[]}"
2008,86.68999748419543,2018-07-02,"{""type"":""MultiPoint"",""coordinates"":[]}"
2009,84.09308048982344,2018-07-03,"{""type"":""MultiPoint"",""coordinates"":[]}"
2010,83.7818748494303,2018-07-04,"{""type"":""MultiPoint"",""coordinates"":[]}"
2011,82.19881505602352,2018-07-05,"{""type"":""MultiPoint"",""coordinates"":[]}"
2012,79.00120847863802,2018-07-06,"{""type"":""MultiPoint"",""coordinates"":[]}"
2013,84.18570346701196,2018-07-07,"{""type"":""MultiPoint"",""coordinates"":[]}"
2014,85.06385215707466,2018-07-08,"{""type"":""MultiPoint"",""coordinates"":[]}"
2015,85.06405232702308,2018-07-09,"{""type"":""MultiPoint"",""coordinates"":[]}"
2016,76.44130579461755,2018-07-10,"{""type"":""MultiPoint"",""coordinates"":[]}"
2017,76.97995441545966,2018-07-11,"{""type"":""MultiPoint"",""coordinates"":[]}"
2018,81.02048244021535,2018-07-12,"{""type"":""MultiPoint"",""coordinates"":[]}"
2019,75.58683293415709,2018-07-13,"{""type"":""MultiPoint"",""coordinates"":[]}"
2020,75.91342440235833,2018-07-14,"{""type"":""MultiPoint"",""coordinates"":[]}"
2021,76.88518763840271,2018-07-15,"{""type"":""MultiPoint"",""coordinates"":[]}"
2022,73.47823123850925,2018-07-16,"{""type"":""MultiPoint"",""coordinates"":[]}"
2023,77.11474241171291,2018-07-17,"{""type"":""MultiPoint"",""coordinates"":[]}"
2024,84.24298784310018,2018-07-18,"{""type"":""MultiPoint"",""coordinates"":[]}"
2025,80.23210915317394,2018-07-19,"{""type"":""MultiPoint"",""coordinates"":[]}"
2026,82.67871273454311,2018-07-20,"{""type"":""MultiPoint"",""coordinates"":[]}"
2027,87.66041595532018,2018-07-21,"{""type"":""MultiPoint"",""coordinates"":[]}"
2028,84.43571601997685,2018-07-22,"{""type"":""MultiPoint"",""coordinates"":[]}"
2029,80.67195586846185,2018-07-23,"{""type"":""MultiPoint"",""coordinates"":[]}"
2030,90.28799382427792,2018-07-24,"{""type"":""MultiPoint"",""coordinates"":[]}"
2031,82.9360566935694,2018-07-25,"{""type"":""MultiPoint"",""coordinates"":[]}"
2032,86.09892211755515,2018-07-26,"{""type"":""MultiPoint"",""coordinates"":[]}"
2033,80.12597212733614,2018-07-27,"{""type"":""MultiPoint"",""coordinates"":[]}"
2034,84.47748342745471,2018-07-28,"{""type"":""MultiPoint"",""coordinates"":[]}"
2035,86.50866902315461,2018-07-29,"{""type"":""MultiPoint"",""coordinates"":[]}"
2036,88.40872451486837,2018-07-30,"{""type"":""MultiPoint"",""coordinates"":[]}"
2037,87.68960433678251,2018-07-31,"{""type"":""MultiPoint"",""coordinates"":[]}"
2038,87.48624836216635,2018-08-01,"{""type"":""MultiPoint"",""coordinates"":[]}"
2039,83.57166412285441,2018-08-02,"{""type"":""MultiPoint"",""coordinates"":[]}"
2040,76.72873301464308,2018-08-03,"{""type"":""MultiPoint"",""coordinates"":[]}"
2041,86.21083797276337,2018-08-04,"{""type"":""MultiPoint"",""coordinates"":[]}"
2042,88.36055513001071,2018-08-05,"{""type"":""MultiPoint"",""coordinates"":[]}"
2043,79.24272886973627,2018-08-06,"{""type"":""MultiPoint"",""coordinates"":[]}"
2044,74.08833584698093,2018-08-07,"{""type"":""MultiPoint"",""coordinates"":[]}"
2045,75.96527184701121,2018-08-08,"{""type"":""MultiPoint"",""coordinates"":[]}"
2046,71.84682861130264,2018-08-09,"{""type"":""MultiPoint"",""coordinates"":[]}"
2047,70.38920758903951,2018-08-10,"{""type"":""MultiPoint"",""coordinates"":[]}"
2048,63.55659871461979,2018-08-11,"{""type"":""MultiPoint"",""coordinates"":[]}"
2049,68.78855843590013,2018-08-12,"{""type"":""MultiPoint"",""coordinates"":[]}"
2050,76.23124108520797,2018-08-13,"{""type"":""MultiPoint"",""coordinates"":[]}"
2051,82.70730520736635,2018-08-14,"{""type"":""MultiPoint"",""coordinates"":[]}"
2052,85.69623363572639,2018-08-15,"{""type"":""MultiPoint"",""coordinates"":[]}"
2053,73.31776332033135,2018-08-16,"{""type"":""MultiPoint"",""coordinates"":[]}"
2054,70.86921639544055,2018-08-17,"{""type"":""MultiPoint"",""coordinates"":[]}"
2055,74.3527651273359,2018-08-18,"{""type"":""MultiPoint"",""coordinates"":[]}"
2056,72.50945636708222,2018-08-19,"{""type"":""MultiPoint"",""coordinates"":[]}"
2057,71.72353055994346,2018-08-20,"{""type"":""MultiPoint"",""coordinates"":[]}"
2058,76.05557838836937,2018-08-21,"{""type"":""MultiPoint"",""coordinates"":[]}"
2059,75.09494643145787,2018-08-22,"{""type"":""MultiPoint"",""coordinates"":[]}"
2060,76.86959257093618,2018-08-23,"{""type"":""MultiPoint"",""coordinates"":[]}"
2061,81.40766818850175,2018-08-24,"{""type"":""MultiPoint"",""coordinates"":[]}"
2062,72.37040674266929,2018-08-25,"{""type"":""MultiPoint"",""coordinates"":[]}"
2063,69.62852315806144,2018-08-26,"{""type"":""MultiPoint"",""coordinates"":[]}"
2064,75.3911449774627,2018-08-27,"{""type"":""MultiPoint"",""coordinates"":[]}"
2065,70.72011139119593,2018-08-28,"{""type"":""MultiPoint"",""coordinates"":[]}"
2066,70.59015665409781,2018-08-29,"{""type"":""MultiPoint"",""coordinates"":[]}"
2067,78.70829553619166,2018-08-30,"{""type"":""MultiPoint"",""coordinates"":[]}"
2068,76.7071678174908,2018-08-31,"{""type"":""MultiPoint"",""coordinates"":[]}"
2069,78.64589651145567,2018-09-01,"{""type"":""MultiPoint"",""coordinates"":[]}"
2070,74.89350565055074,2018-09-02,"{""type"":""MultiPoint"",""coordinates"":[]}"
2071,77.31517413042444,2018-09-03,"{""type"":""MultiPoint"",""coordinates"":[]}"
2072,83.29291688743602,2018-09-04,"{""type"":""MultiPoint"",""coordinates"":[]}"
2073,82.83189832053532,2018-09-05,"{""type"":""MultiPoint"",""coordinates"":[]}"
2074,85.09638859951671,2018-09-06,"{""type"":""MultiPoint"",""coordinates"":[]}"
2075,77.40874100296799,2018-09-07,"{""type"":""MultiPoint"",""coordinates"":[]}"
2076,77.2776565395502,2018-09-08,"{""type"":""MultiPoint"",""coordinates"":[]}"
2077,70.18423047726891,2018-09-09,"{""type"":""MultiPoint"",""coordinates"":[]}"
2078,68.38508268046176,2018-09-10,"{""type"":""MultiPoint"",""coordinates"":[]}"
2079,67.9236187428056,2018-09-11,"{""type"":""MultiPoint"",""coordinates"":[]}"
2080,69.69182020429714,2018-09-12,"{""type"":""MultiPoint"",""coordinates"":[]}"
2081,86.2712444403785,2018-09-13,"{""type"":""MultiPoint"",""coordinates"":[]}"
2082,91.30559258982396,2018-09-14,"{""type"":""MultiPoint"",""coordinates"":[]}"
2083,91.5425209260298,2018-09-15,"{""type"":""MultiPoint"",""coordinates"":[]}"
2084,90.57190662225442,2018-09-16,"{""type"":""MultiPoint"",""coordinates"":[]}"
2085,82.48999166142873,2018-09-17,"{""type"":""MultiPoint"",""coordinates"":[]}"
2086,82.37844451649445,2018-09-18,"{""type"":""MultiPoint"",""coordinates"":[]}"
2087,85.32354772515697,2018-09-19,"{""type"":""MultiPoint"",""coordinates"":[]}"
2088,74.55849744295296,2018-09-20,"{""type"":""MultiPoint"",""coordinates"":[]}"
2089,73.11424888935727,2018-09-21,"{""type"":""MultiPoint"",""coordinates"":[]}"
2090,76.1184528717768,2018-09-22,"{""type"":""MultiPoint"",""coordinates"":[]}"
2091,73.5744646959297,2018-09-23,"{""type"":""MultiPoint"",""coordinates"":[]}"
2092,69.68154591448152,2018-09-24,"{""type"":""MultiPoint"",""coordinates"":[]}"
2093,71.99029272070322,2018-09-25,"{""type"":""MultiPoint"",""coordinates"":[]}"
2094,78.76025555005528,2018-09-26,"{""type"":""MultiPoint"",""coordinates"":[]}"
2095,83.94389787909043,2018-09-27,"{""type"":""MultiPoint"",""coordinates"":[]}"
2096,89.41682654777263,2018-09-28,"{""type"":""MultiPoint"",""coordinates"":[]}"
2097,87.14808182593657,2018-09-29,"{""type"":""MultiPoint"",""coordinates"":[]}"
2098,87.0519282357136,2018-09-30,"{""type"":""MultiPoint"",""coordinates"":[]}"
2099,84.97838570345385,2018-10-01,"{""type"":""MultiPoint"",""coordinates"":[]}"
2100,83.58917456827612,2018-10-02,"{""type"":""MultiPoint"",""coordinates"":[]}"
2101,89.5984180427676,2018-10-03,"{""type"":""MultiPoint"",""coordinates"":[]}"
2102,91.46595371983499,2018-10-04,"{""type"":""MultiPoint"",""coordinates"":[]}"
2103,89.24994366840508,2018-10-05,"{""type"":""MultiPoint"",""coordinates"":[]}"
2104,86.19451810118353,2018-10-06,"{""type"":""MultiPoint"",""coordinates"":[]}"
2105,82.9733350235043,2018-10-07,"{""type"":""MultiPoint"",""coordinates"":[]}"
2106,85.23580782654791,2018-10-08,"{""type"":""MultiPoint"",""coordinates"":[]}"
2107,93.06329413191189,2018-10-09,"{""type"":""MultiPoint"",""coordinates"":[]}"
2108,94.09693564268292,2018-10-10,"{""type"":""MultiPoint"",""coordinates"":[]}"
2109,88.58566135753176,2018-10-11,"{""type"":""MultiPoint"",""coordinates"":[]}"
2110,86.57098259495551,2018-10-12,"{""type"":""MultiPoint"",""coordinates"":[]}"
2111,88.9274583835754,2018-10-13,"{""type"":""MultiPoint"",""coordinates"":[]}"
2112,87.18615191935696,2018-10-14,"{""type"":""MultiPoint"",""coordinates"":[]}"
2113,86.1693139271501,2018-10-15,"{""type"":""MultiPoint"",""coordinates"":[]}"
2114,89.52112384807727,2018-10-16,"{""type"":""MultiPoint"",""coordinates"":[]}"
2115,87.90725243041118,2018-10-17,"{""type"":""MultiPoint"",""coordinates"":[]}"
2116,84.59457509173629,2018-10-18,"{""type"":""MultiPoint"",""coordinates"":[]}"
2117,90.99943148387554,2018-10-19,"{""type"":""MultiPoint"",""coordinates"":[]}"
2118,85.6490415407949,2018-10-20,"{""type"":""MultiPoint"",""coordinates"":[]}"
2119,92.60053077718156,2018-10-21,"{""type"":""MultiPoint"",""coordinates"":[]}"
2120,88.54660951728329,2018-10-22,"{""type"":""MultiPoint"",""coordinates"":[]}"
2121,86.86407138536372,2018-10-23,"{""type"":""MultiPoint"",""coordinates"":[]}"
2122,89.94680720229859,2018-10-24,"{""type"":""MultiPoint"",""coordinates"":[]}"
2123,92.02741301007835,2018-10-25,"{""type"":""MultiPoint"",""coordinates"":[]}"
2124,91.32612631823088,2018-10-26,"{""type"":""MultiPoint"",""coordinates"":[]}"
2125,89.16637547476535,2018-10-27,"{""type"":""MultiPoint"",""coordinates"":[]}"
2126,83.14404103786013,2018-10-28,"{""type"":""MultiPoint"",""coordinates"":[]}"
2127,80.73814797960499,2018-10-29,"{""type"":""MultiPoint"",""coordinates"":[]}"
2128,87.40093213384371,2018-10-30,"{""type"":""MultiPoint"",""coordinates"":[]}"
2129,87.4392347885556,2018-10-31,"{""type"":""MultiPoint"",""coordinates"":[]}"
2130,86.84866452545516,2018-11-01,"{""type"":""MultiPoint"",""coordinates"":[]}"
2131,89.5742509653182,2018-11-02,"{""type"":""MultiPoint"",""coordinates"":[]}"
2132,81.64627543214444,2018-11-03,"{""type"":""MultiPoint"",""coordinates"":[]}"
2133,84.25379081273715,2018-11-04,"{""type"":""MultiPoint"",""coordinates"":[]}"
2134,94.27666295042519,2018-11-05,"{""type"":""MultiPoint"",""coordinates"":[]}"
2135,88.24657812828697,2018-11-06,"{""type"":""MultiPoint"",""coordinates"":[]}"
2136,90.7288067298262,2018-11-07,"{""type"":""MultiPoint"",""coordinates"":[]}"
2137,84.84718522036907,2018-11-08,"{""type"":""MultiPoint"",""coordinates"":[]}"
2138,93.61940624168773,2018-11-09,"{""type"":""MultiPoint"",""coordinates"":[]}"
2139,90.08901291312242,2018-11-10,"{""type"":""MultiPoint"",""coordinates"":[]}"
2140,88.85827115223869,2018-11-11,"{""type"":""MultiPoint"",""coordinates"":[]}"
2141,89.08128082161568,2018-11-12,"{""type"":""MultiPoint"",""coordinates"":[]}"
2142,87.4126647890979,2018-11-13,"{""type"":""MultiPoint"",""coordinates"":[]}"
2143,81.75292405939679,2018-11-14,"{""type"":""MultiPoint"",""coordinates"":[]}"
2144,87.60736605735211,2018-11-15,"{""type"":""MultiPoint"",""coordinates"":[]}"
2145,91.56973097014166,2018-11-16,"{""type"":""MultiPoint"",""coordinates"":[]}"
2146,84.05644870564066,2018-11-17,"{""type"":""MultiPoint"",""coordinates"":[]}"
2147,82.65950886408108,2018-11-18,"{""type"":""MultiPoint"",""coordinates"":[]}"
2148,88.67509915546947,2018-11-19,"{""type"":""MultiPoint"",""coordinates"":[]}"
2149,81.29393280102595,2018-11-20,"{""type"":""MultiPoint"",""coordinates"":[]}"
2150,82.73352390733902,2018-11-21,"{""type"":""MultiPoint"",""coordinates"":[]}"
2151,81.45691488779836,2018-11-22,"{""type"":""MultiPoint"",""coordinates"":[]}"
2152,91.59527063449677,2018-11-23,"{""type"":""MultiPoint"",""coordinates"":[]}"
2153,91.01301845616815,2018-11-24,"{""type"":""MultiPoint"",""coordinates"":[]}"
2154,89.4818744445355,2018-11-25,"{""type"":""MultiPoint"",""coordinates"":[]}"
2155,89.30832863858029,2018-11-26,"{""type"":""MultiPoint"",""coordinates"":[]}"
2156,91.81931005038571,2018-11-27,"{""type"":""MultiPoint"",""coordinates"":[]}"
2157,92.49958947801741,2018-11-28,"{""type"":""MultiPoint"",""coordinates"":[]}"
2158,85.32675310862037,2018-11-29,"{""type"":""MultiPoint"",""coordinates"":[]}"
2159,91.85108759473873,2018-11-30,"{""type"":""MultiPoint"",""coordinates"":[]}"
2160,88.84972326310428,2018-12-01,"{""type"":""MultiPoint"",""coordinates"":[]}"
2161,80.78388380534504,2018-12-02,"{""type"":""MultiPoint"",""coordinates"":[]}"
2162,73.4271972669456,2018-12-03,"{""type"":""MultiPoint"",""coordinates"":[]}"
2163,73.96700842789853,2018-12-04,"{""type"":""MultiPoint"",""coordinates"":[]}"
2164,81.64591530951746,2018-12-05,"{""type"":""MultiPoint"",""coordinates"":[]}"
2165,79.95081722206453,2018-12-06,"{""type"":""MultiPoint"",""coordinates"":[]}"
2166,76.99601429286047,2018-12-07,"{""type"":""MultiPoint"",""coordinates"":[]}"
2167,78.62603460267077,2018-12-08,"{""type"":""MultiPoint"",""coordinates"":[]}"
2168,79.03936580737849,2018-12-09,"{""type"":""MultiPoint"",""coordinates"":[]}"
2169,76.34370719489867,2018-12-10,"{""type"":""MultiPoint"",""coordinates"":[]}"
2170,75.89029990240628,2018-12-11,"{""type"":""MultiPoint"",""coordinates"":[]}"
2171,81.10150319515009,2018-12-12,"{""type"":""MultiPoint"",""coordinates"":[]}"
2172,75.25510319032996,2018-12-13,"{""type"":""MultiPoint"",""coordinates"":[]}"
2173,85.42482543724186,2018-12-14,"{""type"":""MultiPoint"",""coordinates"":[]}"
2174,84.4644071454285,2018-12-15,"{""type"":""MultiPoint"",""coordinates"":[]}"
2175,75.50538931209347,2018-12-16,"{""type"":""MultiPoint"",""coordinates"":[]}"
2176,77.07254652373729,2018-12-17,"{""type"":""MultiPoint"",""coordinates"":[]}"
2177,80.26803734711527,2018-12-18,"{""type"":""MultiPoint"",""coordinates"":[]}"
2178,83.4081248838859,2018-12-19,"{""type"":""MultiPoint"",""coordinates"":[]}"
2179,74.8205455339384,2018-12-20,"{""type"":""MultiPoint"",""coordinates"":[]}"
2180,80.3458696512151,2018-12-21,"{""type"":""MultiPoint"",""coordinates"":[]}"
2181,84.45381119522254,2018-12-22,"{""type"":""MultiPoint"",""coordinates"":[]}"
2182,78.70759671187353,2018-12-23,"{""type"":""MultiPoint"",""coordinates"":[]}"
2183,76.61354530289306,2018-12-24,"{""type"":""MultiPoint"",""coordinates"":[]}"
2184,74.6047962764886,2018-12-25,"{""type"":""MultiPoint"",""coordinates"":[]}"
2185,72.57077822595464,2018-12-26,"{""type"":""MultiPoint"",""coordinates"":[]}"
2186,74.82833966971496,2018-12-27,"{""type"":""MultiPoint"",""coordinates"":[]}"
2187,74.35745934465086,2018-12-28,"{""type"":""MultiPoint"",""coordinates"":[]}"
2188,71.46192789709225,2018-12-29,"{""type"":""MultiPoint"",""coordinates"":[]}"
2189,72.40203739644886,2018-12-30,"{""type"":""MultiPoint"",""coordinates"":[]}"
2190,78.23431639711826,2018-12-31,"{""type"":""MultiPoint"",""coordinates"":[]}"
2191,70.39062886124505,2019-01-01,"{""type"":""MultiPoint"",""coordinates"":[]}"
2192,68.17202894811425,2019-01-02,"{""type"":""MultiPoint"",""coordinates"":[]}"
2193,68.96935290748944,2019-01-03,"{""type"":""MultiPoint"",""coordinates"":[]}"
2194,71.8222605204083,2019-01-04,"{""type"":""MultiPoint"",""coordinates"":[]}"
2195,76.89725550139325,2019-01-05,"{""type"":""MultiPoint"",""coordinates"":[]}"
2196,75.26209122328721,2019-01-06,"{""type"":""MultiPoint"",""coordinates"":[]}"
2197,78.5719472021384,2019-01-07,"{""type"":""MultiPoint"",""coordinates"":[]}"
2198,85.99283209578937,2019-01-08,"{""type"":""MultiPoint"",""coordinates"":[]}"
2199,85.43786904417789,2019-01-09,"{""type"":""MultiPoint"",""coordinates"":[]}"
2200,87.35477869623747,2019-01-10,"{""type"":""MultiPoint"",""coordinates"":[]}"
2201,79.39753156922275,2019-01-11,"{""type"":""MultiPoint"",""coordinates"":[]}"
2202,77.79425304424834,2019-01-12,"{""type"":""MultiPoint"",""coordinates"":[]}"
2203,74.79094802184477,2019-01-13,"{""type"":""MultiPoint"",""coordinates"":[]}"
2204,71.97128754109698,2019-01-14,"{""type"":""MultiPoint"",""coordinates"":[]}"
2205,78.34090510243115,2019-01-15,"{""type"":""MultiPoint"",""coordinates"":[]}"
2206,72.8680762170776,2019-01-16,"{""type"":""MultiPoint"",""coordinates"":[]}"
2207,70.37500379549941,2019-01-17,"{""type"":""MultiPoint"",""coordinates"":[]}"
2208,67.3097749778546,2019-01-18,"{""type"":""MultiPoint"",""coordinates"":[]}"
2209,70.09641368829914,2019-01-19,"{""type"":""MultiPoint"",""coordinates"":[]}"
2210,75.21798654506895,2019-01-20,"{""type"":""MultiPoint"",""coordinates"":[]}"
2211,76.39451941335152,2019-01-21,"{""type"":""MultiPoint"",""coordinates"":[]}"
2212,67.60732103081745,2019-01-22,"{""type"":""MultiPoint"",""coordinates"":[]}"
2213,72.01494585779862,2019-01-23,"{""type"":""MultiPoint"",""coordinates"":[]}"
2214,69.0463058159504,2019-01-24,"{""type"":""MultiPoint"",""coordinates"":[]}"
2215,71.19535164061118,2019-01-25,"{""type"":""MultiPoint"",""coordinates"":[]}"
2216,71.97180312642638,2019-01-26,"{""type"":""MultiPoint"",""coordinates"":[]}"
2217,73.29373178270531,2019-01-27,"{""type"":""MultiPoint"",""coordinates"":[]}"
2218,83.30980256489988,2019-01-28,"{""type"":""MultiPoint"",""coordinates"":[]}"
2219,83.49415729274325,2019-01-29,"{""type"":""MultiPoint"",""coordinates"":[]}"
2220,75.3039303401291,2019-01-30,"{""type"":""MultiPoint"",""coordinates"":[]}"
2221,73.07766493569726,2019-01-31,"{""type"":""MultiPoint"",""coordinates"":[]}"
2222,80.0666734163563,2019-02-01,"{""type"":""MultiPoint"",""coordinates"":[]}"
2223,78.9388401322571,2019-02-02,"{""type"":""MultiPoint"",""coordinates"":[]}"
2224,79.10569004732976,2019-02-03,"{""type"":""MultiPoint"",""coordinates"":[]}"
2225,76.25705962744938,2019-02-04,"{""type"":""MultiPoint"",""coordinates"":[]}"
2226,82.9181056872393,2019-02-05,"{""type"":""MultiPoint"",""coordinates"":[]}"
2227,79.28918540652126,2019-02-06,"{""type"":""MultiPoint"",""coordinates"":[]}"
2228,79.82614079764569,2019-02-07,"{""type"":""MultiPoint"",""coordinates"":[]}"
2229,75.69636909098638,2019-02-08,"{""type"":""MultiPoint"",""coordinates"":[]}"
2230,76.62368731092828,2019-02-09,"{""type"":""MultiPoint"",""coordinates"":[]}"
2231,84.31841768075024,2019-02-10,"{""type"":""MultiPoint"",""coordinates"":[]}"
2232,81.9506636721229,2019-02-11,"{""type"":""MultiPoint"",""coordinates"":[]}"
2233,80.18174265502849,2019-02-12,"{""type"":""MultiPoint"",""coordinates"":[]}"
2234,74.78169612916771,2019-02-13,"{""type"":""MultiPoint"",""coordinates"":[]}"
2235,80.95545787705662,2019-02-14,"{""type"":""MultiPoint"",""coordinates"":[]}"
2236,78.20961302663447,2019-02-15,"{""type"":""MultiPoint"",""coordinates"":[]}"
2237,81.24514347316682,2019-02-16,"{""type"":""MultiPoint"",""coordinates"":[]}"
2238,83.55376287941219,2019-02-17,"{""type"":""MultiPoint"",""coordinates"":[]}"
2239,80.83164327961987,2019-02-18,"{""type"":""MultiPoint"",""coordinates"":[]}"
2240,84.0791774446483,2019-02-19,"{""type"":""MultiPoint"",""coordinates"":[]}"
2241,86.7159033386104,2019-02-20,"{""type"":""MultiPoint"",""coordinates"":[]}"
2242,87.93891687156878,2019-02-21,"{""type"":""MultiPoint"",""coordinates"":[]}"
2243,85.88213155200953,2019-02-22,"{""type"":""MultiPoint"",""coordinates"":[]}"
2244,82.75947014068522,2019-02-23,"{""type"":""MultiPoint"",""coordinates"":[]}"
2245,83.07514758858063,2019-02-24,"{""type"":""MultiPoint"",""coordinates"":[]}"
2246,83.94059778950053,2019-02-25,"{""type"":""MultiPoint"",""coordinates"":[]}"
2247,86.6006577747857,2019-02-26,"{""type"":""MultiPoint"",""coordinates"":[]}"
2248,87.06997760036701,2019-02-27,"{""type"":""MultiPoint"",""coordinates"":[]}"
2249,86.53421586215313,2019-02-28,"{""type"":""MultiPoint"",""coordinates"":[]}"
2250,77.98861081980448,2019-03-01,"{""type"":""MultiPoint"",""coordinates"":[]}"
2251,84.51936842481847,2019-03-02,"{""type"":""MultiPoint"",""coordinates"":[]}"
2252,83.406042252737,2019-03-03,"{""type"":""MultiPoint"",""coordinates"":[]}"
2253,78.12386294827597,2019-03-04,"{""type"":""MultiPoint"",""coordinates"":[]}"
2254,83.93978835695444,2019-03-05,"{""type"":""MultiPoint"",""coordinates"":[]}"
2255,81.69027667203777,2019-03-06,"{""type"":""MultiPoint"",""coordinates"":[]}"
2256,86.03637176626812,2019-03-07,"{""type"":""MultiPoint"",""coordinates"":[]}"
2257,84.28835711345029,2019-03-08,"{""type"":""MultiPoint"",""coordinates"":[]}"
2258,80.47783302791466,2019-03-09,"{""type"":""MultiPoint"",""coordinates"":[]}"
2259,84.02147181047125,2019-03-10,"{""type"":""MultiPoint"",""coordinates"":[]}"
2260,88.41949589034868,2019-03-11,"{""type"":""MultiPoint"",""coordinates"":[]}"
2261,81.23036569320436,2019-03-12,"{""type"":""MultiPoint"",""coordinates"":[]}"
2262,82.56820277962912,2019-03-13,"{""type"":""MultiPoint"",""coordinates"":[]}"
2263,82.6777481257963,2019-03-14,"{""type"":""MultiPoint"",""coordinates"":[]}"
2264,86.0016950275657,2019-03-15,"{""type"":""MultiPoint"",""coordinates"":[]}"
2265,79.47061303451886,2019-03-16,"{""type"":""MultiPoint"",""coordinates"":[]}"
2266,80.00187835474661,2019-03-17,"{""type"":""MultiPoint"",""coordinates"":[]}"
2267,87.66346189940528,2019-03-18,"{""type"":""MultiPoint"",""coordinates"":[]}"
2268,89.33701762997038,2019-03-19,"{""type"":""MultiPoint"",""coordinates"":[]}"
2269,74.35505523690415,2019-03-20,"{""type"":""MultiPoint"",""coordinates"":[]}"
2270,76.23066218466784,2019-03-21,"{""type"":""MultiPoint"",""coordinates"":[]}"
2271,82.82660905446583,2019-03-22,"{""type"":""MultiPoint"",""coordinates"":[]}"
2272,81.5067296401566,2019-03-23,"{""type"":""MultiPoint"",""coordinates"":[]}"
2273,84.04664038550162,2019-03-24,"{""type"":""MultiPoint"",""coordinates"":[]}"
2274,86.94945617279346,2019-03-25,"{""type"":""MultiPoint"",""coordinates"":[]}"
2275,85.30305437515247,2019-03-26,"{""type"":""MultiPoint"",""coordinates"":[]}"
2276,82.99855758921649,2019-03-27,"{""type"":""MultiPoint"",""coordinates"":[]}"
2277,82.4233602564629,2019-03-28,"{""type"":""MultiPoint"",""coordinates"":[]}"
2278,92.47778996347832,2019-03-29,"{""type"":""MultiPoint"",""coordinates"":[]}"
2279,87.96745562887618,2019-03-30,"{""type"":""MultiPoint"",""coordinates"":[]}"
2280,88.22050854042784,2019-03-31,"{""type"":""MultiPoint"",""coordinates"":[]}"
2281,87.2756403748143,2019-04-01,"{""type"":""MultiPoint"",""coordinates"":[]}"
2282,90.30934911620835,2019-04-02,"{""type"":""MultiPoint"",""coordinates"":[]}"
2283,80.11955314755734,2019-04-03,"{""type"":""MultiPoint"",""coordinates"":[]}"
2284,79.5574691912653,2019-04-04,"{""type"":""MultiPoint"",""coordinates"":[]}"
2285,89.57883468589115,2019-04-05,"{""type"":""MultiPoint"",""coordinates"":[]}"
2286,85.47764894382853,2019-04-06,"{""type"":""MultiPoint"",""coordinates"":[]}"
2287,86.00839392444476,2019-04-07,"{""type"":""MultiPoint"",""coordinates"":[]}"
2288,76.28109170964503,2019-04-08,"{""type"":""MultiPoint"",""coordinates"":[]}"
2289,82.51353440629121,2019-04-09,"{""type"":""MultiPoint"",""coordinates"":[]}"
2290,86.92285761363775,2019-04-10,"{""type"":""MultiPoint"",""coordinates"":[]}"
2291,84.80822459941642,2019-04-11,"{""type"":""MultiPoint"",""coordinates"":[]}"
2292,83.51043972248092,2019-04-12,"{""type"":""MultiPoint"",""coordinates"":[]}"
2293,87.85417610089628,2019-04-13,"{""type"":""MultiPoint"",""coordinates"":[]}"
2294,88.05056545103066,2019-04-14,"{""type"":""MultiPoint"",""coordinates"":[]}"
2295,90.48854765972851,2019-04-15,"{""type"":""MultiPoint"",""coordinates"":[]}"
2296,88.10051578297241,2019-04-16,"{""type"":""MultiPoint"",""coordinates"":[]}"
2297,86.94394068953748,2019-04-17,"{""type"":""MultiPoint"",""coordinates"":[]}"
2298,88.69388527097749,2019-04-18,"{""type"":""MultiPoint"",""coordinates"":[]}"
2299,87.92958702945116,2019-04-19,"{""type"":""MultiPoint"",""coordinates"":[]}"
2300,88.24087891107884,2019-04-20,"{""type"":""MultiPoint"",""coordinates"":[]}"
2301,90.26784725002922,2019-04-21,"{""type"":""MultiPoint"",""coordinates"":[]}"
2302,89.44218405632768,2019-04-22,"{""type"":""MultiPoint"",""coordinates"":[]}"
2303,86.7040980993714,2019-04-23,"{""type"":""MultiPoint"",""coordinates"":[]}"
2304,93.79635705722569,2019-04-24,"{""type"":""MultiPoint"",""coordinates"":[]}"
2305,88.00698868491497,2019-04-25,"{""type"":""MultiPoint"",""coordinates"":[]}"
2306,90.67456128554137,2019-04-26,"{""type"":""MultiPoint"",""coordinates"":[]}"
2307,88.1656746682181,2019-04-27,"{""type"":""MultiPoint"",""coordinates"":[]}"
2308,86.22970761979609,2019-04-28,"{""type"":""MultiPoint"",""coordinates"":[]}"
2309,83.14508617943038,2019-04-29,"{""type"":""MultiPoint"",""coordinates"":[]}"
2310,81.06707798360861,2019-04-30,"{""type"":""MultiPoint"",""coordinates"":[]}"
2311,76.55443292954278,2019-05-01,"{""type"":""MultiPoint"",""coordinates"":[]}"
2312,74.87458537700522,2019-05-02,"{""type"":""MultiPoint"",""coordinates"":[]}"
2313,80.86759596638984,2019-05-03,"{""type"":""MultiPoint"",""coordinates"":[]}"
2314,84.4730710225575,2019-05-04,"{""type"":""MultiPoint"",""coordinates"":[]}"
2315,82.59873756633391,2019-05-05,"{""type"":""MultiPoint"",""coordinates"":[]}"
2316,78.6768345938021,2019-05-06,"{""type"":""MultiPoint"",""coordinates"":[]}"
2317,77.2731500286257,2019-05-07,"{""type"":""MultiPoint"",""coordinates"":[]}"
2318,88.89519144656974,2019-05-08,"{""type"":""MultiPoint"",""coordinates"":[]}"
2319,92.5487604134388,2019-05-09,"{""type"":""MultiPoint"",""coordinates"":[]}"
2320,93.01594300909653,2019-05-10,"{""type"":""MultiPoint"",""coordinates"":[]}"
2321,90.42465041968238,2019-05-11,"{""type"":""MultiPoint"",""coordinates"":[]}"
2322,88.41611770477351,2019-05-12,"{""type"":""MultiPoint"",""coordinates"":[]}"
2323,90.05169993178917,2019-05-13,"{""type"":""MultiPoint"",""coordinates"":[]}"
2324,91.4628456571305,2019-05-14,"{""type"":""MultiPoint"",""coordinates"":[]}"
2325,87.1409981578267,2019-05-15,"{""type"":""MultiPoint"",""coordinates"":[]}"
2326,86.58643017618719,2019-05-16,"{""type"":""MultiPoint"",""coordinates"":[]}"
2327,93.21485899783094,2019-05-17,"{""type"":""MultiPoint"",""coordinates"":[]}"
2328,86.27207728656715,2019-05-18,"{""type"":""MultiPoint"",""coordinates"":[]}"
2329,89.97614313783218,2019-05-19,"{""type"":""MultiPoint"",""coordinates"":[]}"
2330,89.10296611280195,2019-05-20,"{""type"":""MultiPoint"",""coordinates"":[]}"
2331,88.9176477097377,2019-05-21,"{""type"":""MultiPoint"",""coordinates"":[]}"
2332,86.53155827941488,2019-05-22,"{""type"":""MultiPoint"",""coordinates"":[]}"
2333,93.97218800872143,2019-05-23,"{""type"":""MultiPoint"",""coordinates"":[]}"
2334,92.52837646939933,2019-05-24,"{""type"":""MultiPoint"",""coordinates"":[]}"
2335,95.63199786959741,2019-05-25,"{""type"":""MultiPoint"",""coordinates"":[]}"
2336,89.10118494553247,2019-05-26,"{""type"":""MultiPoint"",""coordinates"":[]}"
2337,89.48512497346525,2019-05-27,"{""type"":""MultiPoint"",""coordinates"":[]}"
2338,89.31949384293578,2019-05-28,"{""type"":""MultiPoint"",""coordinates"":[]}"
2339,87.76496609726216,2019-05-29,"{""type"":""MultiPoint"",""coordinates"":[]}"
2340,88.45301211002419,2019-05-30,"{""type"":""MultiPoint"",""coordinates"":[]}"
2341,89.90249486901347,2019-05-31,"{""type"":""MultiPoint"",""coordinates"":[]}"
2342,92.40227790820266,2019-06-01,"{""type"":""MultiPoint"",""coordinates"":[]}"
2343,81.74999192736459,2019-06-02,"{""type"":""MultiPoint"",""coordinates"":[]}"
2344,82.64449796962867,2019-06-03,"{""type"":""MultiPoint"",""coordinates"":[]}"
2345,82.13630541756065,2019-06-04,"{""type"":""MultiPoint"",""coordinates"":[]}"
2346,81.65774969139231,2019-06-05,"{""type"":""MultiPoint"",""coordinates"":[]}"
2347,85.96974282022315,2019-06-06,"{""type"":""MultiPoint"",""coordinates"":[]}"
2348,92.2269274900935,2019-06-07,"{""type"":""MultiPoint"",""coordinates"":[]}"
2349,91.44508471996869,2019-06-08,"{""type"":""MultiPoint"",""coordinates"":[]}"
2350,85.87102152259835,2019-06-09,"{""type"":""MultiPoint"",""coordinates"":[]}"
2351,87.39589419954395,2019-06-10,"{""type"":""MultiPoint"",""coordinates"":[]}"
2352,88.90940913038126,2019-06-11,"{""type"":""MultiPoint"",""coordinates"":[]}"
2353,89.0505924627036,2019-06-12,"{""type"":""MultiPoint"",""coordinates"":[]}"
2354,86.14298041979664,2019-06-13,"{""type"":""MultiPoint"",""coordinates"":[]}"
2355,89.34372301636313,2019-06-14,"{""type"":""MultiPoint"",""coordinates"":[]}"
2356,81.90586302410709,2019-06-15,"{""type"":""MultiPoint"",""coordinates"":[]}"
2357,86.39820765969132,2019-06-16,"{""type"":""MultiPoint"",""coordinates"":[]}"
2358,80.50128665298583,2019-06-17,"{""type"":""MultiPoint"",""coordinates"":[]}"
2359,80.80353871383618,2019-06-18,"{""type"":""MultiPoint"",""coordinates"":[]}"
2360,82.97935216153157,2019-06-19,"{""type"":""MultiPoint"",""coordinates"":[]}"
2361,78.67971329249073,2019-06-20,"{""type"":""MultiPoint"",""coordinates"":[]}"
2362,78.72170270061402,2019-06-21,"{""type"":""MultiPoint"",""coordinates"":[]}"
2363,82.89474920817015,2019-06-22,"{""type"":""MultiPoint"",""coordinates"":[]}"
2364,80.76068747049241,2019-06-23,"{""type"":""MultiPoint"",""coordinates"":[]}"
2365,86.81329418838904,2019-06-24,"{""type"":""MultiPoint"",""coordinates"":[]}"
2366,88.07256829153637,2019-06-25,"{""type"":""MultiPoint"",""coordinates"":[]}"
2367,83.88405005322466,2019-06-26,"{""type"":""MultiPoint"",""coordinates"":[]}"
2368,79.25769594851175,2019-06-27,"{""type"":""MultiPoint"",""coordinates"":[]}"
2369,77.13094913812598,2019-06-28,"{""type"":""MultiPoint"",""coordinates"":[]}"
2370,75.69203783607303,2019-06-29,"{""type"":""MultiPoint"",""coordinates"":[]}"
2371,80.36511264778092,2019-06-30,"{""type"":""MultiPoint"",""coordinates"":[]}"
2372,87.6491672532904,2019-07-01,"{""type"":""MultiPoint"",""coordinates"":[]}"
2373,85.71578144213733,2019-07-02,"{""type"":""MultiPoint"",""coordinates"":[]}"
2374,86.93193484859655,2019-07-03,"{""type"":""MultiPoint"",""coordinates"":[]}"
2375,81.64966301072558,2019-07-04,"{""type"":""MultiPoint"",""coordinates"":[]}"
2376,86.71117505009725,2019-07-05,"{""type"":""MultiPoint"",""coordinates"":[]}"
2377,82.49049196330286,2019-07-06,"{""type"":""MultiPoint"",""coordinates"":[]}"
2378,72.13516145169902,2019-07-07,"{""type"":""MultiPoint"",""coordinates"":[]}"
2379,76.40748365984793,2019-07-08,"{""type"":""MultiPoint"",""coordinates"":[]}"
2380,76.50227087483877,2019-07-09,"{""type"":""MultiPoint"",""coordinates"":[]}"
2381,77.71529192537446,2019-07-10,"{""type"":""MultiPoint"",""coordinates"":[]}"
2382,73.2377556483126,2019-07-11,"{""type"":""MultiPoint"",""coordinates"":[]}"
2383,79.50186751335345,2019-07-12,"{""type"":""MultiPoint"",""coordinates"":[]}"
2384,85.4244462454988,2019-07-13,"{""type"":""MultiPoint"",""coordinates"":[]}"
2385,83.81584682559087,2019-07-14,"{""type"":""MultiPoint"",""coordinates"":[]}"
2386,82.4617736333404,2019-07-15,"{""type"":""MultiPoint"",""coordinates"":[]}"
2387,80.14631265651524,2019-07-16,"{""type"":""MultiPoint"",""coordinates"":[]}"
2388,81.30268212248525,2019-07-17,"{""type"":""MultiPoint"",""coordinates"":[]}"
2389,72.2309221885148,2019-07-18,"{""type"":""MultiPoint"",""coordinates"":[]}"
2390,75.3780133153826,2019-07-19,"{""type"":""MultiPoint"",""coordinates"":[]}"
2391,75.73749328524342,2019-07-20,"{""type"":""MultiPoint"",""coordinates"":[]}"
2392,77.93609730882973,2019-07-21,"{""type"":""MultiPoint"",""coordinates"":[]}"
2393,74.25022250366628,2019-07-22,"{""type"":""MultiPoint"",""coordinates"":[]}"
2394,83.39836784686834,2019-07-23,"{""type"":""MultiPoint"",""coordinates"":[]}"
2395,86.62017089369569,2019-07-24,"{""type"":""MultiPoint"",""coordinates"":[]}"
2396,84.96186155051156,2019-07-25,"{""type"":""MultiPoint"",""coordinates"":[]}"
2397,82.79370411048792,2019-07-26,"{""type"":""MultiPoint"",""coordinates"":[]}"
2398,81.79680200121707,2019-07-27,"{""type"":""MultiPoint"",""coordinates"":[]}"
2399,75.04474768173007,2019-07-28,"{""type"":""MultiPoint"",""coordinates"":[]}"
2400,73.83963649130615,2019-07-29,"{""type"":""MultiPoint"",""coordinates"":[]}"
2401,68.66815162660644,2019-07-30,"{""type"":""MultiPoint"",""coordinates"":[]}"
2402,70.57883045066427,2019-07-31,"{""type"":""MultiPoint"",""coordinates"":[]}"
2403,70.87634527596323,2019-08-01,"{""type"":""MultiPoint"",""coordinates"":[]}"
2404,68.05354477090056,2019-08-02,"{""type"":""MultiPoint"",""coordinates"":[]}"
2405,80.78841982614085,2019-08-03,"{""type"":""MultiPoint"",""coordinates"":[]}"
2406,77.49779593617467,2019-08-04,"{""type"":""MultiPoint"",""coordinates"":[]}"
2407,77.73391267113176,2019-08-05,"{""type"":""MultiPoint"",""coordinates"":[]}"
2408,72.91871802280019,2019-08-06,"{""type"":""MultiPoint"",""coordinates"":[]}"
2409,69.83077834366749,2019-08-07,"{""type"":""MultiPoint"",""coordinates"":[]}"
2410,67.53705013395754,2019-08-08,"{""type"":""MultiPoint"",""coordinates"":[]}"
2411,70.2212158489616,2019-08-09,"{""type"":""MultiPoint"",""coordinates"":[]}"
2412,71.15541854288684,2019-08-10,"{""type"":""MultiPoint"",""coordinates"":[]}"
2413,69.51220760187344,2019-08-11,"{""type"":""MultiPoint"",""coordinates"":[]}"
2414,75.95988976822768,2019-08-12,"{""type"":""MultiPoint"",""coordinates"":[]}"
2415,72.8697694312084,2019-08-13,"{""type"":""MultiPoint"",""coordinates"":[]}"
2416,77.78547005405821,2019-08-14,"{""type"":""MultiPoint"",""coordinates"":[]}"
2417,66.87962286016882,2019-08-15,"{""type"":""MultiPoint"",""coordinates"":[]}"
2418,61.423942492825994,2019-08-16,"{""type"":""MultiPoint"",""coordinates"":[]}"
2419,79.1952830780414,2019-08-17,"{""type"":""MultiPoint"",""coordinates"":[]}"
2420,76.12074470163971,2019-08-18,"{""type"":""MultiPoint"",""coordinates"":[]}"
2421,72.1940121516489,2019-08-19,"{""type"":""MultiPoint"",""coordinates"":[]}"
2422,72.17893251943073,2019-08-20,"{""type"":""MultiPoint"",""coordinates"":[]}"
2423,69.67338562617536,2019-08-21,"{""type"":""MultiPoint"",""coordinates"":[]}"
2424,66.31829987689586,2019-08-22,"{""type"":""MultiPoint"",""coordinates"":[]}"
2425,71.53438331171186,2019-08-23,"{""type"":""MultiPoint"",""coordinates"":[]}"
2426,70.85199777705076,2019-08-24,"{""type"":""MultiPoint"",""coordinates"":[]}"
2427,69.44157520520533,2019-08-25,"{""type"":""MultiPoint"",""coordinates"":[]}"
2428,68.55415721046647,2019-08-26,"{""type"":""MultiPoint"",""coordinates"":[]}"
2429,65.35346314804069,2019-08-27,"{""type"":""MultiPoint"",""coordinates"":[]}"
2430,68.96754527322295,2019-08-28,"{""type"":""MultiPoint"",""coordinates"":[]}"
2431,65.93766294961678,2019-08-29,"{""type"":""MultiPoint"",""coordinates"":[]}"
2432,61.72430784868515,2019-08-30,"{""type"":""MultiPoint"",""coordinates"":[]}"
2433,64.05738593735418,2019-08-31,"{""type"":""MultiPoint"",""coordinates"":[]}"
2434,72.62991975547456,2019-09-01,"{""type"":""MultiPoint"",""coordinates"":[]}"
2435,76.33670557552271,2019-09-02,"{""type"":""MultiPoint"",""coordinates"":[]}"
2436,71.24432919735607,2019-09-03,"{""type"":""MultiPoint"",""coordinates"":[]}"
2437,71.9387963432252,2019-09-04,"{""type"":""MultiPoint"",""coordinates"":[]}"
2438,71.10923440746907,2019-09-05,"{""type"":""MultiPoint"",""coordinates"":[]}"
2439,67.54725917345571,2019-09-06,"{""type"":""MultiPoint"",""coordinates"":[]}"
2440,66.50965712566541,2019-09-07,"{""type"":""MultiPoint"",""coordinates"":[]}"
2441,65.72364384146188,2019-09-08,"{""type"":""MultiPoint"",""coordinates"":[]}"
2442,67.1167774973873,2019-09-09,"{""type"":""MultiPoint"",""coordinates"":[]}"
2443,64.03294871064308,2019-09-10,"{""type"":""MultiPoint"",""coordinates"":[]}"
2444,70.29769891014656,2019-09-11,"{""type"":""MultiPoint"",""coordinates"":[]}"
2445,72.09057880355336,2019-09-12,"{""type"":""MultiPoint"",""coordinates"":[]}"
2446,66.03815117133479,2019-09-13,"{""type"":""MultiPoint"",""coordinates"":[]}"
2447,69.23519826367236,2019-09-14,"{""type"":""MultiPoint"",""coordinates"":[]}"
2448,75.27379631297192,2019-09-15,"{""type"":""MultiPoint"",""coordinates"":[]}"
2449,63.0460299992381,2019-09-16,"{""type"":""MultiPoint"",""coordinates"":[]}"
2450,62.52770482585492,2019-09-17,"{""type"":""MultiPoint"",""coordinates"":[]}"
2451,83.62689601308003,2019-09-18,"{""type"":""MultiPoint"",""coordinates"":[]}"
2452,88.9883176311332,2019-09-19,"{""type"":""MultiPoint"",""coordinates"":[]}"
2453,90.14783833464462,2019-09-20,"{""type"":""MultiPoint"",""coordinates"":[]}"
2454,83.73860439327748,2019-09-21,"{""type"":""MultiPoint"",""coordinates"":[]}"
2455,82.21246522571957,2019-09-22,"{""type"":""MultiPoint"",""coordinates"":[]}"
2456,85.00649881085718,2019-09-23,"{""type"":""MultiPoint"",""coordinates"":[]}"
2457,71.38642028603869,2019-09-24,"{""type"":""MultiPoint"",""coordinates"":[]}"
2458,77.58636473016847,2019-09-25,"{""type"":""MultiPoint"",""coordinates"":[]}"
2459,85.3357813168516,2019-09-26,"{""type"":""MultiPoint"",""coordinates"":[]}"
2460,83.025117708218,2019-09-27,"{""type"":""MultiPoint"",""coordinates"":[]}"
2461,83.8651187402629,2019-09-28,"{""type"":""MultiPoint"",""coordinates"":[]}"
2462,85.28575048391409,2019-09-29,"{""type"":""MultiPoint"",""coordinates"":[]}"
2463,85.32809566764614,2019-09-30,"{""type"":""MultiPoint"",""coordinates"":[]}"
2464,85.40261670924383,2019-10-01,"{""type"":""MultiPoint"",""coordinates"":[]}"
2465,87.83902672213583,2019-10-02,"{""type"":""MultiPoint"",""coordinates"":[]}"
2466,91.08554918042972,2019-10-03,"{""type"":""MultiPoint"",""coordinates"":[]}"
2467,81.51524566237352,2019-10-04,"{""type"":""MultiPoint"",""coordinates"":[]}"
2468,74.86238490607234,2019-10-05,"{""type"":""MultiPoint"",""coordinates"":[]}"
2469,84.40214032054821,2019-10-06,"{""type"":""MultiPoint"",""coordinates"":[]}"
2470,85.36638683766948,2019-10-07,"{""type"":""MultiPoint"",""coordinates"":[]}"
2471,81.93415062868691,2019-10-08,"{""type"":""MultiPoint"",""coordinates"":[]}"
2472,83.71546199592207,2019-10-09,"{""type"":""MultiPoint"",""coordinates"":[]}"
2473,82.39687868636382,2019-10-10,"{""type"":""MultiPoint"",""coordinates"":[]}"
2474,81.12624643753274,2019-10-11,"{""type"":""MultiPoint"",""coordinates"":[]}"
2475,83.87394794029397,2019-10-12,"{""type"":""MultiPoint"",""coordinates"":[]}"
2476,86.26987712597109,2019-10-13,"{""type"":""MultiPoint"",""coordinates"":[]}"
2477,85.57432920961571,2019-10-14,"{""type"":""MultiPoint"",""coordinates"":[]}"
2478,80.0496871556863,2019-10-15,"{""type"":""MultiPoint"",""coordinates"":[]}"
2479,84.4961512483628,2019-10-16,"{""type"":""MultiPoint"",""coordinates"":[]}"
2480,87.92913056759149,2019-10-17,"{""type"":""MultiPoint"",""coordinates"":[]}"
2481,88.46390750520415,2019-10-18,"{""type"":""MultiPoint"",""coordinates"":[]}"
2482,88.32986455039874,2019-10-19,"{""type"":""MultiPoint"",""coordinates"":[]}"
2483,88.88745030091837,2019-10-20,"{""type"":""MultiPoint"",""coordinates"":[]}"
2484,82.67489217956096,2019-10-21,"{""type"":""MultiPoint"",""coordinates"":[]}"
2485,86.10480096505886,2019-10-22,"{""type"":""MultiPoint"",""coordinates"":[]}"
2486,84.20125741173351,2019-10-23,"{""type"":""MultiPoint"",""coordinates"":[]}"
2487,81.59396180807899,2019-10-24,"{""type"":""MultiPoint"",""coordinates"":[]}"
2488,89.04544313644493,2019-10-25,"{""type"":""MultiPoint"",""coordinates"":[]}"
2489,89.55110181279507,2019-10-26,"{""type"":""MultiPoint"",""coordinates"":[]}"
2490,88.72835252433111,2019-10-27,"{""type"":""MultiPoint"",""coordinates"":[]}"
2491,85.49684077578435,2019-10-28,"{""type"":""MultiPoint"",""coordinates"":[]}"
2492,85.77544085727015,2019-10-29,"{""type"":""MultiPoint"",""coordinates"":[]}"
2493,81.32764100585031,2019-10-30,"{""type"":""MultiPoint"",""coordinates"":[]}"
2494,79.58891611149721,2019-10-31,"{""type"":""MultiPoint"",""coordinates"":[]}"
2495,83.82930445763685,2019-11-01,"{""type"":""MultiPoint"",""coordinates"":[]}"
2496,82.9874656354523,2019-11-02,"{""type"":""MultiPoint"",""coordinates"":[]}"
2497,83.20922965509233,2019-11-03,"{""type"":""MultiPoint"",""coordinates"":[]}"
2498,86.25777132630708,2019-11-04,"{""type"":""MultiPoint"",""coordinates"":[]}"
2499,85.6513703862755,2019-11-05,"{""type"":""MultiPoint"",""coordinates"":[]}"
2500,85.49853357657751,2019-11-06,"{""type"":""MultiPoint"",""coordinates"":[]}"
2501,85.17162854367722,2019-11-07,"{""type"":""MultiPoint"",""coordinates"":[]}"
2502,84.31022213167184,2019-11-08,"{""type"":""MultiPoint"",""coordinates"":[]}"
2503,90.73749125645243,2019-11-09,"{""type"":""MultiPoint"",""coordinates"":[]}"
2504,85.07615415427149,2019-11-10,"{""type"":""MultiPoint"",""coordinates"":[]}"
2505,88.14120575842905,2019-11-11,"{""type"":""MultiPoint"",""coordinates"":[]}"
2506,86.01774254318913,2019-11-12,"{""type"":""MultiPoint"",""coordinates"":[]}"
2507,79.91858492538971,2019-11-13,"{""type"":""MultiPoint"",""coordinates"":[]}"
2508,90.49175943695894,2019-11-14,"{""type"":""MultiPoint"",""coordinates"":[]}"
2509,92.81622219212994,2019-11-15,"{""type"":""MultiPoint"",""coordinates"":[]}"
2510,89.82752721830455,2019-11-16,"{""type"":""MultiPoint"",""coordinates"":[]}"
2511,85.67532639441994,2019-11-17,"{""type"":""MultiPoint"",""coordinates"":[]}"
2512,86.57701921289106,2019-11-18,"{""type"":""MultiPoint"",""coordinates"":[]}"
2513,87.75526762863728,2019-11-19,"{""type"":""MultiPoint"",""coordinates"":[]}"
2514,90.78125618961339,2019-11-20,"{""type"":""MultiPoint"",""coordinates"":[]}"
2515,81.53603062260065,2019-11-21,"{""type"":""MultiPoint"",""coordinates"":[]}"
2516,86.74685647247743,2019-11-22,"{""type"":""MultiPoint"",""coordinates"":[]}"
2517,85.97504306646437,2019-11-23,"{""type"":""MultiPoint"",""coordinates"":[]}"
2518,87.32235415667078,2019-11-24,"{""type"":""MultiPoint"",""coordinates"":[]}"
2519,80.26013979355777,2019-11-25,"{""type"":""MultiPoint"",""coordinates"":[]}"
2520,77.20709270042755,2019-11-26,"{""type"":""MultiPoint"",""coordinates"":[]}"
2521,80.44653901669854,2019-11-27,"{""type"":""MultiPoint"",""coordinates"":[]}"
2522,79.48576443269432,2019-11-28,"{""type"":""MultiPoint"",""coordinates"":[]}"
2523,81.98309341216135,2019-11-29,"{""type"":""MultiPoint"",""coordinates"":[]}"
2524,90.7799459178792,2019-11-30,"{""type"":""MultiPoint"",""coordinates"":[]}"
2525,86.0144018606686,2019-12-01,"{""type"":""MultiPoint"",""coordinates"":[]}"
2526,83.0736710563131,2019-12-02,"{""type"":""MultiPoint"",""coordinates"":[]}"
2527,88.49843498014441,2019-12-03,"{""type"":""MultiPoint"",""coordinates"":[]}"
2528,83.9109558700257,2019-12-04,"{""type"":""MultiPoint"",""coordinates"":[]}"
2529,82.88274196749036,2019-12-05,"{""type"":""MultiPoint"",""coordinates"":[]}"
2530,81.91269968218688,2019-12-06,"{""type"":""MultiPoint"",""coordinates"":[]}"
2531,82.34672095222491,2019-12-07,"{""type"":""MultiPoint"",""coordinates"":[]}"
2532,87.33454043772481,2019-12-08,"{""type"":""MultiPoint"",""coordinates"":[]}"
2533,82.1453419223432,2019-12-09,"{""type"":""MultiPoint"",""coordinates"":[]}"
2534,75.63158875917384,2019-12-10,"{""type"":""MultiPoint"",""coordinates"":[]}"
2535,81.67546470617604,2019-12-11,"{""type"":""MultiPoint"",""coordinates"":[]}"
2536,83.83298434895919,2019-12-12,"{""type"":""MultiPoint"",""coordinates"":[]}"
2537,80.73147820490301,2019-12-13,"{""type"":""MultiPoint"",""coordinates"":[]}"
2538,85.5401022569195,2019-12-14,"{""type"":""MultiPoint"",""coordinates"":[]}"
2539,82.88646074898598,2019-12-15,"{""type"":""MultiPoint"",""coordinates"":[]}"
2540,78.74551743518492,2019-12-16,"{""type"":""MultiPoint"",""coordinates"":[]}"
2541,84.75026257961112,2019-12-17,"{""type"":""MultiPoint"",""coordinates"":[]}"
2542,82.74692732611834,2019-12-18,"{""type"":""MultiPoint"",""coordinates"":[]}"
2543,82.51856005451786,2019-12-19,"{""type"":""MultiPoint"",""coordinates"":[]}"
2544,78.90451860308217,2019-12-20,"{""type"":""MultiPoint"",""coordinates"":[]}"
2545,75.96595388939518,2019-12-21,"{""type"":""MultiPoint"",""coordinates"":[]}"
2546,76.31500625247138,2019-12-22,"{""type"":""MultiPoint"",""coordinates"":[]}"
2547,76.34233626682938,2019-12-23,"{""type"":""MultiPoint"",""coordinates"":[]}"
2548,77.92781974629143,2019-12-24,"{""type"":""MultiPoint"",""coordinates"":[]}"
2549,71.93410836772814,2019-12-25,"{""type"":""MultiPoint"",""coordinates"":[]}"
2550,83.08724545708252,2019-12-26,"{""type"":""MultiPoint"",""coordinates"":[]}"
2551,85.60176765324714,2019-12-27,"{""type"":""MultiPoint"",""coordinates"":[]}"
2552,83.81460368062112,2019-12-28,"{""type"":""MultiPoint"",""coordinates"":[]}"
2553,79.97219420479553,2019-12-29,"{""type"":""MultiPoint"",""coordinates"":[]}"
2554,81.35452204479544,2019-12-30,"{""type"":""MultiPoint"",""coordinates"":[]}"
2555,90.57823981865425,2019-12-31,"{""type"":""MultiPoint"",""coordinates"":[]}"
2556,86.98905903735186,2020-01-01,"{""type"":""MultiPoint"",""coordinates"":[]}"
2557,81.62001655901952,2020-01-02,"{""type"":""MultiPoint"",""coordinates"":[]}"
2558,73.7318792934461,2020-01-03,"{""type"":""MultiPoint"",""coordinates"":[]}"
2559,65.26650627100817,2020-01-04,"{""type"":""MultiPoint"",""coordinates"":[]}"
2560,69.85905820917709,2020-01-05,"{""type"":""MultiPoint"",""coordinates"":[]}"
2561,75.09538778897934,2020-01-06,"{""type"":""MultiPoint"",""coordinates"":[]}"
2562,71.85712901762169,2020-01-07,"{""type"":""MultiPoint"",""coordinates"":[]}"
2563,68.95436072629907,2020-01-08,"{""type"":""MultiPoint"",""coordinates"":[]}"
2564,66.87485669184038,2020-01-09,"{""type"":""MultiPoint"",""coordinates"":[]}"
2565,67.41578851703058,2020-01-10,"{""type"":""MultiPoint"",""coordinates"":[]}"
2566,68.63407568235681,2020-01-11,"{""type"":""MultiPoint"",""coordinates"":[]}"
2567,67.68412542778657,2020-01-12,"{""type"":""MultiPoint"",""coordinates"":[]}"
2568,68.8640561111598,2020-01-13,"{""type"":""MultiPoint"",""coordinates"":[]}"
2569,69.01173142385838,2020-01-14,"{""type"":""MultiPoint"",""coordinates"":[]}"
2570,71.07442004387065,2020-01-15,"{""type"":""MultiPoint"",""coordinates"":[]}"
2571,69.62342518373025,2020-01-16,"{""type"":""MultiPoint"",""coordinates"":[]}"
2572,70.88045881707832,2020-01-17,"{""type"":""MultiPoint"",""coordinates"":[]}"
2573,69.04812610449109,2020-01-18,"{""type"":""MultiPoint"",""coordinates"":[]}"
2574,69.86139796604267,2020-01-19,"{""type"":""MultiPoint"",""coordinates"":[]}"
2575,72.71180588479432,2020-01-20,"{""type"":""MultiPoint"",""coordinates"":[]}"
2576,78.276709068772,2020-01-21,"{""type"":""MultiPoint"",""coordinates"":[]}"
2577,91.43070415046161,2020-01-22,"{""type"":""MultiPoint"",""coordinates"":[]}"
2578,85.7564980204471,2020-01-23,"{""type"":""MultiPoint"",""coordinates"":[]}"
2579,79.42847324116109,2020-01-24,"{""type"":""MultiPoint"",""coordinates"":[]}"
2580,86.84401350981376,2020-01-25,"{""type"":""MultiPoint"",""coordinates"":[]}"
2581,86.19212478263894,2020-01-26,"{""type"":""MultiPoint"",""coordinates"":[]}"
2582,82.7631532845197,2020-01-27,"{""type"":""MultiPoint"",""coordinates"":[]}"
2583,81.08614597573073,2020-01-28,"{""type"":""MultiPoint"",""coordinates"":[]}"
2584,77.88728633729959,2020-01-29,"{""type"":""MultiPoint"",""coordinates"":[]}"
2585,75.54429736317198,2020-01-30,"{""type"":""MultiPoint"",""coordinates"":[]}"
2586,75.13446175332658,2020-01-31,"{""type"":""MultiPoint"",""coordinates"":[]}"
2587,68.15291140493474,2020-02-01,"{""type"":""MultiPoint"",""coordinates"":[]}"
2588,68.60940680376518,2020-02-02,"{""type"":""MultiPoint"",""coordinates"":[]}"
2589,71.50922454838764,2020-02-03,"{""type"":""MultiPoint"",""coordinates"":[]}"
2590,61.870093894123386,2020-02-04,"{""type"":""MultiPoint"",""coordinates"":[]}"
2591,59.04124207997429,2020-02-05,"{""type"":""MultiPoint"",""coordinates"":[]}"
2592,52.82957492998494,2020-02-06,"{""type"":""MultiPoint"",""coordinates"":[]}"
2593,53.99293293498787,2020-02-07,"{""type"":""MultiPoint"",""coordinates"":[]}"
2594,55.06329841128257,2020-02-08,"{""type"":""MultiPoint"",""coordinates"":[]}"
2595,65.89974644964214,2020-02-09,"{""type"":""MultiPoint"",""coordinates"":[]}"
2596,66.9546387879017,2020-02-10,"{""type"":""MultiPoint"",""coordinates"":[]}"
2597,65.25590558044317,2020-02-11,"{""type"":""MultiPoint"",""coordinates"":[]}"
2598,52.80069040195025,2020-02-12,"{""type"":""MultiPoint"",""coordinates"":[]}"
2599,53.89770241825038,2020-02-13,"{""type"":""MultiPoint"",""coordinates"":[]}"
2600,61.12442632387586,2020-02-14,"{""type"":""MultiPoint"",""coordinates"":[]}"
2601,71.81294521685511,2020-02-15,"{""type"":""MultiPoint"",""coordinates"":[]}"
2602,65.81757546162498,2020-02-16,"{""type"":""MultiPoint"",""coordinates"":[]}"
2603,63.82486951624147,2020-02-17,"{""type"":""MultiPoint"",""coordinates"":[]}"
2604,65.00927633848659,2020-02-18,"{""type"":""MultiPoint"",""coordinates"":[]}"
2605,61.64956999238061,2020-02-19,"{""type"":""MultiPoint"",""coordinates"":[]}"
2606,56.686420069825125,2020-02-20,"{""type"":""MultiPoint"",""coordinates"":[]}"
2607,65.83692589978982,2020-02-21,"{""type"":""MultiPoint"",""coordinates"":[]}"
2608,84.03640465928414,2020-02-22,"{""type"":""MultiPoint"",""coordinates"":[]}"
2609,86.05428317670884,2020-02-23,"{""type"":""MultiPoint"",""coordinates"":[]}"
2610,82.11942912594203,2020-02-24,"{""type"":""MultiPoint"",""coordinates"":[]}"
2611,74.87368942138632,2020-02-25,"{""type"":""MultiPoint"",""coordinates"":[]}"
2612,81.45767741192108,2020-02-26,"{""type"":""MultiPoint"",""coordinates"":[]}"
2613,74.6490224745055,2020-02-27,"{""type"":""MultiPoint"",""coordinates"":[]}"
2614,76.86902593550765,2020-02-28,"{""type"":""MultiPoint"",""coordinates"":[]}"
2615,67.47635958628551,2020-02-29,"{""type"":""MultiPoint"",""coordinates"":[]}"
2616,71.61125956449118,2020-03-01,"{""type"":""MultiPoint"",""coordinates"":[]}"
2617,82.23772924447893,2020-03-02,"{""type"":""MultiPoint"",""coordinates"":[]}"
2618,73.15564626207963,2020-03-03,"{""type"":""MultiPoint"",""coordinates"":[]}"
2619,68.75456514861065,2020-03-04,"{""type"":""MultiPoint"",""coordinates"":[]}"
2620,64.00353222435244,2020-03-05,"{""type"":""MultiPoint"",""coordinates"":[]}"
2621,56.402932869657626,2020-03-06,"{""type"":""MultiPoint"",""coordinates"":[]}"
2622,61.75656189149509,2020-03-07,"{""type"":""MultiPoint"",""coordinates"":[]}"
2623,81.94973030313905,2020-03-08,"{""type"":""MultiPoint"",""coordinates"":[]}"
2624,82.11967548814697,2020-03-09,"{""type"":""MultiPoint"",""coordinates"":[]}"
2625,82.89395560723665,2020-03-10,"{""type"":""MultiPoint"",""coordinates"":[]}"
2626,81.02635053105908,2020-03-11,"{""type"":""MultiPoint"",""coordinates"":[]}"
2627,78.11045554925478,2020-03-12,"{""type"":""MultiPoint"",""coordinates"":[]}"
2628,75.28081533544774,2020-03-13,"{""type"":""MultiPoint"",""coordinates"":[]}"
2629,84.7563678379111,2020-03-14,"{""type"":""MultiPoint"",""coordinates"":[]}"
2630,80.27336568826729,2020-03-15,"{""type"":""MultiPoint"",""coordinates"":[]}"
2631,78.16655421543676,2020-03-16,"{""type"":""MultiPoint"",""coordinates"":[]}"
2632,71.35120036086698,2020-03-17,"{""type"":""MultiPoint"",""coordinates"":[]}"
2633,65.5406875954785,2020-03-18,"{""type"":""MultiPoint"",""coordinates"":[]}"
2634,62.323326960314745,2020-03-19,"{""type"":""MultiPoint"",""coordinates"":[]}"
2635,70.01243054757772,2020-03-20,"{""type"":""MultiPoint"",""coordinates"":[]}"
2636,79.66606864580818,2020-03-21,"{""type"":""MultiPoint"",""coordinates"":[]}"
2637,70.19399792101522,2020-03-22,"{""type"":""MultiPoint"",""coordinates"":[]}"
2638,66.16097718530453,2020-03-23,"{""type"":""MultiPoint"",""coordinates"":[]}"
2639,68.96352385955441,2020-03-24,"{""type"":""MultiPoint"",""coordinates"":[]}"
2640,67.7441043331692,2020-03-25,"{""type"":""MultiPoint"",""coordinates"":[]}"
2641,73.16446091757496,2020-03-26,"{""type"":""MultiPoint"",""coordinates"":[]}"
2642,71.76582886957907,2020-03-27,"{""type"":""MultiPoint"",""coordinates"":[]}"
2643,74.62221707072902,2020-03-28,"{""type"":""MultiPoint"",""coordinates"":[]}"
2644,68.78357361173356,2020-03-29,"{""type"":""MultiPoint"",""coordinates"":[]}"
2645,70.9684915016691,2020-03-30,"{""type"":""MultiPoint"",""coordinates"":[]}"
2646,83.79388124668694,2020-03-31,"{""type"":""MultiPoint"",""coordinates"":[]}"
2647,84.91106894953352,2020-04-01,"{""type"":""MultiPoint"",""coordinates"":[]}"
2648,73.56309247689718,2020-04-02,"{""type"":""MultiPoint"",""coordinates"":[]}"
2649,80.96122535767171,2020-04-03,"{""type"":""MultiPoint"",""coordinates"":[]}"
2650,80.29013000258794,2020-04-04,"{""type"":""MultiPoint"",""coordinates"":[]}"
2651,78.31739396049932,2020-04-05,"{""type"":""MultiPoint"",""coordinates"":[]}"
2652,88.724204322783,2020-04-06,"{""type"":""MultiPoint"",""coordinates"":[]}"
2653,85.72434629235941,2020-04-07,"{""type"":""MultiPoint"",""coordinates"":[]}"
2654,86.21224807343326,2020-04-08,"{""type"":""MultiPoint"",""coordinates"":[]}"
2655,90.02912081072701,2020-04-09,"{""type"":""MultiPoint"",""coordinates"":[]}"
2656,90.64966831077975,2020-04-10,"{""type"":""MultiPoint"",""coordinates"":[]}"
2657,91.64183065808659,2020-04-11,"{""type"":""MultiPoint"",""coordinates"":[]}"
2658,91.78785821092299,2020-04-12,"{""type"":""MultiPoint"",""coordinates"":[]}"
2659,81.75446091561679,2020-04-13,"{""type"":""MultiPoint"",""coordinates"":[]}"
2660,86.11170889807634,2020-04-14,"{""type"":""MultiPoint"",""coordinates"":[]}"
2661,83.29221689370806,2020-04-15,"{""type"":""MultiPoint"",""coordinates"":[]}"
2662,82.1660700347805,2020-04-16,"{""type"":""MultiPoint"",""coordinates"":[]}"
2663,73.86137351908931,2020-04-17,"{""type"":""MultiPoint"",""coordinates"":[]}"
2664,89.07792086567615,2020-04-18,"{""type"":""MultiPoint"",""coordinates"":[]}"
2665,89.03411351522173,2020-04-19,"{""type"":""MultiPoint"",""coordinates"":[]}"
2666,84.80302636122084,2020-04-20,"{""type"":""MultiPoint"",""coordinates"":[]}"
2667,89.70474544371649,2020-04-21,"{""type"":""MultiPoint"",""coordinates"":[]}"
2668,84.36280058198729,2020-04-22,"{""type"":""MultiPoint"",""coordinates"":[]}"
2669,89.5450373202226,2020-04-23,"{""type"":""MultiPoint"",""coordinates"":[]}"
2670,83.87837752969048,2020-04-24,"{""type"":""MultiPoint"",""coordinates"":[]}"
2671,78.65131550687532,2020-04-25,"{""type"":""MultiPoint"",""coordinates"":[]}"
2672,71.92147928634692,2020-04-26,"{""type"":""MultiPoint"",""coordinates"":[]}"
2673,78.68052709915007,2020-04-27,"{""type"":""MultiPoint"",""coordinates"":[]}"
2674,85.67650930300097,2020-04-28,"{""type"":""MultiPoint"",""coordinates"":[]}"
2675,87.0288501616085,2020-04-29,"{""type"":""MultiPoint"",""coordinates"":[]}"
2676,82.78181952525338,2020-04-30,"{""type"":""MultiPoint"",""coordinates"":[]}"
2677,92.34901274281638,2020-05-01,"{""type"":""MultiPoint"",""coordinates"":[]}"
2678,87.07865980981241,2020-05-02,"{""type"":""MultiPoint"",""coordinates"":[]}"
2679,89.02859536717811,2020-05-03,"{""type"":""MultiPoint"",""coordinates"":[]}"
2680,87.82434586905445,2020-05-04,"{""type"":""MultiPoint"",""coordinates"":[]}"
2681,88.52313079451484,2020-05-05,"{""type"":""MultiPoint"",""coordinates"":[]}"
2682,86.27155811022773,2020-05-06,"{""type"":""MultiPoint"",""coordinates"":[]}"
2683,91.43820822819265,2020-05-07,"{""type"":""MultiPoint"",""coordinates"":[]}"
2684,86.94460203039273,2020-05-08,"{""type"":""MultiPoint"",""coordinates"":[]}"
2685,82.31537593047203,2020-05-09,"{""type"":""MultiPoint"",""coordinates"":[]}"
2686,83.89476118099088,2020-05-10,"{""type"":""MultiPoint"",""coordinates"":[]}"
2687,87.91204199451501,2020-05-11,"{""type"":""MultiPoint"",""coordinates"":[]}"
2688,86.57839908353746,2020-05-12,"{""type"":""MultiPoint"",""coordinates"":[]}"
2689,90.90028167202445,2020-05-13,"{""type"":""MultiPoint"",""coordinates"":[]}"
2690,82.70197555422818,2020-05-14,"{""type"":""MultiPoint"",""coordinates"":[]}"
2691,87.13562830629162,2020-05-15,"{""type"":""MultiPoint"",""coordinates"":[]}"
2692,84.81528419406922,2020-05-16,"{""type"":""MultiPoint"",""coordinates"":[]}"
2693,80.31096360399137,2020-05-17,"{""type"":""MultiPoint"",""coordinates"":[]}"
2694,87.51756925715375,2020-05-18,"{""type"":""MultiPoint"",""coordinates"":[]}"
2695,86.11747130709502,2020-05-19,"{""type"":""MultiPoint"",""coordinates"":[]}"
2696,86.59151897909669,2020-05-20,"{""type"":""MultiPoint"",""coordinates"":[]}"
2697,82.12019517988628,2020-05-21,"{""type"":""MultiPoint"",""coordinates"":[]}"
2698,84.04826182995855,2020-05-22,"{""type"":""MultiPoint"",""coordinates"":[]}"
2699,83.67248558259449,2020-05-23,"{""type"":""MultiPoint"",""coordinates"":[]}"
2700,84.44676916621529,2020-05-24,"{""type"":""MultiPoint"",""coordinates"":[]}"
2701,83.78769236465313,2020-05-25,"{""type"":""MultiPoint"",""coordinates"":[]}"
2702,83.1785132959373,2020-05-26,"{""type"":""MultiPoint"",""coordinates"":[]}"
2703,87.17368791816386,2020-05-27,"{""type"":""MultiPoint"",""coordinates"":[]}"
2704,91.43021054843291,2020-05-28,"{""type"":""MultiPoint"",""coordinates"":[]}"
2705,88.89241106342352,2020-05-29,"{""type"":""MultiPoint"",""coordinates"":[]}"
2706,93.65008247194844,2020-05-30,"{""type"":""MultiPoint"",""coordinates"":[]}"
2707,92.89813603552506,2020-05-31,"{""type"":""MultiPoint"",""coordinates"":[]}"
2708,87.54930223868593,2020-06-01,"{""type"":""MultiPoint"",""coordinates"":[]}"
2709,86.07079058760172,2020-06-02,"{""type"":""MultiPoint"",""coordinates"":[]}"
2710,93.56548697380657,2020-06-03,"{""type"":""MultiPoint"",""coordinates"":[]}"
2711,88.73931962658794,2020-06-04,"{""type"":""MultiPoint"",""coordinates"":[]}"
2712,85.66768860109221,2020-06-05,"{""type"":""MultiPoint"",""coordinates"":[]}"
2713,86.54570091453697,2020-06-06,"{""type"":""MultiPoint"",""coordinates"":[]}"
2714,84.33303398527413,2020-06-07,"{""type"":""MultiPoint"",""coordinates"":[]}"
2715,84.5546251837022,2020-06-08,"{""type"":""MultiPoint"",""coordinates"":[]}"
2716,80.63283687780154,2020-06-09,"{""type"":""MultiPoint"",""coordinates"":[]}"
2717,88.81675148254095,2020-06-10,"{""type"":""MultiPoint"",""coordinates"":[]}"
2718,88.28803846805425,2020-06-11,"{""type"":""MultiPoint"",""coordinates"":[]}"
2719,85.3448013148127,2020-06-12,"{""type"":""MultiPoint"",""coordinates"":[]}"
2720,80.231179168152,2020-06-13,"{""type"":""MultiPoint"",""coordinates"":[]}"
2721,81.81386725697189,2020-06-14,"{""type"":""MultiPoint"",""coordinates"":[]}"
2722,86.41212103480244,2020-06-15,"{""type"":""MultiPoint"",""coordinates"":[]}"
2723,84.82742834664329,2020-06-16,"{""type"":""MultiPoint"",""coordinates"":[]}"
2724,89.67229361591352,2020-06-17,"{""type"":""MultiPoint"",""coordinates"":[]}"
2725,88.78341884457143,2020-06-18,"{""type"":""MultiPoint"",""coordinates"":[]}"
2726,90.15646956537482,2020-06-19,"{""type"":""MultiPoint"",""coordinates"":[]}"
2727,84.50571776198161,2020-06-20,"{""type"":""MultiPoint"",""coordinates"":[]}"
2728,87.26891354812666,2020-06-21,"{""type"":""MultiPoint"",""coordinates"":[]}"
2729,88.35976702191492,2020-06-22,"{""type"":""MultiPoint"",""coordinates"":[]}"
2730,87.047888449158,2020-06-23,"{""type"":""MultiPoint"",""coordinates"":[]}"
2731,89.04042254487986,2020-06-24,"{""type"":""MultiPoint"",""coordinates"":[]}"
2732,89.13102683864624,2020-06-25,"{""type"":""MultiPoint"",""coordinates"":[]}"
2733,88.63971709511002,2020-06-26,"{""type"":""MultiPoint"",""coordinates"":[]}"
2734,83.88098736288983,2020-06-27,"{""type"":""MultiPoint"",""coordinates"":[]}"
2735,88.42108874080829,2020-06-28,"{""type"":""MultiPoint"",""coordinates"":[]}"
2736,85.28342034325254,2020-06-29,"{""type"":""MultiPoint"",""coordinates"":[]}"
2737,84.79710752860011,2020-06-30,"{""type"":""MultiPoint"",""coordinates"":[]}"
2738,83.53056190041292,2020-07-01,"{""type"":""MultiPoint"",""coordinates"":[]}"
2739,90.60065793661515,2020-07-02,"{""type"":""MultiPoint"",""coordinates"":[]}"
2740,89.9301610855149,2020-07-03,"{""type"":""MultiPoint"",""coordinates"":[]}"
2741,90.38323864838323,2020-07-04,"{""type"":""MultiPoint"",""coordinates"":[]}"
2742,85.65107336338002,2020-07-05,"{""type"":""MultiPoint"",""coordinates"":[]}"
2743,83.66352577119979,2020-07-06,"{""type"":""MultiPoint"",""coordinates"":[]}"
2744,88.26728698730197,2020-07-07,"{""type"":""MultiPoint"",""coordinates"":[]}"
2745,87.04653156670001,2020-07-08,"{""type"":""MultiPoint"",""coordinates"":[]}"
2746,90.3866922430526,2020-07-09,"{""type"":""MultiPoint"",""coordinates"":[]}"
2747,87.54670537754238,2020-07-10,"{""type"":""MultiPoint"",""coordinates"":[]}"
2748,89.03285761122197,2020-07-11,"{""type"":""MultiPoint"",""coordinates"":[]}"
2749,88.72441918285341,2020-07-12,"{""type"":""MultiPoint"",""coordinates"":[]}"
2750,87.5311443897391,2020-07-13,"{""type"":""MultiPoint"",""coordinates"":[]}"
2751,86.13684504983564,2020-07-14,"{""type"":""MultiPoint"",""coordinates"":[]}"
2752,85.41980566905873,2020-07-15,"{""type"":""MultiPoint"",""coordinates"":[]}"
2753,81.38913102462622,2020-07-16,"{""type"":""MultiPoint"",""coordinates"":[]}"
2754,82.23042472404454,2020-07-17,"{""type"":""MultiPoint"",""coordinates"":[]}"
2755,78.3564426320584,2020-07-18,"{""type"":""MultiPoint"",""coordinates"":[]}"
2756,82.25483006920909,2020-07-19,"{""type"":""MultiPoint"",""coordinates"":[]}"
2757,80.26978553551679,2020-07-20,"{""type"":""MultiPoint"",""coordinates"":[]}"
2758,85.93843945708142,2020-07-21,"{""type"":""MultiPoint"",""coordinates"":[]}"
2759,90.23427883497614,2020-07-22,"{""type"":""MultiPoint"",""coordinates"":[]}"
2760,87.88016818407324,2020-07-23,"{""type"":""MultiPoint"",""coordinates"":[]}"
2761,87.68636080526166,2020-07-24,"{""type"":""MultiPoint"",""coordinates"":[]}"
2762,91.20480683247912,2020-07-25,"{""type"":""MultiPoint"",""coordinates"":[]}"
2763,87.78516617694648,2020-07-26,"{""type"":""MultiPoint"",""coordinates"":[]}"
2764,87.49323684141488,2020-07-27,"{""type"":""MultiPoint"",""coordinates"":[]}"
2765,87.63134062646174,2020-07-28,"{""type"":""MultiPoint"",""coordinates"":[]}"
2766,84.47864949468554,2020-07-29,"{""type"":""MultiPoint"",""coordinates"":[]}"
2767,90.65400035688378,2020-07-30,"{""type"":""MultiPoint"",""coordinates"":[]}"
2768,85.39510158143956,2020-07-31,"{""type"":""MultiPoint"",""coordinates"":[]}"
2769,75.05763837322034,2020-08-01,"{""type"":""MultiPoint"",""coordinates"":[]}"
2770,70.58907218844467,2020-08-02,"{""type"":""MultiPoint"",""coordinates"":[]}"
2771,73.16778527349203,2020-08-03,"{""type"":""MultiPoint"",""coordinates"":[]}"
2772,73.47555110644943,2020-08-04,"{""type"":""MultiPoint"",""coordinates"":[]}"
2773,76.45428748834125,2020-08-05,"{""type"":""MultiPoint"",""coordinates"":[]}"
2774,75.3880230537883,2020-08-06,"{""type"":""MultiPoint"",""coordinates"":[]}"
2775,75.36009059466217,2020-08-07,"{""type"":""MultiPoint"",""coordinates"":[]}"
2776,79.55893228481501,2020-08-08,"{""type"":""MultiPoint"",""coordinates"":[]}"
2777,76.98911880781817,2020-08-09,"{""type"":""MultiPoint"",""coordinates"":[]}"
2778,74.41336955691544,2020-08-10,"{""type"":""MultiPoint"",""coordinates"":[]}"
2779,82.25500490705878,2020-08-11,"{""type"":""MultiPoint"",""coordinates"":[]}"
2780,90.96428495466962,2020-08-12,"{""type"":""MultiPoint"",""coordinates"":[]}"
2781,88.98089414896545,2020-08-13,"{""type"":""MultiPoint"",""coordinates"":[]}"
2782,89.27791393294471,2020-08-14,"{""type"":""MultiPoint"",""coordinates"":[]}"
2783,89.02348885068642,2020-08-15,"{""type"":""MultiPoint"",""coordinates"":[]}"
2784,88.04292838869249,2020-08-16,"{""type"":""MultiPoint"",""coordinates"":[]}"
2785,84.37533375689667,2020-08-17,"{""type"":""MultiPoint"",""coordinates"":[]}"
2786,83.5017088401244,2020-08-18,"{""type"":""MultiPoint"",""coordinates"":[]}"
2787,89.06659821702372,2020-08-19,"{""type"":""MultiPoint"",""coordinates"":[]}"
2788,89.68685141227967,2020-08-20,"{""type"":""MultiPoint"",""coordinates"":[]}"
2789,91.14692620849341,2020-08-21,"{""type"":""MultiPoint"",""coordinates"":[]}"
2790,86.07241348336534,2020-08-22,"{""type"":""MultiPoint"",""coordinates"":[]}"
2791,88.52001725373573,2020-08-23,"{""type"":""MultiPoint"",""coordinates"":[]}"
2792,86.3526301085271,2020-08-24,"{""type"":""MultiPoint"",""coordinates"":[]}"
2793,88.12595599479562,2020-08-25,"{""type"":""MultiPoint"",""coordinates"":[]}"
2794,90.32856988927182,2020-08-26,"{""type"":""MultiPoint"",""coordinates"":[]}"
2795,86.28096603764823,2020-08-27,"{""type"":""MultiPoint"",""coordinates"":[]}"
2796,82.87489897625237,2020-08-28,"{""type"":""MultiPoint"",""coordinates"":[]}"
2797,81.52100612936049,2020-08-29,"{""type"":""MultiPoint"",""coordinates"":[]}"
2798,85.33010311043918,2020-08-30,"{""type"":""MultiPoint"",""coordinates"":[]}"
2799,87.35257979037766,2020-08-31,"{""type"":""MultiPoint"",""coordinates"":[]}"
2800,86.60335166461294,2020-09-01,"{""type"":""MultiPoint"",""coordinates"":[]}"
2801,89.43262159928595,2020-09-02,"{""type"":""MultiPoint"",""coordinates"":[]}"
2802,81.2310964826299,2020-09-03,"{""type"":""MultiPoint"",""coordinates"":[]}"
2803,84.8430984379591,2020-09-04,"{""type"":""MultiPoint"",""coordinates"":[]}"
2804,82.70719107628699,2020-09-05,"{""type"":""MultiPoint"",""coordinates"":[]}"
2805,85.79923137171232,2020-09-06,"{""type"":""MultiPoint"",""coordinates"":[]}"
2806,77.60526622147405,2020-09-07,"{""type"":""MultiPoint"",""coordinates"":[]}"
2807,87.33302095049508,2020-09-08,"{""type"":""MultiPoint"",""coordinates"":[]}"
2808,83.4650190341675,2020-09-09,"{""type"":""MultiPoint"",""coordinates"":[]}"
2809,83.50036181629267,2020-09-10,"{""type"":""MultiPoint"",""coordinates"":[]}"
2810,80.85145322017891,2020-09-11,"{""type"":""MultiPoint"",""coordinates"":[]}"
2811,79.99702583840109,2020-09-12,"{""type"":""MultiPoint"",""coordinates"":[]}"
2812,83.1289408146284,2020-09-13,"{""type"":""MultiPoint"",""coordinates"":[]}"
2813,83.85384835251416,2020-09-14,"{""type"":""MultiPoint"",""coordinates"":[]}"
2814,75.62798463760807,2020-09-15,"{""type"":""MultiPoint"",""coordinates"":[]}"
2815,80.94413283318276,2020-09-16,"{""type"":""MultiPoint"",""coordinates"":[]}"
2816,86.94113788813861,2020-09-17,"{""type"":""MultiPoint"",""coordinates"":[]}"
2817,88.30616797589936,2020-09-18,"{""type"":""MultiPoint"",""coordinates"":[]}"
2818,88.44854798236867,2020-09-19,"{""type"":""MultiPoint"",""coordinates"":[]}"
2819,88.01830746261906,2020-09-20,"{""type"":""MultiPoint"",""coordinates"":[]}"
2820,87.07751922809238,2020-09-21,"{""type"":""MultiPoint"",""coordinates"":[]}"
2821,80.41496245856648,2020-09-22,"{""type"":""MultiPoint"",""coordinates"":[]}"
2822,71.66307191626763,2020-09-23,"{""type"":""MultiPoint"",""coordinates"":[]}"
2823,80.38486201874508,2020-09-24,"{""type"":""MultiPoint"",""coordinates"":[]}"
2824,80.44621419242686,2020-09-25,"{""type"":""MultiPoint"",""coordinates"":[]}"
2825,81.62717394849922,2020-09-26,"{""type"":""MultiPoint"",""coordinates"":[]}"
2826,82.38109049660072,2020-09-27,"{""type"":""MultiPoint"",""coordinates"":[]}"
2827,84.3870511714495,2020-09-28,"{""type"":""MultiPoint"",""coordinates"":[]}"
2828,84.83313278022912,2020-09-29,"{""type"":""MultiPoint"",""coordinates"":[]}"
2829,85.27586433171184,2020-09-30,"{""type"":""MultiPoint"",""coordinates"":[]}"
2830,81.44259917536093,2020-10-01,"{""type"":""MultiPoint"",""coordinates"":[]}"
2831,83.83120014874874,2020-10-02,"{""type"":""MultiPoint"",""coordinates"":[]}"
2832,84.80076125767839,2020-10-03,"{""type"":""MultiPoint"",""coordinates"":[]}"
2833,90.16457266610138,2020-10-04,"{""type"":""MultiPoint"",""coordinates"":[]}"
2834,87.3883477716098,2020-10-05,"{""type"":""MultiPoint"",""coordinates"":[]}"
2835,79.95103240795356,2020-10-06,"{""type"":""MultiPoint"",""coordinates"":[]}"
2836,82.06691617885122,2020-10-07,"{""type"":""MultiPoint"",""coordinates"":[]}"
2837,85.22647419626416,2020-10-08,"{""type"":""MultiPoint"",""coordinates"":[]}"
2838,81.46002552856037,2020-10-09,"{""type"":""MultiPoint"",""coordinates"":[]}"
2839,76.16318046480099,2020-10-10,"{""type"":""MultiPoint"",""coordinates"":[]}"
2840,79.71269172984518,2020-10-11,"{""type"":""MultiPoint"",""coordinates"":[]}"
2841,80.9661193907079,2020-10-12,"{""type"":""MultiPoint"",""coordinates"":[]}"
2842,86.40344441129388,2020-10-13,"{""type"":""MultiPoint"",""coordinates"":[]}"
2843,79.6960320161458,2020-10-14,"{""type"":""MultiPoint"",""coordinates"":[]}"
2844,88.73904217443209,2020-10-15,"{""type"":""MultiPoint"",""coordinates"":[]}"
2845,87.61219161619421,2020-10-16,"{""type"":""MultiPoint"",""coordinates"":[]}"
2846,79.15396102477287,2020-10-17,"{""type"":""MultiPoint"",""coordinates"":[]}"
2847,78.49578388824403,2020-10-18,"{""type"":""MultiPoint"",""coordinates"":[]}"
2848,90.37462351057367,2020-10-19,"{""type"":""MultiPoint"",""coordinates"":[]}"
2849,87.25823717218275,2020-10-20,"{""type"":""MultiPoint"",""coordinates"":[]}"
2850,91.76725540959082,2020-10-21,"{""type"":""MultiPoint"",""coordinates"":[]}"
2851,88.69594325885014,2020-10-22,"{""type"":""MultiPoint"",""coordinates"":[]}"
2852,83.69889440901953,2020-10-23,"{""type"":""MultiPoint"",""coordinates"":[]}"
2853,88.4073844168073,2020-10-24,"{""type"":""MultiPoint"",""coordinates"":[]}"
2854,84.92714488095864,2020-10-25,"{""type"":""MultiPoint"",""coordinates"":[]}"
2855,84.49428318411994,2020-10-26,"{""type"":""MultiPoint"",""coordinates"":[]}"
2856,86.76376608531426,2020-10-27,"{""type"":""MultiPoint"",""coordinates"":[]}"
2857,91.81643195182805,2020-10-28,"{""type"":""MultiPoint"",""coordinates"":[]}"
2858,91.68375813785178,2020-10-29,"{""type"":""MultiPoint"",""coordinates"":[]}"
2859,90.74709205106404,2020-10-30,"{""type"":""MultiPoint"",""coordinates"":[]}"
2860,93.6786743688665,2020-10-31,"{""type"":""MultiPoint"",""coordinates"":[]}"
2861,93.47102730557687,2020-11-01,"{""type"":""MultiPoint"",""coordinates"":[]}"
2862,83.65661102296399,2020-11-02,"{""type"":""MultiPoint"",""coordinates"":[]}"
2863,86.41308240670622,2020-11-03,"{""type"":""MultiPoint"",""coordinates"":[]}"
2864,88.42049305211451,2020-11-04,"{""type"":""MultiPoint"",""coordinates"":[]}"
2865,84.09335159908832,2020-11-05,"{""type"":""MultiPoint"",""coordinates"":[]}"
2866,86.41928051004896,2020-11-06,"{""type"":""MultiPoint"",""coordinates"":[]}"
2867,80.81046792339139,2020-11-07,"{""type"":""MultiPoint"",""coordinates"":[]}"
2868,79.58403254645499,2020-11-08,"{""type"":""MultiPoint"",""coordinates"":[]}"
2869,77.30372202365812,2020-11-09,"{""type"":""MultiPoint"",""coordinates"":[]}"
2870,84.45851482558547,2020-11-10,"{""type"":""MultiPoint"",""coordinates"":[]}"
2871,87.55126072302708,2020-11-11,"{""type"":""MultiPoint"",""coordinates"":[]}"
2872,88.5706583476051,2020-11-12,"{""type"":""MultiPoint"",""coordinates"":[]}"
2873,85.70833822548097,2020-11-13,"{""type"":""MultiPoint"",""coordinates"":[]}"
2874,84.64395391810038,2020-11-14,"{""type"":""MultiPoint"",""coordinates"":[]}"
2875,85.67349712841542,2020-11-15,"{""type"":""MultiPoint"",""coordinates"":[]}"
2876,89.7896551918567,2020-11-16,"{""type"":""MultiPoint"",""coordinates"":[]}"
2877,91.54508225238675,2020-11-17,"{""type"":""MultiPoint"",""coordinates"":[]}"
2878,92.11213635954898,2020-11-18,"{""type"":""MultiPoint"",""coordinates"":[]}"
2879,91.1652705955621,2020-11-19,"{""type"":""MultiPoint"",""coordinates"":[]}"
2880,89.62243004619766,2020-11-20,"{""type"":""MultiPoint"",""coordinates"":[]}"
2881,89.6170987823794,2020-11-21,"{""type"":""MultiPoint"",""coordinates"":[]}"
2882,85.02278478543104,2020-11-22,"{""type"":""MultiPoint"",""coordinates"":[]}"
2883,86.49028128781896,2020-11-23,"{""type"":""MultiPoint"",""coordinates"":[]}"
2884,82.50754227560235,2020-11-24,"{""type"":""MultiPoint"",""coordinates"":[]}"
2885,80.53860116826851,2020-11-25,"{""type"":""MultiPoint"",""coordinates"":[]}"
2886,83.96492390963948,2020-11-26,"{""type"":""MultiPoint"",""coordinates"":[]}"
2887,89.17282794624731,2020-11-27,"{""type"":""MultiPoint"",""coordinates"":[]}"
2888,86.46485620104261,2020-11-28,"{""type"":""MultiPoint"",""coordinates"":[]}"
2889,88.35462303314789,2020-11-29,"{""type"":""MultiPoint"",""coordinates"":[]}"
2890,85.37760520972978,2020-11-30,"{""type"":""MultiPoint"",""coordinates"":[]}"
2891,83.3215765528587,2020-12-01,"{""type"":""MultiPoint"",""coordinates"":[]}"
2892,90.59463287957009,2020-12-02,"{""type"":""MultiPoint"",""coordinates"":[]}"
2893,89.0225007460142,2020-12-03,"{""type"":""MultiPoint"",""coordinates"":[]}"
2894,86.49894301101436,2020-12-04,"{""type"":""MultiPoint"",""coordinates"":[]}"
2895,79.87847575872087,2020-12-05,"{""type"":""MultiPoint"",""coordinates"":[]}"
2896,80.73268607258332,2020-12-06,"{""type"":""MultiPoint"",""coordinates"":[]}"
2897,75.49381012922676,2020-12-07,"{""type"":""MultiPoint"",""coordinates"":[]}"
2898,85.26326988568461,2020-12-08,"{""type"":""MultiPoint"",""coordinates"":[]}"
2899,87.16499873965857,2020-12-09,"{""type"":""MultiPoint"",""coordinates"":[]}"
2900,86.38344611169327,2020-12-10,"{""type"":""MultiPoint"",""coordinates"":[]}"
2901,83.17324380017139,2020-12-11,"{""type"":""MultiPoint"",""coordinates"":[]}"
2902,80.54402235495982,2020-12-12,"{""type"":""MultiPoint"",""coordinates"":[]}"
2903,77.3527223671568,2020-12-13,"{""type"":""MultiPoint"",""coordinates"":[]}"
2904,77.31417786544138,2020-12-14,"{""type"":""MultiPoint"",""coordinates"":[]}"
2905,82.38676878759314,2020-12-15,"{""type"":""MultiPoint"",""coordinates"":[]}"
2906,81.66744192377004,2020-12-16,"{""type"":""MultiPoint"",""coordinates"":[]}"
2907,84.35330956599576,2020-12-17,"{""type"":""MultiPoint"",""coordinates"":[]}"
2908,86.26424586113451,2020-12-18,"{""type"":""MultiPoint"",""coordinates"":[]}"
2909,80.00166221020501,2020-12-19,"{""type"":""MultiPoint"",""coordinates"":[]}"
2910,84.87076343660061,2020-12-20,"{""type"":""MultiPoint"",""coordinates"":[]}"
2911,86.14557370218415,2020-12-21,"{""type"":""MultiPoint"",""coordinates"":[]}"
2912,86.28897345803733,2020-12-22,"{""type"":""MultiPoint"",""coordinates"":[]}"
2913,85.87098170732452,2020-12-23,"{""type"":""MultiPoint"",""coordinates"":[]}"
2914,82.18170396826144,2020-12-24,"{""type"":""MultiPoint"",""coordinates"":[]}"
2915,89.58433376578141,2020-12-25,"{""type"":""MultiPoint"",""coordinates"":[]}"
2916,89.03205217709457,2020-12-26,"{""type"":""MultiPoint"",""coordinates"":[]}"
2917,87.09441324458987,2020-12-27,"{""type"":""MultiPoint"",""coordinates"":[]}"
2918,83.60028716705546,2020-12-28,"{""type"":""MultiPoint"",""coordinates"":[]}"
2919,85.55661890211566,2020-12-29,"{""type"":""MultiPoint"",""coordinates"":[]}"
2920,86.12592497885812,2020-12-30,"{""type"":""MultiPoint"",""coordinates"":[]}"
2921,87.42267902381656,2020-12-31,"{""type"":""MultiPoint"",""coordinates"":[]}"
2922,89.19827384173415,2021-01-01,"{""type"":""MultiPoint"",""coordinates"":[]}"
2923,85.5043855496718,2021-01-02,"{""type"":""MultiPoint"",""coordinates"":[]}"
2924,85.87136597050791,2021-01-03,"{""type"":""MultiPoint"",""coordinates"":[]}"
2925,79.68611710725885,2021-01-04,"{""type"":""MultiPoint"",""coordinates"":[]}"
2926,74.73748735544052,2021-01-05,"{""type"":""MultiPoint"",""coordinates"":[]}"
2927,75.99446250360016,2021-01-06,"{""type"":""MultiPoint"",""coordinates"":[]}"
2928,84.02705160254347,2021-01-07,"{""type"":""MultiPoint"",""coordinates"":[]}"
2929,83.98584838053989,2021-01-08,"{""type"":""MultiPoint"",""coordinates"":[]}"
2930,87.74327409591241,2021-01-09,"{""type"":""MultiPoint"",""coordinates"":[]}"
2931,86.50262100699767,2021-01-10,"{""type"":""MultiPoint"",""coordinates"":[]}"
2932,88.42526459711064,2021-01-11,"{""type"":""MultiPoint"",""coordinates"":[]}"
2933,85.11820725631512,2021-01-12,"{""type"":""MultiPoint"",""coordinates"":[]}"
2934,79.43743796600292,2021-01-13,"{""type"":""MultiPoint"",""coordinates"":[]}"
2935,80.61462394590622,2021-01-14,"{""type"":""MultiPoint"",""coordinates"":[]}"
2936,76.41562084889425,2021-01-15,"{""type"":""MultiPoint"",""coordinates"":[]}"
2937,76.20807785843067,2021-01-16,"{""type"":""MultiPoint"",""coordinates"":[]}"
2938,73.76559544671225,2021-01-17,"{""type"":""MultiPoint"",""coordinates"":[]}"
2939,72.97068854602666,2021-01-18,"{""type"":""MultiPoint"",""coordinates"":[]}"
2940,74.71103790288723,2021-01-19,"{""type"":""MultiPoint"",""coordinates"":[]}"
2941,67.85831673693538,2021-01-20,"{""type"":""MultiPoint"",""coordinates"":[]}"
2942,67.34738557415976,2021-01-21,"{""type"":""MultiPoint"",""coordinates"":[]}"
2943,75.00827139248209,2021-01-22,"{""type"":""MultiPoint"",""coordinates"":[]}"
2944,82.30557822757555,2021-01-23,"{""type"":""MultiPoint"",""coordinates"":[]}"
2945,83.21636310387912,2021-01-24,"{""type"":""MultiPoint"",""coordinates"":[]}"
2946,79.2054850453328,2021-01-25,"{""type"":""MultiPoint"",""coordinates"":[]}"
2947,78.88156697144011,2021-01-26,"{""type"":""MultiPoint"",""coordinates"":[]}"
2948,77.33158819731528,2021-01-27,"{""type"":""MultiPoint"",""coordinates"":[]}"
2949,71.05441295165444,2021-01-28,"{""type"":""MultiPoint"",""coordinates"":[]}"
2950,71.16745756020684,2021-01-29,"{""type"":""MultiPoint"",""coordinates"":[]}"
2951,67.4683982247701,2021-01-30,"{""type"":""MultiPoint"",""coordinates"":[]}"
2952,69.18510274763169,2021-01-31,"{""type"":""MultiPoint"",""coordinates"":[]}"
2953,70.78549552954051,2021-02-01,"{""type"":""MultiPoint"",""coordinates"":[]}"
2954,68.30226436596733,2021-02-02,"{""type"":""MultiPoint"",""coordinates"":[]}"
2955,78.98800082094414,2021-02-03,"{""type"":""MultiPoint"",""coordinates"":[]}"
2956,73.955926182001,2021-02-04,"{""type"":""MultiPoint"",""coordinates"":[]}"
2957,74.57394163438282,2021-02-05,"{""type"":""MultiPoint"",""coordinates"":[]}"
2958,79.21386910914484,2021-02-06,"{""type"":""MultiPoint"",""coordinates"":[]}"
2959,74.60675307648121,2021-02-07,"{""type"":""MultiPoint"",""coordinates"":[]}"
2960,81.78425707513351,2021-02-08,"{""type"":""MultiPoint"",""coordinates"":[]}"
2961,83.87317787516905,2021-02-09,"{""type"":""MultiPoint"",""coordinates"":[]}"
2962,83.73579932514859,2021-02-10,"{""type"":""MultiPoint"",""coordinates"":[]}"
2963,79.75403071744128,2021-02-11,"{""type"":""MultiPoint"",""coordinates"":[]}"
2964,81.70358332716133,2021-02-12,"{""type"":""MultiPoint"",""coordinates"":[]}"
2965,81.14916157511,2021-02-13,"{""type"":""MultiPoint"",""coordinates"":[]}"
2966,82.37679710235021,2021-02-14,"{""type"":""MultiPoint"",""coordinates"":[]}"
2967,79.26742169031806,2021-02-15,"{""type"":""MultiPoint"",""coordinates"":[]}"
2968,81.52429043551304,2021-02-16,"{""type"":""MultiPoint"",""coordinates"":[]}"
2969,74.92674167601476,2021-02-17,"{""type"":""MultiPoint"",""coordinates"":[]}"
2970,81.55548579004393,2021-02-18,"{""type"":""MultiPoint"",""coordinates"":[]}"
2971,82.2859270237754,2021-02-19,"{""type"":""MultiPoint"",""coordinates"":[]}"
2972,79.97759371850752,2021-02-20,"{""type"":""MultiPoint"",""coordinates"":[]}"
2973,80.01328839910406,2021-02-21,"{""type"":""MultiPoint"",""coordinates"":[]}"
2974,82.21512655638747,2021-02-22,"{""type"":""MultiPoint"",""coordinates"":[]}"
2975,84.53935064336274,2021-02-23,"{""type"":""MultiPoint"",""coordinates"":[]}"
2976,72.72808137433258,2021-02-24,"{""type"":""MultiPoint"",""coordinates"":[]}"
2977,85.24926125031706,2021-02-25,"{""type"":""MultiPoint"",""coordinates"":[]}"
2978,86.34792945752629,2021-02-26,"{""type"":""MultiPoint"",""coordinates"":[]}"
2979,87.73784786232704,2021-02-27,"{""type"":""MultiPoint"",""coordinates"":[]}"
2980,79.79584535264699,2021-02-28,"{""type"":""MultiPoint"",""coordinates"":[]}"
2981,76.09155545513153,2021-03-01,"{""type"":""MultiPoint"",""coordinates"":[]}"
2982,72.74350328874526,2021-03-02,"{""type"":""MultiPoint"",""coordinates"":[]}"
2983,74.07075846518708,2021-03-03,"{""type"":""MultiPoint"",""coordinates"":[]}"
2984,72.66923047167097,2021-03-04,"{""type"":""MultiPoint"",""coordinates"":[]}"
2985,77.08997775127712,2021-03-05,"{""type"":""MultiPoint"",""coordinates"":[]}"
2986,81.07438233168976,2021-03-06,"{""type"":""MultiPoint"",""coordinates"":[]}"
2987,82.03615745417802,2021-03-07,"{""type"":""MultiPoint"",""coordinates"":[]}"
2988,86.30764114405311,2021-03-08,"{""type"":""MultiPoint"",""coordinates"":[]}"
2989,77.77917980014054,2021-03-09,"{""type"":""MultiPoint"",""coordinates"":[]}"
2990,80.41749609548556,2021-03-10,"{""type"":""MultiPoint"",""coordinates"":[]}"
2991,90.36497942278965,2021-03-11,"{""type"":""MultiPoint"",""coordinates"":[]}"
2992,93.70557622063956,2021-03-12,"{""type"":""MultiPoint"",""coordinates"":[]}"
2993,83.82294638370018,2021-03-13,"{""type"":""MultiPoint"",""coordinates"":[]}"
2994,84.37174835167026,2021-03-14,"{""type"":""MultiPoint"",""coordinates"":[]}"
2995,82.75184386937276,2021-03-15,"{""type"":""MultiPoint"",""coordinates"":[]}"
2996,83.41723236582676,2021-03-16,"{""type"":""MultiPoint"",""coordinates"":[]}"
2997,80.37900770440204,2021-03-17,"{""type"":""MultiPoint"",""coordinates"":[]}"
2998,84.03648201769163,2021-03-18,"{""type"":""MultiPoint"",""coordinates"":[]}"
2999,82.79790318026997,2021-03-19,"{""type"":""MultiPoint"",""coordinates"":[]}"
3000,82.59160405879334,2021-03-20,"{""type"":""MultiPoint"",""coordinates"":[]}"
3001,84.9309647032723,2021-03-21,"{""type"":""MultiPoint"",""coordinates"":[]}"
3002,86.17691387241858,2021-03-22,"{""type"":""MultiPoint"",""coordinates"":[]}"
3003,82.09458599330158,2021-03-23,"{""type"":""MultiPoint"",""coordinates"":[]}"
3004,83.92308987690346,2021-03-24,"{""type"":""MultiPoint"",""coordinates"":[]}"
3005,81.52771567416224,2021-03-25,"{""type"":""MultiPoint"",""coordinates"":[]}"
3006,86.62296628960154,2021-03-26,"{""type"":""MultiPoint"",""coordinates"":[]}"
3007,91.86770579446882,2021-03-27,"{""type"":""MultiPoint"",""coordinates"":[]}"
3008,85.57381805382325,2021-03-28,"{""type"":""MultiPoint"",""coordinates"":[]}"
3009,88.2590759732466,2021-03-29,"{""type"":""MultiPoint"",""coordinates"":[]}"
3010,84.42755169888703,2021-03-30,"{""type"":""MultiPoint"",""coordinates"":[]}"
3011,84.43653891567196,2021-03-31,"{""type"":""MultiPoint"",""coordinates"":[]}"
3012,85.12837624046952,2021-04-01,"{""type"":""MultiPoint"",""coordinates"":[]}"
3013,88.0335191014252,2021-04-02,"{""type"":""MultiPoint"",""coordinates"":[]}"
3014,92.45193187879318,2021-04-03,"{""type"":""MultiPoint"",""coordinates"":[]}"
3015,91.28762891384174,2021-04-04,"{""type"":""MultiPoint"",""coordinates"":[]}"
3016,91.30873759288663,2021-04-05,"{""type"":""MultiPoint"",""coordinates"":[]}"
3017,92.5629743091665,2021-04-06,"{""type"":""MultiPoint"",""coordinates"":[]}"
3018,87.99869658077465,2021-04-07,"{""type"":""MultiPoint"",""coordinates"":[]}"
3019,86.27865779535871,2021-04-08,"{""type"":""MultiPoint"",""coordinates"":[]}"
3020,93.28269875975805,2021-04-09,"{""type"":""MultiPoint"",""coordinates"":[]}"
3021,88.10354807197994,2021-04-10,"{""type"":""MultiPoint"",""coordinates"":[]}"
3022,89.37370228930395,2021-04-11,"{""type"":""MultiPoint"",""coordinates"":[]}"
3023,86.60219206574112,2021-04-12,"{""type"":""MultiPoint"",""coordinates"":[]}"
3024,79.79394042351078,2021-04-13,"{""type"":""MultiPoint"",""coordinates"":[]}"
3025,81.363300174303,2021-04-14,"{""type"":""MultiPoint"",""coordinates"":[]}"
3026,88.67378312114322,2021-04-15,"{""type"":""MultiPoint"",""coordinates"":[]}"
3027,89.79297569266232,2021-04-16,"{""type"":""MultiPoint"",""coordinates"":[]}"
3028,87.60706370880997,2021-04-17,"{""type"":""MultiPoint"",""coordinates"":[]}"
3029,90.87228393945738,2021-04-18,"{""type"":""MultiPoint"",""coordinates"":[]}"
3030,87.31198630449724,2021-04-19,"{""type"":""MultiPoint"",""coordinates"":[]}"
3031,79.54801396100459,2021-04-20,"{""type"":""MultiPoint"",""coordinates"":[]}"
3032,76.60610083933317,2021-04-21,"{""type"":""MultiPoint"",""coordinates"":[]}"
3033,77.78949240920778,2021-04-22,"{""type"":""MultiPoint"",""coordinates"":[]}"
3034,85.66641440026358,2021-04-23,"{""type"":""MultiPoint"",""coordinates"":[]}"
3035,81.57498757217999,2021-04-24,"{""type"":""MultiPoint"",""coordinates"":[]}"
3036,80.34671641868529,2021-04-25,"{""type"":""MultiPoint"",""coordinates"":[]}"
3037,87.14156131319886,2021-04-26,"{""type"":""MultiPoint"",""coordinates"":[]}"
3038,86.84001150385028,2021-04-27,"{""type"":""MultiPoint"",""coordinates"":[]}"
3039,90.56209142996148,2021-04-28,"{""type"":""MultiPoint"",""coordinates"":[]}"
3040,93.423931143817,2021-04-29,"{""type"":""MultiPoint"",""coordinates"":[]}"
3041,94.88959413622673,2021-04-30,"{""type"":""MultiPoint"",""coordinates"":[]}"
3042,88.20445248512458,2021-05-01,"{""type"":""MultiPoint"",""coordinates"":[]}"
3043,91.02453252413842,2021-05-02,"{""type"":""MultiPoint"",""coordinates"":[]}"
3044,95.0920961789739,2021-05-03,"{""type"":""MultiPoint"",""coordinates"":[]}"
3045,92.18407715121178,2021-05-04,"{""type"":""MultiPoint"",""coordinates"":[]}"
3046,87.41337405453133,2021-05-05,"{""type"":""MultiPoint"",""coordinates"":[]}"
3047,89.36867579571636,2021-05-06,"{""type"":""MultiPoint"",""coordinates"":[]}"
3048,91.56503361559295,2021-05-07,"{""type"":""MultiPoint"",""coordinates"":[]}"
3049,91.00659745886459,2021-05-08,"{""type"":""MultiPoint"",""coordinates"":[]}"
3050,92.26483841213287,2021-05-09,"{""type"":""MultiPoint"",""coordinates"":[]}"
3051,94.63377092374098,2021-05-10,"{""type"":""MultiPoint"",""coordinates"":[]}"
3052,88.45732041559994,2021-05-11,"{""type"":""MultiPoint"",""coordinates"":[]}"
3053,84.09231631407386,2021-05-12,"{""type"":""MultiPoint"",""coordinates"":[]}"
3054,88.92267299137983,2021-05-13,"{""type"":""MultiPoint"",""coordinates"":[]}"
3055,88.78159401528698,2021-05-14,"{""type"":""MultiPoint"",""coordinates"":[]}"
3056,90.10871901172247,2021-05-15,"{""type"":""MultiPoint"",""coordinates"":[]}"
3057,91.5472570921605,2021-05-16,"{""type"":""MultiPoint"",""coordinates"":[]}"
3058,93.88898468661306,2021-05-17,"{""type"":""MultiPoint"",""coordinates"":[]}"
3059,93.5977883425292,2021-05-18,"{""type"":""MultiPoint"",""coordinates"":[]}"
3060,87.57155287016705,2021-05-19,"{""type"":""MultiPoint"",""coordinates"":[]}"
3061,89.77558648255489,2021-05-20,"{""type"":""MultiPoint"",""coordinates"":[]}"
3062,89.09036245557083,2021-05-21,"{""type"":""MultiPoint"",""coordinates"":[]}"
3063,92.58444868340653,2021-05-22,"{""type"":""MultiPoint"",""coordinates"":[]}"
3064,92.6637900311322,2021-05-23,"{""type"":""MultiPoint"",""coordinates"":[]}"
3065,89.5497899012269,2021-05-24,"{""type"":""MultiPoint"",""coordinates"":[]}"
3066,85.59387418770457,2021-05-25,"{""type"":""MultiPoint"",""coordinates"":[]}"
3067,90.52510443208564,2021-05-26,"{""type"":""MultiPoint"",""coordinates"":[]}"
3068,92.09822750867157,2021-05-27,"{""type"":""MultiPoint"",""coordinates"":[]}"
3069,90.55873643769878,2021-05-28,"{""type"":""MultiPoint"",""coordinates"":[]}"
3070,87.98378541716896,2021-05-29,"{""type"":""MultiPoint"",""coordinates"":[]}"
3071,93.06996413851732,2021-05-30,"{""type"":""MultiPoint"",""coordinates"":[]}"
3072,92.00859621009208,2021-05-31,"{""type"":""MultiPoint"",""coordinates"":[]}"
3073,90.53267927277648,2021-06-01,"{""type"":""MultiPoint"",""coordinates"":[]}"
3074,90.39255883846408,2021-06-02,"{""type"":""MultiPoint"",""coordinates"":[]}"
3075,89.50052473802008,2021-06-03,"{""type"":""MultiPoint"",""coordinates"":[]}"
3076,89.58788350516524,2021-06-04,"{""type"":""MultiPoint"",""coordinates"":[]}"
3077,86.19631211575332,2021-06-05,"{""type"":""MultiPoint"",""coordinates"":[]}"
3078,89.46802951432734,2021-06-06,"{""type"":""MultiPoint"",""coordinates"":[]}"
3079,89.67461791842594,2021-06-07,"{""type"":""MultiPoint"",""coordinates"":[]}"
3080,93.752315321759,2021-06-08,"{""type"":""MultiPoint"",""coordinates"":[]}"
3081,90.0978522889756,2021-06-09,"{""type"":""MultiPoint"",""coordinates"":[]}"
3082,89.6792685709937,2021-06-10,"{""type"":""MultiPoint"",""coordinates"":[]}"
3083,85.6681839338312,2021-06-11,"{""type"":""MultiPoint"",""coordinates"":[]}"
3084,88.9204344640407,2021-06-12,"{""type"":""MultiPoint"",""coordinates"":[]}"
3085,93.84475785691247,2021-06-13,"{""type"":""MultiPoint"",""coordinates"":[]}"
3086,95.34243549770754,2021-06-14,"{""type"":""MultiPoint"",""coordinates"":[]}"
3087,90.32931152339847,2021-06-15,"{""type"":""MultiPoint"",""coordinates"":[]}"
3088,90.10934989945109,2021-06-16,"{""type"":""MultiPoint"",""coordinates"":[]}"
3089,86.71649565945218,2021-06-17,"{""type"":""MultiPoint"",""coordinates"":[]}"
3090,82.69702877884214,2021-06-18,"{""type"":""MultiPoint"",""coordinates"":[]}"
3091,88.57475131800692,2021-06-19,"{""type"":""MultiPoint"",""coordinates"":[]}"
3092,89.57130358189664,2021-06-20,"{""type"":""MultiPoint"",""coordinates"":[]}"
3093,86.93834538466336,2021-06-21,"{""type"":""MultiPoint"",""coordinates"":[]}"
3094,89.28015116150613,2021-06-22,"{""type"":""MultiPoint"",""coordinates"":[]}"
3095,88.87870975780017,2021-06-23,"{""type"":""MultiPoint"",""coordinates"":[]}"
3096,91.1349218204176,2021-06-24,"{""type"":""MultiPoint"",""coordinates"":[]}"
3097,90.24340205342229,2021-06-25,"{""type"":""MultiPoint"",""coordinates"":[]}"
3098,91.70929402107849,2021-06-26,"{""type"":""MultiPoint"",""coordinates"":[]}"
3099,87.83199955472607,2021-06-27,"{""type"":""MultiPoint"",""coordinates"":[]}"
3100,83.05145311123032,2021-06-28,"{""type"":""MultiPoint"",""coordinates"":[]}"
3101,83.74384414499913,2021-06-29,"{""type"":""MultiPoint"",""coordinates"":[]}"
3102,82.15953571764267,2021-06-30,"{""type"":""MultiPoint"",""coordinates"":[]}"
3103,83.2786607097665,2021-07-01,"{""type"":""MultiPoint"",""coordinates"":[]}"
3104,84.83434244202712,2021-07-02,"{""type"":""MultiPoint"",""coordinates"":[]}"
3105,80.12739964612537,2021-07-03,"{""type"":""MultiPoint"",""coordinates"":[]}"
3106,74.84444790292461,2021-07-04,"{""type"":""MultiPoint"",""coordinates"":[]}"
3107,74.52483898680518,2021-07-05,"{""type"":""MultiPoint"",""coordinates"":[]}"
3108,79.62616111163989,2021-07-06,"{""type"":""MultiPoint"",""coordinates"":[]}"
3109,79.78168062810987,2021-07-07,"{""type"":""MultiPoint"",""coordinates"":[]}"
3110,80.96089893495784,2021-07-08,"{""type"":""MultiPoint"",""coordinates"":[]}"
3111,89.72592722211552,2021-07-09,"{""type"":""MultiPoint"",""coordinates"":[]}"
3112,85.49358173345972,2021-07-10,"{""type"":""MultiPoint"",""coordinates"":[]}"
3113,89.51213445198158,2021-07-11,"{""type"":""MultiPoint"",""coordinates"":[]}"
3114,84.96954431147788,2021-07-12,"{""type"":""MultiPoint"",""coordinates"":[]}"
3115,83.7818832484657,2021-07-13,"{""type"":""MultiPoint"",""coordinates"":[]}"
3116,84.89647684764819,2021-07-14,"{""type"":""MultiPoint"",""coordinates"":[]}"
3117,84.66922265271712,2021-07-15,"{""type"":""MultiPoint"",""coordinates"":[]}"
3118,86.56914229291543,2021-07-16,"{""type"":""MultiPoint"",""coordinates"":[]}"
3119,88.71318568779513,2021-07-17,"{""type"":""MultiPoint"",""coordinates"":[]}"
3120,90.1226764102684,2021-07-18,"{""type"":""MultiPoint"",""coordinates"":[]}"
3121,88.0659277441107,2021-07-19,"{""type"":""MultiPoint"",""coordinates"":[]}"
3122,77.2420233750882,2021-07-20,"{""type"":""MultiPoint"",""coordinates"":[]}"
3123,76.51602659565467,2021-07-21,"{""type"":""MultiPoint"",""coordinates"":[]}"
3124,83.01788773581475,2021-07-22,"{""type"":""MultiPoint"",""coordinates"":[]}"
3125,83.03650625635687,2021-07-23,"{""type"":""MultiPoint"",""coordinates"":[]}"
3126,89.89308089221286,2021-07-24,"{""type"":""MultiPoint"",""coordinates"":[]}"
3127,96.4871986034999,2021-07-25,"{""type"":""MultiPoint"",""coordinates"":[]}"
3128,90.18073609948509,2021-07-26,"{""type"":""MultiPoint"",""coordinates"":[]}"
3129,90.37937924691722,2021-07-27,"{""type"":""MultiPoint"",""coordinates"":[]}"
3130,87.72052519941268,2021-07-28,"{""type"":""MultiPoint"",""coordinates"":[]}"
3131,82.32702176249946,2021-07-29,"{""type"":""MultiPoint"",""coordinates"":[]}"
3132,85.10471395692066,2021-07-30,"{""type"":""MultiPoint"",""coordinates"":[]}"
3133,83.44301074356339,2021-07-31,"{""type"":""MultiPoint"",""coordinates"":[]}"
3134,80.84468897935979,2021-08-01,"{""type"":""MultiPoint"",""coordinates"":[]}"
3135,81.68355023039645,2021-08-02,"{""type"":""MultiPoint"",""coordinates"":[]}"
3136,79.03409853916436,2021-08-03,"{""type"":""MultiPoint"",""coordinates"":[]}"
3137,75.82294573612033,2021-08-04,"{""type"":""MultiPoint"",""coordinates"":[]}"
3138,77.21202142405204,2021-08-05,"{""type"":""MultiPoint"",""coordinates"":[]}"
3139,74.65175713388821,2021-08-06,"{""type"":""MultiPoint"",""coordinates"":[]}"
3140,76.30315805165218,2021-08-07,"{""type"":""MultiPoint"",""coordinates"":[]}"
3141,86.30368832490535,2021-08-08,"{""type"":""MultiPoint"",""coordinates"":[]}"
3142,84.34345576586979,2021-08-09,"{""type"":""MultiPoint"",""coordinates"":[]}"
3143,86.5981503296246,2021-08-10,"{""type"":""MultiPoint"",""coordinates"":[]}"
3144,83.46964122232187,2021-08-11,"{""type"":""MultiPoint"",""coordinates"":[]}"
3145,85.50874774493617,2021-08-12,"{""type"":""MultiPoint"",""coordinates"":[]}"
3146,86.75170667895696,2021-08-13,"{""type"":""MultiPoint"",""coordinates"":[]}"
3147,88.68609932796363,2021-08-14,"{""type"":""MultiPoint"",""coordinates"":[]}"
3148,91.04497165401894,2021-08-15,"{""type"":""MultiPoint"",""coordinates"":[]}"
3149,90.20164841434371,2021-08-16,"{""type"":""MultiPoint"",""coordinates"":[]}"
3150,92.33117888669899,2021-08-17,"{""type"":""MultiPoint"",""coordinates"":[]}"
3151,88.21194389658565,2021-08-18,"{""type"":""MultiPoint"",""coordinates"":[]}"
3152,91.753543607552,2021-08-19,"{""type"":""MultiPoint"",""coordinates"":[]}"
3153,89.93320804817432,2021-08-20,"{""type"":""MultiPoint"",""coordinates"":[]}"
3154,87.60706404621537,2021-08-21,"{""type"":""MultiPoint"",""coordinates"":[]}"
3155,85.62727964590378,2021-08-22,"{""type"":""MultiPoint"",""coordinates"":[]}"
3156,81.6105603579585,2021-08-23,"{""type"":""MultiPoint"",""coordinates"":[]}"
3157,88.8877868039582,2021-08-24,"{""type"":""MultiPoint"",""coordinates"":[]}"
3158,91.4385393911824,2021-08-25,"{""type"":""MultiPoint"",""coordinates"":[]}"
3159,90.53328615025664,2021-08-26,"{""type"":""MultiPoint"",""coordinates"":[]}"
3160,86.98730521912563,2021-08-27,"{""type"":""MultiPoint"",""coordinates"":[]}"
3161,82.86974505521177,2021-08-28,"{""type"":""MultiPoint"",""coordinates"":[]}"
3162,83.04946120058254,2021-08-29,"{""type"":""MultiPoint"",""coordinates"":[]}"
3163,88.93648789139144,2021-08-30,"{""type"":""MultiPoint"",""coordinates"":[]}"
3164,92.43710115485612,2021-08-31,"{""type"":""MultiPoint"",""coordinates"":[]}"
3165,92.75350897297301,2021-09-01,"{""type"":""MultiPoint"",""coordinates"":[]}"
3166,86.73387054720403,2021-09-02,"{""type"":""MultiPoint"",""coordinates"":[]}"
3167,84.07016308289342,2021-09-03,"{""type"":""MultiPoint"",""coordinates"":[]}"
3168,84.18310632536188,2021-09-04,"{""type"":""MultiPoint"",""coordinates"":[]}"
3169,88.08059333985132,2021-09-05,"{""type"":""MultiPoint"",""coordinates"":[]}"
3170,91.30610487096034,2021-09-06,"{""type"":""MultiPoint"",""coordinates"":[]}"
3171,92.43452562933373,2021-09-07,"{""type"":""MultiPoint"",""coordinates"":[]}"
3172,87.7928910906236,2021-09-08,"{""type"":""MultiPoint"",""coordinates"":[]}"
3173,81.93799917998128,2021-09-09,"{""type"":""MultiPoint"",""coordinates"":[]}"
3174,80.57953817920779,2021-09-10,"{""type"":""MultiPoint"",""coordinates"":[]}"
3175,88.80290935208448,2021-09-11,"{""type"":""MultiPoint"",""coordinates"":[]}"
3176,88.84327251623547,2021-09-12,"{""type"":""MultiPoint"",""coordinates"":[]}"
3177,83.70392259737257,2021-09-13,"{""type"":""MultiPoint"",""coordinates"":[]}"
3178,82.49971031462624,2021-09-14,"{""type"":""MultiPoint"",""coordinates"":[]}"
3179,84.76226334897648,2021-09-15,"{""type"":""MultiPoint"",""coordinates"":[]}"
3180,82.81114072029733,2021-09-16,"{""type"":""MultiPoint"",""coordinates"":[]}"
3181,74.7734943711253,2021-09-17,"{""type"":""MultiPoint"",""coordinates"":[]}"
3182,71.50863936361021,2021-09-18,"{""type"":""MultiPoint"",""coordinates"":[]}"
3183,76.13389468840576,2021-09-19,"{""type"":""MultiPoint"",""coordinates"":[]}"
3184,87.66658984231469,2021-09-20,"{""type"":""MultiPoint"",""coordinates"":[]}"
3185,88.77175328807921,2021-09-21,"{""type"":""MultiPoint"",""coordinates"":[]}"
3186,88.42667890166045,2021-09-22,"{""type"":""MultiPoint"",""coordinates"":[]}"
3187,90.09365690898768,2021-09-23,"{""type"":""MultiPoint"",""coordinates"":[]}"
3188,85.55019211570341,2021-09-24,"{""type"":""MultiPoint"",""coordinates"":[]}"
3189,85.59103667701879,2021-09-25,"{""type"":""MultiPoint"",""coordinates"":[]}"
3190,76.3197306370716,2021-09-26,"{""type"":""MultiPoint"",""coordinates"":[]}"
3191,76.01485726742459,2021-09-27,"{""type"":""MultiPoint"",""coordinates"":[]}"
3192,82.17566524439309,2021-09-28,"{""type"":""MultiPoint"",""coordinates"":[]}"
3193,86.5754314026998,2021-09-29,"{""type"":""MultiPoint"",""coordinates"":[]}"
3194,94.47246545543719,2021-09-30,"{""type"":""MultiPoint"",""coordinates"":[]}"
3195,89.1748531133161,2021-10-01,"{""type"":""MultiPoint"",""coordinates"":[]}"
3196,86.3265168651984,2021-10-02,"{""type"":""MultiPoint"",""coordinates"":[]}"
3197,83.11203138622504,2021-10-03,"{""type"":""MultiPoint"",""coordinates"":[]}"
3198,85.99414047004238,2021-10-04,"{""type"":""MultiPoint"",""coordinates"":[]}"
3199,86.6488954753883,2021-10-05,"{""type"":""MultiPoint"",""coordinates"":[]}"
3200,91.11887353942704,2021-10-06,"{""type"":""MultiPoint"",""coordinates"":[]}"
3201,87.09668580369815,2021-10-07,"{""type"":""MultiPoint"",""coordinates"":[]}"
3202,85.57603410590933,2021-10-08,"{""type"":""MultiPoint"",""coordinates"":[]}"
3203,89.68171820659084,2021-10-09,"{""type"":""MultiPoint"",""coordinates"":[]}"
3204,85.85744056855026,2021-10-10,"{""type"":""MultiPoint"",""coordinates"":[]}"
3205,92.52631752829141,2021-10-11,"{""type"":""MultiPoint"",""coordinates"":[]}"
3206,87.70917547032077,2021-10-12,"{""type"":""MultiPoint"",""coordinates"":[]}"
3207,87.91336971453194,2021-10-13,"{""type"":""MultiPoint"",""coordinates"":[]}"
3208,87.03080098648053,2021-10-14,"{""type"":""MultiPoint"",""coordinates"":[]}"
3209,87.05786436642728,2021-10-15,"{""type"":""MultiPoint"",""coordinates"":[]}"
3210,85.83732025904247,2021-10-16,"{""type"":""MultiPoint"",""coordinates"":[]}"
3211,90.52246486539603,2021-10-17,"{""type"":""MultiPoint"",""coordinates"":[]}"
3212,85.65536513123078,2021-10-18,"{""type"":""MultiPoint"",""coordinates"":[]}"
3213,84.70059696753952,2021-10-19,"{""type"":""MultiPoint"",""coordinates"":[]}"
3214,76.55479491743625,2021-10-20,"{""type"":""MultiPoint"",""coordinates"":[]}"
3215,72.97287508519175,2021-10-21,"{""type"":""MultiPoint"",""coordinates"":[]}"
3216,83.21684866661549,2021-10-22,"{""type"":""MultiPoint"",""coordinates"":[]}"
3217,88.48888777551794,2021-10-23,"{""type"":""MultiPoint"",""coordinates"":[]}"
3218,89.93597778713394,2021-10-24,"{""type"":""MultiPoint"",""coordinates"":[]}"
3219,90.7938556468563,2021-10-25,"{""type"":""MultiPoint"",""coordinates"":[]}"
3220,92.73859176598938,2021-10-26,"{""type"":""MultiPoint"",""coordinates"":[]}"
3221,95.17836620426307,2021-10-27,"{""type"":""MultiPoint"",""coordinates"":[]}"
3222,84.7679547592541,2021-10-28,"{""type"":""MultiPoint"",""coordinates"":[]}"
3223,87.02090275578358,2021-10-29,"{""type"":""MultiPoint"",""coordinates"":[]}"
3224,88.74878352406552,2021-10-30,"{""type"":""MultiPoint"",""coordinates"":[]}"
3225,91.76645948368805,2021-10-31,"{""type"":""MultiPoint"",""coordinates"":[]}"
3226,89.55822316037971,2021-11-01,"{""type"":""MultiPoint"",""coordinates"":[]}"
3227,89.83962054508083,2021-11-02,"{""type"":""MultiPoint"",""coordinates"":[]}"
3228,92.14003131787392,2021-11-03,"{""type"":""MultiPoint"",""coordinates"":[]}"
3229,94.15320031783934,2021-11-04,"{""type"":""MultiPoint"",""coordinates"":[]}"
3230,89.32112088117653,2021-11-05,"{""type"":""MultiPoint"",""coordinates"":[]}"
3231,86.92498614459403,2021-11-06,"{""type"":""MultiPoint"",""coordinates"":[]}"
3232,75.50757800175992,2021-11-07,"{""type"":""MultiPoint"",""coordinates"":[]}"
3233,81.22700631461366,2021-11-08,"{""type"":""MultiPoint"",""coordinates"":[]}"
3234,91.92875621185401,2021-11-09,"{""type"":""MultiPoint"",""coordinates"":[]}"
3235,89.26942233741032,2021-11-10,"{""type"":""MultiPoint"",""coordinates"":[]}"
3236,84.42602506087665,2021-11-11,"{""type"":""MultiPoint"",""coordinates"":[]}"
3237,79.22421691909624,2021-11-12,"{""type"":""MultiPoint"",""coordinates"":[]}"
3238,78.99209112082534,2021-11-13,"{""type"":""MultiPoint"",""coordinates"":[]}"
3239,83.11211285924124,2021-11-14,"{""type"":""MultiPoint"",""coordinates"":[]}"
3240,87.59179338236903,2021-11-15,"{""type"":""MultiPoint"",""coordinates"":[]}"
3241,89.4648465462874,2021-11-16,"{""type"":""MultiPoint"",""coordinates"":[]}"
3242,88.98023352431221,2021-11-17,"{""type"":""MultiPoint"",""coordinates"":[]}"
3243,81.29413172465132,2021-11-18,"{""type"":""MultiPoint"",""coordinates"":[]}"
3244,78.74481767709993,2021-11-19,"{""type"":""MultiPoint"",""coordinates"":[]}"
3245,85.74835720590643,2021-11-20,"{""type"":""MultiPoint"",""coordinates"":[]}"
3246,85.82237135890854,2021-11-21,"{""type"":""MultiPoint"",""coordinates"":[]}"
3247,79.77890057532942,2021-11-22,"{""type"":""MultiPoint"",""coordinates"":[]}"
3248,89.20842658044131,2021-11-23,"{""type"":""MultiPoint"",""coordinates"":[]}"
3249,90.3432752047895,2021-11-24,"{""type"":""MultiPoint"",""coordinates"":[]}"
3250,92.64334454340546,2021-11-25,"{""type"":""MultiPoint"",""coordinates"":[]}"
3251,90.69114473816211,2021-11-26,"{""type"":""MultiPoint"",""coordinates"":[]}"
3252,86.92685459687254,2021-11-27,"{""type"":""MultiPoint"",""coordinates"":[]}"
3253,79.14540472897825,2021-11-28,"{""type"":""MultiPoint"",""coordinates"":[]}"
3254,85.35677113092271,2021-11-29,"{""type"":""MultiPoint"",""coordinates"":[]}"
3255,83.09716107631115,2021-11-30,"{""type"":""MultiPoint"",""coordinates"":[]}"
3256,85.11654111460187,2021-12-01,"{""type"":""MultiPoint"",""coordinates"":[]}"
3257,86.76492962361881,2021-12-02,"{""type"":""MultiPoint"",""coordinates"":[]}"
3258,83.83395987612292,2021-12-03,"{""type"":""MultiPoint"",""coordinates"":[]}"
3259,86.00365117314728,2021-12-04,"{""type"":""MultiPoint"",""coordinates"":[]}"
3260,80.97720570016548,2021-12-05,"{""type"":""MultiPoint"",""coordinates"":[]}"
3261,80.24830523489243,2021-12-06,"{""type"":""MultiPoint"",""coordinates"":[]}"
3262,72.48620359723415,2021-12-07,"{""type"":""MultiPoint"",""coordinates"":[]}"
3263,75.72856413515068,2021-12-08,"{""type"":""MultiPoint"",""coordinates"":[]}"
3264,80.70524113418445,2021-12-09,"{""type"":""MultiPoint"",""coordinates"":[]}"
3265,88.42656835002816,2021-12-10,"{""type"":""MultiPoint"",""coordinates"":[]}"
3266,83.52530881696111,2021-12-11,"{""type"":""MultiPoint"",""coordinates"":[]}"
3267,94.82376891687619,2021-12-12,"{""type"":""MultiPoint"",""coordinates"":[]}"
3268,87.66820022270956,2021-12-13,"{""type"":""MultiPoint"",""coordinates"":[]}"
3269,82.29553840489638,2021-12-14,"{""type"":""MultiPoint"",""coordinates"":[]}"
3270,84.81035203316186,2021-12-15,"{""type"":""MultiPoint"",""coordinates"":[]}"
3271,90.5441247897391,2021-12-16,"{""type"":""MultiPoint"",""coordinates"":[]}"
3272,86.88503327751714,2021-12-17,"{""type"":""MultiPoint"",""coordinates"":[]}"
3273,85.71857536253968,2021-12-18,"{""type"":""MultiPoint"",""coordinates"":[]}"
3274,82.3136203519672,2021-12-19,"{""type"":""MultiPoint"",""coordinates"":[]}"
3275,88.99893877289645,2021-12-20,"{""type"":""MultiPoint"",""coordinates"":[]}"
3276,89.32496717929844,2021-12-21,"{""type"":""MultiPoint"",""coordinates"":[]}"
3277,90.06115671490294,2021-12-22,"{""type"":""MultiPoint"",""coordinates"":[]}"
3278,88.88851770459661,2021-12-23,"{""type"":""MultiPoint"",""coordinates"":[]}"
3279,89.53054405879055,2021-12-24,"{""type"":""MultiPoint"",""coordinates"":[]}"
3280,88.0639315397076,2021-12-25,"{""type"":""MultiPoint"",""coordinates"":[]}"
3281,86.4336661092812,2021-12-26,"{""type"":""MultiPoint"",""coordinates"":[]}"
3282,87.52970013570554,2021-12-27,"{""type"":""MultiPoint"",""coordinates"":[]}"
3283,83.20797913804222,2021-12-28,"{""type"":""MultiPoint"",""coordinates"":[]}"
3284,85.34019382154976,2021-12-29,"{""type"":""MultiPoint"",""coordinates"":[]}"
3285,81.43125966213394,2021-12-30,"{""type"":""MultiPoint"",""coordinates"":[]}"
3286,76.91548288312269,2021-12-31,"{""type"":""MultiPoint"",""coordinates"":[]}"
3287,79.11466577100376,2022-01-01,"{""type"":""MultiPoint"",""coordinates"":[]}"
3288,82.76740217737596,2022-01-02,"{""type"":""MultiPoint"",""coordinates"":[]}"
3289,87.87891453698073,2022-01-03,"{""type"":""MultiPoint"",""coordinates"":[]}"
3290,82.87436350962018,2022-01-04,"{""type"":""MultiPoint"",""coordinates"":[]}"
3291,78.44996791549389,2022-01-05,"{""type"":""MultiPoint"",""coordinates"":[]}"
3292,75.23541388533928,2022-01-06,"{""type"":""MultiPoint"",""coordinates"":[]}"
3293,82.49268417753625,2022-01-07,"{""type"":""MultiPoint"",""coordinates"":[]}"
3294,76.6118449093651,2022-01-08,"{""type"":""MultiPoint"",""coordinates"":[]}"
3295,79.51653123397304,2022-01-09,"{""type"":""MultiPoint"",""coordinates"":[]}"
3296,87.37720425146172,2022-01-10,"{""type"":""MultiPoint"",""coordinates"":[]}"
3297,88.04245887898092,2022-01-11,"{""type"":""MultiPoint"",""coordinates"":[]}"
3298,80.11693944663044,2022-01-12,"{""type"":""MultiPoint"",""coordinates"":[]}"
3299,84.13652302359766,2022-01-13,"{""type"":""MultiPoint"",""coordinates"":[]}"
3300,86.75770560637625,2022-01-14,"{""type"":""MultiPoint"",""coordinates"":[]}"
3301,84.23252365061238,2022-01-15,"{""type"":""MultiPoint"",""coordinates"":[]}"
3302,75.32683331322437,2022-01-16,"{""type"":""MultiPoint"",""coordinates"":[]}"
3303,81.09417374160358,2022-01-17,"{""type"":""MultiPoint"",""coordinates"":[]}"
3304,81.25838418063712,2022-01-18,"{""type"":""MultiPoint"",""coordinates"":[]}"
3305,81.04094419157207,2022-01-19,"{""type"":""MultiPoint"",""coordinates"":[]}"
3306,75.40855754990257,2022-01-20,"{""type"":""MultiPoint"",""coordinates"":[]}"
3307,71.61855324442858,2022-01-21,"{""type"":""MultiPoint"",""coordinates"":[]}"
3308,77.8444300539511,2022-01-22,"{""type"":""MultiPoint"",""coordinates"":[]}"
3309,82.22073427002044,2022-01-23,"{""type"":""MultiPoint"",""coordinates"":[]}"
3310,78.37823774815864,2022-01-24,"{""type"":""MultiPoint"",""coordinates"":[]}"
3311,86.9003989373611,2022-01-25,"{""type"":""MultiPoint"",""coordinates"":[]}"
3312,88.36901848065646,2022-01-26,"{""type"":""MultiPoint"",""coordinates"":[]}"
3313,83.74617075523328,2022-01-27,"{""type"":""MultiPoint"",""coordinates"":[]}"
3314,81.9142048411817,2022-01-28,"{""type"":""MultiPoint"",""coordinates"":[]}"
3315,77.26432874633686,2022-01-29,"{""type"":""MultiPoint"",""coordinates"":[]}"
3316,74.49456039259476,2022-01-30,"{""type"":""MultiPoint"",""coordinates"":[]}"
3317,72.39769755498583,2022-01-31,"{""type"":""MultiPoint"",""coordinates"":[]}"
3318,70.44626086670773,2022-02-01,"{""type"":""MultiPoint"",""coordinates"":[]}"
3319,73.69839350842277,2022-02-02,"{""type"":""MultiPoint"",""coordinates"":[]}"
3320,71.72268862564589,2022-02-03,"{""type"":""MultiPoint"",""coordinates"":[]}"
3321,79.91040544926325,2022-02-04,"{""type"":""MultiPoint"",""coordinates"":[]}"
3322,89.14214876597407,2022-02-05,"{""type"":""MultiPoint"",""coordinates"":[]}"
3323,88.69213748726061,2022-02-06,"{""type"":""MultiPoint"",""coordinates"":[]}"
3324,89.23526547494866,2022-02-07,"{""type"":""MultiPoint"",""coordinates"":[]}"
3325,93.51572948204769,2022-02-08,"{""type"":""MultiPoint"",""coordinates"":[]}"
3326,86.7786472764714,2022-02-09,"{""type"":""MultiPoint"",""coordinates"":[]}"
3327,81.44103066482253,2022-02-10,"{""type"":""MultiPoint"",""coordinates"":[]}"
3328,80.55681214668272,2022-02-11,"{""type"":""MultiPoint"",""coordinates"":[]}"
3329,85.55231341231273,2022-02-12,"{""type"":""MultiPoint"",""coordinates"":[]}"
3330,77.87831854335124,2022-02-13,"{""type"":""MultiPoint"",""coordinates"":[]}"
3331,87.88253762179612,2022-02-14,"{""type"":""MultiPoint"",""coordinates"":[]}"
3332,82.10211332728551,2022-02-15,"{""type"":""MultiPoint"",""coordinates"":[]}"
3333,78.94616909821009,2022-02-16,"{""type"":""MultiPoint"",""coordinates"":[]}"
3334,78.84723745253862,2022-02-17,"{""type"":""MultiPoint"",""coordinates"":[]}"
3335,83.12685622142864,2022-02-18,"{""type"":""MultiPoint"",""coordinates"":[]}"
3336,88.15279451692159,2022-02-19,"{""type"":""MultiPoint"",""coordinates"":[]}"
3337,91.02119740094986,2022-02-20,"{""type"":""MultiPoint"",""coordinates"":[]}"
3338,83.26776762148671,2022-02-21,"{""type"":""MultiPoint"",""coordinates"":[]}"
3339,79.93921983442934,2022-02-22,"{""type"":""MultiPoint"",""coordinates"":[]}"
3340,79.89248806484431,2022-02-23,"{""type"":""MultiPoint"",""coordinates"":[]}"
3341,78.11957379209214,2022-02-24,"{""type"":""MultiPoint"",""coordinates"":[]}"
3342,80.06115995872591,2022-02-25,"{""type"":""MultiPoint"",""coordinates"":[]}"
3343,87.07900742963044,2022-02-26,"{""type"":""MultiPoint"",""coordinates"":[]}"
3344,87.57279991017953,2022-02-27,"{""type"":""MultiPoint"",""coordinates"":[]}"
3345,91.33421724905311,2022-02-28,"{""type"":""MultiPoint"",""coordinates"":[]}"
3346,85.62488001830265,2022-03-01,"{""type"":""MultiPoint"",""coordinates"":[]}"
3347,87.84936412948302,2022-03-02,"{""type"":""MultiPoint"",""coordinates"":[]}"
3348,82.61184883887142,2022-03-03,"{""type"":""MultiPoint"",""coordinates"":[]}"
3349,86.56203397967607,2022-03-04,"{""type"":""MultiPoint"",""coordinates"":[]}"
3350,87.65732540427047,2022-03-05,"{""type"":""MultiPoint"",""coordinates"":[]}"
3351,94.20564311497037,2022-03-06,"{""type"":""MultiPoint"",""coordinates"":[]}"
3352,87.16734349070119,2022-03-07,"{""type"":""MultiPoint"",""coordinates"":[]}"
3353,80.76282203977172,2022-03-08,"{""type"":""MultiPoint"",""coordinates"":[]}"
3354,82.43866896992314,2022-03-09,"{""type"":""MultiPoint"",""coordinates"":[]}"
3355,83.5109510507561,2022-03-10,"{""type"":""MultiPoint"",""coordinates"":[]}"
3356,84.35206912097682,2022-03-11,"{""type"":""MultiPoint"",""coordinates"":[]}"
3357,85.89710813140277,2022-03-12,"{""type"":""MultiPoint"",""coordinates"":[]}"
3358,90.0617412677571,2022-03-13,"{""type"":""MultiPoint"",""coordinates"":[]}"
3359,84.92171740936958,2022-03-14,"{""type"":""MultiPoint"",""coordinates"":[]}"
3360,89.32733833569135,2022-03-15,"{""type"":""MultiPoint"",""coordinates"":[]}"
3361,88.40541927122793,2022-03-16,"{""type"":""MultiPoint"",""coordinates"":[]}"
3362,86.902214249337,2022-03-17,"{""type"":""MultiPoint"",""coordinates"":[]}"
3363,86.42634095404263,2022-03-18,"{""type"":""MultiPoint"",""coordinates"":[]}"
3364,86.01960007775706,2022-03-19,"{""type"":""MultiPoint"",""coordinates"":[]}"
3365,73.21015501869566,2022-03-20,"{""type"":""MultiPoint"",""coordinates"":[]}"
3366,81.83577231494648,2022-03-21,"{""type"":""MultiPoint"",""coordinates"":[]}"
3367,86.13601300916099,2022-03-22,"{""type"":""MultiPoint"",""coordinates"":[]}"
3368,82.09471438717895,2022-03-23,"{""type"":""MultiPoint"",""coordinates"":[]}"
3369,75.99796430670418,2022-03-24,"{""type"":""MultiPoint"",""coordinates"":[]}"
3370,81.4979107981786,2022-03-25,"{""type"":""MultiPoint"",""coordinates"":[]}"
3371,80.74797759160835,2022-03-26,"{""type"":""MultiPoint"",""coordinates"":[]}"
3372,86.04865997063463,2022-03-27,"{""type"":""MultiPoint"",""coordinates"":[]}"
3373,91.41152304379311,2022-03-28,"{""type"":""MultiPoint"",""coordinates"":[]}"
3374,93.63128183199781,2022-03-29,"{""type"":""MultiPoint"",""coordinates"":[]}"
3375,88.09474487458529,2022-03-30,"{""type"":""MultiPoint"",""coordinates"":[]}"
3376,86.92652367451011,2022-03-31,"{""type"":""MultiPoint"",""coordinates"":[]}"
3377,87.57358039866877,2022-04-01,"{""type"":""MultiPoint"",""coordinates"":[]}"
3378,85.50691573419277,2022-04-02,"{""type"":""MultiPoint"",""coordinates"":[]}"
3379,85.30796790663335,2022-04-03,"{""type"":""MultiPoint"",""coordinates"":[]}"
3380,88.23543526416476,2022-04-04,"{""type"":""MultiPoint"",""coordinates"":[]}"
3381,89.60847777151976,2022-04-05,"{""type"":""MultiPoint"",""coordinates"":[]}"
3382,88.7325269741191,2022-04-06,"{""type"":""MultiPoint"",""coordinates"":[]}"
3383,91.54412212604278,2022-04-07,"{""type"":""MultiPoint"",""coordinates"":[]}"
3384,89.84734542648415,2022-04-08,"{""type"":""MultiPoint"",""coordinates"":[]}"
3385,88.3725679151408,2022-04-09,"{""type"":""MultiPoint"",""coordinates"":[]}"
3386,85.88938889533641,2022-04-10,"{""type"":""MultiPoint"",""coordinates"":[]}"
3387,87.60072424355845,2022-04-11,"{""type"":""MultiPoint"",""coordinates"":[]}"
3388,85.45436812655976,2022-04-12,"{""type"":""MultiPoint"",""coordinates"":[]}"
3389,84.25465459335824,2022-04-13,"{""type"":""MultiPoint"",""coordinates"":[]}"
3390,84.12076369200268,2022-04-14,"{""type"":""MultiPoint"",""coordinates"":[]}"
3391,86.73105412960693,2022-04-15,"{""type"":""MultiPoint"",""coordinates"":[]}"
3392,89.1886326866384,2022-04-16,"{""type"":""MultiPoint"",""coordinates"":[]}"
3393,93.75117614909124,2022-04-17,"{""type"":""MultiPoint"",""coordinates"":[]}"
3394,92.45637943209448,2022-04-18,"{""type"":""MultiPoint"",""coordinates"":[]}"
3395,93.70783885189512,2022-04-19,"{""type"":""MultiPoint"",""coordinates"":[]}"
3396,89.88837799443456,2022-04-20,"{""type"":""MultiPoint"",""coordinates"":[]}"
3397,94.02743478252107,2022-04-21,"{""type"":""MultiPoint"",""coordinates"":[]}"
3398,88.58916389889464,2022-04-22,"{""type"":""MultiPoint"",""coordinates"":[]}"
3399,89.70106911931215,2022-04-23,"{""type"":""MultiPoint"",""coordinates"":[]}"
3400,91.02656592119234,2022-04-24,"{""type"":""MultiPoint"",""coordinates"":[]}"
3401,93.69713800951423,2022-04-25,"{""type"":""MultiPoint"",""coordinates"":[]}"
3402,86.85347116013276,2022-04-26,"{""type"":""MultiPoint"",""coordinates"":[]}"
3403,91.82301640968326,2022-04-27,"{""type"":""MultiPoint"",""coordinates"":[]}"
3404,89.15808459972487,2022-04-28,"{""type"":""MultiPoint"",""coordinates"":[]}"
3405,89.10426460733032,2022-04-29,"{""type"":""MultiPoint"",""coordinates"":[]}"
3406,84.581429190016,2022-04-30,"{""type"":""MultiPoint"",""coordinates"":[]}"
3407,83.53989141522011,2022-05-01,"{""type"":""MultiPoint"",""coordinates"":[]}"
3408,88.40291790948486,2022-05-02,"{""type"":""MultiPoint"",""coordinates"":[]}"
3409,83.26384327113963,2022-05-03,"{""type"":""MultiPoint"",""coordinates"":[]}"
3410,85.64492721405009,2022-05-04,"{""type"":""MultiPoint"",""coordinates"":[]}"
3411,87.68767935857204,2022-05-05,"{""type"":""MultiPoint"",""coordinates"":[]}"
3412,92.39508859880532,2022-05-06,"{""type"":""MultiPoint"",""coordinates"":[]}"
3413,94.59523391992091,2022-05-07,"{""type"":""MultiPoint"",""coordinates"":[]}"
3414,83.28445088779775,2022-05-08,"{""type"":""MultiPoint"",""coordinates"":[]}"
3415,86.3214183604113,2022-05-09,"{""type"":""MultiPoint"",""coordinates"":[]}"
3416,89.76189042953105,2022-05-10,"{""type"":""MultiPoint"",""coordinates"":[]}"
3417,91.75242539494353,2022-05-11,"{""type"":""MultiPoint"",""coordinates"":[]}"
3418,91.89336466168334,2022-05-12,"{""type"":""MultiPoint"",""coordinates"":[]}"
3419,94.25413415098897,2022-05-13,"{""type"":""MultiPoint"",""coordinates"":[]}"
3420,92.27044358531414,2022-05-14,"{""type"":""MultiPoint"",""coordinates"":[]}"
3421,91.29837412873873,2022-05-15,"{""type"":""MultiPoint"",""coordinates"":[]}"
3422,88.26803733702563,2022-05-16,"{""type"":""MultiPoint"",""coordinates"":[]}"
3423,92.59021677439365,2022-05-17,"{""type"":""MultiPoint"",""coordinates"":[]}"
3424,92.45175805131613,2022-05-18,"{""type"":""MultiPoint"",""coordinates"":[]}"
3425,90.64972734351043,2022-05-19,"{""type"":""MultiPoint"",""coordinates"":[]}"
3426,93.41011844748978,2022-05-20,"{""type"":""MultiPoint"",""coordinates"":[]}"
3427,86.6753078093375,2022-05-21,"{""type"":""MultiPoint"",""coordinates"":[]}"
3428,87.94502416344143,2022-05-22,"{""type"":""MultiPoint"",""coordinates"":[]}"
3429,87.52890261700844,2022-05-23,"{""type"":""MultiPoint"",""coordinates"":[]}"
3430,90.84172815704812,2022-05-24,"{""type"":""MultiPoint"",""coordinates"":[]}"
3431,89.97068858738855,2022-05-25,"{""type"":""MultiPoint"",""coordinates"":[]}"
3432,90.36840070382289,2022-05-26,"{""type"":""MultiPoint"",""coordinates"":[]}"
3433,90.35871465320037,2022-05-27,"{""type"":""MultiPoint"",""coordinates"":[]}"
3434,85.37905708077845,2022-05-28,"{""type"":""MultiPoint"",""coordinates"":[]}"
3435,89.55024740653687,2022-05-29,"{""type"":""MultiPoint"",""coordinates"":[]}"
3436,90.2145265085574,2022-05-30,"{""type"":""MultiPoint"",""coordinates"":[]}"
3437,86.25158893873807,2022-05-31,"{""type"":""MultiPoint"",""coordinates"":[]}"
3438,79.84454341675242,2022-06-01,"{""type"":""MultiPoint"",""coordinates"":[]}"
3439,85.65547496774866,2022-06-02,"{""type"":""MultiPoint"",""coordinates"":[]}"
3440,90.44137711620192,2022-06-03,"{""type"":""MultiPoint"",""coordinates"":[]}"
3441,91.67479937012986,2022-06-04,"{""type"":""MultiPoint"",""coordinates"":[]}"
3442,89.70090653846775,2022-06-05,"{""type"":""MultiPoint"",""coordinates"":[]}"
3443,88.80944124567831,2022-06-06,"{""type"":""MultiPoint"",""coordinates"":[]}"
3444,92.02765437695057,2022-06-07,"{""type"":""MultiPoint"",""coordinates"":[]}"
3445,89.30812196366213,2022-06-08,"{""type"":""MultiPoint"",""coordinates"":[]}"
3446,89.00073175583587,2022-06-09,"{""type"":""MultiPoint"",""coordinates"":[]}"
3447,90.82168261798188,2022-06-10,"{""type"":""MultiPoint"",""coordinates"":[]}"
3448,92.29736473593057,2022-06-11,"{""type"":""MultiPoint"",""coordinates"":[]}"
3449,93.40179171053444,2022-06-12,"{""type"":""MultiPoint"",""coordinates"":[]}"
3450,90.57442744376063,2022-06-13,"{""type"":""MultiPoint"",""coordinates"":[]}"
3451,86.49401631485499,2022-06-14,"{""type"":""MultiPoint"",""coordinates"":[]}"
3452,89.00863645489436,2022-06-15,"{""type"":""MultiPoint"",""coordinates"":[]}"
3453,86.78186415687902,2022-06-16,"{""type"":""MultiPoint"",""coordinates"":[]}"
3454,91.74211328457517,2022-06-17,"{""type"":""MultiPoint"",""coordinates"":[]}"
3455,88.42392467061251,2022-06-18,"{""type"":""MultiPoint"",""coordinates"":[]}"
3456,91.19326880721115,2022-06-19,"{""type"":""MultiPoint"",""coordinates"":[]}"
3457,93.77234380884073,2022-06-20,"{""type"":""MultiPoint"",""coordinates"":[]}"
3458,90.20064454855822,2022-06-21,"{""type"":""MultiPoint"",""coordinates"":[]}"
3459,86.59881376467997,2022-06-22,"{""type"":""MultiPoint"",""coordinates"":[]}"
3460,89.30781577577818,2022-06-23,"{""type"":""MultiPoint"",""coordinates"":[]}"
3461,87.05994887758057,2022-06-24,"{""type"":""MultiPoint"",""coordinates"":[]}"
3462,93.19992443071992,2022-06-25,"{""type"":""MultiPoint"",""coordinates"":[]}"
3463,95.00536027267323,2022-06-26,"{""type"":""MultiPoint"",""coordinates"":[]}"
3464,87.64870550874302,2022-06-27,"{""type"":""MultiPoint"",""coordinates"":[]}"
3465,86.57953494619572,2022-06-28,"{""type"":""MultiPoint"",""coordinates"":[]}"
3466,87.38599623520696,2022-06-29,"{""type"":""MultiPoint"",""coordinates"":[]}"
3467,88.96678087009234,2022-06-30,"{""type"":""MultiPoint"",""coordinates"":[]}"
3468,89.9217642097658,2022-07-01,"{""type"":""MultiPoint"",""coordinates"":[]}"
3469,87.04089827660813,2022-07-02,"{""type"":""MultiPoint"",""coordinates"":[]}"
3470,85.98403457537061,2022-07-03,"{""type"":""MultiPoint"",""coordinates"":[]}"
3471,86.86095753024809,2022-07-04,"{""type"":""MultiPoint"",""coordinates"":[]}"
3472,84.0610561700607,2022-07-05,"{""type"":""MultiPoint"",""coordinates"":[]}"
3473,82.9652851131944,2022-07-06,"{""type"":""MultiPoint"",""coordinates"":[]}"
3474,80.65801438867508,2022-07-07,"{""type"":""MultiPoint"",""coordinates"":[]}"
3475,85.14054453391167,2022-07-08,"{""type"":""MultiPoint"",""coordinates"":[]}"
3476,83.33127240830915,2022-07-09,"{""type"":""MultiPoint"",""coordinates"":[]}"
3477,83.10502634213708,2022-07-10,"{""type"":""MultiPoint"",""coordinates"":[]}"
3478,91.7880344573062,2022-07-11,"{""type"":""MultiPoint"",""coordinates"":[]}"
3479,89.69413429576856,2022-07-12,"{""type"":""MultiPoint"",""coordinates"":[]}"
3480,87.5943046601039,2022-07-13,"{""type"":""MultiPoint"",""coordinates"":[]}"
3481,85.73630310850656,2022-07-14,"{""type"":""MultiPoint"",""coordinates"":[]}"
3482,86.46249111908946,2022-07-15,"{""type"":""MultiPoint"",""coordinates"":[]}"
3483,81.56572670111682,2022-07-16,"{""type"":""MultiPoint"",""coordinates"":[]}"
3484,88.38166468532961,2022-07-17,"{""type"":""MultiPoint"",""coordinates"":[]}"
3485,82.70504231480304,2022-07-18,"{""type"":""MultiPoint"",""coordinates"":[]}"
3486,76.65129550847968,2022-07-19,"{""type"":""MultiPoint"",""coordinates"":[]}"
3487,77.83290438168065,2022-07-20,"{""type"":""MultiPoint"",""coordinates"":[]}"
3488,81.74337541929546,2022-07-21,"{""type"":""MultiPoint"",""coordinates"":[]}"
3489,81.95600277661957,2022-07-22,"{""type"":""MultiPoint"",""coordinates"":[]}"
3490,82.42340587248212,2022-07-23,"{""type"":""MultiPoint"",""coordinates"":[]}"
3491,82.11001625029049,2022-07-24,"{""type"":""MultiPoint"",""coordinates"":[]}"
3492,90.03361137839045,2022-07-25,"{""type"":""MultiPoint"",""coordinates"":[]}"
3493,86.37841900409911,2022-07-26,"{""type"":""MultiPoint"",""coordinates"":[]}"
3494,91.20989303307864,2022-07-27,"{""type"":""MultiPoint"",""coordinates"":[]}"
3495,94.8995300409626,2022-07-28,"{""type"":""MultiPoint"",""coordinates"":[]}"
3496,88.20949386029976,2022-07-29,"{""type"":""MultiPoint"",""coordinates"":[]}"
3497,83.18800646460986,2022-07-30,"{""type"":""MultiPoint"",""coordinates"":[]}"
3498,88.68786426803013,2022-07-31,"{""type"":""MultiPoint"",""coordinates"":[]}"
3499,86.90652901666515,2022-08-01,"{""type"":""MultiPoint"",""coordinates"":[]}"
3500,92.6266499933477,2022-08-02,"{""type"":""MultiPoint"",""coordinates"":[]}"
3501,89.65569105647586,2022-08-03,"{""type"":""MultiPoint"",""coordinates"":[]}"
3502,88.56643512127653,2022-08-04,"{""type"":""MultiPoint"",""coordinates"":[]}"
3503,87.48765509850999,2022-08-05,"{""type"":""MultiPoint"",""coordinates"":[]}"
3504,90.1315041881906,2022-08-06,"{""type"":""MultiPoint"",""coordinates"":[]}"
3505,82.34379645539327,2022-08-07,"{""type"":""MultiPoint"",""coordinates"":[]}"
3506,79.68298319452454,2022-08-08,"{""type"":""MultiPoint"",""coordinates"":[]}"
3507,84.15643600940825,2022-08-09,"{""type"":""MultiPoint"",""coordinates"":[]}"
3508,85.94107797907738,2022-08-10,"{""type"":""MultiPoint"",""coordinates"":[]}"
3509,79.17574908726739,2022-08-11,"{""type"":""MultiPoint"",""coordinates"":[]}"
3510,77.17809243894085,2022-08-12,"{""type"":""MultiPoint"",""coordinates"":[]}"
3511,85.9520162057212,2022-08-13,"{""type"":""MultiPoint"",""coordinates"":[]}"
3512,88.69769508202039,2022-08-14,"{""type"":""MultiPoint"",""coordinates"":[]}"
3513,86.34945595612265,2022-08-15,"{""type"":""MultiPoint"",""coordinates"":[]}"
3514,82.69552172211125,2022-08-16,"{""type"":""MultiPoint"",""coordinates"":[]}"
3515,82.05005575923145,2022-08-17,"{""type"":""MultiPoint"",""coordinates"":[]}"
3516,78.14566462728109,2022-08-18,"{""type"":""MultiPoint"",""coordinates"":[]}"
3517,73.05194520551767,2022-08-19,"{""type"":""MultiPoint"",""coordinates"":[]}"
3518,79.7593896982033,2022-08-20,"{""type"":""MultiPoint"",""coordinates"":[]}"
3519,86.57424772811913,2022-08-21,"{""type"":""MultiPoint"",""coordinates"":[]}"
3520,84.3511415002289,2022-08-22,"{""type"":""MultiPoint"",""coordinates"":[]}"
3521,72.51413313070512,2022-08-23,"{""type"":""MultiPoint"",""coordinates"":[]}"
3522,72.12335488655137,2022-08-24,"{""type"":""MultiPoint"",""coordinates"":[]}"
3523,72.7898392485384,2022-08-25,"{""type"":""MultiPoint"",""coordinates"":[]}"
3524,77.09436379974245,2022-08-26,"{""type"":""MultiPoint"",""coordinates"":[]}"
3525,75.67670404977066,2022-08-27,"{""type"":""MultiPoint"",""coordinates"":[]}"
3526,84.7709149134998,2022-08-28,"{""type"":""MultiPoint"",""coordinates"":[]}"
3527,91.32260672828535,2022-08-29,"{""type"":""MultiPoint"",""coordinates"":[]}"
3528,82.99866189253126,2022-08-30,"{""type"":""MultiPoint"",""coordinates"":[]}"
3529,82.14000119418861,2022-08-31,"{""type"":""MultiPoint"",""coordinates"":[]}"
3530,89.71360680417973,2022-09-01,"{""type"":""MultiPoint"",""coordinates"":[]}"
3531,88.36829247262602,2022-09-02,"{""type"":""MultiPoint"",""coordinates"":[]}"
3532,84.63132479929278,2022-09-03,"{""type"":""MultiPoint"",""coordinates"":[]}"
3533,83.83382884603911,2022-09-04,"{""type"":""MultiPoint"",""coordinates"":[]}"
3534,75.92931010768574,2022-09-05,"{""type"":""MultiPoint"",""coordinates"":[]}"
3535,78.77904556539899,2022-09-06,"{""type"":""MultiPoint"",""coordinates"":[]}"
3536,74.88437536880203,2022-09-07,"{""type"":""MultiPoint"",""coordinates"":[]}"
3537,77.65553279909933,2022-09-08,"{""type"":""MultiPoint"",""coordinates"":[]}"
3538,87.86926392965118,2022-09-09,"{""type"":""MultiPoint"",""coordinates"":[]}"
3539,79.57339003140737,2022-09-10,"{""type"":""MultiPoint"",""coordinates"":[]}"
3540,75.74219990653145,2022-09-11,"{""type"":""MultiPoint"",""coordinates"":[]}"
3541,77.8597800577903,2022-09-12,"{""type"":""MultiPoint"",""coordinates"":[]}"
3542,89.150196272041,2022-09-13,"{""type"":""MultiPoint"",""coordinates"":[]}"
3543,85.84842115891097,2022-09-14,"{""type"":""MultiPoint"",""coordinates"":[]}"
3544,81.90627725836974,2022-09-15,"{""type"":""MultiPoint"",""coordinates"":[]}"
3545,88.61420974081767,2022-09-16,"{""type"":""MultiPoint"",""coordinates"":[]}"
3546,84.9895672556852,2022-09-17,"{""type"":""MultiPoint"",""coordinates"":[]}"
3547,84.58460531955512,2022-09-18,"{""type"":""MultiPoint"",""coordinates"":[]}"
3548,92.9102777378274,2022-09-19,"{""type"":""MultiPoint"",""coordinates"":[]}"
3549,89.75758624506072,2022-09-20,"{""type"":""MultiPoint"",""coordinates"":[]}"
3550,89.86433007447818,2022-09-21,"{""type"":""MultiPoint"",""coordinates"":[]}"
3551,83.85793783342014,2022-09-22,"{""type"":""MultiPoint"",""coordinates"":[]}"
3552,83.15152879657997,2022-09-23,"{""type"":""MultiPoint"",""coordinates"":[]}"
3553,85.14724430786339,2022-09-24,"{""type"":""MultiPoint"",""coordinates"":[]}"
3554,87.06348822462296,2022-09-25,"{""type"":""MultiPoint"",""coordinates"":[]}"
3555,81.14264629625342,2022-09-26,"{""type"":""MultiPoint"",""coordinates"":[]}"
3556,82.43064157271921,2022-09-27,"{""type"":""MultiPoint"",""coordinates"":[]}"
3557,91.34067620817898,2022-09-28,"{""type"":""MultiPoint"",""coordinates"":[]}"
3558,82.84773264045134,2022-09-29,"{""type"":""MultiPoint"",""coordinates"":[]}"
3559,87.31671204410127,2022-09-30,"{""type"":""MultiPoint"",""coordinates"":[]}"
3560,91.18768142992923,2022-10-01,"{""type"":""MultiPoint"",""coordinates"":[]}"
3561,84.50235137493881,2022-10-02,"{""type"":""MultiPoint"",""coordinates"":[]}"
3562,78.8825808130082,2022-10-03,"{""type"":""MultiPoint"",""coordinates"":[]}"
3563,86.49803171653991,2022-10-04,"{""type"":""MultiPoint"",""coordinates"":[]}"
3564,88.68026606680947,2022-10-05,"{""type"":""MultiPoint"",""coordinates"":[]}"
3565,87.31679662667149,2022-10-06,"{""type"":""MultiPoint"",""coordinates"":[]}"
3566,86.06982283548939,2022-10-07,"{""type"":""MultiPoint"",""coordinates"":[]}"
3567,94.07360108598662,2022-10-08,"{""type"":""MultiPoint"",""coordinates"":[]}"
3568,92.72238662939787,2022-10-09,"{""type"":""MultiPoint"",""coordinates"":[]}"
3569,86.08723825298239,2022-10-10,"{""type"":""MultiPoint"",""coordinates"":[]}"
3570,81.38051929112393,2022-10-11,"{""type"":""MultiPoint"",""coordinates"":[]}"
3571,80.44986365359905,2022-10-12,"{""type"":""MultiPoint"",""coordinates"":[]}"
3572,82.46036106336757,2022-10-13,"{""type"":""MultiPoint"",""coordinates"":[]}"
3573,90.48630488563943,2022-10-14,"{""type"":""MultiPoint"",""coordinates"":[]}"
3574,91.27959270424738,2022-10-15,"{""type"":""MultiPoint"",""coordinates"":[]}"
3575,86.71386989621448,2022-10-16,"{""type"":""MultiPoint"",""coordinates"":[]}"
3576,91.07195941261413,2022-10-17,"{""type"":""MultiPoint"",""coordinates"":[]}"
3577,91.06957214026689,2022-10-18,"{""type"":""MultiPoint"",""coordinates"":[]}"
3578,89.1622726033069,2022-10-19,"{""type"":""MultiPoint"",""coordinates"":[]}"
3579,87.07961515534252,2022-10-20,"{""type"":""MultiPoint"",""coordinates"":[]}"
3580,82.96055349505647,2022-10-21,"{""type"":""MultiPoint"",""coordinates"":[]}"
3581,89.98859661540648,2022-10-22,"{""type"":""MultiPoint"",""coordinates"":[]}"
3582,94.36489395747118,2022-10-23,"{""type"":""MultiPoint"",""coordinates"":[]}"
3583,90.53560330731018,2022-10-24,"{""type"":""MultiPoint"",""coordinates"":[]}"
3584,87.88771273694586,2022-10-25,"{""type"":""MultiPoint"",""coordinates"":[]}"
3585,93.50213164529107,2022-10-26,"{""type"":""MultiPoint"",""coordinates"":[]}"
3586,93.91852795136826,2022-10-27,"{""type"":""MultiPoint"",""coordinates"":[]}"
3587,94.1255879309618,2022-10-28,"{""type"":""MultiPoint"",""coordinates"":[]}"
3588,95.4587914159316,2022-10-29,"{""type"":""MultiPoint"",""coordinates"":[]}"
3589,84.04566629608085,2022-10-30,"{""type"":""MultiPoint"",""coordinates"":[]}"
3590,81.47914645714874,2022-10-31,"{""type"":""MultiPoint"",""coordinates"":[]}"
3591,79.0778750402039,2022-11-01,"{""type"":""MultiPoint"",""coordinates"":[]}"
3592,83.5435705024015,2022-11-02,"{""type"":""MultiPoint"",""coordinates"":[]}"
3593,84.93463871281013,2022-11-03,"{""type"":""MultiPoint"",""coordinates"":[]}"
3594,82.46771915829483,2022-11-04,"{""type"":""MultiPoint"",""coordinates"":[]}"
3595,89.4650490248434,2022-11-05,"{""type"":""MultiPoint"",""coordinates"":[]}"
3596,91.39506909967139,2022-11-06,"{""type"":""MultiPoint"",""coordinates"":[]}"
3597,90.8635869269552,2022-11-07,"{""type"":""MultiPoint"",""coordinates"":[]}"
3598,89.71867837551297,2022-11-08,"{""type"":""MultiPoint"",""coordinates"":[]}"
3599,91.53443465941581,2022-11-09,"{""type"":""MultiPoint"",""coordinates"":[]}"
3600,93.22566530413648,2022-11-10,"{""type"":""MultiPoint"",""coordinates"":[]}"
3601,87.45759420372606,2022-11-11,"{""type"":""MultiPoint"",""coordinates"":[]}"
3602,92.48263064545658,2022-11-12,"{""type"":""MultiPoint"",""coordinates"":[]}"
3603,90.2370584106274,2022-11-13,"{""type"":""MultiPoint"",""coordinates"":[]}"
3604,90.46124298277233,2022-11-14,"{""type"":""MultiPoint"",""coordinates"":[]}"
3605,93.64158249044384,2022-11-15,"{""type"":""MultiPoint"",""coordinates"":[]}"
3606,90.3111899153763,2022-11-16,"{""type"":""MultiPoint"",""coordinates"":[]}"
3607,87.74667179764977,2022-11-17,"{""type"":""MultiPoint"",""coordinates"":[]}"
3608,91.69647739043556,2022-11-18,"{""type"":""MultiPoint"",""coordinates"":[]}"
3609,87.99656049065327,2022-11-19,"{""type"":""MultiPoint"",""coordinates"":[]}"
3610,88.8475313728639,2022-11-20,"{""type"":""MultiPoint"",""coordinates"":[]}"
3611,87.40911726584876,2022-11-21,"{""type"":""MultiPoint"",""coordinates"":[]}"
3612,91.82886710245337,2022-11-22,"{""type"":""MultiPoint"",""coordinates"":[]}"
3613,92.14649352211768,2022-11-23,"{""type"":""MultiPoint"",""coordinates"":[]}"
3614,89.32839416815197,2022-11-24,"{""type"":""MultiPoint"",""coordinates"":[]}"
3615,87.85782337748958,2022-11-25,"{""type"":""MultiPoint"",""coordinates"":[]}"
3616,88.57658218865994,2022-11-26,"{""type"":""MultiPoint"",""coordinates"":[]}"
3617,86.2117761715158,2022-11-27,"{""type"":""MultiPoint"",""coordinates"":[]}"
3618,82.60209239609816,2022-11-28,"{""type"":""MultiPoint"",""coordinates"":[]}"
3619,91.21802908447222,2022-11-29,"{""type"":""MultiPoint"",""coordinates"":[]}"
3620,93.6424321175323,2022-11-30,"{""type"":""MultiPoint"",""coordinates"":[]}"
3621,83.94785884012516,2022-12-01,"{""type"":""MultiPoint"",""coordinates"":[]}"
3622,80.1456267200101,2022-12-02,"{""type"":""MultiPoint"",""coordinates"":[]}"
3623,78.76689137778367,2022-12-03,"{""type"":""MultiPoint"",""coordinates"":[]}"
3624,86.4423257409599,2022-12-04,"{""type"":""MultiPoint"",""coordinates"":[]}"
3625,93.56670216195643,2022-12-05,"{""type"":""MultiPoint"",""coordinates"":[]}"
3626,93.9220220714066,2022-12-06,"{""type"":""MultiPoint"",""coordinates"":[]}"
3627,90.01777086542727,2022-12-07,"{""type"":""MultiPoint"",""coordinates"":[]}"
3628,86.64591617307373,2022-12-08,"{""type"":""MultiPoint"",""coordinates"":[]}"
3629,83.87071557261068,2022-12-09,"{""type"":""MultiPoint"",""coordinates"":[]}"
3630,84.4487481920756,2022-12-10,"{""type"":""MultiPoint"",""coordinates"":[]}"
3631,85.47082554350754,2022-12-11,"{""type"":""MultiPoint"",""coordinates"":[]}"
3632,86.58714235755764,2022-12-12,"{""type"":""MultiPoint"",""coordinates"":[]}"
3633,86.6900081705344,2022-12-13,"{""type"":""MultiPoint"",""coordinates"":[]}"
3634,85.49532698712939,2022-12-14,"{""type"":""MultiPoint"",""coordinates"":[]}"
3635,82.31658514086271,2022-12-15,"{""type"":""MultiPoint"",""coordinates"":[]}"
3636,76.56909928259941,2022-12-16,"{""type"":""MultiPoint"",""coordinates"":[]}"
3637,77.42046538398789,2022-12-17,"{""type"":""MultiPoint"",""coordinates"":[]}"
3638,86.33665154488138,2022-12-18,"{""type"":""MultiPoint"",""coordinates"":[]}"
3639,87.34367114419472,2022-12-19,"{""type"":""MultiPoint"",""coordinates"":[]}"
3640,77.6108855217053,2022-12-20,"{""type"":""MultiPoint"",""coordinates"":[]}"
3641,79.7817749232162,2022-12-21,"{""type"":""MultiPoint"",""coordinates"":[]}"
3642,75.09254116776724,2022-12-22,"{""type"":""MultiPoint"",""coordinates"":[]}"
3643,77.02868956219133,2022-12-23,"{""type"":""MultiPoint"",""coordinates"":[]}"
3644,81.88840288759984,2022-12-24,"{""type"":""MultiPoint"",""coordinates"":[]}"
3645,78.22633590808887,2022-12-25,"{""type"":""MultiPoint"",""coordinates"":[]}"
3646,77.1536073249394,2022-12-26,"{""type"":""MultiPoint"",""coordinates"":[]}"
3647,79.00898004915284,2022-12-27,"{""type"":""MultiPoint"",""coordinates"":[]}"
3648,79.26232015971799,2022-12-28,"{""type"":""MultiPoint"",""coordinates"":[]}"
3649,84.72491113749363,2022-12-29,"{""type"":""MultiPoint"",""coordinates"":[]}"
3650,83.6849646318466,2022-12-30,"{""type"":""MultiPoint"",""coordinates"":[]}"
3651,80.20152509167052,2022-12-31,"{""type"":""MultiPoint"",""coordinates"":[]}"
3652,84.59334452272991,2023-01-01,"{""type"":""MultiPoint"",""coordinates"":[]}"
3653,88.73271903114859,2023-01-02,"{""type"":""MultiPoint"",""coordinates"":[]}"
3654,90.88099978032074,2023-01-03,"{""type"":""MultiPoint"",""coordinates"":[]}"
3655,91.01007921443339,2023-01-04,"{""type"":""MultiPoint"",""coordinates"":[]}"
3656,83.10745472536367,2023-01-05,"{""type"":""MultiPoint"",""coordinates"":[]}"
3657,86.50634224650317,2023-01-06,"{""type"":""MultiPoint"",""coordinates"":[]}"
3658,86.59733995829852,2023-01-07,"{""type"":""MultiPoint"",""coordinates"":[]}"
3659,88.44768789236805,2023-01-08,"{""type"":""MultiPoint"",""coordinates"":[]}"
3660,88.33758038127245,2023-01-09,"{""type"":""MultiPoint"",""coordinates"":[]}"
3661,89.1813099069305,2023-01-10,"{""type"":""MultiPoint"",""coordinates"":[]}"
3662,90.06332923967494,2023-01-11,"{""type"":""MultiPoint"",""coordinates"":[]}"
3663,86.9300242953613,2023-01-12,"{""type"":""MultiPoint"",""coordinates"":[]}"
3664,86.4307640686393,2023-01-13,"{""type"":""MultiPoint"",""coordinates"":[]}"
3665,85.24331777126467,2023-01-14,"{""type"":""MultiPoint"",""coordinates"":[]}"
3666,86.06033301473705,2023-01-15,"{""type"":""MultiPoint"",""coordinates"":[]}"
3667,89.30907765405898,2023-01-16,"{""type"":""MultiPoint"",""coordinates"":[]}"
3668,76.87764261516668,2023-01-17,"{""type"":""MultiPoint"",""coordinates"":[]}"
3669,79.81039578883527,2023-01-18,"{""type"":""MultiPoint"",""coordinates"":[]}"
3670,83.17792334169216,2023-01-19,"{""type"":""MultiPoint"",""coordinates"":[]}"
3671,87.37249379729884,2023-01-20,"{""type"":""MultiPoint"",""coordinates"":[]}"
3672,80.78546375518856,2023-01-21,"{""type"":""MultiPoint"",""coordinates"":[]}"
3673,87.97851561373984,2023-01-22,"{""type"":""MultiPoint"",""coordinates"":[]}"
3674,79.40036918188717,2023-01-23,"{""type"":""MultiPoint"",""coordinates"":[]}"
3675,83.74039017300844,2023-01-24,"{""type"":""MultiPoint"",""coordinates"":[]}"
3676,80.9027195026361,2023-01-25,"{""type"":""MultiPoint"",""coordinates"":[]}"
3677,74.62290961036399,2023-01-26,"{""type"":""MultiPoint"",""coordinates"":[]}"
3678,67.22771042568384,2023-01-27,"{""type"":""MultiPoint"",""coordinates"":[]}"
3679,69.37496720287321,2023-01-28,"{""type"":""MultiPoint"",""coordinates"":[]}"
3680,71.85572727855723,2023-01-29,"{""type"":""MultiPoint"",""coordinates"":[]}"
3681,74.11147047392035,2023-01-30,"{""type"":""MultiPoint"",""coordinates"":[]}"
3682,70.5522536643538,2023-01-31,"{""type"":""MultiPoint"",""coordinates"":[]}"
3683,69.56509279833386,2023-02-01,"{""type"":""MultiPoint"",""coordinates"":[]}"
3684,69.4726085612436,2023-02-02,"{""type"":""MultiPoint"",""coordinates"":[]}"
3685,72.31785457463499,2023-02-03,"{""type"":""MultiPoint"",""coordinates"":[]}"
3686,77.08784899804817,2023-02-04,"{""type"":""MultiPoint"",""coordinates"":[]}"
3687,78.7954668530869,2023-02-05,"{""type"":""MultiPoint"",""coordinates"":[]}"
3688,78.93496815799732,2023-02-06,"{""type"":""MultiPoint"",""coordinates"":[]}"
3689,84.91163746803115,2023-02-07,"{""type"":""MultiPoint"",""coordinates"":[]}"
3690,84.65626850780482,2023-02-08,"{""type"":""MultiPoint"",""coordinates"":[]}"
3691,78.39666424107031,2023-02-09,"{""type"":""MultiPoint"",""coordinates"":[]}"
3692,71.87869868833006,2023-02-10,"{""type"":""MultiPoint"",""coordinates"":[]}"
3693,78.40361441671774,2023-02-11,"{""type"":""MultiPoint"",""coordinates"":[]}"
3694,85.79020574075265,2023-02-12,"{""type"":""MultiPoint"",""coordinates"":[]}"
3695,76.47359105748225,2023-02-13,"{""type"":""MultiPoint"",""coordinates"":[]}"
3696,83.71371444785167,2023-02-14,"{""type"":""MultiPoint"",""coordinates"":[]}"
3697,86.44826821516902,2023-02-15,"{""type"":""MultiPoint"",""coordinates"":[]}"
3698,84.41149110200378,2023-02-16,"{""type"":""MultiPoint"",""coordinates"":[]}"
3699,84.82508460738573,2023-02-17,"{""type"":""MultiPoint"",""coordinates"":[]}"
3700,89.97903795236407,2023-02-18,"{""type"":""MultiPoint"",""coordinates"":[]}"
3701,83.66240924668774,2023-02-19,"{""type"":""MultiPoint"",""coordinates"":[]}"
3702,79.32237999238474,2023-02-20,"{""type"":""MultiPoint"",""coordinates"":[]}"
3703,75.49634235549107,2023-02-21,"{""type"":""MultiPoint"",""coordinates"":[]}"
3704,78.53761598196168,2023-02-22,"{""type"":""MultiPoint"",""coordinates"":[]}"
3705,77.98205975633236,2023-02-23,"{""type"":""MultiPoint"",""coordinates"":[]}"
3706,72.91271991887638,2023-02-24,"{""type"":""MultiPoint"",""coordinates"":[]}"
3707,68.42337454360124,2023-02-25,"{""type"":""MultiPoint"",""coordinates"":[]}"
3708,72.37039480398066,2023-02-26,"{""type"":""MultiPoint"",""coordinates"":[]}"
3709,75.55442254247954,2023-02-27,"{""type"":""MultiPoint"",""coordinates"":[]}"
3710,82.23717004921103,2023-02-28,"{""type"":""MultiPoint"",""coordinates"":[]}"
3711,82.94182296013518,2023-03-01,"{""type"":""MultiPoint"",""coordinates"":[]}"
3712,90.60746761297888,2023-03-02,"{""type"":""MultiPoint"",""coordinates"":[]}"
3713,90.93103474514383,2023-03-03,"{""type"":""MultiPoint"",""coordinates"":[]}"
3714,89.51591981250168,2023-03-04,"{""type"":""MultiPoint"",""coordinates"":[]}"
3715,91.01964554551256,2023-03-05,"{""type"":""MultiPoint"",""coordinates"":[]}"
3716,86.82568632714968,2023-03-06,"{""type"":""MultiPoint"",""coordinates"":[]}"
3717,82.82230388974374,2023-03-07,"{""type"":""MultiPoint"",""coordinates"":[]}"
3718,90.34143181259593,2023-03-08,"{""type"":""MultiPoint"",""coordinates"":[]}"
3719,97.66809743605546,2023-03-09,"{""type"":""MultiPoint"",""coordinates"":[]}"
3720,89.72872151632043,2023-03-10,"{""type"":""MultiPoint"",""coordinates"":[]}"
3721,93.79256572642491,2023-03-11,"{""type"":""MultiPoint"",""coordinates"":[]}"
3722,88.78184784480739,2023-03-12,"{""type"":""MultiPoint"",""coordinates"":[]}"
3723,86.04895566448697,2023-03-13,"{""type"":""MultiPoint"",""coordinates"":[]}"
3724,81.02432218905152,2023-03-14,"{""type"":""MultiPoint"",""coordinates"":[]}"
3725,90.14557442804521,2023-03-15,"{""type"":""MultiPoint"",""coordinates"":[]}"
3726,91.68127951294223,2023-03-16,"{""type"":""MultiPoint"",""coordinates"":[]}"
3727,89.22103662395376,2023-03-17,"{""type"":""MultiPoint"",""coordinates"":[]}"
3728,90.53160706886875,2023-03-18,"{""type"":""MultiPoint"",""coordinates"":[]}"
3729,90.02780663642709,2023-03-19,"{""type"":""MultiPoint"",""coordinates"":[]}"
3730,90.64884185023074,2023-03-20,"{""type"":""MultiPoint"",""coordinates"":[]}"
3731,85.11358866210567,2023-03-21,"{""type"":""MultiPoint"",""coordinates"":[]}"
3732,85.09136350918685,2023-03-22,"{""type"":""MultiPoint"",""coordinates"":[]}"
3733,78.14573837129848,2023-03-23,"{""type"":""MultiPoint"",""coordinates"":[]}"
3734,84.3415373285372,2023-03-24,"{""type"":""MultiPoint"",""coordinates"":[]}"
3735,81.27720982287711,2023-03-25,"{""type"":""MultiPoint"",""coordinates"":[]}"
3736,82.07998711299322,2023-03-26,"{""type"":""MultiPoint"",""coordinates"":[]}"
3737,90.93398864354084,2023-03-27,"{""type"":""MultiPoint"",""coordinates"":[]}"
3738,89.76735938471609,2023-03-28,"{""type"":""MultiPoint"",""coordinates"":[]}"
3739,83.17765991971595,2023-03-29,"{""type"":""MultiPoint"",""coordinates"":[]}"
3740,85.27925700987122,2023-03-30,"{""type"":""MultiPoint"",""coordinates"":[]}"
3741,85.81512849015,2023-03-31,"{""type"":""MultiPoint"",""coordinates"":[]}"
3742,85.926188822864,2023-04-01,"{""type"":""MultiPoint"",""coordinates"":[]}"
3743,89.87102345684076,2023-04-02,"{""type"":""MultiPoint"",""coordinates"":[]}"
3744,87.58811509595942,2023-04-03,"{""type"":""MultiPoint"",""coordinates"":[]}"
3745,86.154698699459,2023-04-04,"{""type"":""MultiPoint"",""coordinates"":[]}"
3746,80.33520813489145,2023-04-05,"{""type"":""MultiPoint"",""coordinates"":[]}"
3747,86.25470560290097,2023-04-06,"{""type"":""MultiPoint"",""coordinates"":[]}"
3748,91.1796100323648,2023-04-07,"{""type"":""MultiPoint"",""coordinates"":[]}"
3749,88.28945638556634,2023-04-08,"{""type"":""MultiPoint"",""coordinates"":[]}"
3750,86.4547113086159,2023-04-09,"{""type"":""MultiPoint"",""coordinates"":[]}"
3751,87.16912171686506,2023-04-10,"{""type"":""MultiPoint"",""coordinates"":[]}"
3752,84.23257928795356,2023-04-11,"{""type"":""MultiPoint"",""coordinates"":[]}"
3753,90.20166098143847,2023-04-12,"{""type"":""MultiPoint"",""coordinates"":[]}"
3754,86.92300356653239,2023-04-13,"{""type"":""MultiPoint"",""coordinates"":[]}"
3755,82.28791744560816,2023-04-14,"{""type"":""MultiPoint"",""coordinates"":[]}"
3756,78.79318856068637,2023-04-15,"{""type"":""MultiPoint"",""coordinates"":[]}"
3757,91.83454796259433,2023-04-16,"{""type"":""MultiPoint"",""coordinates"":[]}"
3758,94.40804385579345,2023-04-17,"{""type"":""MultiPoint"",""coordinates"":[]}"
3759,90.8851889515101,2023-04-18,"{""type"":""MultiPoint"",""coordinates"":[]}"
3760,86.68869681499343,2023-04-19,"{""type"":""MultiPoint"",""coordinates"":[]}"
3761,85.3026114204316,2023-04-20,"{""type"":""MultiPoint"",""coordinates"":[]}"
3762,95.15609037538756,2023-04-21,"{""type"":""MultiPoint"",""coordinates"":[]}"
3763,92.69392270608911,2023-04-22,"{""type"":""MultiPoint"",""coordinates"":[]}"
3764,92.12862844020849,2023-04-23,"{""type"":""MultiPoint"",""coordinates"":[]}"
3765,94.33565852058638,2023-04-24,"{""type"":""MultiPoint"",""coordinates"":[]}"
3766,91.29410584435759,2023-04-25,"{""type"":""MultiPoint"",""coordinates"":[]}"
3767,89.76851525427317,2023-04-26,"{""type"":""MultiPoint"",""coordinates"":[]}"
3768,88.8325375176185,2023-04-27,"{""type"":""MultiPoint"",""coordinates"":[]}"
3769,92.9600635766622,2023-04-28,"{""type"":""MultiPoint"",""coordinates"":[]}"
3770,90.66064744796488,2023-04-29,"{""type"":""MultiPoint"",""coordinates"":[]}"
3771,88.05161082042729,2023-04-30,"{""type"":""MultiPoint"",""coordinates"":[]}"
3772,86.71398306369558,2023-05-01,"{""type"":""MultiPoint"",""coordinates"":[]}"
3773,88.90426507917623,2023-05-02,"{""type"":""MultiPoint"",""coordinates"":[]}"
3774,78.20588477888178,2023-05-03,"{""type"":""MultiPoint"",""coordinates"":[]}"
3775,79.70931135856937,2023-05-04,"{""type"":""MultiPoint"",""coordinates"":[]}"
3776,79.74657141944483,2023-05-05,"{""type"":""MultiPoint"",""coordinates"":[]}"
3777,82.73768320278545,2023-05-06,"{""type"":""MultiPoint"",""coordinates"":[]}"
3778,79.87961089550924,2023-05-07,"{""type"":""MultiPoint"",""coordinates"":[]}"
3779,80.39406690013976,2023-05-08,"{""type"":""MultiPoint"",""coordinates"":[]}"
3780,82.86266807818693,2023-05-09,"{""type"":""MultiPoint"",""coordinates"":[]}"
3781,93.04317353099704,2023-05-10,"{""type"":""MultiPoint"",""coordinates"":[]}"
3782,93.01812134409153,2023-05-11,"{""type"":""MultiPoint"",""coordinates"":[]}"
3783,90.14512559081625,2023-05-12,"{""type"":""MultiPoint"",""coordinates"":[]}"
3784,85.97636681634731,2023-05-13,"{""type"":""MultiPoint"",""coordinates"":[]}"
3785,84.67690702421883,2023-05-14,"{""type"":""MultiPoint"",""coordinates"":[]}"
3786,89.65686437920043,2023-05-15,"{""type"":""MultiPoint"",""coordinates"":[]}"
3787,89.39199028239176,2023-05-16,"{""type"":""MultiPoint"",""coordinates"":[]}"
3788,90.46537322815517,2023-05-17,"{""type"":""MultiPoint"",""coordinates"":[]}"
3789,85.73925952037318,2023-05-18,"{""type"":""MultiPoint"",""coordinates"":[]}"
3790,89.15404778399227,2023-05-19,"{""type"":""MultiPoint"",""coordinates"":[]}"
3791,89.97365979700123,2023-05-20,"{""type"":""MultiPoint"",""coordinates"":[]}"
3792,92.85827622747466,2023-05-21,"{""type"":""MultiPoint"",""coordinates"":[]}"
3793,93.17659458132938,2023-05-22,"{""type"":""MultiPoint"",""coordinates"":[]}"
3794,93.58507459252816,2023-05-23,"{""type"":""MultiPoint"",""coordinates"":[]}"
3795,91.24267064349853,2023-05-24,"{""type"":""MultiPoint"",""coordinates"":[]}"
3796,93.2959962516499,2023-05-25,"{""type"":""MultiPoint"",""coordinates"":[]}"
3797,94.00149797368738,2023-05-26,"{""type"":""MultiPoint"",""coordinates"":[]}"
3798,89.46875544832045,2023-05-27,"{""type"":""MultiPoint"",""coordinates"":[]}"
3799,91.16736424294213,2023-05-28,"{""type"":""MultiPoint"",""coordinates"":[]}"
3800,91.45941743443137,2023-05-29,"{""type"":""MultiPoint"",""coordinates"":[]}"
3801,91.62674641259122,2023-05-30,"{""type"":""MultiPoint"",""coordinates"":[]}"
3802,90.31428076124327,2023-05-31,"{""type"":""MultiPoint"",""coordinates"":[]}"
3803,94.35019922724865,2023-06-01,"{""type"":""MultiPoint"",""coordinates"":[]}"
3804,89.1576090866027,2023-06-02,"{""type"":""MultiPoint"",""coordinates"":[]}"
3805,81.63801944313748,2023-06-03,"{""type"":""MultiPoint"",""coordinates"":[]}"
3806,81.80365376194209,2023-06-04,"{""type"":""MultiPoint"",""coordinates"":[]}"
3807,83.08270130245025,2023-06-05,"{""type"":""MultiPoint"",""coordinates"":[]}"
3808,89.51802420645261,2023-06-06,"{""type"":""MultiPoint"",""coordinates"":[]}"
3809,84.31332867084943,2023-06-07,"{""type"":""MultiPoint"",""coordinates"":[]}"
3810,86.3052515467047,2023-06-08,"{""type"":""MultiPoint"",""coordinates"":[]}"
3811,89.07196462850702,2023-06-09,"{""type"":""MultiPoint"",""coordinates"":[]}"
3812,87.46776798283537,2023-06-10,"{""type"":""MultiPoint"",""coordinates"":[]}"
3813,84.07136986603687,2023-06-11,"{""type"":""MultiPoint"",""coordinates"":[]}"
3814,85.99659609063832,2023-06-12,"{""type"":""MultiPoint"",""coordinates"":[]}"
3815,84.00853052148305,2023-06-13,"{""type"":""MultiPoint"",""coordinates"":[]}"
3816,82.47584142182839,2023-06-14,"{""type"":""MultiPoint"",""coordinates"":[]}"
3817,87.91298146734893,2023-06-15,"{""type"":""MultiPoint"",""coordinates"":[]}"
3818,86.09884073074487,2023-06-16,"{""type"":""MultiPoint"",""coordinates"":[]}"
3819,81.17539521507281,2023-06-17,"{""type"":""MultiPoint"",""coordinates"":[]}"
3820,79.23838150798797,2023-06-18,"{""type"":""MultiPoint"",""coordinates"":[]}"
3821,73.21681691068139,2023-06-19,"{""type"":""MultiPoint"",""coordinates"":[]}"
3822,73.83869900035701,2023-06-20,"{""type"":""MultiPoint"",""coordinates"":[]}"
3823,75.85405828914931,2023-06-21,"{""type"":""MultiPoint"",""coordinates"":[]}"
3824,77.04492469193764,2023-06-22,"{""type"":""MultiPoint"",""coordinates"":[]}"
3825,82.954629175725,2023-06-23,"{""type"":""MultiPoint"",""coordinates"":[]}"
3826,88.144614054827,2023-06-24,"{""type"":""MultiPoint"",""coordinates"":[]}"
3827,92.89819701477005,2023-06-25,"{""type"":""MultiPoint"",""coordinates"":[]}"
3828,89.78905932118494,2023-06-26,"{""type"":""MultiPoint"",""coordinates"":[]}"
3829,85.6775962063788,2023-06-27,"{""type"":""MultiPoint"",""coordinates"":[]}"
3830,84.50669152447666,2023-06-28,"{""type"":""MultiPoint"",""coordinates"":[]}"
3831,82.003759435134,2023-06-29,"{""type"":""MultiPoint"",""coordinates"":[]}"
3832,81.0864889027124,2023-06-30,"{""type"":""MultiPoint"",""coordinates"":[]}"
3833,80.72366146536305,2023-07-01,"{""type"":""MultiPoint"",""coordinates"":[]}"
3834,81.56438425158343,2023-07-02,"{""type"":""MultiPoint"",""coordinates"":[]}"
3835,87.7645157922875,2023-07-03,"{""type"":""MultiPoint"",""coordinates"":[]}"
3836,90.5845159691918,2023-07-04,"{""type"":""MultiPoint"",""coordinates"":[]}"
3837,87.65946278395883,2023-07-05,"{""type"":""MultiPoint"",""coordinates"":[]}"
3838,87.69071728608894,2023-07-06,"{""type"":""MultiPoint"",""coordinates"":[]}"
3839,84.9272532412664,2023-07-07,"{""type"":""MultiPoint"",""coordinates"":[]}"
3840,87.75905356772957,2023-07-08,"{""type"":""MultiPoint"",""coordinates"":[]}"
3841,87.86818435971078,2023-07-09,"{""type"":""MultiPoint"",""coordinates"":[]}"
3842,82.3051772778949,2023-07-10,"{""type"":""MultiPoint"",""coordinates"":[]}"
3843,78.40177584111309,2023-07-11,"{""type"":""MultiPoint"",""coordinates"":[]}"
3844,80.58265328599305,2023-07-12,"{""type"":""MultiPoint"",""coordinates"":[]}"
3845,77.89618079058225,2023-07-13,"{""type"":""MultiPoint"",""coordinates"":[]}"
3846,80.37145972539085,2023-07-14,"{""type"":""MultiPoint"",""coordinates"":[]}"
3847,86.92983245839667,2023-07-15,"{""type"":""MultiPoint"",""coordinates"":[]}"
3848,82.42264975282592,2023-07-16,"{""type"":""MultiPoint"",""coordinates"":[]}"
3849,89.54786423072174,2023-07-17,"{""type"":""MultiPoint"",""coordinates"":[]}"
3850,83.04609939636053,2023-07-18,"{""type"":""MultiPoint"",""coordinates"":[]}"
3851,75.17632429511953,2023-07-19,"{""type"":""MultiPoint"",""coordinates"":[]}"
3852,74.72478171365997,2023-07-20,"{""type"":""MultiPoint"",""coordinates"":[]}"
3853,77.63611499042825,2023-07-21,"{""type"":""MultiPoint"",""coordinates"":[]}"
3854,78.84083012996294,2023-07-22,"{""type"":""MultiPoint"",""coordinates"":[]}"
3855,75.6013083843963,2023-07-23,"{""type"":""MultiPoint"",""coordinates"":[]}"
3856,79.63885205109553,2023-07-24,"{""type"":""MultiPoint"",""coordinates"":[]}"
3857,79.5271263373094,2023-07-25,"{""type"":""MultiPoint"",""coordinates"":[]}"
3858,83.68277209307597,2023-07-26,"{""type"":""MultiPoint"",""coordinates"":[]}"
3859,87.4868358824806,2023-07-27,"{""type"":""MultiPoint"",""coordinates"":[]}"
3860,83.794668968653,2023-07-28,"{""type"":""MultiPoint"",""coordinates"":[]}"
3861,84.69973003900095,2023-07-29,"{""type"":""MultiPoint"",""coordinates"":[]}"
3862,81.60199650280428,2023-07-30,"{""type"":""MultiPoint"",""coordinates"":[]}"
3863,75.05077717561754,2023-07-31,"{""type"":""MultiPoint"",""coordinates"":[]}"
3864,79.04320490756375,2023-08-01,"{""type"":""MultiPoint"",""coordinates"":[]}"
3865,75.27198219649235,2023-08-02,"{""type"":""MultiPoint"",""coordinates"":[]}"
3866,76.27155139432311,2023-08-03,"{""type"":""MultiPoint"",""coordinates"":[]}"
3867,74.42778258267258,2023-08-04,"{""type"":""MultiPoint"",""coordinates"":[]}"
3868,75.1963812782583,2023-08-05,"{""type"":""MultiPoint"",""coordinates"":[]}"
3869,76.9840237988074,2023-08-06,"{""type"":""MultiPoint"",""coordinates"":[]}"
3870,77.87796039487947,2023-08-07,"{""type"":""MultiPoint"",""coordinates"":[]}"
3871,77.87108215609831,2023-08-08,"{""type"":""MultiPoint"",""coordinates"":[]}"
3872,75.47506967532662,2023-08-09,"{""type"":""MultiPoint"",""coordinates"":[]}"
3873,75.47262775226122,2023-08-10,"{""type"":""MultiPoint"",""coordinates"":[]}"
3874,81.65047704959768,2023-08-11,"{""type"":""MultiPoint"",""coordinates"":[]}"
3875,77.88401609094645,2023-08-12,"{""type"":""MultiPoint"",""coordinates"":[]}"
3876,79.11741513005519,2023-08-13,"{""type"":""MultiPoint"",""coordinates"":[]}"
3877,76.15124623775584,2023-08-14,"{""type"":""MultiPoint"",""coordinates"":[]}"
3878,83.8792748355336,2023-08-15,"{""type"":""MultiPoint"",""coordinates"":[]}"
3879,80.84404991095005,2023-08-16,"{""type"":""MultiPoint"",""coordinates"":[]}"
3880,83.59462110690389,2023-08-17,"{""type"":""MultiPoint"",""coordinates"":[]}"
3881,85.60682394189554,2023-08-18,"{""type"":""MultiPoint"",""coordinates"":[]}"
3882,89.54954750803306,2023-08-19,"{""type"":""MultiPoint"",""coordinates"":[]}"
3883,88.1953212754468,2023-08-20,"{""type"":""MultiPoint"",""coordinates"":[]}"
3884,89.14340871760534,2023-08-21,"{""type"":""MultiPoint"",""coordinates"":[]}"
3885,95.61559446139917,2023-08-22,"{""type"":""MultiPoint"",""coordinates"":[]}"
3886,88.91433934925529,2023-08-23,"{""type"":""MultiPoint"",""coordinates"":[]}"
3887,89.02056603256057,2023-08-24,"{""type"":""MultiPoint"",""coordinates"":[]}"
3888,83.02858972020861,2023-08-25,"{""type"":""MultiPoint"",""coordinates"":[]}"
3889,77.66033593335631,2023-08-26,"{""type"":""MultiPoint"",""coordinates"":[]}"
3890,79.23927630577266,2023-08-27,"{""type"":""MultiPoint"",""coordinates"":[]}"
3891,74.33206004902493,2023-08-28,"{""type"":""MultiPoint"",""coordinates"":[]}"
3892,72.77352827121021,2023-08-29,"{""type"":""MultiPoint"",""coordinates"":[]}"
3893,75.4395889730065,2023-08-30,"{""type"":""MultiPoint"",""coordinates"":[]}"
3894,70.44688726129226,2023-08-31,"{""type"":""MultiPoint"",""coordinates"":[]}"
3895,68.92269628046446,2023-09-01,"{""type"":""MultiPoint"",""coordinates"":[]}"
3896,77.33960035730549,2023-09-02,"{""type"":""MultiPoint"",""coordinates"":[]}"
3897,86.90842184536093,2023-09-03,"{""type"":""MultiPoint"",""coordinates"":[]}"
3898,84.53588969709534,2023-09-04,"{""type"":""MultiPoint"",""coordinates"":[]}"
3899,75.4168578375853,2023-09-05,"{""type"":""MultiPoint"",""coordinates"":[]}"
3900,77.61099187148368,2023-09-06,"{""type"":""MultiPoint"",""coordinates"":[]}"
3901,70.13281133122989,2023-09-07,"{""type"":""MultiPoint"",""coordinates"":[]}"
3902,69.54545763263651,2023-09-08,"{""type"":""MultiPoint"",""coordinates"":[]}"
3903,74.15890550407337,2023-09-09,"{""type"":""MultiPoint"",""coordinates"":[]}"
3904,79.63086040603899,2023-09-10,"{""type"":""MultiPoint"",""coordinates"":[]}"
3905,79.3166893736112,2023-09-11,"{""type"":""MultiPoint"",""coordinates"":[]}"
3906,81.44683725880842,2023-09-12,"{""type"":""MultiPoint"",""coordinates"":[]}"
3907,78.0312028747356,2023-09-13,"{""type"":""MultiPoint"",""coordinates"":[]}"
3908,83.6802653099128,2023-09-14,"{""type"":""MultiPoint"",""coordinates"":[]}"
3909,82.20534980125699,2023-09-15,"{""type"":""MultiPoint"",""coordinates"":[]}"
3910,77.28595289571234,2023-09-16,"{""type"":""MultiPoint"",""coordinates"":[]}"
3911,76.39994981543542,2023-09-17,"{""type"":""MultiPoint"",""coordinates"":[]}"
3912,79.07263789783629,2023-09-18,"{""type"":""MultiPoint"",""coordinates"":[]}"
3913,73.09694656577841,2023-09-19,"{""type"":""MultiPoint"",""coordinates"":[]}"
3914,77.18871769382307,2023-09-20,"{""type"":""MultiPoint"",""coordinates"":[]}"
3915,70.21551031655126,2023-09-21,"{""type"":""MultiPoint"",""coordinates"":[]}"
3916,72.31940835099012,2023-09-22,"{""type"":""MultiPoint"",""coordinates"":[]}"
3917,83.41416340540293,2023-09-23,"{""type"":""MultiPoint"",""coordinates"":[]}"
3918,84.59883318479615,2023-09-24,"{""type"":""MultiPoint"",""coordinates"":[]}"
3919,82.31725711459224,2023-09-25,"{""type"":""MultiPoint"",""coordinates"":[]}"
3920,80.88649354031172,2023-09-26,"{""type"":""MultiPoint"",""coordinates"":[]}"
3921,82.82496235303098,2023-09-27,"{""type"":""MultiPoint"",""coordinates"":[]}"
3922,84.58608388473932,2023-09-28,"{""type"":""MultiPoint"",""coordinates"":[]}"
3923,87.39466377674557,2023-09-29,"{""type"":""MultiPoint"",""coordinates"":[]}"
3924,84.74214596211795,2023-09-30,"{""type"":""MultiPoint"",""coordinates"":[]}"
3925,83.96549591441995,2023-10-01,"{""type"":""MultiPoint"",""coordinates"":[]}"
3926,86.81150601817338,2023-10-02,"{""type"":""MultiPoint"",""coordinates"":[]}"
3927,91.3503914679281,2023-10-03,"{""type"":""MultiPoint"",""coordinates"":[]}"
3928,94.39753278989114,2023-10-04,"{""type"":""MultiPoint"",""coordinates"":[]}"
3929,85.57346232449731,2023-10-05,"{""type"":""MultiPoint"",""coordinates"":[]}"
3930,84.24929752416404,2023-10-06,"{""type"":""MultiPoint"",""coordinates"":[]}"
3931,79.87446323588163,2023-10-07,"{""type"":""MultiPoint"",""coordinates"":[]}"
3932,88.89877909698073,2023-10-08,"{""type"":""MultiPoint"",""coordinates"":[]}"
3933,89.61496191529216,2023-10-09,"{""type"":""MultiPoint"",""coordinates"":[]}"
3934,91.28406762568318,2023-10-10,"{""type"":""MultiPoint"",""coordinates"":[]}"
3935,88.30197980260776,2023-10-11,"{""type"":""MultiPoint"",""coordinates"":[]}"
3936,80.52020464890806,2023-10-12,"{""type"":""MultiPoint"",""coordinates"":[]}"
3937,84.02834400482023,2023-10-13,"{""type"":""MultiPoint"",""coordinates"":[]}"
3938,89.42329639777263,2023-10-14,"{""type"":""MultiPoint"",""coordinates"":[]}"
3939,89.2696135601844,2023-10-15,"{""type"":""MultiPoint"",""coordinates"":[]}"
3940,87.54282273928362,2023-10-16,"{""type"":""MultiPoint"",""coordinates"":[]}"
3941,87.43170950553365,2023-10-17,"{""type"":""MultiPoint"",""coordinates"":[]}"
3942,86.09340763468253,2023-10-18,"{""type"":""MultiPoint"",""coordinates"":[]}"
3943,84.98301873191791,2023-10-19,"{""type"":""MultiPoint"",""coordinates"":[]}"
3944,82.05879350656004,2023-10-20,"{""type"":""MultiPoint"",""coordinates"":[]}"
3945,85.0964236813951,2023-10-21,"{""type"":""MultiPoint"",""coordinates"":[]}"
3946,91.47266708095658,2023-10-22,"{""type"":""MultiPoint"",""coordinates"":[]}"
3947,87.13084438654035,2023-10-23,"{""type"":""MultiPoint"",""coordinates"":[]}"
3948,94.3686962211998,2023-10-24,"{""type"":""MultiPoint"",""coordinates"":[]}"
3949,86.22401517995156,2023-10-25,"{""type"":""MultiPoint"",""coordinates"":[]}"
3950,90.72972578404834,2023-10-26,"{""type"":""MultiPoint"",""coordinates"":[]}"
3951,94.21217450900919,2023-10-27,"{""type"":""MultiPoint"",""coordinates"":[]}"
3952,91.39586377351635,2023-10-28,"{""type"":""MultiPoint"",""coordinates"":[]}"
3953,89.79709540325571,2023-10-29,"{""type"":""MultiPoint"",""coordinates"":[]}"
3954,85.32757438564757,2023-10-30,"{""type"":""MultiPoint"",""coordinates"":[]}"
3955,91.67376124216587,2023-10-31,"{""type"":""MultiPoint"",""coordinates"":[]}"
3956,89.8442559020274,2023-11-01,"{""type"":""MultiPoint"",""coordinates"":[]}"
3957,92.75043514984397,2023-11-02,"{""type"":""MultiPoint"",""coordinates"":[]}"
3958,88.96078671440979,2023-11-03,"{""type"":""MultiPoint"",""coordinates"":[]}"
3959,95.30491353098813,2023-11-04,"{""type"":""MultiPoint"",""coordinates"":[]}"
3960,91.40609462948572,2023-11-05,"{""type"":""MultiPoint"",""coordinates"":[]}"
3961,92.82632986332153,2023-11-06,"{""type"":""MultiPoint"",""coordinates"":[]}"
3962,93.86611956352029,2023-11-07,"{""type"":""MultiPoint"",""coordinates"":[]}"
3963,90.17854100906459,2023-11-08,"{""type"":""MultiPoint"",""coordinates"":[]}"
3964,88.43927054217603,2023-11-09,"{""type"":""MultiPoint"",""coordinates"":[]}"
3965,87.21766031653647,2023-11-10,"{""type"":""MultiPoint"",""coordinates"":[]}"
3966,88.11881309953826,2023-11-11,"{""type"":""MultiPoint"",""coordinates"":[]}"
3967,87.71357172397721,2023-11-12,"{""type"":""MultiPoint"",""coordinates"":[]}"
3968,85.48117813731677,2023-11-13,"{""type"":""MultiPoint"",""coordinates"":[]}"
3969,85.36611889803977,2023-11-14,"{""type"":""MultiPoint"",""coordinates"":[]}"
3970,88.97229856838055,2023-11-15,"{""type"":""MultiPoint"",""coordinates"":[]}"
3971,84.4230391638573,2023-11-16,"{""type"":""MultiPoint"",""coordinates"":[]}"
3972,81.68390629601095,2023-11-17,"{""type"":""MultiPoint"",""coordinates"":[]}"
3973,90.90348037420331,2023-11-18,"{""type"":""MultiPoint"",""coordinates"":[]}"
3974,92.79021531192332,2023-11-19,"{""type"":""MultiPoint"",""coordinates"":[]}"
3975,93.5483536381533,2023-11-20,"{""type"":""MultiPoint"",""coordinates"":[]}"
3976,91.48796546672456,2023-11-21,"{""type"":""MultiPoint"",""coordinates"":[]}"
3977,88.6413330964932,2023-11-22,"{""type"":""MultiPoint"",""coordinates"":[]}"
3978,91.52490856231258,2023-11-23,"{""type"":""MultiPoint"",""coordinates"":[]}"
3979,89.99035340560299,2023-11-24,"{""type"":""MultiPoint"",""coordinates"":[]}"
3980,84.11681812376737,2023-11-25,"{""type"":""MultiPoint"",""coordinates"":[]}"
3981,78.8668698886132,2023-11-26,"{""type"":""MultiPoint"",""coordinates"":[]}"
3982,82.58897584666009,2023-11-27,"{""type"":""MultiPoint"",""coordinates"":[]}"
3983,83.198210853903,2023-11-28,"{""type"":""MultiPoint"",""coordinates"":[]}"
3984,83.26112877270461,2023-11-29,"{""type"":""MultiPoint"",""coordinates"":[]}"
3985,82.63238124810456,2023-11-30,"{""type"":""MultiPoint"",""coordinates"":[]}"
3986,80.91493755219234,2023-12-01,"{""type"":""MultiPoint"",""coordinates"":[]}"
3987,78.17113056902197,2023-12-02,"{""type"":""MultiPoint"",""coordinates"":[]}"
3988,74.8215915316447,2023-12-03,"{""type"":""MultiPoint"",""coordinates"":[]}"
3989,76.08030396441241,2023-12-04,"{""type"":""MultiPoint"",""coordinates"":[]}"
3990,79.34169225064285,2023-12-05,"{""type"":""MultiPoint"",""coordinates"":[]}"
3991,76.99424448464566,2023-12-06,"{""type"":""MultiPoint"",""coordinates"":[]}"
3992,75.7648701680706,2023-12-07,"{""type"":""MultiPoint"",""coordinates"":[]}"
3993,77.53303180698862,2023-12-08,"{""type"":""MultiPoint"",""coordinates"":[]}"
3994,79.49119845721373,2023-12-09,"{""type"":""MultiPoint"",""coordinates"":[]}"
3995,83.92473251886801,2023-12-10,"{""type"":""MultiPoint"",""coordinates"":[]}"
3996,82.50827514442565,2023-12-11,"{""type"":""MultiPoint"",""coordinates"":[]}"
3997,81.65963101668747,2023-12-12,"{""type"":""MultiPoint"",""coordinates"":[]}"
3998,79.58573569654878,2023-12-13,"{""type"":""MultiPoint"",""coordinates"":[]}"
3999,80.38029567694883,2023-12-14,"{""type"":""MultiPoint"",""coordinates"":[]}"
4000,86.94025495377606,2023-12-15,"{""type"":""MultiPoint"",""coordinates"":[]}"
4001,89.53519377094544,2023-12-16,"{""type"":""MultiPoint"",""coordinates"":[]}"
4002,93.6269196461134,2023-12-17,"{""type"":""MultiPoint"",""coordinates"":[]}"
4003,87.72697020213143,2023-12-18,"{""type"":""MultiPoint"",""coordinates"":[]}"
4004,89.83881827261253,2023-12-19,"{""type"":""MultiPoint"",""coordinates"":[]}"
4005,90.3760203124432,2023-12-20,"{""type"":""MultiPoint"",""coordinates"":[]}"
4006,88.50272521724425,2023-12-21,"{""type"":""MultiPoint"",""coordinates"":[]}"
4007,82.20267626755766,2023-12-22,"{""type"":""MultiPoint"",""coordinates"":[]}"
4008,84.73705551462088,2023-12-23,"{""type"":""MultiPoint"",""coordinates"":[]}"
4009,77.97854703861185,2023-12-24,"{""type"":""MultiPoint"",""coordinates"":[]}"
4010,83.15339597189762,2023-12-25,"{""type"":""MultiPoint"",""coordinates"":[]}"
4011,85.43055890909984,2023-12-26,"{""type"":""MultiPoint"",""coordinates"":[]}"
4012,84.19264932776662,2023-12-27,"{""type"":""MultiPoint"",""coordinates"":[]}"
4013,81.66914024347518,2023-12-28,"{""type"":""MultiPoint"",""coordinates"":[]}"
4014,88.05558387221981,2023-12-29,"{""type"":""MultiPoint"",""coordinates"":[]}"
4015,93.1971888798884,2023-12-30,"{""type"":""MultiPoint"",""coordinates"":[]}"
4016,89.32285778487672,2023-12-31,"{""type"":""MultiPoint"",""coordinates"":[]}"
4017,88.37679142338426,2024-01-01,"{""type"":""MultiPoint"",""coordinates"":[]}"
4018,80.34910615462034,2024-01-02,"{""type"":""MultiPoint"",""coordinates"":[]}"
4019,84.26614595579233,2024-01-03,"{""type"":""MultiPoint"",""coordinates"":[]}"
4020,78.24808712258975,2024-01-04,"{""type"":""MultiPoint"",""coordinates"":[]}"
4021,74.0077578399799,2024-01-05,"{""type"":""MultiPoint"",""coordinates"":[]}"
4022,73.83368921024477,2024-01-06,"{""type"":""MultiPoint"",""coordinates"":[]}"
4023,67.4172138330821,2024-01-07,"{""type"":""MultiPoint"",""coordinates"":[]}"
4024,73.40325023002548,2024-01-08,"{""type"":""MultiPoint"",""coordinates"":[]}"
4025,70.33053087857863,2024-01-09,"{""type"":""MultiPoint"",""coordinates"":[]}"
4026,66.44952746046498,2024-01-10,"{""type"":""MultiPoint"",""coordinates"":[]}"
4027,74.12159153116569,2024-01-11,"{""type"":""MultiPoint"",""coordinates"":[]}"
4028,76.76565035440044,2024-01-12,"{""type"":""MultiPoint"",""coordinates"":[]}"
4029,85.97677170887478,2024-01-13,"{""type"":""MultiPoint"",""coordinates"":[]}"
4030,77.97393100523382,2024-01-14,"{""type"":""MultiPoint"",""coordinates"":[]}"
4031,71.81181086265578,2024-01-15,"{""type"":""MultiPoint"",""coordinates"":[]}"
4032,75.96388057746739,2024-01-16,"{""type"":""MultiPoint"",""coordinates"":[]}"
4033,72.00475974345687,2024-01-17,"{""type"":""MultiPoint"",""coordinates"":[]}"
4034,70.6390748306738,2024-01-18,"{""type"":""MultiPoint"",""coordinates"":[]}"
4035,75.90600314946485,2024-01-19,"{""type"":""MultiPoint"",""coordinates"":[]}"
4036,76.51023859264886,2024-01-20,"{""type"":""MultiPoint"",""coordinates"":[]}"
4037,81.14104975351675,2024-01-21,"{""type"":""MultiPoint"",""coordinates"":[]}"
4038,76.03624037212504,2024-01-22,"{""type"":""MultiPoint"",""coordinates"":[]}"
4039,71.17130832221712,2024-01-23,"{""type"":""MultiPoint"",""coordinates"":[]}"
4040,70.8557571565235,2024-01-24,"{""type"":""MultiPoint"",""coordinates"":[]}"
4041,63.38102926504288,2024-01-25,"{""type"":""MultiPoint"",""coordinates"":[]}"
4042,65.87936954732105,2024-01-26,"{""type"":""MultiPoint"",""coordinates"":[]}"
4043,69.03327958282797,2024-01-27,"{""type"":""MultiPoint"",""coordinates"":[]}"
4044,70.22622056520078,2024-01-28,"{""type"":""MultiPoint"",""coordinates"":[]}"
4045,68.93419931978637,2024-01-29,"{""type"":""MultiPoint"",""coordinates"":[]}"
4046,78.94644230535859,2024-01-30,"{""type"":""MultiPoint"",""coordinates"":[]}"
4047,77.51564318357458,2024-01-31,"{""type"":""MultiPoint"",""coordinates"":[]}"
4048,87.60806164153695,2024-02-01,"{""type"":""MultiPoint"",""coordinates"":[]}"
4049,88.02441077303673,2024-02-02,"{""type"":""MultiPoint"",""coordinates"":[]}"
4050,88.69322306793835,2024-02-03,"{""type"":""MultiPoint"",""coordinates"":[]}"
4051,89.57486412467462,2024-02-04,"{""type"":""MultiPoint"",""coordinates"":[]}"
4052,90.56159558554181,2024-02-05,"{""type"":""MultiPoint"",""coordinates"":[]}"
4053,84.47414952464679,2024-02-06,"{""type"":""MultiPoint"",""coordinates"":[]}"
4054,81.639648215337,2024-02-07,"{""type"":""MultiPoint"",""coordinates"":[]}"
4055,90.67057532859691,2024-02-08,"{""type"":""MultiPoint"",""coordinates"":[]}"
4056,85.56269899332433,2024-02-09,"{""type"":""MultiPoint"",""coordinates"":[]}"
4057,76.47479253604507,2024-02-10,"{""type"":""MultiPoint"",""coordinates"":[]}"
4058,76.1751168763081,2024-02-11,"{""type"":""MultiPoint"",""coordinates"":[]}"
4059,70.41414257967934,2024-02-12,"{""type"":""MultiPoint"",""coordinates"":[]}"
4060,73.07773240507566,2024-02-13,"{""type"":""MultiPoint"",""coordinates"":[]}"
4061,72.05433832507877,2024-02-14,"{""type"":""MultiPoint"",""coordinates"":[]}"
4062,74.94829767179604,2024-02-15,"{""type"":""MultiPoint"",""coordinates"":[]}"
4063,79.90754273410926,2024-02-16,"{""type"":""MultiPoint"",""coordinates"":[]}"
4064,77.84022973982965,2024-02-17,"{""type"":""MultiPoint"",""coordinates"":[]}"
4065,77.60357363327337,2024-02-18,"{""type"":""MultiPoint"",""coordinates"":[]}"
4066,71.96518123263395,2024-02-19,"{""type"":""MultiPoint"",""coordinates"":[]}"
4067,76.67722778358001,2024-02-20,"{""type"":""MultiPoint"",""coordinates"":[]}"
4068,68.78937315099806,2024-02-21,"{""type"":""MultiPoint"",""coordinates"":[]}"
4069,78.01427323498278,2024-02-22,"{""type"":""MultiPoint"",""coordinates"":[]}"
4070,76.75158128072148,2024-02-23,"{""type"":""MultiPoint"",""coordinates"":[]}"
4071,69.79085106357662,2024-02-24,"{""type"":""MultiPoint"",""coordinates"":[]}"
4072,72.90711761654289,2024-02-25,"{""type"":""MultiPoint"",""coordinates"":[]}"
4073,72.20870096538339,2024-02-26,"{""type"":""MultiPoint"",""coordinates"":[]}"
4074,68.48665230096364,2024-02-27,"{""type"":""MultiPoint"",""coordinates"":[]}"
4075,73.28322234902446,2024-02-28,"{""type"":""MultiPoint"",""coordinates"":[]}"
4076,73.81042754278472,2024-02-29,"{""type"":""MultiPoint"",""coordinates"":[]}"
4077,73.99492051407142,2024-03-01,"{""type"":""MultiPoint"",""coordinates"":[]}"
4078,72.26596067760914,2024-03-02,"{""type"":""MultiPoint"",""coordinates"":[]}"
4079,74.48879323839917,2024-03-03,"{""type"":""MultiPoint"",""coordinates"":[]}"
4080,76.16881595564921,2024-03-04,"{""type"":""MultiPoint"",""coordinates"":[]}"
4081,75.56133828254629,2024-03-05,"{""type"":""MultiPoint"",""coordinates"":[]}"
4082,71.68851990617313,2024-03-06,"{""type"":""MultiPoint"",""coordinates"":[]}"
4083,67.03927085839085,2024-03-07,"{""type"":""MultiPoint"",""coordinates"":[]}"
4084,71.18043639295537,2024-03-08,"{""type"":""MultiPoint"",""coordinates"":[]}"
4085,85.47537911085603,2024-03-09,"{""type"":""MultiPoint"",""coordinates"":[]}"
4086,83.80764447235745,2024-03-10,"{""type"":""MultiPoint"",""coordinates"":[]}"
4087,77.81202776066071,2024-03-11,"{""type"":""MultiPoint"",""coordinates"":[]}"
4088,79.44400119876504,2024-03-12,"{""type"":""MultiPoint"",""coordinates"":[]}"
4089,78.67458024050131,2024-03-13,"{""type"":""MultiPoint"",""coordinates"":[]}"
4090,84.05008760098782,2024-03-14,"{""type"":""MultiPoint"",""coordinates"":[]}"
4091,84.16165007518698,2024-03-15,"{""type"":""MultiPoint"",""coordinates"":[]}"
4092,82.92232388584775,2024-03-16,"{""type"":""MultiPoint"",""coordinates"":[]}"
4093,84.07359669465897,2024-03-17,"{""type"":""MultiPoint"",""coordinates"":[]}"
4094,84.00452628810616,2024-03-18,"{""type"":""MultiPoint"",""coordinates"":[]}"
4095,84.50746940728699,2024-03-19,"{""type"":""MultiPoint"",""coordinates"":[]}"
4096,86.94972203542171,2024-03-20,"{""type"":""MultiPoint"",""coordinates"":[]}"
4097,89.77245346539924,2024-03-21,"{""type"":""MultiPoint"",""coordinates"":[]}"
4098,80.68365294661832,2024-03-22,"{""type"":""MultiPoint"",""coordinates"":[]}"
4099,70.50693878657735,2024-03-23,"{""type"":""MultiPoint"",""coordinates"":[]}"
4100,81.80670411323423,2024-03-24,"{""type"":""MultiPoint"",""coordinates"":[]}"
4101,88.61231294303478,2024-03-25,"{""type"":""MultiPoint"",""coordinates"":[]}"
4102,83.12264138797767,2024-03-26,"{""type"":""MultiPoint"",""coordinates"":[]}"
4103,78.58431099253254,2024-03-27,"{""type"":""MultiPoint"",""coordinates"":[]}"
4104,77.73434493811202,2024-03-28,"{""type"":""MultiPoint"",""coordinates"":[]}"
4105,77.59405522949277,2024-03-29,"{""type"":""MultiPoint"",""coordinates"":[]}"
4106,75.85635884270334,2024-03-30,"{""type"":""MultiPoint"",""coordinates"":[]}"
4107,79.35261689742502,2024-03-31,"{""type"":""MultiPoint"",""coordinates"":[]}"
4108,77.89958109928561,2024-04-01,"{""type"":""MultiPoint"",""coordinates"":[]}"
4109,82.4858799711332,2024-04-02,"{""type"":""MultiPoint"",""coordinates"":[]}"
4110,87.38617723818635,2024-04-03,"{""type"":""MultiPoint"",""coordinates"":[]}"
4111,84.47979815785315,2024-04-04,"{""type"":""MultiPoint"",""coordinates"":[]}"
4112,85.64165831217684,2024-04-05,"{""type"":""MultiPoint"",""coordinates"":[]}"
4113,86.757473821668,2024-04-06,"{""type"":""MultiPoint"",""coordinates"":[]}"
4114,86.0796686828229,2024-04-07,"{""type"":""MultiPoint"",""coordinates"":[]}"
4115,86.80884845815073,2024-04-08,"{""type"":""MultiPoint"",""coordinates"":[]}"
4116,84.97581317726137,2024-04-09,"{""type"":""MultiPoint"",""coordinates"":[]}"
4117,72.08287649948959,2024-04-10,"{""type"":""MultiPoint"",""coordinates"":[]}"
4118,69.02787979536623,2024-04-11,"{""type"":""MultiPoint"",""coordinates"":[]}"
4119,62.95686883093936,2024-04-12,"{""type"":""MultiPoint"",""coordinates"":[]}"
4120,67.20663079266235,2024-04-13,"{""type"":""MultiPoint"",""coordinates"":[]}"
4121,69.55020012534855,2024-04-14,"{""type"":""MultiPoint"",""coordinates"":[]}"
4122,76.51758333563376,2024-04-15,"{""type"":""MultiPoint"",""coordinates"":[]}"
4123,78.27658468823866,2024-04-16,"{""type"":""MultiPoint"",""coordinates"":[]}"
4124,75.79344365815113,2024-04-17,"{""type"":""MultiPoint"",""coordinates"":[]}"
4125,84.62000501879201,2024-04-18,"{""type"":""MultiPoint"",""coordinates"":[]}"
4126,92.89841266996307,2024-04-19,"{""type"":""MultiPoint"",""coordinates"":[]}"
4127,87.40214985015551,2024-04-20,"{""type"":""MultiPoint"",""coordinates"":[]}"
4128,85.7397096031022,2024-04-21,"{""type"":""MultiPoint"",""coordinates"":[]}"
4129,94.84910767737877,2024-04-22,"{""type"":""MultiPoint"",""coordinates"":[]}"
4130,88.27152745346267,2024-04-23,"{""type"":""MultiPoint"",""coordinates"":[]}"
4131,85.90721318434542,2024-04-24,"{""type"":""MultiPoint"",""coordinates"":[]}"
4132,91.0516867947426,2024-04-25,"{""type"":""MultiPoint"",""coordinates"":[]}"
4133,91.05138449964993,2024-04-26,"{""type"":""MultiPoint"",""coordinates"":[]}"
4134,87.75189257042938,2024-04-27,"{""type"":""MultiPoint"",""coordinates"":[]}"
4135,88.77591689073977,2024-04-28,"{""type"":""MultiPoint"",""coordinates"":[]}"
4136,93.6317757871107,2024-04-29,"{""type"":""MultiPoint"",""coordinates"":[]}"
4137,84.93393467399483,2024-04-30,"{""type"":""MultiPoint"",""coordinates"":[]}"
4138,91.45428770955522,2024-05-01,"{""type"":""MultiPoint"",""coordinates"":[]}"
4139,90.46521646694788,2024-05-02,"{""type"":""MultiPoint"",""coordinates"":[]}"
4140,85.49887360466009,2024-05-03,"{""type"":""MultiPoint"",""coordinates"":[]}"
4141,84.68842700770344,2024-05-04,"{""type"":""MultiPoint"",""coordinates"":[]}"
4142,91.21907596167631,2024-05-05,"{""type"":""MultiPoint"",""coordinates"":[]}"
4143,90.99160124658603,2024-05-06,"{""type"":""MultiPoint"",""coordinates"":[]}"
4144,88.60773684545744,2024-05-07,"{""type"":""MultiPoint"",""coordinates"":[]}"
4145,92.01996575087954,2024-05-08,"{""type"":""MultiPoint"",""coordinates"":[]}"
4146,90.72371465860614,2024-05-09,"{""type"":""MultiPoint"",""coordinates"":[]}"
4147,89.86170292880479,2024-05-10,"{""type"":""MultiPoint"",""coordinates"":[]}"
4148,88.98121489343079,2024-05-11,"{""type"":""MultiPoint"",""coordinates"":[]}"
4149,90.34608594512343,2024-05-12,"{""type"":""MultiPoint"",""coordinates"":[]}"
4150,84.24874391271436,2024-05-13,"{""type"":""MultiPoint"",""coordinates"":[]}"
4151,89.39778744119775,2024-05-14,"{""type"":""MultiPoint"",""coordinates"":[]}"
4152,93.34408559879718,2024-05-15,"{""type"":""MultiPoint"",""coordinates"":[]}"
4153,86.62441001212892,2024-05-16,"{""type"":""MultiPoint"",""coordinates"":[]}"
4154,89.60458836627822,2024-05-17,"{""type"":""MultiPoint"",""coordinates"":[]}"
4155,84.59142421504293,2024-05-18,"{""type"":""MultiPoint"",""coordinates"":[]}"
4156,87.52030509093566,2024-05-19,"{""type"":""MultiPoint"",""coordinates"":[]}"
4157,83.60298957293519,2024-05-20,"{""type"":""MultiPoint"",""coordinates"":[]}"
4158,88.38097271582733,2024-05-21,"{""type"":""MultiPoint"",""coordinates"":[]}"
4159,88.34689786091344,2024-05-22,"{""type"":""MultiPoint"",""coordinates"":[]}"
4160,87.89843587372305,2024-05-23,"{""type"":""MultiPoint"",""coordinates"":[]}"
4161,90.17807405951824,2024-05-24,"{""type"":""MultiPoint"",""coordinates"":[]}"
4162,92.41645924932037,2024-05-25,"{""type"":""MultiPoint"",""coordinates"":[]}"
4163,89.90095780551871,2024-05-26,"{""type"":""MultiPoint"",""coordinates"":[]}"
4164,87.68547962654218,2024-05-27,"{""type"":""MultiPoint"",""coordinates"":[]}"
4165,84.5017890625763,2024-05-28,"{""type"":""MultiPoint"",""coordinates"":[]}"
4166,90.92307994764889,2024-05-29,"{""type"":""MultiPoint"",""coordinates"":[]}"
4167,94.08192674071496,2024-05-30,"{""type"":""MultiPoint"",""coordinates"":[]}"
4168,88.67908296703074,2024-05-31,"{""type"":""MultiPoint"",""coordinates"":[]}"
4169,83.50469606056866,2024-06-01,"{""type"":""MultiPoint"",""coordinates"":[]}"
4170,78.83453601643619,2024-06-02,"{""type"":""MultiPoint"",""coordinates"":[]}"
4171,86.92038464290579,2024-06-03,"{""type"":""MultiPoint"",""coordinates"":[]}"
4172,88.89389379550816,2024-06-04,"{""type"":""MultiPoint"",""coordinates"":[]}"
4173,90.83672095945859,2024-06-05,"{""type"":""MultiPoint"",""coordinates"":[]}"
4174,88.26138313762522,2024-06-06,"{""type"":""MultiPoint"",""coordinates"":[]}"
4175,85.74824290351711,2024-06-07,"{""type"":""MultiPoint"",""coordinates"":[]}"
4176,86.86775158234451,2024-06-08,"{""type"":""MultiPoint"",""coordinates"":[]}"
4177,90.751580908792,2024-06-09,"{""type"":""MultiPoint"",""coordinates"":[]}"
4178,89.49351109715799,2024-06-10,"{""type"":""MultiPoint"",""coordinates"":[]}"
4179,93.19793977759667,2024-06-11,"{""type"":""MultiPoint"",""coordinates"":[]}"
4180,87.47886443756182,2024-06-12,"{""type"":""MultiPoint"",""coordinates"":[]}"
4181,85.95367681196164,2024-06-13,"{""type"":""MultiPoint"",""coordinates"":[]}"
4182,86.35433225942052,2024-06-14,"{""type"":""MultiPoint"",""coordinates"":[]}"
4183,90.14948330517448,2024-06-15,"{""type"":""MultiPoint"",""coordinates"":[]}"
4184,93.3506617373538,2024-06-16,"{""type"":""MultiPoint"",""coordinates"":[]}"
4185,87.38296691325364,2024-06-17,"{""type"":""MultiPoint"",""coordinates"":[]}"
4186,87.16168011029076,2024-06-18,"{""type"":""MultiPoint"",""coordinates"":[]}"
4187,90.55903405719835,2024-06-19,"{""type"":""MultiPoint"",""coordinates"":[]}"
4188,90.094849060162,2024-06-20,"{""type"":""MultiPoint"",""coordinates"":[]}"
4189,88.42924738305732,2024-06-21,"{""type"":""MultiPoint"",""coordinates"":[]}"
4190,88.46175678441433,2024-06-22,"{""type"":""MultiPoint"",""coordinates"":[]}"
4191,89.89243424238755,2024-06-23,"{""type"":""MultiPoint"",""coordinates"":[]}"
4192,88.4747907694886,2024-06-24,"{""type"":""MultiPoint"",""coordinates"":[]}"
4193,87.4197591329749,2024-06-25,"{""type"":""MultiPoint"",""coordinates"":[]}"
4194,88.5196075823386,2024-06-26,"{""type"":""MultiPoint"",""coordinates"":[]}"
4195,84.87166790819187,2024-06-27,"{""type"":""MultiPoint"",""coordinates"":[]}"
4196,90.60581465431642,2024-06-28,"{""type"":""MultiPoint"",""coordinates"":[]}"
4197,84.92645141306546,2024-06-29,"{""type"":""MultiPoint"",""coordinates"":[]}"
4198,79.7901291710509,2024-06-30,"{""type"":""MultiPoint"",""coordinates"":[]}"
4199,87.7445707595266,2024-07-01,"{""type"":""MultiPoint"",""coordinates"":[]}"
4200,90.83874317432173,2024-07-02,"{""type"":""MultiPoint"",""coordinates"":[]}"
4201,89.54929139546402,2024-07-03,"{""type"":""MultiPoint"",""coordinates"":[]}"
4202,90.24136116436392,2024-07-04,"{""type"":""MultiPoint"",""coordinates"":[]}"
4203,95.51461070913022,2024-07-05,"{""type"":""MultiPoint"",""coordinates"":[]}"
4204,90.7271374755616,2024-07-06,"{""type"":""MultiPoint"",""coordinates"":[]}"
4205,88.87077963331002,2024-07-07,"{""type"":""MultiPoint"",""coordinates"":[]}"
4206,80.51709456980124,2024-07-08,"{""type"":""MultiPoint"",""coordinates"":[]}"
4207,84.8009220845911,2024-07-09,"{""type"":""MultiPoint"",""coordinates"":[]}"
4208,82.92001173018258,2024-07-10,"{""type"":""MultiPoint"",""coordinates"":[]}"
4209,83.40141641431988,2024-07-11,"{""type"":""MultiPoint"",""coordinates"":[]}"
4210,83.82537152378163,2024-07-12,"{""type"":""MultiPoint"",""coordinates"":[]}"
4211,88.14299364217396,2024-07-13,"{""type"":""MultiPoint"",""coordinates"":[]}"
4212,81.07944333423633,2024-07-14,"{""type"":""MultiPoint"",""coordinates"":[]}"
4213,84.08249369301555,2024-07-15,"{""type"":""MultiPoint"",""coordinates"":[]}"
4214,78.37904023324754,2024-07-16,"{""type"":""MultiPoint"",""coordinates"":[]}"
4215,78.87374337183891,2024-07-17,"{""type"":""MultiPoint"",""coordinates"":[]}"
4216,76.89909106619443,2024-07-18,"{""type"":""MultiPoint"",""coordinates"":[]}"
4217,75.36786114929306,2024-07-19,"{""type"":""MultiPoint"",""coordinates"":[]}"
4218,77.68675786826402,2024-07-20,"{""type"":""MultiPoint"",""coordinates"":[]}"
4219,79.94667299133675,2024-07-21,"{""type"":""MultiPoint"",""coordinates"":[]}"
4220,80.46525902276547,2024-07-22,"{""type"":""MultiPoint"",""coordinates"":[]}"
4221,74.15127234814166,2024-07-23,"{""type"":""MultiPoint"",""coordinates"":[]}"
4222,76.93290002533197,2024-07-24,"{""type"":""MultiPoint"",""coordinates"":[]}"
4223,79.42692539321078,2024-07-25,"{""type"":""MultiPoint"",""coordinates"":[]}"
4224,82.39934688471673,2024-07-26,"{""type"":""MultiPoint"",""coordinates"":[]}"
4225,83.58000714542644,2024-07-27,"{""type"":""MultiPoint"",""coordinates"":[]}"
4226,83.5762191950726,2024-07-28,"{""type"":""MultiPoint"",""coordinates"":[]}"
4227,79.35170419216277,2024-07-29,"{""type"":""MultiPoint"",""coordinates"":[]}"
4228,77.60232915538197,2024-07-30,"{""type"":""MultiPoint"",""coordinates"":[]}"
4229,79.25258873136828,2024-07-31,"{""type"":""MultiPoint"",""coordinates"":[]}"
4230,79.24134550800211,2024-08-01,"{""type"":""MultiPoint"",""coordinates"":[]}"
4231,75.96370664767034,2024-08-02,"{""type"":""MultiPoint"",""coordinates"":[]}"
4232,82.36237964149345,2024-08-03,"{""type"":""MultiPoint"",""coordinates"":[]}"
4233,82.78118467265195,2024-08-04,"{""type"":""MultiPoint"",""coordinates"":[]}"
4234,84.43893762186241,2024-08-05,"{""type"":""MultiPoint"",""coordinates"":[]}"
4235,89.82133462514103,2024-08-06,"{""type"":""MultiPoint"",""coordinates"":[]}"
4236,85.17176232644285,2024-08-07,"{""type"":""MultiPoint"",""coordinates"":[]}"
4237,82.44745471718919,2024-08-08,"{""type"":""MultiPoint"",""coordinates"":[]}"
4238,85.51566168618756,2024-08-09,"{""type"":""MultiPoint"",""coordinates"":[]}"
4239,89.99338314241898,2024-08-10,"{""type"":""MultiPoint"",""coordinates"":[]}"
4240,87.70572624149595,2024-08-11,"{""type"":""MultiPoint"",""coordinates"":[]}"
4241,80.08893994282623,2024-08-12,"{""type"":""MultiPoint"",""coordinates"":[]}"
4242,85.1377997502753,2024-08-13,"{""type"":""MultiPoint"",""coordinates"":[]}"
4243,79.07858629466041,2024-08-14,"{""type"":""MultiPoint"",""coordinates"":[]}"
4244,75.65664913171229,2024-08-15,"{""type"":""MultiPoint"",""coordinates"":[]}"
4245,80.25011754056213,2024-08-16,"{""type"":""MultiPoint"",""coordinates"":[]}"
4246,76.05886741481568,2024-08-17,"{""type"":""MultiPoint"",""coordinates"":[]}"
4247,70.93573840165762,2024-08-18,"{""type"":""MultiPoint"",""coordinates"":[]}"
4248,74.8344961022658,2024-08-19,"{""type"":""MultiPoint"",""coordinates"":[]}"
4249,76.06920254993058,2024-08-20,"{""type"":""MultiPoint"",""coordinates"":[]}"
4250,75.18738288477911,2024-08-21,"{""type"":""MultiPoint"",""coordinates"":[]}"
4251,77.8858479312306,2024-08-22,"{""type"":""MultiPoint"",""coordinates"":[]}"
4252,86.17036935677243,2024-08-23,"{""type"":""MultiPoint"",""coordinates"":[]}"
4253,88.14897940300074,2024-08-24,"{""type"":""MultiPoint"",""coordinates"":[]}"
4254,87.43214904047655,2024-08-25,"{""type"":""MultiPoint"",""coordinates"":[]}"
4255,83.48799102642937,2024-08-26,"{""type"":""MultiPoint"",""coordinates"":[]}"
4256,79.10684673361169,2024-08-27,"{""type"":""MultiPoint"",""coordinates"":[]}"
4257,79.29236252389732,2024-08-28,"{""type"":""MultiPoint"",""coordinates"":[]}"
4258,78.29835215875075,2024-08-29,"{""type"":""MultiPoint"",""coordinates"":[]}"
4259,74.44612625559762,2024-08-30,"{""type"":""MultiPoint"",""coordinates"":[]}"
4260,68.43917478797984,2024-08-31,"{""type"":""MultiPoint"",""coordinates"":[]}"
4261,76.74741135308798,2024-09-01,"{""type"":""MultiPoint"",""coordinates"":[]}"
4262,73.2092665138948,2024-09-02,"{""type"":""MultiPoint"",""coordinates"":[]}"
4263,74.23669944157704,2024-09-03,"{""type"":""MultiPoint"",""coordinates"":[]}"
4264,80.96646012339812,2024-09-04,"{""type"":""MultiPoint"",""coordinates"":[]}"
4265,81.59117330656987,2024-09-05,"{""type"":""MultiPoint"",""coordinates"":[]}"
4266,72.40151464460187,2024-09-06,"{""type"":""MultiPoint"",""coordinates"":[]}"
4267,71.3097743761969,2024-09-07,"{""type"":""MultiPoint"",""coordinates"":[]}"
4268,74.01175947978295,2024-09-08,"{""type"":""MultiPoint"",""coordinates"":[]}"
4269,71.57267937071404,2024-09-09,"{""type"":""MultiPoint"",""coordinates"":[]}"
4270,75.21244062167729,2024-09-10,"{""type"":""MultiPoint"",""coordinates"":[]}"
4271,71.36279969490043,2024-09-11,"{""type"":""MultiPoint"",""coordinates"":[]}"
4272,74.77662836220362,2024-09-12,"{""type"":""MultiPoint"",""coordinates"":[]}"
4273,84.75086307014874,2024-09-13,"{""type"":""MultiPoint"",""coordinates"":[]}"
4274,77.55983659754206,2024-09-14,"{""type"":""MultiPoint"",""coordinates"":[]}"
4275,82.20530120027907,2024-09-15,"{""type"":""MultiPoint"",""coordinates"":[]}"
4276,76.71627023902191,2024-09-16,"{""type"":""MultiPoint"",""coordinates"":[]}"
4277,77.92196956864949,2024-09-17,"{""type"":""MultiPoint"",""coordinates"":[]}"
4278,73.22244580185087,2024-09-18,"{""type"":""MultiPoint"",""coordinates"":[]}"
4279,76.66822133394838,2024-09-19,"{""type"":""MultiPoint"",""coordinates"":[]}"
4280,76.49133920238741,2024-09-20,"{""type"":""MultiPoint"",""coordinates"":[]}"
4281,83.33052196688321,2024-09-21,"{""type"":""MultiPoint"",""coordinates"":[]}"
4282,88.50977046138394,2024-09-22,"{""type"":""MultiPoint"",""coordinates"":[]}"
4283,90.10788378827459,2024-09-23,"{""type"":""MultiPoint"",""coordinates"":[]}"
4284,79.73156586106728,2024-09-24,"{""type"":""MultiPoint"",""coordinates"":[]}"
4285,79.66246344500597,2024-09-25,"{""type"":""MultiPoint"",""coordinates"":[]}"
4286,89.01430666910109,2024-09-26,"{""type"":""MultiPoint"",""coordinates"":[]}"
4287,87.09370328257226,2024-09-27,"{""type"":""MultiPoint"",""coordinates"":[]}"
4288,88.4629541660769,2024-09-28,"{""type"":""MultiPoint"",""coordinates"":[]}"
4289,92.83957126593083,2024-09-29,"{""type"":""MultiPoint"",""coordinates"":[]}"
4290,89.22157425544106,2024-09-30,"{""type"":""MultiPoint"",""coordinates"":[]}"
4291,85.07110985658512,2024-10-01,"{""type"":""MultiPoint"",""coordinates"":[]}"
4292,84.60800367904612,2024-10-02,"{""type"":""MultiPoint"",""coordinates"":[]}"
4293,88.57266931050191,2024-10-03,"{""type"":""MultiPoint"",""coordinates"":[]}"
4294,82.52135080769894,2024-10-04,"{""type"":""MultiPoint"",""coordinates"":[]}"
4295,83.23948018631873,2024-10-05,"{""type"":""MultiPoint"",""coordinates"":[]}"
4296,84.5076624857669,2024-10-06,"{""type"":""MultiPoint"",""coordinates"":[]}"
4297,83.08009417713511,2024-10-07,"{""type"":""MultiPoint"",""coordinates"":[]}"
4298,90.73379596381598,2024-10-08,"{""type"":""MultiPoint"",""coordinates"":[]}"
4299,82.37053871625473,2024-10-09,"{""type"":""MultiPoint"",""coordinates"":[]}"
4300,88.52362006556928,2024-10-10,"{""type"":""MultiPoint"",""coordinates"":[]}"
4301,82.38479077644259,2024-10-11,"{""type"":""MultiPoint"",""coordinates"":[]}"
4302,79.79753084519307,2024-10-12,"{""type"":""MultiPoint"",""coordinates"":[]}"
4303,84.72772349886004,2024-10-13,"{""type"":""MultiPoint"",""coordinates"":[]}"
4304,77.95892695989367,2024-10-14,"{""type"":""MultiPoint"",""coordinates"":[]}"
4305,78.24095364576041,2024-10-15,"{""type"":""MultiPoint"",""coordinates"":[]}"
4306,77.13754405959699,2024-10-16,"{""type"":""MultiPoint"",""coordinates"":[]}"
4307,84.08104565983238,2024-10-17,"{""type"":""MultiPoint"",""coordinates"":[]}"
4308,83.94738295233233,2024-10-18,"{""type"":""MultiPoint"",""coordinates"":[]}"
4309,88.29010481915788,2024-10-19,"{""type"":""MultiPoint"",""coordinates"":[]}"
4310,89.43070319326893,2024-10-20,"{""type"":""MultiPoint"",""coordinates"":[]}"
4311,90.20874527992338,2024-10-21,"{""type"":""MultiPoint"",""coordinates"":[]}"
4312,91.28418535920099,2024-10-22,"{""type"":""MultiPoint"",""coordinates"":[]}"
4313,91.32412056705861,2024-10-23,"{""type"":""MultiPoint"",""coordinates"":[]}"
4314,85.97500681000668,2024-10-24,"{""type"":""MultiPoint"",""coordinates"":[]}"
4315,78.12376161988404,2024-10-25,"{""type"":""MultiPoint"",""coordinates"":[]}"
4316,78.88887528215227,2024-10-26,"{""type"":""MultiPoint"",""coordinates"":[]}"
4317,76.29135556534045,2024-10-27,"{""type"":""MultiPoint"",""coordinates"":[]}"
4318,85.79758086685213,2024-10-28,"{""type"":""MultiPoint"",""coordinates"":[]}"
4319,81.66930170140554,2024-10-29,"{""type"":""MultiPoint"",""coordinates"":[]}"
4320,84.06460388781163,2024-10-30,"{""type"":""MultiPoint"",""coordinates"":[]}"
4321,88.69167324533764,2024-10-31,"{""type"":""MultiPoint"",""coordinates"":[]}"
4322,93.83429895572145,2024-11-01,"{""type"":""MultiPoint"",""coordinates"":[]}"
4323,90.19833569145955,2024-11-02,"{""type"":""MultiPoint"",""coordinates"":[]}"
4324,86.21756256204294,2024-11-03,"{""type"":""MultiPoint"",""coordinates"":[]}"
4325,89.976292561166,2024-11-04,"{""type"":""MultiPoint"",""coordinates"":[]}"
4326,87.72371878937274,2024-11-05,"{""type"":""MultiPoint"",""coordinates"":[]}"
4327,91.69736370734354,2024-11-06,"{""type"":""MultiPoint"",""coordinates"":[]}"
4328,90.5592123953008,2024-11-07,"{""type"":""MultiPoint"",""coordinates"":[]}"
4329,95.54022974048542,2024-11-08,"{""type"":""MultiPoint"",""coordinates"":[]}"
4330,91.85875260320392,2024-11-09,"{""type"":""MultiPoint"",""coordinates"":[]}"
4331,95.90920685933138,2024-11-10,"{""type"":""MultiPoint"",""coordinates"":[]}"
4332,92.33302859661922,2024-11-11,"{""type"":""MultiPoint"",""coordinates"":[]}"
4333,93.48729914358073,2024-11-12,"{""type"":""MultiPoint"",""coordinates"":[]}"
4334,92.28783600521068,2024-11-13,"{""type"":""MultiPoint"",""coordinates"":[]}"
4335,92.49578917959086,2024-11-14,"{""type"":""MultiPoint"",""coordinates"":[]}"
4336,94.02193996503082,2024-11-15,"{""type"":""MultiPoint"",""coordinates"":[]}"
4337,95.04618953126538,2024-11-16,"{""type"":""MultiPoint"",""coordinates"":[]}"
4338,95.6885879450222,2024-11-17,"{""type"":""MultiPoint"",""coordinates"":[]}"
4339,94.2030904205739,2024-11-18,"{""type"":""MultiPoint"",""coordinates"":[]}"
4340,92.33321038773299,2024-11-19,"{""type"":""MultiPoint"",""coordinates"":[]}"
4341,93.13939184957474,2024-11-20,"{""type"":""MultiPoint"",""coordinates"":[]}"
4342,94.46478267929929,2024-11-21,"{""type"":""MultiPoint"",""coordinates"":[]}"
4343,94.60116027685747,2024-11-22,"{""type"":""MultiPoint"",""coordinates"":[]}"
4344,92.16489957282084,2024-11-23,"{""type"":""MultiPoint"",""coordinates"":[]}"
4345,89.0860388733243,2024-11-24,"{""type"":""MultiPoint"",""coordinates"":[]}"
4346,85.73434257009097,2024-11-25,"{""type"":""MultiPoint"",""coordinates"":[]}"
4347,86.06040470275359,2024-11-26,"{""type"":""MultiPoint"",""coordinates"":[]}"
4348,88.91717222037796,2024-11-27,"{""type"":""MultiPoint"",""coordinates"":[]}"
4349,91.00803929020442,2024-11-28,"{""type"":""MultiPoint"",""coordinates"":[]}"
4350,88.31044781031301,2024-11-29,"{""type"":""MultiPoint"",""coordinates"":[]}"
4351,85.36904852342394,2024-11-30,"{""type"":""MultiPoint"",""coordinates"":[]}"
4352,83.6550786954415,2024-12-01,"{""type"":""MultiPoint"",""coordinates"":[]}"
4353,83.19376162060017,2024-12-02,"{""type"":""MultiPoint"",""coordinates"":[]}"
4354,86.05060352323079,2024-12-03,"{""type"":""MultiPoint"",""coordinates"":[]}"
4355,89.32606244740786,2024-12-04,"{""type"":""MultiPoint"",""coordinates"":[]}"
4356,88.62818225653996,2024-12-05,"{""type"":""MultiPoint"",""coordinates"":[]}"
4357,90.74911769696256,2024-12-06,"{""type"":""MultiPoint"",""coordinates"":[]}"
4358,88.85320634337303,2024-12-07,"{""type"":""MultiPoint"",""coordinates"":[]}"
4359,80.9519253464173,2024-12-08,"{""type"":""MultiPoint"",""coordinates"":[]}"
4360,80.62762989255056,2024-12-09,"{""type"":""MultiPoint"",""coordinates"":[]}"
4361,78.30250380374503,2024-12-10,"{""type"":""MultiPoint"",""coordinates"":[]}"
4362,78.05079544502385,2024-12-11,"{""type"":""MultiPoint"",""coordinates"":[]}"
4363,79.87039284869299,2024-12-12,"{""type"":""MultiPoint"",""coordinates"":[]}"
4364,82.70121119347303,2024-12-13,"{""type"":""MultiPoint"",""coordinates"":[]}"
4365,82.42996899816046,2024-12-14,"{""type"":""MultiPoint"",""coordinates"":[]}"
4366,79.25819800413929,2024-12-15,"{""type"":""MultiPoint"",""coordinates"":[]}"
4367,85.2784394402049,2024-12-16,"{""type"":""MultiPoint"",""coordinates"":[]}"
4368,81.90024926225297,2024-12-17,"{""type"":""MultiPoint"",""coordinates"":[]}"
4369,87.17740212022545,2024-12-18,"{""type"":""MultiPoint"",""coordinates"":[]}"
4370,85.67275929557157,2024-12-19,"{""type"":""MultiPoint"",""coordinates"":[]}"
4371,80.61105767015376,2024-12-20,"{""type"":""MultiPoint"",""coordinates"":[]}"
4372,87.24486613828479,2024-12-21,"{""type"":""MultiPoint"",""coordinates"":[]}"
4373,86.50451530370982,2024-12-22,"{""type"":""MultiPoint"",""coordinates"":[]}"
4374,85.75451403827218,2024-12-23,"{""type"":""MultiPoint"",""coordinates"":[]}"
4375,84.62546235479338,2024-12-24,"{""type"":""MultiPoint"",""coordinates"":[]}"
4376,85.52828421447241,2024-12-25,"{""type"":""MultiPoint"",""coordinates"":[]}"
4377,91.16152844498879,2024-12-26,"{""type"":""MultiPoint"",""coordinates"":[]}"
4378,92.65600356988085,2024-12-27,"{""type"":""MultiPoint"",""coordinates"":[]}"
4379,93.43071843346449,2024-12-28,"{""type"":""MultiPoint"",""coordinates"":[]}"
4380,90.23604926145838,2024-12-29,"{""type"":""MultiPoint"",""coordinates"":[]}"
4381,92.60449598967114,2024-12-30,"{""type"":""MultiPoint"",""coordinates"":[]}"
4382,88.55979002722496,2024-12-31,"{""type"":""MultiPoint"",""coordinates"":[]}"
4383,87.53786652297053,2025-01-01,"{""type"":""MultiPoint"",""coordinates"":[]}"
4384,87.17454743343023,2025-01-02,"{""type"":""MultiPoint"",""coordinates"":[]}"
4385,94.78346369142844,2025-01-03,"{""type"":""MultiPoint"",""coordinates"":[]}"
4386,93.36965817387562,2025-01-04,"{""type"":""MultiPoint"",""coordinates"":[]}"
4387,93.30245286996883,2025-01-05,"{""type"":""MultiPoint"",""coordinates"":[]}"
4388,89.15934527829266,2025-01-06,"{""type"":""MultiPoint"",""coordinates"":[]}"
4389,84.98109207810232,2025-01-07,"{""type"":""MultiPoint"",""coordinates"":[]}"
4390,85.86823978506521,2025-01-08,"{""type"":""MultiPoint"",""coordinates"":[]}"
4391,88.83367801808214,2025-01-09,"{""type"":""MultiPoint"",""coordinates"":[]}"
4392,89.80827831749853,2025-01-10,"{""type"":""MultiPoint"",""coordinates"":[]}"
4393,84.00001611993277,2025-01-11,"{""type"":""MultiPoint"",""coordinates"":[]}"
4394,82.01702735515961,2025-01-12,"{""type"":""MultiPoint"",""coordinates"":[]}"
4395,77.13210797104848,2025-01-13,"{""type"":""MultiPoint"",""coordinates"":[]}"
4396,79.43560050434418,2025-01-14,"{""type"":""MultiPoint"",""coordinates"":[]}"
4397,79.03458616054365,2025-01-15,"{""type"":""MultiPoint"",""coordinates"":[]}"
4398,81.49180662361765,2025-01-16,"{""type"":""MultiPoint"",""coordinates"":[]}"
4399,81.99042484202971,2025-01-17,"{""type"":""MultiPoint"",""coordinates"":[]}"
4400,80.86600158218103,2025-01-18,"{""type"":""MultiPoint"",""coordinates"":[]}"
4401,75.59318243968771,2025-01-19,"{""type"":""MultiPoint"",""coordinates"":[]}"
4402,77.36807865398755,2025-01-20,"{""type"":""MultiPoint"",""coordinates"":[]}"
4403,77.84341408567406,2025-01-21,"{""type"":""MultiPoint"",""coordinates"":[]}"
4404,65.0402189240067,2025-01-22,"{""type"":""MultiPoint"",""coordinates"":[]}"
4405,66.84868399804205,2025-01-23,"{""type"":""MultiPoint"",""coordinates"":[]}"
4406,69.88158175200037,2025-01-24,"{""type"":""MultiPoint"",""coordinates"":[]}"
4407,73.78664256562033,2025-01-25,"{""type"":""MultiPoint"",""coordinates"":[]}"
4408,85.40341157154268,2025-01-26,"{""type"":""MultiPoint"",""coordinates"":[]}"
4409,84.89401106085005,2025-01-27,"{""type"":""MultiPoint"",""coordinates"":[]}"
4410,82.21993679679495,2025-01-28,"{""type"":""MultiPoint"",""coordinates"":[]}"
4411,81.53673623248862,2025-01-29,"{""type"":""MultiPoint"",""coordinates"":[]}"
4412,79.28574327630974,2025-01-30,"{""type"":""MultiPoint"",""coordinates"":[]}"
4413,85.27975811034536,2025-01-31,"{""type"":""MultiPoint"",""coordinates"":[]}"
4414,83.03798396376405,2025-02-01,"{""type"":""MultiPoint"",""coordinates"":[]}"
4415,88.22860277206293,2025-02-02,"{""type"":""MultiPoint"",""coordinates"":[]}"
4416,80.57982935945834,2025-02-03,"{""type"":""MultiPoint"",""coordinates"":[]}"
4417,80.02155199884552,2025-02-04,"{""type"":""MultiPoint"",""coordinates"":[]}"
4418,87.93697678621139,2025-02-05,"{""type"":""MultiPoint"",""coordinates"":[]}"
4419,82.30596396738964,2025-02-06,"{""type"":""MultiPoint"",""coordinates"":[]}"
4420,79.4470540745907,2025-02-07,"{""type"":""MultiPoint"",""coordinates"":[]}"
4421,88.51503149879584,2025-02-08,"{""type"":""MultiPoint"",""coordinates"":[]}"
4422,86.16870405229498,2025-02-09,"{""type"":""MultiPoint"",""coordinates"":[]}"
4423,90.03126954838113,2025-02-10,"{""type"":""MultiPoint"",""coordinates"":[]}"
4424,83.2440005075396,2025-02-11,"{""type"":""MultiPoint"",""coordinates"":[]}"
4425,82.29418240371905,2025-02-12,"{""type"":""MultiPoint"",""coordinates"":[]}"
4426,89.37774154159598,2025-02-13,"{""type"":""MultiPoint"",""coordinates"":[]}"
4427,88.3729211167228,2025-02-14,"{""type"":""MultiPoint"",""coordinates"":[]}"
4428,87.26168682324624,2025-02-15,"{""type"":""MultiPoint"",""coordinates"":[]}"
4429,87.8569896927466,2025-02-16,"{""type"":""MultiPoint"",""coordinates"":[]}"
4430,84.02539500481983,2025-02-17,"{""type"":""MultiPoint"",""coordinates"":[]}"
4431,91.16870048879697,2025-02-18,"{""type"":""MultiPoint"",""coordinates"":[]}"
4432,79.97084563696843,2025-02-19,"{""type"":""MultiPoint"",""coordinates"":[]}"
4433,81.06488597176688,2025-02-20,"{""type"":""MultiPoint"",""coordinates"":[]}"
4434,86.94553734729125,2025-02-21,"{""type"":""MultiPoint"",""coordinates"":[]}"
4435,87.06098507142256,2025-02-22,"{""type"":""MultiPoint"",""coordinates"":[]}"
4436,88.02194357596693,2025-02-23,"{""type"":""MultiPoint"",""coordinates"":[]}"
4437,86.14056608272155,2025-02-24,"{""type"":""MultiPoint"",""coordinates"":[]}"
4438,93.683439002304,2025-02-25,"{""type"":""MultiPoint"",""coordinates"":[]}"
4439,87.1015943505155,2025-02-26,"{""type"":""MultiPoint"",""coordinates"":[]}"
4440,90.98028614240546,2025-02-27,"{""type"":""MultiPoint"",""coordinates"":[]}"
4441,82.14354036433227,2025-02-28,"{""type"":""MultiPoint"",""coordinates"":[]}"
4442,88.39466458241536,2025-03-01,"{""type"":""MultiPoint"",""coordinates"":[]}"
4443,88.33262193665963,2025-03-02,"{""type"":""MultiPoint"",""coordinates"":[]}"
4444,92.22543276412769,2025-03-03,"{""type"":""MultiPoint"",""coordinates"":[]}"
4445,90.63837540634741,2025-03-04,"{""type"":""MultiPoint"",""coordinates"":[]}"
4446,90.50995408061384,2025-03-05,"{""type"":""MultiPoint"",""coordinates"":[]}"
4447,94.47382599298432,2025-03-06,"{""type"":""MultiPoint"",""coordinates"":[]}"
4448,88.72063084723526,2025-03-07,"{""type"":""MultiPoint"",""coordinates"":[]}"
4449,84.45238352873889,2025-03-08,"{""type"":""MultiPoint"",""coordinates"":[]}"
4450,79.85751946846908,2025-03-09,"{""type"":""MultiPoint"",""coordinates"":[]}"
4451,86.0991415870689,2025-03-10,"{""type"":""MultiPoint"",""coordinates"":[]}"
4452,86.64550027560149,2025-03-11,"{""type"":""MultiPoint"",""coordinates"":[]}"
4453,90.8063285899071,2025-03-12,"{""type"":""MultiPoint"",""coordinates"":[]}"
4454,83.00769802855476,2025-03-13,"{""type"":""MultiPoint"",""coordinates"":[]}"
4455,88.81184300001375,2025-03-14,"{""type"":""MultiPoint"",""coordinates"":[]}"
4456,87.91776293106751,2025-03-15,"{""type"":""MultiPoint"",""coordinates"":[]}"
4457,83.13630484488498,2025-03-16,"{""type"":""MultiPoint"",""coordinates"":[]}"
4458,91.96929665799645,2025-03-17,"{""type"":""MultiPoint"",""coordinates"":[]}"
4459,88.67208118708082,2025-03-18,"{""type"":""MultiPoint"",""coordinates"":[]}"
4460,88.65213763887152,2025-03-19,"{""type"":""MultiPoint"",""coordinates"":[]}"
4461,90.67503804872779,2025-03-20,"{""type"":""MultiPoint"",""coordinates"":[]}"
4462,90.16841554098379,2025-03-21,"{""type"":""MultiPoint"",""coordinates"":[]}"
4463,87.69207516731136,2025-03-22,"{""type"":""MultiPoint"",""coordinates"":[]}"
4464,81.48943117898715,2025-03-23,"{""type"":""MultiPoint"",""coordinates"":[]}"
4465,78.8628511240839,2025-03-24,"{""type"":""MultiPoint"",""coordinates"":[]}"
4466,78.54278823695817,2025-03-25,"{""type"":""MultiPoint"",""coordinates"":[]}"
4467,85.00944257163609,2025-03-26,"{""type"":""MultiPoint"",""coordinates"":[]}"
4468,86.11455815858092,2025-03-27,"{""type"":""MultiPoint"",""coordinates"":[]}"
4469,89.09173975165665,2025-03-28,"{""type"":""MultiPoint"",""coordinates"":[]}"
4470,85.99577822203422,2025-03-29,"{""type"":""MultiPoint"",""coordinates"":[]}"
4471,89.87350959251842,2025-03-30,"{""type"":""MultiPoint"",""coordinates"":[]}"
4472,92.8831692534796,2025-03-31,"{""type"":""MultiPoint"",""coordinates"":[]}"
4473,85.87966121886076,2025-04-01,"{""type"":""MultiPoint"",""coordinates"":[]}"
4474,88.88724637594726,2025-04-02,"{""type"":""MultiPoint"",""coordinates"":[]}"
4475,91.5542981399753,2025-04-03,"{""type"":""MultiPoint"",""coordinates"":[]}"
4476,93.91833438920331,2025-04-04,"{""type"":""MultiPoint"",""coordinates"":[]}"
4477,91.9166852153616,2025-04-05,"{""type"":""MultiPoint"",""coordinates"":[]}"
4478,90.53272401851257,2025-04-06,"{""type"":""MultiPoint"",""coordinates"":[]}"
4479,83.82828531084623,2025-04-07,"{""type"":""MultiPoint"",""coordinates"":[]}"
4480,89.9705898028816,2025-04-08,"{""type"":""MultiPoint"",""coordinates"":[]}"
4481,87.63238172981431,2025-04-09,"{""type"":""MultiPoint"",""coordinates"":[]}"
4482,95.22985139558904,2025-04-10,"{""type"":""MultiPoint"",""coordinates"":[]}"
4483,91.75527611500665,2025-04-11,"{""type"":""MultiPoint"",""coordinates"":[]}"
4484,84.61766428379836,2025-04-12,"{""type"":""MultiPoint"",""coordinates"":[]}"
4485,78.7861535558864,2025-04-13,"{""type"":""MultiPoint"",""coordinates"":[]}"
4486,82.53336098037589,2025-04-14,"{""type"":""MultiPoint"",""coordinates"":[]}"
4487,84.42119467789685,2025-04-15,"{""type"":""MultiPoint"",""coordinates"":[]}"
4488,78.71750920111636,2025-04-16,"{""type"":""MultiPoint"",""coordinates"":[]}"
4489,82.03687493769624,2025-04-17,"{""type"":""MultiPoint"",""coordinates"":[]}"
4490,86.35199665009083,2025-04-18,"{""type"":""MultiPoint"",""coordinates"":[]}"
4491,87.27024668065253,2025-04-19,"{""type"":""MultiPoint"",""coordinates"":[]}"
4492,90.78765279475182,2025-04-20,"{""type"":""MultiPoint"",""coordinates"":[]}"
4493,89.46505923104063,2025-04-21,"{""type"":""MultiPoint"",""coordinates"":[]}"
4494,85.22189394407998,2025-04-22,"{""type"":""MultiPoint"",""coordinates"":[]}"
4495,89.67137357847002,2025-04-23,"{""type"":""MultiPoint"",""coordinates"":[]}"
4496,92.36809114520939,2025-04-24,"{""type"":""MultiPoint"",""coordinates"":[]}"
4497,85.63567900939326,2025-04-25,"{""type"":""MultiPoint"",""coordinates"":[]}"
4498,93.0053319597014,2025-04-26,"{""type"":""MultiPoint"",""coordinates"":[]}"
4499,88.12401223091915,2025-04-27,"{""type"":""MultiPoint"",""coordinates"":[]}"
4500,92.66962316829881,2025-04-28,"{""type"":""MultiPoint"",""coordinates"":[]}"
4501,90.11975311322952,2025-04-29,"{""type"":""MultiPoint"",""coordinates"":[]}"
4502,92.05795147486795,2025-04-30,"{""type"":""MultiPoint"",""coordinates"":[]}"
4503,89.8936723932195,2025-05-01,"{""type"":""MultiPoint"",""coordinates"":[]}"
4504,90.46190863455048,2025-05-02,"{""type"":""MultiPoint"",""coordinates"":[]}"
4505,95.74821914948033,2025-05-03,"{""type"":""MultiPoint"",""coordinates"":[]}"
4506,94.207683010187,2025-05-04,"{""type"":""MultiPoint"",""coordinates"":[]}"
4507,96.19793055468962,2025-05-05,"{""type"":""MultiPoint"",""coordinates"":[]}"
4508,93.66077639631972,2025-05-06,"{""type"":""MultiPoint"",""coordinates"":[]}"
4509,94.99610159996065,2025-05-07,"{""type"":""MultiPoint"",""coordinates"":[]}"
4510,92.81643233247985,2025-05-08,"{""type"":""MultiPoint"",""coordinates"":[]}"
4511,90.07458649951433,2025-05-09,"{""type"":""MultiPoint"",""coordinates"":[]}"
4512,85.56694711969955,2025-05-10,"{""type"":""MultiPoint"",""coordinates"":[]}"
4513,82.08976179508002,2025-05-11,"{""type"":""MultiPoint"",""coordinates"":[]}"
4514,85.2836753710943,2025-05-12,"{""type"":""MultiPoint"",""coordinates"":[]}"
4515,88.39773128747355,2025-05-13,"{""type"":""MultiPoint"",""coordinates"":[]}"
4516,89.88174029690464,2025-05-14,"{""type"":""MultiPoint"",""coordinates"":[]}"
4517,95.35879505583874,2025-05-15,"{""type"":""MultiPoint"",""coordinates"":[]}"
4518,91.1228225766922,2025-05-16,"{""type"":""MultiPoint"",""coordinates"":[]}"
4519,92.2706769378409,2025-05-17,"{""type"":""MultiPoint"",""coordinates"":[]}"
4520,88.04106088645783,2025-05-18,"{""type"":""MultiPoint"",""coordinates"":[]}"
4521,92.50120992837178,2025-05-19,"{""type"":""MultiPoint"",""coordinates"":[]}"
4522,92.33433065357802,2025-05-20,"{""type"":""MultiPoint"",""coordinates"":[]}"
4523,92.59872040857567,2025-05-21,"{""type"":""MultiPoint"",""coordinates"":[]}"
4524,92.37853019127361,2025-05-22,"{""type"":""MultiPoint"",""coordinates"":[]}"
4525,85.64742027027187,2025-05-23,"{""type"":""MultiPoint"",""coordinates"":[]}"
4526,86.71619138574327,2025-05-24,"{""type"":""MultiPoint"",""coordinates"":[]}"
4527,84.91962553734842,2025-05-25,"{""type"":""MultiPoint"",""coordinates"":[]}"
4528,91.60902902705358,2025-05-26,"{""type"":""MultiPoint"",""coordinates"":[]}"
4529,91.79069242473749,2025-05-27,"{""type"":""MultiPoint"",""coordinates"":[]}"
4530,91.67782098910726,2025-05-28,"{""type"":""MultiPoint"",""coordinates"":[]}"
4531,84.68295871304345,2025-05-29,"{""type"":""MultiPoint"",""coordinates"":[]}"
4532,89.62176356287358,2025-05-30,"{""type"":""MultiPoint"",""coordinates"":[]}"
4533,90.39509331661264,2025-05-31,"{""type"":""MultiPoint"",""coordinates"":[]}"
4534,93.94673933620221,2025-06-01,"{""type"":""MultiPoint"",""coordinates"":[]}"
4535,91.27994039959431,2025-06-02,"{""type"":""MultiPoint"",""coordinates"":[]}"
4536,88.90921785151464,2025-06-03,"{""type"":""MultiPoint"",""coordinates"":[]}"
4537,88.49612378876158,2025-06-04,"{""type"":""MultiPoint"",""coordinates"":[]}"
4538,91.73099168458425,2025-06-05,"{""type"":""MultiPoint"",""coordinates"":[]}"
4539,92.68523594419571,2025-06-06,"{""type"":""MultiPoint"",""coordinates"":[]}"
4540,82.31102964904389,2025-06-07,"{""type"":""MultiPoint"",""coordinates"":[]}"
4541,79.23160335754444,2025-06-08,"{""type"":""MultiPoint"",""coordinates"":[]}"
4542,90.13782397912325,2025-06-09,"{""type"":""MultiPoint"",""coordinates"":[]}"
4543,93.73465526144717,2025-06-10,"{""type"":""MultiPoint"",""coordinates"":[]}"
4544,91.61984736893199,2025-06-11,"{""type"":""MultiPoint"",""coordinates"":[]}"
4545,91.47937111170148,2025-06-12,"{""type"":""MultiPoint"",""coordinates"":[]}"
4546,93.6936954873709,2025-06-13,"{""type"":""MultiPoint"",""coordinates"":[]}"
4547,93.71407121414894,2025-06-14,"{""type"":""MultiPoint"",""coordinates"":[]}"
4548,87.2300840831753,2025-06-15,"{""type"":""MultiPoint"",""coordinates"":[]}"
4549,89.03099395288568,2025-06-16,"{""type"":""MultiPoint"",""coordinates"":[]}"
4550,90.38349052770626,2025-06-17,"{""type"":""MultiPoint"",""coordinates"":[]}"
4551,87.82613930961897,2025-06-18,"{""type"":""MultiPoint"",""coordinates"":[]}"
4552,80.63412428445095,2025-06-19,"{""type"":""MultiPoint"",""coordinates"":[]}"
4553,87.11729815306525,2025-06-20,"{""type"":""MultiPoint"",""coordinates"":[]}"
4554,86.95133627704887,2025-06-21,"{""type"":""MultiPoint"",""coordinates"":[]}"
4555,92.41734618402451,2025-06-22,"{""type"":""MultiPoint"",""coordinates"":[]}"
4556,87.26693680031947,2025-06-23,"{""type"":""MultiPoint"",""coordinates"":[]}"
4557,93.99549991771164,2025-06-24,"{""type"":""MultiPoint"",""coordinates"":[]}"
4558,89.76833171646298,2025-06-25,"{""type"":""MultiPoint"",""coordinates"":[]}"
4559,84.13843130150804,2025-06-26,"{""type"":""MultiPoint"",""coordinates"":[]}"
4560,85.86592033366952,2025-06-27,"{""type"":""MultiPoint"",""coordinates"":[]}"
4561,86.69867251482803,2025-06-28,"{""type"":""MultiPoint"",""coordinates"":[]}"
4562,85.43359002823989,2025-06-29,"{""type"":""MultiPoint"",""coordinates"":[]}"
4563,86.41158064875724,2025-06-30,"{""type"":""MultiPoint"",""coordinates"":[]}"
4564,86.60005696392216,2025-07-01,"{""type"":""MultiPoint"",""coordinates"":[]}"
4565,83.90898785418663,2025-07-02,"{""type"":""MultiPoint"",""coordinates"":[]}"
4566,87.73954271991268,2025-07-03,"{""type"":""MultiPoint"",""coordinates"":[]}"
4567,83.55375321678268,2025-07-04,"{""type"":""MultiPoint"",""coordinates"":[]}"
4568,84.13626299245436,2025-07-05,"{""type"":""MultiPoint"",""coordinates"":[]}"
4569,86.54372658614496,2025-07-06,"{""type"":""MultiPoint"",""coordinates"":[]}"
4570,81.26296095651215,2025-07-07,"{""type"":""MultiPoint"",""coordinates"":[]}"
4571,80.63322697488836,2025-07-08,"{""type"":""MultiPoint"",""coordinates"":[]}"
4572,85.47268404920341,2025-07-09,"{""type"":""MultiPoint"",""coordinates"":[]}"
4573,86.55753629006357,2025-07-10,"{""type"":""MultiPoint"",""coordinates"":[]}"
4574,91.09069849222196,2025-07-11,"{""type"":""MultiPoint"",""coordinates"":[]}"
4575,88.1984201959906,2025-07-12,"{""type"":""MultiPoint"",""coordinates"":[]}"
4576,86.97983118762407,2025-07-13,"{""type"":""MultiPoint"",""coordinates"":[]}"
4577,86.11158115618535,2025-07-14,"{""type"":""MultiPoint"",""coordinates"":[]}"
4578,76.05360953524168,2025-07-15,"{""type"":""MultiPoint"",""coordinates"":[]}"
4579,73.98281789141976,2025-07-16,"{""type"":""MultiPoint"",""coordinates"":[]}"
4580,79.70581290040822,2025-07-17,"{""type"":""MultiPoint"",""coordinates"":[]}"
4581,82.30093137994994,2025-07-18,"{""type"":""MultiPoint"",""coordinates"":[]}"
4582,83.09342538892889,2025-07-19,"{""type"":""MultiPoint"",""coordinates"":[]}"
4583,78.92085962172068,2025-07-20,"{""type"":""MultiPoint"",""coordinates"":[]}"
4584,81.68874351904937,2025-07-21,"{""type"":""MultiPoint"",""coordinates"":[]}"
4585,79.79074673478549,2025-07-22,"{""type"":""MultiPoint"",""coordinates"":[]}"
4586,83.15517371019043,2025-07-23,"{""type"":""MultiPoint"",""coordinates"":[]}"
4587,80.81353640036832,2025-07-24,"{""type"":""MultiPoint"",""coordinates"":[]}"
4588,82.69155161443436,2025-07-25,"{""type"":""MultiPoint"",""coordinates"":[]}"
4589,85.90411043544795,2025-07-26,"{""type"":""MultiPoint"",""coordinates"":[]}"
4590,87.13790577271584,2025-07-27,"{""type"":""MultiPoint"",""coordinates"":[]}"
4591,88.86558812790214,2025-07-28,"{""type"":""MultiPoint"",""coordinates"":[]}"
4592,86.0537905536266,2025-07-29,"{""type"":""MultiPoint"",""coordinates"":[]}"
4593,87.11846913524681,2025-07-30,"{""type"":""MultiPoint"",""coordinates"":[]}"
4594,78.46397169006705,2025-07-31,"{""type"":""MultiPoint"",""coordinates"":[]}"
4595,80.07749886825424,2025-08-01,"{""type"":""MultiPoint"",""coordinates"":[]}"
4596,82.89899828249015,2025-08-02,"{""type"":""MultiPoint"",""coordinates"":[]}"
4597,87.67506168507265,2025-08-03,"{""type"":""MultiPoint"",""coordinates"":[]}"
4598,85.7113956884949,2025-08-04,"{""type"":""MultiPoint"",""coordinates"":[]}"
4599,83.5274194821299,2025-08-05,"{""type"":""MultiPoint"",""coordinates"":[]}"
4600,75.98575823721801,2025-08-06,"{""type"":""MultiPoint"",""coordinates"":[]}"
4601,81.39579719616049,2025-08-07,"{""type"":""MultiPoint"",""coordinates"":[]}"
4602,86.15207509371116,2025-08-08,"{""type"":""MultiPoint"",""coordinates"":[]}"
4603,91.5868770915843,2025-08-09,"{""type"":""MultiPoint"",""coordinates"":[]}"
4604,87.04698275383187,2025-08-10,"{""type"":""MultiPoint"",""coordinates"":[]}"
4605,86.97959601837289,2025-08-11,"{""type"":""MultiPoint"",""coordinates"":[]}"
4606,82.50955266760292,2025-08-12,"{""type"":""MultiPoint"",""coordinates"":[]}"
4607,82.72931687811655,2025-08-13,"{""type"":""MultiPoint"",""coordinates"":[]}"
4608,85.19593297289198,2025-08-14,"{""type"":""MultiPoint"",""coordinates"":[]}"
4609,91.29017494504586,2025-08-15,"{""type"":""MultiPoint"",""coordinates"":[]}"
4610,90.05393230176026,2025-08-16,"{""type"":""MultiPoint"",""coordinates"":[]}"
4611,90.62530466036247,2025-08-17,"{""type"":""MultiPoint"",""coordinates"":[]}"
4612,87.7196903632891,2025-08-18,"{""type"":""MultiPoint"",""coordinates"":[]}"
4613,87.7329700388198,2025-08-19,"{""type"":""MultiPoint"",""coordinates"":[]}"
4614,83.77314516678372,2025-08-20,"{""type"":""MultiPoint"",""coordinates"":[]}"
4615,87.41352241592277,2025-08-21,"{""type"":""MultiPoint"",""coordinates"":[]}"
4616,85.23711836517606,2025-08-22,"{""type"":""MultiPoint"",""coordinates"":[]}"
4617,88.41563544235913,2025-08-23,"{""type"":""MultiPoint"",""coordinates"":[]}"
4618,80.20510574911971,2025-08-24,"{""type"":""MultiPoint"",""coordinates"":[]}"
4619,83.96717920137513,2025-08-25,"{""type"":""MultiPoint"",""coordinates"":[]}"
4620,77.75904625522502,2025-08-26,"{""type"":""MultiPoint"",""coordinates"":[]}"
4621,81.09639058910803,2025-08-27,"{""type"":""MultiPoint"",""coordinates"":[]}"
4622,80.45854513862373,2025-08-28,"{""type"":""MultiPoint"",""coordinates"":[]}"
4623,74.45560770935816,2025-08-29,"{""type"":""MultiPoint"",""coordinates"":[]}"
4624,77.85543464475694,2025-08-30,"{""type"":""MultiPoint"",""coordinates"":[]}"
4625,80.91452735506786,2025-08-31,"{""type"":""MultiPoint"",""coordinates"":[]}"
4626,83.71595292542482,2025-09-01,"{""type"":""MultiPoint"",""coordinates"":[]}"
4627,88.0703020937886,2025-09-02,"{""type"":""MultiPoint"",""coordinates"":[]}"
4628,85.72307897899803,2025-09-03,"{""type"":""MultiPoint"",""coordinates"":[]}"
4629,86.84747690222817,2025-09-04,"{""type"":""MultiPoint"",""coordinates"":[]}"
4630,91.20385643179588,2025-09-05,"{""type"":""MultiPoint"",""coordinates"":[]}"
4631,87.6629864118409,2025-09-06,"{""type"":""MultiPoint"",""coordinates"":[]}"
4632,89.10730133762917,2025-09-07,"{""type"":""MultiPoint"",""coordinates"":[]}"
4633,86.23285618232967,2025-09-08,"{""type"":""MultiPoint"",""coordinates"":[]}"
4634,81.95493616298654,2025-09-09,"{""type"":""MultiPoint"",""coordinates"":[]}"
4635,81.27138893557255,2025-09-10,"{""type"":""MultiPoint"",""coordinates"":[]}"
4636,82.47793442358027,2025-09-11,"{""type"":""MultiPoint"",""coordinates"":[]}"
4637,78.43992962426344,2025-09-12,"{""type"":""MultiPoint"",""coordinates"":[]}"
4638,79.0562114427771,2025-09-13,"{""type"":""MultiPoint"",""coordinates"":[]}"
4639,76.73348475561204,2025-09-14,"{""type"":""MultiPoint"",""coordinates"":[]}"
4640,80.12537554353793,2025-09-15,"{""type"":""MultiPoint"",""coordinates"":[]}"
4641,81.13505061404508,2025-09-16,"{""type"":""MultiPoint"",""coordinates"":[]}"
4642,82.2730402881814,2025-09-17,"{""type"":""MultiPoint"",""coordinates"":[]}"
4643,90.0111172034089,2025-09-18,"{""type"":""MultiPoint"",""coordinates"":[]}"
4644,89.80539054915495,2025-09-19,"{""type"":""MultiPoint"",""coordinates"":[]}"
4645,91.07974145324305,2025-09-20,"{""type"":""MultiPoint"",""coordinates"":[]}"
4646,83.2581978611585,2025-09-21,"{""type"":""MultiPoint"",""coordinates"":[]}"
4647,87.61471984686692,2025-09-22,"{""type"":""MultiPoint"",""coordinates"":[]}"
4648,88.85457069402084,2025-09-23,"{""type"":""MultiPoint"",""coordinates"":[]}"
4649,83.43638552548697,2025-09-24,"{""type"":""MultiPoint"",""coordinates"":[]}"
4650,81.43261237119947,2025-09-25,"{""type"":""MultiPoint"",""coordinates"":[]}"
4651,83.71962944673037,2025-09-26,"{""type"":""MultiPoint"",""coordinates"":[]}"
4652,87.95701375126144,2025-09-27,"{""type"":""MultiPoint"",""coordinates"":[]}"
4653,83.65023881010175,2025-09-28,"{""type"":""MultiPoint"",""coordinates"":[]}"
4654,91.35440677717803,2025-09-29,"{""type"":""MultiPoint"",""coordinates"":[]}"
4655,93.11833054973509,2025-09-30,"{""type"":""MultiPoint"",""coordinates"":[]}"
4656,90.30911815071143,2025-10-01,"{""type"":""MultiPoint"",""coordinates"":[]}"
4657,89.1068837073546,2025-10-02,"{""type"":""MultiPoint"",""coordinates"":[]}"
4658,86.8987620517338,2025-10-03,"{""type"":""MultiPoint"",""coordinates"":[]}"
4659,87.13855651444733,2025-10-04,"{""type"":""MultiPoint"",""coordinates"":[]}"
4660,85.23759989298053,2025-10-05,"{""type"":""MultiPoint"",""coordinates"":[]}"
4661,90.8490673752738,2025-10-06,"{""type"":""MultiPoint"",""coordinates"":[]}"
4662,88.9043431731388,2025-10-07,"{""type"":""MultiPoint"",""coordinates"":[]}"
4663,91.86059385020017,2025-10-08,"{""type"":""MultiPoint"",""coordinates"":[]}"
4664,89.08985262652294,2025-10-09,"{""type"":""MultiPoint"",""coordinates"":[]}"
4665,94.82850368709755,2025-10-10,"{""type"":""MultiPoint"",""coordinates"":[]}"
4666,90.63114298983027,2025-10-11,"{""type"":""MultiPoint"",""coordinates"":[]}"
4667,94.99893319949955,2025-10-12,"{""type"":""MultiPoint"",""coordinates"":[]}"
4668,88.17672209870223,2025-10-13,"{""type"":""MultiPoint"",""coordinates"":[]}"
4669,88.04151892290854,2025-10-14,"{""type"":""MultiPoint"",""coordinates"":[]}"
4670,86.31479865665186,2025-10-15,"{""type"":""MultiPoint"",""coordinates"":[]}"
4671,91.18296431872336,2025-10-16,"{""type"":""MultiPoint"",""coordinates"":[]}"
4672,89.42909091595529,2025-10-17,"{""type"":""MultiPoint"",""coordinates"":[]}"
4673,90.79387830196625,2025-10-18,"{""type"":""MultiPoint"",""coordinates"":[]}"
4674,88.02787489473815,2025-10-19,"{""type"":""MultiPoint"",""coordinates"":[]}"
4675,90.11513148323424,2025-10-20,"{""type"":""MultiPoint"",""coordinates"":[]}"
4676,88.53134601006546,2025-10-21,"{""type"":""MultiPoint"",""coordinates"":[]}"
4677,90.71386097401961,2025-10-22,"{""type"":""MultiPoint"",""coordinates"":[]}"
4678,91.94004753152075,2025-10-23,"{""type"":""MultiPoint"",""coordinates"":[]}"
4679,91.77909327740252,2025-10-24,"{""type"":""MultiPoint"",""coordinates"":[]}"
4680,89.93459179467096,2025-10-25,"{""type"":""MultiPoint"",""coordinates"":[]}"
4681,90.64471997988592,2025-10-26,"{""type"":""MultiPoint"",""coordinates"":[]}"
4682,93.2572701947097,2025-10-27,"{""type"":""MultiPoint"",""coordinates"":[]}"
4683,89.99036648012265,2025-10-28,"{""type"":""MultiPoint"",""coordinates"":[]}"
4684,90.51916006471282,2025-10-29,"{""type"":""MultiPoint"",""coordinates"":[]}"
4685,91.86641866968687,2025-10-30,"{""type"":""MultiPoint"",""coordinates"":[]}"
4686,90.1392167525792,2025-10-31,"{""type"":""MultiPoint"",""coordinates"":[]}"
4687,89.03530647693684,2025-11-01,"{""type"":""MultiPoint"",""coordinates"":[]}"
4688,88.66111048056221,2025-11-02,"{""type"":""MultiPoint"",""coordinates"":[]}"
4689,86.32394775732729,2025-11-03,"{""type"":""MultiPoint"",""coordinates"":[]}"
4690,89.0172865015814,2025-11-04,"{""type"":""MultiPoint"",""coordinates"":[]}"
4691,91.64861299138835,2025-11-05,"{""type"":""MultiPoint"",""coordinates"":[]}"
4692,89.78931991416836,2025-11-06,"{""type"":""MultiPoint"",""coordinates"":[]}"
4693,90.82502547180574,2025-11-07,"{""type"":""MultiPoint"",""coordinates"":[]}"
4694,87.20557838873435,2025-11-08,"{""type"":""MultiPoint"",""coordinates"":[]}"
4695,86.62888432973936,2025-11-09,"{""type"":""MultiPoint"",""coordinates"":[]}"
4696,88.87051454345487,2025-11-10,"{""type"":""MultiPoint"",""coordinates"":[]}"
4697,85.95743954468598,2025-11-11,"{""type"":""MultiPoint"",""coordinates"":[]}"
4698,86.19239290395537,2025-11-12,"{""type"":""MultiPoint"",""coordinates"":[]}"
4699,89.51458978966843,2025-11-13,"{""type"":""MultiPoint"",""coordinates"":[]}"
4700,87.60988898241119,2025-11-14,"{""type"":""MultiPoint"",""coordinates"":[]}"
4701,88.80642516349256,2025-11-15,"{""type"":""MultiPoint"",""coordinates"":[]}"
4702,94.62227245203134,2025-11-16,"{""type"":""MultiPoint"",""coordinates"":[]}"
4703,93.0577043606308,2025-11-17,"{""type"":""MultiPoint"",""coordinates"":[]}"
4704,91.98798960304623,2025-11-18,"{""type"":""MultiPoint"",""coordinates"":[]}"
4705,89.35386795334544,2025-11-19,"{""type"":""MultiPoint"",""coordinates"":[]}"
4706,87.24707167810521,2025-11-20,"{""type"":""MultiPoint"",""coordinates"":[]}"
4707,91.47336538727295,2025-11-21,"{""type"":""MultiPoint"",""coordinates"":[]}"
4708,87.59693221910713,2025-11-22,"{""type"":""MultiPoint"",""coordinates"":[]}"
4709,84.59260540774227,2025-11-23,"{""type"":""MultiPoint"",""coordinates"":[]}"
4710,92.6664293388792,2025-11-24,"{""type"":""MultiPoint"",""coordinates"":[]}"
4711,90.37055098531896,2025-11-25,"{""type"":""MultiPoint"",""coordinates"":[]}"
4712,89.43490652670152,2025-11-26,"{""type"":""MultiPoint"",""coordinates"":[]}"
4713,91.48983104309885,2025-11-27,"{""type"":""MultiPoint"",""coordinates"":[]}"
4714,93.19664489611925,2025-11-28,"{""type"":""MultiPoint"",""coordinates"":[]}"
4715,91.05559767295021,2025-11-29,"{""type"":""MultiPoint"",""coordinates"":[]}"
4716,93.18802503772173,2025-11-30,"{""type"":""MultiPoint"",""coordinates"":[]}"
4717,93.00380151139552,2025-12-01,"{""type"":""MultiPoint"",""coordinates"":[]}"
4718,89.84791821677997,2025-12-02,"{""type"":""MultiPoint"",""coordinates"":[]}"
4719,89.22334286499198,2025-12-03,"{""type"":""MultiPoint"",""coordinates"":[]}"
4720,93.27741026071588,2025-12-04,"{""type"":""MultiPoint"",""coordinates"":[]}"
4721,95.65550394753724,2025-12-05,"{""type"":""MultiPoint"",""coordinates"":[]}"
4722,87.73275247168316,2025-12-06,"{""type"":""MultiPoint"",""coordinates"":[]}"
4723,93.55184038304164,2025-12-07,"{""type"":""MultiPoint"",""coordinates"":[]}"
4724,93.85847806255417,2025-12-08,"{""type"":""MultiPoint"",""coordinates"":[]}"
4725,91.83681445218896,2025-12-09,"{""type"":""MultiPoint"",""coordinates"":[]}"
4726,87.1329466427801,2025-12-10,"{""type"":""MultiPoint"",""coordinates"":[]}"
4727,85.1816461918603,2025-12-11,"{""type"":""MultiPoint"",""coordinates"":[]}"
4728,89.37342858770693,2025-12-12,"{""type"":""MultiPoint"",""coordinates"":[]}"
4729,83.07983364234804,2025-12-13,"{""type"":""MultiPoint"",""coordinates"":[]}"
4730,82.73599649416562,2025-12-14,"{""type"":""MultiPoint"",""coordinates"":[]}"
4731,90.34121633774653,2025-12-15,"{""type"":""MultiPoint"",""coordinates"":[]}"
4732,91.1781901683028,2025-12-16,"{""type"":""MultiPoint"",""coordinates"":[]}"
4733,92.45338116380343,2025-12-17,"{""type"":""MultiPoint"",""coordinates"":[]}"
4734,89.08939334714667,2025-12-18,"{""type"":""MultiPoint"",""coordinates"":[]}"
4735,90.78119890347797,2025-12-19,"{""type"":""MultiPoint"",""coordinates"":[]}"
4736,90.3977491146275,2025-12-20,"{""type"":""MultiPoint"",""coordinates"":[]}"
4737,86.78350329776843,2025-12-21,"{""type"":""MultiPoint"",""coordinates"":[]}"
4738,90.16021632281594,2025-12-22,"{""type"":""MultiPoint"",""coordinates"":[]}"
4739,87.39715114058448,2025-12-23,"{""type"":""MultiPoint"",""coordinates"":[]}"
4740,87.95393077640058,2025-12-24,"{""type"":""MultiPoint"",""coordinates"":[]}"
4741,88.66857032182345,2025-12-25,"{""type"":""MultiPoint"",""coordinates"":[]}"
4742,85.82531784497631,2025-12-26,"{""type"":""MultiPoint"",""coordinates"":[]}"
4743,87.82161073944002,2025-12-27,"{""type"":""MultiPoint"",""coordinates"":[]}"
4744,83.59348271261645,2025-12-28,"{""type"":""MultiPoint"",""coordinates"":[]}"
4745,83.62117550454316,2025-12-29,"{""type"":""MultiPoint"",""coordinates"":[]}"
4746,85.54748801996436,2025-12-30,"{""type"":""MultiPoint"",""coordinates"":[]}"
