system:index,date,specific_humidity,.geo
0,2013-01-01,0.013070793838564014,"{""type"":""MultiPoint"",""coordinates"":[]}"
1,2013-01-02,0.012841893856763069,"{""type"":""MultiPoint"",""coordinates"":[]}"
2,2013-01-03,0.01294687629887903,"{""type"":""MultiPoint"",""coordinates"":[]}"
3,2013-01-04,0.013102228285033232,"{""type"":""MultiPoint"",""coordinates"":[]}"
4,2013-01-05,0.013354796107463852,"{""type"":""MultiPoint"",""coordinates"":[]}"
5,2013-01-06,0.01316800272301036,"{""type"":""MultiPoint"",""coordinates"":[]}"
6,2013-01-07,0.01252577040799944,"{""type"":""MultiPoint"",""coordinates"":[]}"
7,2013-01-08,0.012646127527885282,"{""type"":""MultiPoint"",""coordinates"":[]}"
8,2013-01-09,0.012436646434480404,"{""type"":""MultiPoint"",""coordinates"":[]}"
9,2013-01-10,0.01279430277906198,"{""type"":""MultiPoint"",""coordinates"":[]}"
10,2013-01-11,0.013068080768690406,"{""type"":""MultiPoint"",""coordinates"":[]}"
11,2013-01-12,0.013382938326808485,"{""type"":""MultiPoint"",""coordinates"":[]}"
12,2013-01-13,0.014061360939733219,"{""type"":""MultiPoint"",""coordinates"":[]}"
13,2013-01-14,0.014481654001678666,"{""type"":""MultiPoint"",""coordinates"":[]}"
14,2013-01-15,0.01279961869869931,"{""type"":""MultiPoint"",""coordinates"":[]}"
15,2013-01-16,0.012920461892602922,"{""type"":""MultiPoint"",""coordinates"":[]}"
16,2013-01-17,0.013752786335556988,"{""type"":""MultiPoint"",""coordinates"":[]}"
17,2013-01-18,0.014581348382469545,"{""type"":""MultiPoint"",""coordinates"":[]}"
18,2013-01-19,0.013668933272318584,"{""type"":""MultiPoint"",""coordinates"":[]}"
19,2013-01-20,0.013337674810155931,"{""type"":""MultiPoint"",""coordinates"":[]}"
20,2013-01-21,0.013574219583314508,"{""type"":""MultiPoint"",""coordinates"":[]}"
21,2013-01-22,0.014692079298679684,"{""type"":""MultiPoint"",""coordinates"":[]}"
22,2013-01-23,0.014781203162357313,"{""type"":""MultiPoint"",""coordinates"":[]}"
23,2013-01-24,0.01403304168897504,"{""type"":""MultiPoint"",""coordinates"":[]}"
24,2013-01-25,0.014900468146098486,"{""type"":""MultiPoint"",""coordinates"":[]}"
25,2013-01-26,0.014908603610030607,"{""type"":""MultiPoint"",""coordinates"":[]}"
26,2013-01-27,0.014119793336068442,"{""type"":""MultiPoint"",""coordinates"":[]}"
27,2013-01-28,0.013729878792917233,"{""type"":""MultiPoint"",""coordinates"":[]}"
28,2013-01-29,0.013546640057087991,"{""type"":""MultiPoint"",""coordinates"":[]}"
29,2013-01-30,0.013645253437498778,"{""type"":""MultiPoint"",""coordinates"":[]}"
30,2013-01-31,0.014142769527812868,"{""type"":""MultiPoint"",""coordinates"":[]}"
31,2013-02-01,0.014294554376739597,"{""type"":""MultiPoint"",""coordinates"":[]}"
32,2013-02-02,0.014633416989973882,"{""type"":""MultiPoint"",""coordinates"":[]}"
33,2013-02-03,0.01488941607114623,"{""type"":""MultiPoint"",""coordinates"":[]}"
34,2013-02-04,0.015347621017272719,"{""type"":""MultiPoint"",""coordinates"":[]}"
35,2013-02-05,0.015395416953096744,"{""type"":""MultiPoint"",""coordinates"":[]}"
36,2013-02-06,0.014883986427114143,"{""type"":""MultiPoint"",""coordinates"":[]}"
37,2013-02-07,0.01482702861756126,"{""type"":""MultiPoint"",""coordinates"":[]}"
38,2013-02-08,0.015057828748681045,"{""type"":""MultiPoint"",""coordinates"":[]}"
39,2013-02-09,0.014744079360132382,"{""type"":""MultiPoint"",""coordinates"":[]}"
40,2013-02-10,0.01482752204050624,"{""type"":""MultiPoint"",""coordinates"":[]}"
41,2013-02-11,0.014583398239821079,"{""type"":""MultiPoint"",""coordinates"":[]}"
42,2013-02-12,0.014717812243614752,"{""type"":""MultiPoint"",""coordinates"":[]}"
43,2013-02-13,0.013886141589601773,"{""type"":""MultiPoint"",""coordinates"":[]}"
44,2013-02-14,0.013668793445786977,"{""type"":""MultiPoint"",""coordinates"":[]}"
45,2013-02-15,0.013494401950951451,"{""type"":""MultiPoint"",""coordinates"":[]}"
46,2013-02-16,0.013384609765925789,"{""type"":""MultiPoint"",""coordinates"":[]}"
47,2013-02-17,0.014063857128615633,"{""type"":""MultiPoint"",""coordinates"":[]}"
48,2013-02-18,0.014316614033074061,"{""type"":""MultiPoint"",""coordinates"":[]}"
49,2013-02-19,0.01484765117424472,"{""type"":""MultiPoint"",""coordinates"":[]}"
50,2013-02-20,0.014997925972570941,"{""type"":""MultiPoint"",""coordinates"":[]}"
51,2013-02-21,0.013977771741260367,"{""type"":""MultiPoint"",""coordinates"":[]}"
52,2013-02-22,0.014989217309946519,"{""type"":""MultiPoint"",""coordinates"":[]}"
53,2013-02-23,0.014784921688499706,"{""type"":""MultiPoint"",""coordinates"":[]}"
54,2013-02-24,0.014803213142795639,"{""type"":""MultiPoint"",""coordinates"":[]}"
55,2013-02-25,0.014589694066271091,"{""type"":""MultiPoint"",""coordinates"":[]}"
56,2013-02-26,0.014937566283372143,"{""type"":""MultiPoint"",""coordinates"":[]}"
57,2013-02-27,0.014884147507943346,"{""type"":""MultiPoint"",""coordinates"":[]}"
58,2013-02-28,0.015878448816611736,"{""type"":""MultiPoint"",""coordinates"":[]}"
59,2013-03-01,0.015774800467025746,"{""type"":""MultiPoint"",""coordinates"":[]}"
60,2013-03-02,0.01482055936596549,"{""type"":""MultiPoint"",""coordinates"":[]}"
61,2013-03-03,0.014515099784617099,"{""type"":""MultiPoint"",""coordinates"":[]}"
62,2013-03-04,0.014373695686903528,"{""type"":""MultiPoint"",""coordinates"":[]}"
63,2013-03-05,0.014852547057746773,"{""type"":""MultiPoint"",""coordinates"":[]}"
64,2013-03-06,0.0154074731010825,"{""type"":""MultiPoint"",""coordinates"":[]}"
65,2013-03-07,0.015498109033375984,"{""type"":""MultiPoint"",""coordinates"":[]}"
66,2013-03-08,0.015151162222565176,"{""type"":""MultiPoint"",""coordinates"":[]}"
67,2013-03-09,0.015736148921844866,"{""type"":""MultiPoint"",""coordinates"":[]}"
68,2013-03-10,0.015525525495614893,"{""type"":""MultiPoint"",""coordinates"":[]}"
69,2013-03-11,0.015970762857877133,"{""type"":""MultiPoint"",""coordinates"":[]}"
70,2013-03-12,0.015703715407786523,"{""type"":""MultiPoint"",""coordinates"":[]}"
71,2013-03-13,0.014317990647612688,"{""type"":""MultiPoint"",""coordinates"":[]}"
72,2013-03-14,0.01505190594701352,"{""type"":""MultiPoint"",""coordinates"":[]}"
73,2013-03-15,0.015353518268245202,"{""type"":""MultiPoint"",""coordinates"":[]}"
74,2013-03-16,0.014934690648315416,"{""type"":""MultiPoint"",""coordinates"":[]}"
75,2013-03-17,0.015796469284623204,"{""type"":""MultiPoint"",""coordinates"":[]}"
76,2013-03-18,0.015524411802029098,"{""type"":""MultiPoint"",""coordinates"":[]}"
77,2013-03-19,0.014699287159996946,"{""type"":""MultiPoint"",""coordinates"":[]}"
78,2013-03-20,0.014799166818489777,"{""type"":""MultiPoint"",""coordinates"":[]}"
79,2013-03-21,0.015082931429637106,"{""type"":""MultiPoint"",""coordinates"":[]}"
80,2013-03-22,0.015196557609867406,"{""type"":""MultiPoint"",""coordinates"":[]}"
81,2013-03-23,0.014585071274203623,"{""type"":""MultiPoint"",""coordinates"":[]}"
82,2013-03-24,0.014638464068670351,"{""type"":""MultiPoint"",""coordinates"":[]}"
83,2013-03-25,0.014239927589436333,"{""type"":""MultiPoint"",""coordinates"":[]}"
84,2013-03-26,0.01412079913981576,"{""type"":""MultiPoint"",""coordinates"":[]}"
85,2013-03-27,0.014242928808622426,"{""type"":""MultiPoint"",""coordinates"":[]}"
86,2013-03-28,0.014074867129543001,"{""type"":""MultiPoint"",""coordinates"":[]}"
87,2013-03-29,0.014942098281793936,"{""type"":""MultiPoint"",""coordinates"":[]}"
88,2013-03-30,0.015400182150687747,"{""type"":""MultiPoint"",""coordinates"":[]}"
89,2013-03-31,0.015303766956597319,"{""type"":""MultiPoint"",""coordinates"":[]}"
90,2013-04-01,0.015682141498288404,"{""type"":""MultiPoint"",""coordinates"":[]}"
91,2013-04-02,0.015497055680218778,"{""type"":""MultiPoint"",""coordinates"":[]}"
92,2013-04-03,0.01447724782289629,"{""type"":""MultiPoint"",""coordinates"":[]}"
93,2013-04-04,0.014471377582638731,"{""type"":""MultiPoint"",""coordinates"":[]}"
94,2013-04-05,0.014975975448854243,"{""type"":""MultiPoint"",""coordinates"":[]}"
95,2013-04-06,0.015552591812284812,"{""type"":""MultiPoint"",""coordinates"":[]}"
96,2013-04-07,0.015560267504431367,"{""type"":""MultiPoint"",""coordinates"":[]}"
97,2013-04-08,0.01589294747977934,"{""type"":""MultiPoint"",""coordinates"":[]}"
98,2013-04-09,0.01640009328860012,"{""type"":""MultiPoint"",""coordinates"":[]}"
99,2013-04-10,0.015653866368078976,"{""type"":""MultiPoint"",""coordinates"":[]}"
100,2013-04-11,0.01600234763468859,"{""type"":""MultiPoint"",""coordinates"":[]}"
101,2013-04-12,0.01563035822000226,"{""type"":""MultiPoint"",""coordinates"":[]}"
102,2013-04-13,0.016401553189825144,"{""type"":""MultiPoint"",""coordinates"":[]}"
103,2013-04-14,0.015933307846066613,"{""type"":""MultiPoint"",""coordinates"":[]}"
104,2013-04-15,0.016050395171056706,"{""type"":""MultiPoint"",""coordinates"":[]}"
105,2013-04-16,0.015742022333712597,"{""type"":""MultiPoint"",""coordinates"":[]}"
106,2013-04-17,0.015848183938841957,"{""type"":""MultiPoint"",""coordinates"":[]}"
107,2013-04-18,0.015710870673871172,"{""type"":""MultiPoint"",""coordinates"":[]}"
108,2013-04-19,0.015190509448073854,"{""type"":""MultiPoint"",""coordinates"":[]}"
109,2013-04-20,0.015353978661622428,"{""type"":""MultiPoint"",""coordinates"":[]}"
110,2013-04-21,0.015183016536432349,"{""type"":""MultiPoint"",""coordinates"":[]}"
111,2013-04-22,0.01438025645364221,"{""type"":""MultiPoint"",""coordinates"":[]}"
112,2013-04-23,0.014543940069577287,"{""type"":""MultiPoint"",""coordinates"":[]}"
113,2013-04-24,0.014835786115830417,"{""type"":""MultiPoint"",""coordinates"":[]}"
114,2013-04-25,0.013986887398224722,"{""type"":""MultiPoint"",""coordinates"":[]}"
115,2013-04-26,0.013409054721554028,"{""type"":""MultiPoint"",""coordinates"":[]}"
116,2013-04-27,0.014612511007109,"{""type"":""MultiPoint"",""coordinates"":[]}"
117,2013-04-28,0.015365635992218955,"{""type"":""MultiPoint"",""coordinates"":[]}"
118,2013-04-29,0.015607192836899736,"{""type"":""MultiPoint"",""coordinates"":[]}"
119,2013-04-30,0.015667780389819683,"{""type"":""MultiPoint"",""coordinates"":[]}"
120,2013-05-01,0.015603960592009613,"{""type"":""MultiPoint"",""coordinates"":[]}"
121,2013-05-02,0.015577781905813354,"{""type"":""MultiPoint"",""coordinates"":[]}"
122,2013-05-03,0.015639494517341687,"{""type"":""MultiPoint"",""coordinates"":[]}"
123,2013-05-04,0.015400855523399364,"{""type"":""MultiPoint"",""coordinates"":[]}"
124,2013-05-05,0.015353945405159011,"{""type"":""MultiPoint"",""coordinates"":[]}"
125,2013-05-06,0.015163221184942129,"{""type"":""MultiPoint"",""coordinates"":[]}"
126,2013-05-07,0.01469366991619645,"{""type"":""MultiPoint"",""coordinates"":[]}"
127,2013-05-08,0.015092481412205224,"{""type"":""MultiPoint"",""coordinates"":[]}"
128,2013-05-09,0.0157284852199283,"{""type"":""MultiPoint"",""coordinates"":[]}"
129,2013-05-10,0.015072158713866156,"{""type"":""MultiPoint"",""coordinates"":[]}"
130,2013-05-11,0.014509817773216227,"{""type"":""MultiPoint"",""coordinates"":[]}"
131,2013-05-12,0.01361852823393052,"{""type"":""MultiPoint"",""coordinates"":[]}"
132,2013-05-13,0.014217916394422452,"{""type"":""MultiPoint"",""coordinates"":[]}"
133,2013-05-14,0.015900659934830558,"{""type"":""MultiPoint"",""coordinates"":[]}"
134,2013-05-15,0.01527870845333923,"{""type"":""MultiPoint"",""coordinates"":[]}"
135,2013-05-16,0.015532442077580907,"{""type"":""MultiPoint"",""coordinates"":[]}"
136,2013-05-17,0.015138225085425299,"{""type"":""MultiPoint"",""coordinates"":[]}"
137,2013-05-18,0.015154468748587105,"{""type"":""MultiPoint"",""coordinates"":[]}"
138,2013-05-19,0.015462010536897034,"{""type"":""MultiPoint"",""coordinates"":[]}"
139,2013-05-20,0.015616196224921707,"{""type"":""MultiPoint"",""coordinates"":[]}"
140,2013-05-21,0.015283111526290938,"{""type"":""MultiPoint"",""coordinates"":[]}"
141,2013-05-22,0.015252998095248308,"{""type"":""MultiPoint"",""coordinates"":[]}"
142,2013-05-23,0.015549517981525594,"{""type"":""MultiPoint"",""coordinates"":[]}"
143,2013-05-24,0.015130412288195798,"{""type"":""MultiPoint"",""coordinates"":[]}"
144,2013-05-25,0.014748874907233369,"{""type"":""MultiPoint"",""coordinates"":[]}"
145,2013-05-26,0.014815268575462504,"{""type"":""MultiPoint"",""coordinates"":[]}"
146,2013-05-27,0.015216764017735368,"{""type"":""MultiPoint"",""coordinates"":[]}"
147,2013-05-28,0.015221612710979207,"{""type"":""MultiPoint"",""coordinates"":[]}"
148,2013-05-29,0.01548095065316713,"{""type"":""MultiPoint"",""coordinates"":[]}"
149,2013-05-30,0.014070217858801292,"{""type"":""MultiPoint"",""coordinates"":[]}"
150,2013-05-31,0.014172210340421695,"{""type"":""MultiPoint"",""coordinates"":[]}"
151,2013-06-01,0.01449542486247727,"{""type"":""MultiPoint"",""coordinates"":[]}"
152,2013-06-02,0.014641698526886836,"{""type"":""MultiPoint"",""coordinates"":[]}"
153,2013-06-03,0.014561900030723829,"{""type"":""MultiPoint"",""coordinates"":[]}"
154,2013-06-04,0.014038286608658607,"{""type"":""MultiPoint"",""coordinates"":[]}"
155,2013-06-05,0.013746174634868212,"{""type"":""MultiPoint"",""coordinates"":[]}"
156,2013-06-06,0.013951012558238588,"{""type"":""MultiPoint"",""coordinates"":[]}"
157,2013-06-07,0.014646441759893589,"{""type"":""MultiPoint"",""coordinates"":[]}"
158,2013-06-08,0.014025038131294321,"{""type"":""MultiPoint"",""coordinates"":[]}"
159,2013-06-09,0.01381256384064237,"{""type"":""MultiPoint"",""coordinates"":[]}"
160,2013-06-10,0.014084198155723223,"{""type"":""MultiPoint"",""coordinates"":[]}"
161,2013-06-11,0.014586919023158595,"{""type"":""MultiPoint"",""coordinates"":[]}"
162,2013-06-12,0.01463367534604041,"{""type"":""MultiPoint"",""coordinates"":[]}"
163,2013-06-13,0.014890933151902363,"{""type"":""MultiPoint"",""coordinates"":[]}"
164,2013-06-14,0.015067267935308324,"{""type"":""MultiPoint"",""coordinates"":[]}"
165,2013-06-15,0.015077883427304936,"{""type"":""MultiPoint"",""coordinates"":[]}"
166,2013-06-16,0.015044478231540875,"{""type"":""MultiPoint"",""coordinates"":[]}"
167,2013-06-17,0.01508510143621203,"{""type"":""MultiPoint"",""coordinates"":[]}"
168,2013-06-18,0.01530497499053689,"{""type"":""MultiPoint"",""coordinates"":[]}"
169,2013-06-19,0.0148514317092805,"{""type"":""MultiPoint"",""coordinates"":[]}"
170,2013-06-20,0.014428734299537371,"{""type"":""MultiPoint"",""coordinates"":[]}"
171,2013-06-21,0.014144156468457679,"{""type"":""MultiPoint"",""coordinates"":[]}"
172,2013-06-22,0.014629481853650967,"{""type"":""MultiPoint"",""coordinates"":[]}"
173,2013-06-23,0.014796541925609655,"{""type"":""MultiPoint"",""coordinates"":[]}"
174,2013-06-24,0.015038870970838785,"{""type"":""MultiPoint"",""coordinates"":[]}"
175,2013-06-25,0.01482340388277073,"{""type"":""MultiPoint"",""coordinates"":[]}"
176,2013-06-26,0.01485381042870444,"{""type"":""MultiPoint"",""coordinates"":[]}"
177,2013-06-27,0.015362034484063918,"{""type"":""MultiPoint"",""coordinates"":[]}"
178,2013-06-28,0.015246583321884841,"{""type"":""MultiPoint"",""coordinates"":[]}"
179,2013-06-29,0.015151743734629478,"{""type"":""MultiPoint"",""coordinates"":[]}"
180,2013-06-30,0.014635527806162186,"{""type"":""MultiPoint"",""coordinates"":[]}"
181,2013-07-01,0.014697516572206346,"{""type"":""MultiPoint"",""coordinates"":[]}"
182,2013-07-02,0.014485937454313402,"{""type"":""MultiPoint"",""coordinates"":[]}"
183,2013-07-03,0.01347933580282483,"{""type"":""MultiPoint"",""coordinates"":[]}"
184,2013-07-04,0.012855485001770993,"{""type"":""MultiPoint"",""coordinates"":[]}"
185,2013-07-05,0.013446778743654166,"{""type"":""MultiPoint"",""coordinates"":[]}"
186,2013-07-06,0.014413270099571005,"{""type"":""MultiPoint"",""coordinates"":[]}"
187,2013-07-07,0.01417821938000504,"{""type"":""MultiPoint"",""coordinates"":[]}"
188,2013-07-08,0.014471535281743247,"{""type"":""MultiPoint"",""coordinates"":[]}"
189,2013-07-09,0.014369069265389528,"{""type"":""MultiPoint"",""coordinates"":[]}"
190,2013-07-10,0.014310576161828549,"{""type"":""MultiPoint"",""coordinates"":[]}"
191,2013-07-11,0.013920768975919913,"{""type"":""MultiPoint"",""coordinates"":[]}"
192,2013-07-12,0.013842118800003196,"{""type"":""MultiPoint"",""coordinates"":[]}"
193,2013-07-13,0.01371391664331139,"{""type"":""MultiPoint"",""coordinates"":[]}"
194,2013-07-14,0.014508967293240894,"{""type"":""MultiPoint"",""coordinates"":[]}"
195,2013-07-15,0.014493507191061685,"{""type"":""MultiPoint"",""coordinates"":[]}"
196,2013-07-16,0.013798678440836638,"{""type"":""MultiPoint"",""coordinates"":[]}"
197,2013-07-17,0.0143533044458818,"{""type"":""MultiPoint"",""coordinates"":[]}"
198,2013-07-18,0.014121023792964626,"{""type"":""MultiPoint"",""coordinates"":[]}"
199,2013-07-19,0.013910234935961498,"{""type"":""MultiPoint"",""coordinates"":[]}"
200,2013-07-20,0.014179779454940448,"{""type"":""MultiPoint"",""coordinates"":[]}"
201,2013-07-21,0.014231106874277075,"{""type"":""MultiPoint"",""coordinates"":[]}"
202,2013-07-22,0.014190369189568819,"{""type"":""MultiPoint"",""coordinates"":[]}"
203,2013-07-23,0.014618856551671992,"{""type"":""MultiPoint"",""coordinates"":[]}"
204,2013-07-24,0.014305285178664327,"{""type"":""MultiPoint"",""coordinates"":[]}"
205,2013-07-25,0.013396745810599645,"{""type"":""MultiPoint"",""coordinates"":[]}"
206,2013-07-26,0.014076402776411036,"{""type"":""MultiPoint"",""coordinates"":[]}"
207,2013-07-27,0.01287254725943839,"{""type"":""MultiPoint"",""coordinates"":[]}"
208,2013-07-28,0.013167903039663302,"{""type"":""MultiPoint"",""coordinates"":[]}"
209,2013-07-29,0.013108399742106416,"{""type"":""MultiPoint"",""coordinates"":[]}"
210,2013-07-30,0.01298680256247584,"{""type"":""MultiPoint"",""coordinates"":[]}"
211,2013-07-31,0.01350662930949221,"{""type"":""MultiPoint"",""coordinates"":[]}"
212,2013-08-01,0.013820014879472682,"{""type"":""MultiPoint"",""coordinates"":[]}"
213,2013-08-02,0.014870350931922122,"{""type"":""MultiPoint"",""coordinates"":[]}"
214,2013-08-03,0.014347468456313786,"{""type"":""MultiPoint"",""coordinates"":[]}"
215,2013-08-04,0.013785848479050823,"{""type"":""MultiPoint"",""coordinates"":[]}"
216,2013-08-05,0.014314200447862788,"{""type"":""MultiPoint"",""coordinates"":[]}"
217,2013-08-06,0.014513274727880207,"{""type"":""MultiPoint"",""coordinates"":[]}"
218,2013-08-07,0.014586943550025119,"{""type"":""MultiPoint"",""coordinates"":[]}"
219,2013-08-08,0.014669187819431015,"{""type"":""MultiPoint"",""coordinates"":[]}"
220,2013-08-09,0.01392645781664414,"{""type"":""MultiPoint"",""coordinates"":[]}"
221,2013-08-10,0.014567887212734387,"{""type"":""MultiPoint"",""coordinates"":[]}"
222,2013-08-11,0.014981258918902875,"{""type"":""MultiPoint"",""coordinates"":[]}"
223,2013-08-12,0.014793409594249742,"{""type"":""MultiPoint"",""coordinates"":[]}"
224,2013-08-13,0.0150331763370629,"{""type"":""MultiPoint"",""coordinates"":[]}"
225,2013-08-14,0.014695961259410426,"{""type"":""MultiPoint"",""coordinates"":[]}"
226,2013-08-15,0.014297442065483829,"{""type"":""MultiPoint"",""coordinates"":[]}"
227,2013-08-16,0.013957881599354878,"{""type"":""MultiPoint"",""coordinates"":[]}"
228,2013-08-17,0.014448412691545953,"{""type"":""MultiPoint"",""coordinates"":[]}"
229,2013-08-18,0.014236838528580544,"{""type"":""MultiPoint"",""coordinates"":[]}"
230,2013-08-19,0.014423285446496362,"{""type"":""MultiPoint"",""coordinates"":[]}"
231,2013-08-20,0.014310837808051431,"{""type"":""MultiPoint"",""coordinates"":[]}"
232,2013-08-21,0.013638724491204074,"{""type"":""MultiPoint"",""coordinates"":[]}"
233,2013-08-22,0.014051504116556571,"{""type"":""MultiPoint"",""coordinates"":[]}"
234,2013-08-23,0.013635702459300745,"{""type"":""MultiPoint"",""coordinates"":[]}"
235,2013-08-24,0.01401788393648992,"{""type"":""MultiPoint"",""coordinates"":[]}"
236,2013-08-25,0.014374694516307678,"{""type"":""MultiPoint"",""coordinates"":[]}"
237,2013-08-26,0.014275553733397667,"{""type"":""MultiPoint"",""coordinates"":[]}"
238,2013-08-27,0.013229170055519135,"{""type"":""MultiPoint"",""coordinates"":[]}"
239,2013-08-28,0.01336953025513919,"{""type"":""MultiPoint"",""coordinates"":[]}"
240,2013-08-29,0.013950729091813273,"{""type"":""MultiPoint"",""coordinates"":[]}"
241,2013-08-30,0.01278271416874445,"{""type"":""MultiPoint"",""coordinates"":[]}"
242,2013-08-31,0.01270481326081585,"{""type"":""MultiPoint"",""coordinates"":[]}"
243,2013-09-01,0.013623738434298448,"{""type"":""MultiPoint"",""coordinates"":[]}"
244,2013-09-02,0.014166788673583999,"{""type"":""MultiPoint"",""coordinates"":[]}"
245,2013-09-03,0.014466467113301622,"{""type"":""MultiPoint"",""coordinates"":[]}"
246,2013-09-04,0.014667144939282896,"{""type"":""MultiPoint"",""coordinates"":[]}"
247,2013-09-05,0.014766747661708268,"{""type"":""MultiPoint"",""coordinates"":[]}"
248,2013-09-06,0.014315261437377387,"{""type"":""MultiPoint"",""coordinates"":[]}"
249,2013-09-07,0.015438729673303946,"{""type"":""MultiPoint"",""coordinates"":[]}"
250,2013-09-08,0.014459474964905829,"{""type"":""MultiPoint"",""coordinates"":[]}"
251,2013-09-09,0.014227519039197348,"{""type"":""MultiPoint"",""coordinates"":[]}"
252,2013-09-10,0.014328100953377313,"{""type"":""MultiPoint"",""coordinates"":[]}"
253,2013-09-11,0.014279714443462923,"{""type"":""MultiPoint"",""coordinates"":[]}"
254,2013-09-12,0.015172156710551256,"{""type"":""MultiPoint"",""coordinates"":[]}"
255,2013-09-13,0.01478278454681619,"{""type"":""MultiPoint"",""coordinates"":[]}"
256,2013-09-14,0.015423856439184971,"{""type"":""MultiPoint"",""coordinates"":[]}"
257,2013-09-15,0.015075099428067909,"{""type"":""MultiPoint"",""coordinates"":[]}"
258,2013-09-16,0.014623637010050481,"{""type"":""MultiPoint"",""coordinates"":[]}"
259,2013-09-17,0.015412837235900692,"{""type"":""MultiPoint"",""coordinates"":[]}"
260,2013-09-18,0.014721986709756848,"{""type"":""MultiPoint"",""coordinates"":[]}"
261,2013-09-19,0.014550651837036008,"{""type"":""MultiPoint"",""coordinates"":[]}"
262,2013-09-20,0.013746662377449904,"{""type"":""MultiPoint"",""coordinates"":[]}"
263,2013-09-21,0.013784197361623335,"{""type"":""MultiPoint"",""coordinates"":[]}"
264,2013-09-22,0.013976617991506032,"{""type"":""MultiPoint"",""coordinates"":[]}"
265,2013-09-23,0.015293535063513606,"{""type"":""MultiPoint"",""coordinates"":[]}"
266,2013-09-24,0.014616389868171655,"{""type"":""MultiPoint"",""coordinates"":[]}"
267,2013-09-25,0.013825592138180883,"{""type"":""MultiPoint"",""coordinates"":[]}"
268,2013-09-26,0.01542455068069514,"{""type"":""MultiPoint"",""coordinates"":[]}"
269,2013-09-27,0.015385846796408613,"{""type"":""MultiPoint"",""coordinates"":[]}"
270,2013-09-28,0.015476366651055591,"{""type"":""MultiPoint"",""coordinates"":[]}"
271,2013-09-29,0.014792634996340199,"{""type"":""MultiPoint"",""coordinates"":[]}"
272,2013-09-30,0.014701470647867962,"{""type"":""MultiPoint"",""coordinates"":[]}"
273,2013-10-01,0.015206509193692869,"{""type"":""MultiPoint"",""coordinates"":[]}"
274,2013-10-02,0.015141283934703292,"{""type"":""MultiPoint"",""coordinates"":[]}"
275,2013-10-03,0.015138958736073892,"{""type"":""MultiPoint"",""coordinates"":[]}"
276,2013-10-04,0.015104935054394019,"{""type"":""MultiPoint"",""coordinates"":[]}"
277,2013-10-05,0.014553160063034901,"{""type"":""MultiPoint"",""coordinates"":[]}"
278,2013-10-06,0.013951166940945364,"{""type"":""MultiPoint"",""coordinates"":[]}"
279,2013-10-07,0.013441765296602813,"{""type"":""MultiPoint"",""coordinates"":[]}"
280,2013-10-08,0.013256539770016396,"{""type"":""MultiPoint"",""coordinates"":[]}"
281,2013-10-09,0.013470044617042114,"{""type"":""MultiPoint"",""coordinates"":[]}"
282,2013-10-10,0.014086278419727302,"{""type"":""MultiPoint"",""coordinates"":[]}"
283,2013-10-11,0.014376658558350694,"{""type"":""MultiPoint"",""coordinates"":[]}"
284,2013-10-12,0.014877748803760825,"{""type"":""MultiPoint"",""coordinates"":[]}"
285,2013-10-13,0.015489872089763575,"{""type"":""MultiPoint"",""coordinates"":[]}"
286,2013-10-14,0.015019760398150082,"{""type"":""MultiPoint"",""coordinates"":[]}"
287,2013-10-15,0.01512831389338806,"{""type"":""MultiPoint"",""coordinates"":[]}"
288,2013-10-16,0.014862740115876981,"{""type"":""MultiPoint"",""coordinates"":[]}"
289,2013-10-17,0.014475089516789753,"{""type"":""MultiPoint"",""coordinates"":[]}"
290,2013-10-18,0.01436947478083059,"{""type"":""MultiPoint"",""coordinates"":[]}"
291,2013-10-19,0.014367991415282768,"{""type"":""MultiPoint"",""coordinates"":[]}"
292,2013-10-20,0.01486439423757692,"{""type"":""MultiPoint"",""coordinates"":[]}"
293,2013-10-21,0.01444122838329844,"{""type"":""MultiPoint"",""coordinates"":[]}"
294,2013-10-22,0.01502719762486616,"{""type"":""MultiPoint"",""coordinates"":[]}"
295,2013-10-23,0.014433206353257746,"{""type"":""MultiPoint"",""coordinates"":[]}"
296,2013-10-24,0.014837441143116496,"{""type"":""MultiPoint"",""coordinates"":[]}"
297,2013-10-25,0.014540007317253327,"{""type"":""MultiPoint"",""coordinates"":[]}"
298,2013-10-26,0.013820339833713497,"{""type"":""MultiPoint"",""coordinates"":[]}"
299,2013-10-27,0.014804797098164462,"{""type"":""MultiPoint"",""coordinates"":[]}"
300,2013-10-28,0.014679814870271516,"{""type"":""MultiPoint"",""coordinates"":[]}"
301,2013-10-29,0.014746771849081705,"{""type"":""MultiPoint"",""coordinates"":[]}"
302,2013-10-30,0.015087313447812683,"{""type"":""MultiPoint"",""coordinates"":[]}"
303,2013-10-31,0.015120720789469176,"{""type"":""MultiPoint"",""coordinates"":[]}"
304,2013-11-01,0.013958965719133487,"{""type"":""MultiPoint"",""coordinates"":[]}"
305,2013-11-02,0.014807797717223981,"{""type"":""MultiPoint"",""coordinates"":[]}"
306,2013-11-03,0.015159433636850456,"{""type"":""MultiPoint"",""coordinates"":[]}"
307,2013-11-04,0.014575526595817264,"{""type"":""MultiPoint"",""coordinates"":[]}"
308,2013-11-05,0.014334797417883077,"{""type"":""MultiPoint"",""coordinates"":[]}"
309,2013-11-06,0.015275152748037854,"{""type"":""MultiPoint"",""coordinates"":[]}"
310,2013-11-07,0.01509095812544563,"{""type"":""MultiPoint"",""coordinates"":[]}"
311,2013-11-08,0.014455326661151686,"{""type"":""MultiPoint"",""coordinates"":[]}"
312,2013-11-09,0.014543912477140862,"{""type"":""MultiPoint"",""coordinates"":[]}"
313,2013-11-10,0.014562676001380776,"{""type"":""MultiPoint"",""coordinates"":[]}"
314,2013-11-11,0.015051489670443412,"{""type"":""MultiPoint"",""coordinates"":[]}"
315,2013-11-12,0.014616271065744839,"{""type"":""MultiPoint"",""coordinates"":[]}"
316,2013-11-13,0.014681057802867582,"{""type"":""MultiPoint"",""coordinates"":[]}"
317,2013-11-14,0.015076557334141774,"{""type"":""MultiPoint"",""coordinates"":[]}"
318,2013-11-15,0.01423670957381361,"{""type"":""MultiPoint"",""coordinates"":[]}"
319,2013-11-16,0.013735935418549504,"{""type"":""MultiPoint"",""coordinates"":[]}"
320,2013-11-17,0.013848037049582014,"{""type"":""MultiPoint"",""coordinates"":[]}"
321,2013-11-18,0.014853243711614094,"{""type"":""MultiPoint"",""coordinates"":[]}"
322,2013-11-19,0.015215418160194326,"{""type"":""MultiPoint"",""coordinates"":[]}"
323,2013-11-20,0.015058449752140901,"{""type"":""MultiPoint"",""coordinates"":[]}"
324,2013-11-21,0.014837771849484356,"{""type"":""MultiPoint"",""coordinates"":[]}"
325,2013-11-22,0.014615079932225217,"{""type"":""MultiPoint"",""coordinates"":[]}"
326,2013-11-23,0.014329021424690933,"{""type"":""MultiPoint"",""coordinates"":[]}"
327,2013-11-24,0.01501277064360651,"{""type"":""MultiPoint"",""coordinates"":[]}"
328,2013-11-25,0.01502451424422343,"{""type"":""MultiPoint"",""coordinates"":[]}"
329,2013-11-26,0.015060672979954578,"{""type"":""MultiPoint"",""coordinates"":[]}"
330,2013-11-27,0.014611418421220322,"{""type"":""MultiPoint"",""coordinates"":[]}"
331,2013-11-28,0.014936337023691881,"{""type"":""MultiPoint"",""coordinates"":[]}"
332,2013-11-29,0.014502573471432812,"{""type"":""MultiPoint"",""coordinates"":[]}"
333,2013-11-30,0.015063545722228134,"{""type"":""MultiPoint"",""coordinates"":[]}"
334,2013-12-01,0.014781011045899512,"{""type"":""MultiPoint"",""coordinates"":[]}"
335,2013-12-02,0.014525416203867313,"{""type"":""MultiPoint"",""coordinates"":[]}"
336,2013-12-03,0.014097010906573995,"{""type"":""MultiPoint"",""coordinates"":[]}"
337,2013-12-04,0.01387995077445566,"{""type"":""MultiPoint"",""coordinates"":[]}"
338,2013-12-05,0.014130895310791702,"{""type"":""MultiPoint"",""coordinates"":[]}"
339,2013-12-06,0.014576246580772808,"{""type"":""MultiPoint"",""coordinates"":[]}"
340,2013-12-07,0.015076160081563419,"{""type"":""MultiPoint"",""coordinates"":[]}"
341,2013-12-08,0.013744653350350402,"{""type"":""MultiPoint"",""coordinates"":[]}"
342,2013-12-09,0.014292864972870937,"{""type"":""MultiPoint"",""coordinates"":[]}"
343,2013-12-10,0.013883313488600599,"{""type"":""MultiPoint"",""coordinates"":[]}"
344,2013-12-11,0.013513952526097224,"{""type"":""MultiPoint"",""coordinates"":[]}"
345,2013-12-12,0.014041034689418926,"{""type"":""MultiPoint"",""coordinates"":[]}"
346,2013-12-13,0.015194489448615909,"{""type"":""MultiPoint"",""coordinates"":[]}"
347,2013-12-14,0.01442769667323271,"{""type"":""MultiPoint"",""coordinates"":[]}"
348,2013-12-15,0.014187723600393875,"{""type"":""MultiPoint"",""coordinates"":[]}"
349,2013-12-16,0.014244636322061731,"{""type"":""MultiPoint"",""coordinates"":[]}"
350,2013-12-17,0.014297529172842558,"{""type"":""MultiPoint"",""coordinates"":[]}"
351,2013-12-18,0.015274222028971595,"{""type"":""MultiPoint"",""coordinates"":[]}"
352,2013-12-19,0.015011586161923468,"{""type"":""MultiPoint"",""coordinates"":[]}"
353,2013-12-20,0.014599457459615514,"{""type"":""MultiPoint"",""coordinates"":[]}"
354,2013-12-21,0.015219261868471763,"{""type"":""MultiPoint"",""coordinates"":[]}"
355,2013-12-22,0.014247225124256635,"{""type"":""MultiPoint"",""coordinates"":[]}"
356,2013-12-23,0.013632338541190002,"{""type"":""MultiPoint"",""coordinates"":[]}"
357,2013-12-24,0.014054592761068447,"{""type"":""MultiPoint"",""coordinates"":[]}"
358,2013-12-25,0.01354193384877708,"{""type"":""MultiPoint"",""coordinates"":[]}"
359,2013-12-26,0.01331948075502111,"{""type"":""MultiPoint"",""coordinates"":[]}"
360,2013-12-27,0.01406580604977752,"{""type"":""MultiPoint"",""coordinates"":[]}"
361,2013-12-28,0.014371312941091827,"{""type"":""MultiPoint"",""coordinates"":[]}"
362,2013-12-29,0.01434288973898117,"{""type"":""MultiPoint"",""coordinates"":[]}"
363,2013-12-30,0.013870667186313504,"{""type"":""MultiPoint"",""coordinates"":[]}"
364,2013-12-31,0.013292999220266282,"{""type"":""MultiPoint"",""coordinates"":[]}"
365,2014-01-01,0.013993211190575207,"{""type"":""MultiPoint"",""coordinates"":[]}"
366,2014-01-02,0.013561326624457635,"{""type"":""MultiPoint"",""coordinates"":[]}"
367,2014-01-03,0.014036703223471557,"{""type"":""MultiPoint"",""coordinates"":[]}"
368,2014-01-04,0.01433222769263832,"{""type"":""MultiPoint"",""coordinates"":[]}"
369,2014-01-05,0.014236489569516253,"{""type"":""MultiPoint"",""coordinates"":[]}"
370,2014-01-06,0.014926889113586285,"{""type"":""MultiPoint"",""coordinates"":[]}"
371,2014-01-07,0.014043193951192868,"{""type"":""MultiPoint"",""coordinates"":[]}"
372,2014-01-08,0.014349402610527084,"{""type"":""MultiPoint"",""coordinates"":[]}"
373,2014-01-09,0.014475597586583622,"{""type"":""MultiPoint"",""coordinates"":[]}"
374,2014-01-10,0.01377857052844732,"{""type"":""MultiPoint"",""coordinates"":[]}"
375,2014-01-11,0.013014904191903378,"{""type"":""MultiPoint"",""coordinates"":[]}"
376,2014-01-12,0.013193536675703998,"{""type"":""MultiPoint"",""coordinates"":[]}"
377,2014-01-13,0.014104826804015662,"{""type"":""MultiPoint"",""coordinates"":[]}"
378,2014-01-14,0.014322767889803543,"{""type"":""MultiPoint"",""coordinates"":[]}"
379,2014-01-15,0.014434196904067132,"{""type"":""MultiPoint"",""coordinates"":[]}"
380,2014-01-16,0.014218438256150878,"{""type"":""MultiPoint"",""coordinates"":[]}"
381,2014-01-17,0.014057399417819907,"{""type"":""MultiPoint"",""coordinates"":[]}"
382,2014-01-18,0.014201986855473692,"{""type"":""MultiPoint"",""coordinates"":[]}"
383,2014-01-19,0.014339422675583947,"{""type"":""MultiPoint"",""coordinates"":[]}"
384,2014-01-20,0.013795943754505826,"{""type"":""MultiPoint"",""coordinates"":[]}"
385,2014-01-21,0.014145708855573114,"{""type"":""MultiPoint"",""coordinates"":[]}"
386,2014-01-22,0.01431068245137318,"{""type"":""MultiPoint"",""coordinates"":[]}"
387,2014-01-23,0.014772229578323233,"{""type"":""MultiPoint"",""coordinates"":[]}"
388,2014-01-24,0.013584342209501318,"{""type"":""MultiPoint"",""coordinates"":[]}"
389,2014-01-25,0.013654427410883312,"{""type"":""MultiPoint"",""coordinates"":[]}"
390,2014-01-26,0.014640148870101512,"{""type"":""MultiPoint"",""coordinates"":[]}"
391,2014-01-27,0.014160595766740834,"{""type"":""MultiPoint"",""coordinates"":[]}"
392,2014-01-28,0.014051943581983138,"{""type"":""MultiPoint"",""coordinates"":[]}"
393,2014-01-29,0.01336412606766769,"{""type"":""MultiPoint"",""coordinates"":[]}"
394,2014-01-30,0.013697818080297873,"{""type"":""MultiPoint"",""coordinates"":[]}"
395,2014-01-31,0.013896645526957048,"{""type"":""MultiPoint"",""coordinates"":[]}"
396,2014-02-01,0.014408973839317505,"{""type"":""MultiPoint"",""coordinates"":[]}"
397,2014-02-02,0.014877501953272775,"{""type"":""MultiPoint"",""coordinates"":[]}"
398,2014-02-03,0.014154850054136699,"{""type"":""MultiPoint"",""coordinates"":[]}"
399,2014-02-04,0.01422289760354567,"{""type"":""MultiPoint"",""coordinates"":[]}"
400,2014-02-05,0.014874334475262827,"{""type"":""MultiPoint"",""coordinates"":[]}"
401,2014-02-06,0.014298694496786571,"{""type"":""MultiPoint"",""coordinates"":[]}"
402,2014-02-07,0.013850318922447235,"{""type"":""MultiPoint"",""coordinates"":[]}"
403,2014-02-08,0.013353510837009865,"{""type"":""MultiPoint"",""coordinates"":[]}"
404,2014-02-09,0.01446395113987445,"{""type"":""MultiPoint"",""coordinates"":[]}"
405,2014-02-10,0.014381223974530599,"{""type"":""MultiPoint"",""coordinates"":[]}"
406,2014-02-11,0.014592188499295269,"{""type"":""MultiPoint"",""coordinates"":[]}"
407,2014-02-12,0.013880071216007971,"{""type"":""MultiPoint"",""coordinates"":[]}"
408,2014-02-13,0.014055932472374839,"{""type"":""MultiPoint"",""coordinates"":[]}"
409,2014-02-14,0.014297245339779491,"{""type"":""MultiPoint"",""coordinates"":[]}"
410,2014-02-15,0.013608216151641756,"{""type"":""MultiPoint"",""coordinates"":[]}"
411,2014-02-16,0.014101130994364061,"{""type"":""MultiPoint"",""coordinates"":[]}"
412,2014-02-17,0.013716794223850063,"{""type"":""MultiPoint"",""coordinates"":[]}"
413,2014-02-18,0.014353371910924902,"{""type"":""MultiPoint"",""coordinates"":[]}"
414,2014-02-19,0.014464662458146331,"{""type"":""MultiPoint"",""coordinates"":[]}"
415,2014-02-20,0.014945844368122569,"{""type"":""MultiPoint"",""coordinates"":[]}"
416,2014-02-21,0.014786722934469575,"{""type"":""MultiPoint"",""coordinates"":[]}"
417,2014-02-22,0.013733046813732863,"{""type"":""MultiPoint"",""coordinates"":[]}"
418,2014-02-23,0.013606252016115566,"{""type"":""MultiPoint"",""coordinates"":[]}"
419,2014-02-24,0.014771080352384912,"{""type"":""MultiPoint"",""coordinates"":[]}"
420,2014-02-25,0.01497542534788032,"{""type"":""MultiPoint"",""coordinates"":[]}"
421,2014-02-26,0.014059541216054433,"{""type"":""MultiPoint"",""coordinates"":[]}"
422,2014-02-27,0.01408157896686865,"{""type"":""MultiPoint"",""coordinates"":[]}"
423,2014-02-28,0.01527431493349031,"{""type"":""MultiPoint"",""coordinates"":[]}"
424,2014-03-01,0.015287911738879384,"{""type"":""MultiPoint"",""coordinates"":[]}"
425,2014-03-02,0.014676874632502177,"{""type"":""MultiPoint"",""coordinates"":[]}"
426,2014-03-03,0.014655505323411581,"{""type"":""MultiPoint"",""coordinates"":[]}"
427,2014-03-04,0.014114277507789976,"{""type"":""MultiPoint"",""coordinates"":[]}"
428,2014-03-05,0.014290279895291908,"{""type"":""MultiPoint"",""coordinates"":[]}"
429,2014-03-06,0.014698854275143608,"{""type"":""MultiPoint"",""coordinates"":[]}"
430,2014-03-07,0.014455013942157473,"{""type"":""MultiPoint"",""coordinates"":[]}"
431,2014-03-08,0.014880657419323012,"{""type"":""MultiPoint"",""coordinates"":[]}"
432,2014-03-09,0.01517687149211669,"{""type"":""MultiPoint"",""coordinates"":[]}"
433,2014-03-10,0.014924135050807192,"{""type"":""MultiPoint"",""coordinates"":[]}"
434,2014-03-11,0.014356019913264578,"{""type"":""MultiPoint"",""coordinates"":[]}"
435,2014-03-12,0.014827872592528388,"{""type"":""MultiPoint"",""coordinates"":[]}"
436,2014-03-13,0.014879576999896173,"{""type"":""MultiPoint"",""coordinates"":[]}"
437,2014-03-14,0.015033236555750312,"{""type"":""MultiPoint"",""coordinates"":[]}"
438,2014-03-15,0.01491682978091609,"{""type"":""MultiPoint"",""coordinates"":[]}"
439,2014-03-16,0.014564118176300917,"{""type"":""MultiPoint"",""coordinates"":[]}"
440,2014-03-17,0.0138459713897923,"{""type"":""MultiPoint"",""coordinates"":[]}"
441,2014-03-18,0.015038672037033907,"{""type"":""MultiPoint"",""coordinates"":[]}"
442,2014-03-19,0.013796864071377516,"{""type"":""MultiPoint"",""coordinates"":[]}"
443,2014-03-20,0.01495731337933758,"{""type"":""MultiPoint"",""coordinates"":[]}"
444,2014-03-21,0.01515423862237201,"{""type"":""MultiPoint"",""coordinates"":[]}"
445,2014-03-22,0.014495477125983766,"{""type"":""MultiPoint"",""coordinates"":[]}"
446,2014-03-23,0.015029327221448919,"{""type"":""MultiPoint"",""coordinates"":[]}"
447,2014-03-24,0.015813609207395166,"{""type"":""MultiPoint"",""coordinates"":[]}"
448,2014-03-25,0.01565588663726247,"{""type"":""MultiPoint"",""coordinates"":[]}"
449,2014-03-26,0.014973274234669218,"{""type"":""MultiPoint"",""coordinates"":[]}"
450,2014-03-27,0.014207882381407784,"{""type"":""MultiPoint"",""coordinates"":[]}"
451,2014-03-28,0.015453272269201903,"{""type"":""MultiPoint"",""coordinates"":[]}"
452,2014-03-29,0.014292866998250194,"{""type"":""MultiPoint"",""coordinates"":[]}"
453,2014-03-30,0.013984121890233384,"{""type"":""MultiPoint"",""coordinates"":[]}"
454,2014-03-31,0.014829769890844884,"{""type"":""MultiPoint"",""coordinates"":[]}"
455,2014-04-01,0.014919132644199163,"{""type"":""MultiPoint"",""coordinates"":[]}"
456,2014-04-02,0.01409463249956662,"{""type"":""MultiPoint"",""coordinates"":[]}"
457,2014-04-03,0.015315737728925758,"{""type"":""MultiPoint"",""coordinates"":[]}"
458,2014-04-04,0.015178618526399623,"{""type"":""MultiPoint"",""coordinates"":[]}"
459,2014-04-05,0.015663921405228504,"{""type"":""MultiPoint"",""coordinates"":[]}"
460,2014-04-06,0.01515870052907109,"{""type"":""MultiPoint"",""coordinates"":[]}"
461,2014-04-07,0.01504091877179794,"{""type"":""MultiPoint"",""coordinates"":[]}"
462,2014-04-08,0.015180143402613424,"{""type"":""MultiPoint"",""coordinates"":[]}"
463,2014-04-09,0.01467136904680818,"{""type"":""MultiPoint"",""coordinates"":[]}"
464,2014-04-10,0.013520077182813056,"{""type"":""MultiPoint"",""coordinates"":[]}"
465,2014-04-11,0.015800998591939727,"{""type"":""MultiPoint"",""coordinates"":[]}"
466,2014-04-12,0.014895107607530078,"{""type"":""MultiPoint"",""coordinates"":[]}"
467,2014-04-13,0.014497220370689519,"{""type"":""MultiPoint"",""coordinates"":[]}"
468,2014-04-14,0.015247014197781414,"{""type"":""MultiPoint"",""coordinates"":[]}"
469,2014-04-15,0.015294650198371347,"{""type"":""MultiPoint"",""coordinates"":[]}"
470,2014-04-16,0.015380547852330152,"{""type"":""MultiPoint"",""coordinates"":[]}"
471,2014-04-17,0.014906630591364954,"{""type"":""MultiPoint"",""coordinates"":[]}"
472,2014-04-18,0.015460230052989314,"{""type"":""MultiPoint"",""coordinates"":[]}"
473,2014-04-19,0.01565817764325339,"{""type"":""MultiPoint"",""coordinates"":[]}"
474,2014-04-20,0.015285247370715424,"{""type"":""MultiPoint"",""coordinates"":[]}"
475,2014-04-21,0.01585687773977063,"{""type"":""MultiPoint"",""coordinates"":[]}"
476,2014-04-22,0.015455880437368027,"{""type"":""MultiPoint"",""coordinates"":[]}"
477,2014-04-23,0.015721885354384218,"{""type"":""MultiPoint"",""coordinates"":[]}"
478,2014-04-24,0.015379841869997938,"{""type"":""MultiPoint"",""coordinates"":[]}"
479,2014-04-25,0.015039039295533173,"{""type"":""MultiPoint"",""coordinates"":[]}"
480,2014-04-26,0.01548197986621534,"{""type"":""MultiPoint"",""coordinates"":[]}"
481,2014-04-27,0.01550846373105322,"{""type"":""MultiPoint"",""coordinates"":[]}"
482,2014-04-28,0.015396729017428787,"{""type"":""MultiPoint"",""coordinates"":[]}"
483,2014-04-29,0.015571799416882567,"{""type"":""MultiPoint"",""coordinates"":[]}"
484,2014-04-30,0.01571998947482292,"{""type"":""MultiPoint"",""coordinates"":[]}"
485,2014-05-01,0.015877037821017185,"{""type"":""MultiPoint"",""coordinates"":[]}"
486,2014-05-02,0.015866396426096514,"{""type"":""MultiPoint"",""coordinates"":[]}"
487,2014-05-03,0.015032881796368172,"{""type"":""MultiPoint"",""coordinates"":[]}"
488,2014-05-04,0.014776463598135899,"{""type"":""MultiPoint"",""coordinates"":[]}"
489,2014-05-05,0.014848675130631839,"{""type"":""MultiPoint"",""coordinates"":[]}"
490,2014-05-06,0.014964832106379616,"{""type"":""MultiPoint"",""coordinates"":[]}"
491,2014-05-07,0.014532159253526092,"{""type"":""MultiPoint"",""coordinates"":[]}"
492,2014-05-08,0.014480441501124111,"{""type"":""MultiPoint"",""coordinates"":[]}"
493,2014-05-09,0.015129938995246768,"{""type"":""MultiPoint"",""coordinates"":[]}"
494,2014-05-10,0.015101595468430838,"{""type"":""MultiPoint"",""coordinates"":[]}"
495,2014-05-11,0.015063603502258285,"{""type"":""MultiPoint"",""coordinates"":[]}"
496,2014-05-12,0.014513202190761585,"{""type"":""MultiPoint"",""coordinates"":[]}"
497,2014-05-13,0.015107645418201353,"{""type"":""MultiPoint"",""coordinates"":[]}"
498,2014-05-14,0.015748690601847918,"{""type"":""MultiPoint"",""coordinates"":[]}"
499,2014-05-15,0.015064882476008179,"{""type"":""MultiPoint"",""coordinates"":[]}"
500,2014-05-16,0.014397067529622226,"{""type"":""MultiPoint"",""coordinates"":[]}"
501,2014-05-17,0.015874853293841664,"{""type"":""MultiPoint"",""coordinates"":[]}"
502,2014-05-18,0.015130363689393432,"{""type"":""MultiPoint"",""coordinates"":[]}"
503,2014-05-19,0.015400167966277212,"{""type"":""MultiPoint"",""coordinates"":[]}"
504,2014-05-20,0.014941323148235033,"{""type"":""MultiPoint"",""coordinates"":[]}"
505,2014-05-21,0.01457343420936951,"{""type"":""MultiPoint"",""coordinates"":[]}"
506,2014-05-22,0.015356736718949987,"{""type"":""MultiPoint"",""coordinates"":[]}"
507,2014-05-23,0.01520234756820175,"{""type"":""MultiPoint"",""coordinates"":[]}"
508,2014-05-24,0.015173754391248939,"{""type"":""MultiPoint"",""coordinates"":[]}"
509,2014-05-25,0.015036610421307642,"{""type"":""MultiPoint"",""coordinates"":[]}"
510,2014-05-26,0.013917897802447836,"{""type"":""MultiPoint"",""coordinates"":[]}"
511,2014-05-27,0.01450562904607057,"{""type"":""MultiPoint"",""coordinates"":[]}"
512,2014-05-28,0.014985544580545148,"{""type"":""MultiPoint"",""coordinates"":[]}"
513,2014-05-29,0.015605243006583962,"{""type"":""MultiPoint"",""coordinates"":[]}"
514,2014-05-30,0.015215920507365727,"{""type"":""MultiPoint"",""coordinates"":[]}"
515,2014-05-31,0.015813556694560447,"{""type"":""MultiPoint"",""coordinates"":[]}"
516,2014-06-01,0.015569653110913073,"{""type"":""MultiPoint"",""coordinates"":[]}"
517,2014-06-02,0.015540147809007693,"{""type"":""MultiPoint"",""coordinates"":[]}"
518,2014-06-03,0.015279409667952016,"{""type"":""MultiPoint"",""coordinates"":[]}"
519,2014-06-04,0.01526177802825474,"{""type"":""MultiPoint"",""coordinates"":[]}"
520,2014-06-05,0.015321755210132173,"{""type"":""MultiPoint"",""coordinates"":[]}"
521,2014-06-06,0.014959107463607303,"{""type"":""MultiPoint"",""coordinates"":[]}"
522,2014-06-07,0.015205028896873647,"{""type"":""MultiPoint"",""coordinates"":[]}"
523,2014-06-08,0.015666152802663435,"{""type"":""MultiPoint"",""coordinates"":[]}"
524,2014-06-09,0.01529883561569413,"{""type"":""MultiPoint"",""coordinates"":[]}"
525,2014-06-10,0.015357824308638426,"{""type"":""MultiPoint"",""coordinates"":[]}"
526,2014-06-11,0.015112685474893103,"{""type"":""MultiPoint"",""coordinates"":[]}"
527,2014-06-12,0.014769972654991649,"{""type"":""MultiPoint"",""coordinates"":[]}"
528,2014-06-13,0.0154033927920098,"{""type"":""MultiPoint"",""coordinates"":[]}"
529,2014-06-14,0.015015403470846405,"{""type"":""MultiPoint"",""coordinates"":[]}"
530,2014-06-15,0.015085482415511301,"{""type"":""MultiPoint"",""coordinates"":[]}"
531,2014-06-16,0.014331085933809972,"{""type"":""MultiPoint"",""coordinates"":[]}"
532,2014-06-17,0.013899379376285876,"{""type"":""MultiPoint"",""coordinates"":[]}"
533,2014-06-18,0.014407925331397266,"{""type"":""MultiPoint"",""coordinates"":[]}"
534,2014-06-19,0.014327716867490672,"{""type"":""MultiPoint"",""coordinates"":[]}"
535,2014-06-20,0.012678988808727492,"{""type"":""MultiPoint"",""coordinates"":[]}"
536,2014-06-21,0.013254318264783694,"{""type"":""MultiPoint"",""coordinates"":[]}"
537,2014-06-22,0.014134353517467847,"{""type"":""MultiPoint"",""coordinates"":[]}"
538,2014-06-23,0.014053610443502803,"{""type"":""MultiPoint"",""coordinates"":[]}"
539,2014-06-24,0.014597085584461366,"{""type"":""MultiPoint"",""coordinates"":[]}"
540,2014-06-25,0.014989209790429817,"{""type"":""MultiPoint"",""coordinates"":[]}"
541,2014-06-26,0.014662000569946522,"{""type"":""MultiPoint"",""coordinates"":[]}"
542,2014-06-27,0.014378396792337829,"{""type"":""MultiPoint"",""coordinates"":[]}"
543,2014-06-28,0.014767267576780721,"{""type"":""MultiPoint"",""coordinates"":[]}"
544,2014-06-29,0.014813621260279653,"{""type"":""MultiPoint"",""coordinates"":[]}"
545,2014-06-30,0.01482359979624621,"{""type"":""MultiPoint"",""coordinates"":[]}"
546,2014-07-01,0.014782055695429216,"{""type"":""MultiPoint"",""coordinates"":[]}"
547,2014-07-02,0.014857256057069489,"{""type"":""MultiPoint"",""coordinates"":[]}"
548,2014-07-03,0.014495031379369786,"{""type"":""MultiPoint"",""coordinates"":[]}"
549,2014-07-04,0.014618838360696712,"{""type"":""MultiPoint"",""coordinates"":[]}"
550,2014-07-05,0.015342407185553035,"{""type"":""MultiPoint"",""coordinates"":[]}"
551,2014-07-06,0.015138640200806443,"{""type"":""MultiPoint"",""coordinates"":[]}"
552,2014-07-07,0.01457762224232121,"{""type"":""MultiPoint"",""coordinates"":[]}"
553,2014-07-08,0.01465564458266555,"{""type"":""MultiPoint"",""coordinates"":[]}"
554,2014-07-09,0.01421527305151829,"{""type"":""MultiPoint"",""coordinates"":[]}"
555,2014-07-10,0.013732100127242864,"{""type"":""MultiPoint"",""coordinates"":[]}"
556,2014-07-11,0.014256677452272278,"{""type"":""MultiPoint"",""coordinates"":[]}"
557,2014-07-12,0.014032213401445346,"{""type"":""MultiPoint"",""coordinates"":[]}"
558,2014-07-13,0.014013150152461998,"{""type"":""MultiPoint"",""coordinates"":[]}"
559,2014-07-14,0.014046059450384138,"{""type"":""MultiPoint"",""coordinates"":[]}"
560,2014-07-15,0.014167319730336338,"{""type"":""MultiPoint"",""coordinates"":[]}"
561,2014-07-16,0.013831002451902356,"{""type"":""MultiPoint"",""coordinates"":[]}"
562,2014-07-17,0.01393778151073082,"{""type"":""MultiPoint"",""coordinates"":[]}"
563,2014-07-18,0.013893823841141567,"{""type"":""MultiPoint"",""coordinates"":[]}"
564,2014-07-19,0.013316997962489675,"{""type"":""MultiPoint"",""coordinates"":[]}"
565,2014-07-20,0.013727083455950398,"{""type"":""MultiPoint"",""coordinates"":[]}"
566,2014-07-21,0.013993429074405534,"{""type"":""MultiPoint"",""coordinates"":[]}"
567,2014-07-22,0.014191763319845138,"{""type"":""MultiPoint"",""coordinates"":[]}"
568,2014-07-23,0.013946438746562166,"{""type"":""MultiPoint"",""coordinates"":[]}"
569,2014-07-24,0.0139413893441626,"{""type"":""MultiPoint"",""coordinates"":[]}"
570,2014-07-25,0.013694780758874106,"{""type"":""MultiPoint"",""coordinates"":[]}"
571,2014-07-26,0.013549690744644773,"{""type"":""MultiPoint"",""coordinates"":[]}"
572,2014-07-27,0.01396501799101378,"{""type"":""MultiPoint"",""coordinates"":[]}"
573,2014-07-28,0.014146185022640067,"{""type"":""MultiPoint"",""coordinates"":[]}"
574,2014-07-29,0.013645814323760856,"{""type"":""MultiPoint"",""coordinates"":[]}"
575,2014-07-30,0.013429981379279443,"{""type"":""MultiPoint"",""coordinates"":[]}"
576,2014-07-31,0.013462577143969574,"{""type"":""MultiPoint"",""coordinates"":[]}"
577,2014-08-01,0.013457976710809208,"{""type"":""MultiPoint"",""coordinates"":[]}"
578,2014-08-02,0.013594388821234425,"{""type"":""MultiPoint"",""coordinates"":[]}"
579,2014-08-03,0.012941485116287045,"{""type"":""MultiPoint"",""coordinates"":[]}"
580,2014-08-04,0.013076491941215634,"{""type"":""MultiPoint"",""coordinates"":[]}"
581,2014-08-05,0.013308022321531722,"{""type"":""MultiPoint"",""coordinates"":[]}"
582,2014-08-06,0.01421721190421519,"{""type"":""MultiPoint"",""coordinates"":[]}"
583,2014-08-07,0.013765547949570266,"{""type"":""MultiPoint"",""coordinates"":[]}"
584,2014-08-08,0.014162089591854407,"{""type"":""MultiPoint"",""coordinates"":[]}"
585,2014-08-09,0.013659069237598744,"{""type"":""MultiPoint"",""coordinates"":[]}"
586,2014-08-10,0.013552692049962768,"{""type"":""MultiPoint"",""coordinates"":[]}"
587,2014-08-11,0.01438924740620666,"{""type"":""MultiPoint"",""coordinates"":[]}"
588,2014-08-12,0.01475874701583197,"{""type"":""MultiPoint"",""coordinates"":[]}"
589,2014-08-13,0.014490091267126316,"{""type"":""MultiPoint"",""coordinates"":[]}"
590,2014-08-14,0.014174666994113913,"{""type"":""MultiPoint"",""coordinates"":[]}"
591,2014-08-15,0.013349401968875891,"{""type"":""MultiPoint"",""coordinates"":[]}"
592,2014-08-16,0.013410215056242243,"{""type"":""MultiPoint"",""coordinates"":[]}"
593,2014-08-17,0.014016266567528968,"{""type"":""MultiPoint"",""coordinates"":[]}"
594,2014-08-18,0.014144331843439351,"{""type"":""MultiPoint"",""coordinates"":[]}"
595,2014-08-19,0.013923901592441298,"{""type"":""MultiPoint"",""coordinates"":[]}"
596,2014-08-20,0.012537345803673848,"{""type"":""MultiPoint"",""coordinates"":[]}"
597,2014-08-21,0.012864445198301317,"{""type"":""MultiPoint"",""coordinates"":[]}"
598,2014-08-22,0.013331795393031497,"{""type"":""MultiPoint"",""coordinates"":[]}"
599,2014-08-23,0.013797395932946667,"{""type"":""MultiPoint"",""coordinates"":[]}"
600,2014-08-24,0.014958996287941293,"{""type"":""MultiPoint"",""coordinates"":[]}"
601,2014-08-25,0.014155036430111458,"{""type"":""MultiPoint"",""coordinates"":[]}"
602,2014-08-26,0.01481410905542938,"{""type"":""MultiPoint"",""coordinates"":[]}"
603,2014-08-27,0.014190265363102155,"{""type"":""MultiPoint"",""coordinates"":[]}"
604,2014-08-28,0.014305525602132732,"{""type"":""MultiPoint"",""coordinates"":[]}"
605,2014-08-29,0.013852688551052714,"{""type"":""MultiPoint"",""coordinates"":[]}"
606,2014-08-30,0.013464164857172658,"{""type"":""MultiPoint"",""coordinates"":[]}"
607,2014-08-31,0.012909361097191504,"{""type"":""MultiPoint"",""coordinates"":[]}"
608,2014-09-01,0.013153781281802966,"{""type"":""MultiPoint"",""coordinates"":[]}"
609,2014-09-02,0.014561426693841603,"{""type"":""MultiPoint"",""coordinates"":[]}"
610,2014-09-03,0.015086342381793518,"{""type"":""MultiPoint"",""coordinates"":[]}"
611,2014-09-04,0.015110071786747427,"{""type"":""MultiPoint"",""coordinates"":[]}"
612,2014-09-05,0.014649055446307324,"{""type"":""MultiPoint"",""coordinates"":[]}"
613,2014-09-06,0.014070483152398712,"{""type"":""MultiPoint"",""coordinates"":[]}"
614,2014-09-07,0.013651630772402869,"{""type"":""MultiPoint"",""coordinates"":[]}"
615,2014-09-08,0.013441708715263359,"{""type"":""MultiPoint"",""coordinates"":[]}"
616,2014-09-09,0.013227484772056368,"{""type"":""MultiPoint"",""coordinates"":[]}"
617,2014-09-10,0.013507747225342011,"{""type"":""MultiPoint"",""coordinates"":[]}"
618,2014-09-11,0.014687000811536677,"{""type"":""MultiPoint"",""coordinates"":[]}"
619,2014-09-12,0.01504549068662718,"{""type"":""MultiPoint"",""coordinates"":[]}"
620,2014-09-13,0.015123802978041034,"{""type"":""MultiPoint"",""coordinates"":[]}"
621,2014-09-14,0.015302860383665032,"{""type"":""MultiPoint"",""coordinates"":[]}"
622,2014-09-15,0.015355524366428801,"{""type"":""MultiPoint"",""coordinates"":[]}"
623,2014-09-16,0.014109354260634572,"{""type"":""MultiPoint"",""coordinates"":[]}"
624,2014-09-17,0.014992984308095487,"{""type"":""MultiPoint"",""coordinates"":[]}"
625,2014-09-18,0.015070815947451193,"{""type"":""MultiPoint"",""coordinates"":[]}"
626,2014-09-19,0.014494280086245176,"{""type"":""MultiPoint"",""coordinates"":[]}"
627,2014-09-20,0.015143795738107887,"{""type"":""MultiPoint"",""coordinates"":[]}"
628,2014-09-21,0.015021152898800627,"{""type"":""MultiPoint"",""coordinates"":[]}"
629,2014-09-22,0.014715400488357748,"{""type"":""MultiPoint"",""coordinates"":[]}"
630,2014-09-23,0.015589412991419966,"{""type"":""MultiPoint"",""coordinates"":[]}"
631,2014-09-24,0.01520012336222479,"{""type"":""MultiPoint"",""coordinates"":[]}"
632,2014-09-25,0.014501611076057028,"{""type"":""MultiPoint"",""coordinates"":[]}"
633,2014-09-26,0.015503490679362885,"{""type"":""MultiPoint"",""coordinates"":[]}"
634,2014-09-27,0.015517276207377308,"{""type"":""MultiPoint"",""coordinates"":[]}"
635,2014-09-28,0.014842008088224869,"{""type"":""MultiPoint"",""coordinates"":[]}"
636,2014-09-29,0.014788720475333248,"{""type"":""MultiPoint"",""coordinates"":[]}"
637,2014-09-30,0.013642492711650217,"{""type"":""MultiPoint"",""coordinates"":[]}"
638,2014-10-01,0.01365539284298864,"{""type"":""MultiPoint"",""coordinates"":[]}"
639,2014-10-02,0.013653839154816877,"{""type"":""MultiPoint"",""coordinates"":[]}"
640,2014-10-03,0.013398339620966834,"{""type"":""MultiPoint"",""coordinates"":[]}"
641,2014-10-04,0.01419308548978021,"{""type"":""MultiPoint"",""coordinates"":[]}"
642,2014-10-05,0.015871858274151957,"{""type"":""MultiPoint"",""coordinates"":[]}"
643,2014-10-06,0.015626182590682047,"{""type"":""MultiPoint"",""coordinates"":[]}"
644,2014-10-07,0.015443593566759202,"{""type"":""MultiPoint"",""coordinates"":[]}"
645,2014-10-08,0.015185844180785765,"{""type"":""MultiPoint"",""coordinates"":[]}"
646,2014-10-09,0.01521172854898556,"{""type"":""MultiPoint"",""coordinates"":[]}"
647,2014-10-10,0.01413742937541775,"{""type"":""MultiPoint"",""coordinates"":[]}"
648,2014-10-11,0.01452446008881233,"{""type"":""MultiPoint"",""coordinates"":[]}"
649,2014-10-12,0.014520356361092035,"{""type"":""MultiPoint"",""coordinates"":[]}"
650,2014-10-13,0.014916409617879696,"{""type"":""MultiPoint"",""coordinates"":[]}"
651,2014-10-14,0.014871541930635985,"{""type"":""MultiPoint"",""coordinates"":[]}"
652,2014-10-15,0.014313639289847293,"{""type"":""MultiPoint"",""coordinates"":[]}"
653,2014-10-16,0.01440824506143136,"{""type"":""MultiPoint"",""coordinates"":[]}"
654,2014-10-17,0.015208744783559783,"{""type"":""MultiPoint"",""coordinates"":[]}"
655,2014-10-18,0.015401556540651935,"{""type"":""MultiPoint"",""coordinates"":[]}"
656,2014-10-19,0.01460360381211611,"{""type"":""MultiPoint"",""coordinates"":[]}"
657,2014-10-20,0.014034882217765235,"{""type"":""MultiPoint"",""coordinates"":[]}"
658,2014-10-21,0.014643829614328472,"{""type"":""MultiPoint"",""coordinates"":[]}"
659,2014-10-22,0.015385642497989661,"{""type"":""MultiPoint"",""coordinates"":[]}"
660,2014-10-23,0.0152530531013763,"{""type"":""MultiPoint"",""coordinates"":[]}"
661,2014-10-24,0.015100186256221592,"{""type"":""MultiPoint"",""coordinates"":[]}"
662,2014-10-25,0.015002710120739372,"{""type"":""MultiPoint"",""coordinates"":[]}"
663,2014-10-26,0.015574309594608841,"{""type"":""MultiPoint"",""coordinates"":[]}"
664,2014-10-27,0.01454151844628168,"{""type"":""MultiPoint"",""coordinates"":[]}"
665,2014-10-28,0.014561602748030741,"{""type"":""MultiPoint"",""coordinates"":[]}"
666,2014-10-29,0.01478114742364467,"{""type"":""MultiPoint"",""coordinates"":[]}"
667,2014-10-30,0.015602709976496855,"{""type"":""MultiPoint"",""coordinates"":[]}"
668,2014-10-31,0.015083988573214234,"{""type"":""MultiPoint"",""coordinates"":[]}"
669,2014-11-01,0.015451228207410765,"{""type"":""MultiPoint"",""coordinates"":[]}"
670,2014-11-02,0.014751135821408938,"{""type"":""MultiPoint"",""coordinates"":[]}"
671,2014-11-03,0.013173234159314678,"{""type"":""MultiPoint"",""coordinates"":[]}"
672,2014-11-04,0.013971102441831513,"{""type"":""MultiPoint"",""coordinates"":[]}"
673,2014-11-05,0.015419492647741105,"{""type"":""MultiPoint"",""coordinates"":[]}"
674,2014-11-06,0.015497514313296176,"{""type"":""MultiPoint"",""coordinates"":[]}"
675,2014-11-07,0.015261849153186445,"{""type"":""MultiPoint"",""coordinates"":[]}"
676,2014-11-08,0.015253235421188172,"{""type"":""MultiPoint"",""coordinates"":[]}"
677,2014-11-09,0.015294604182310809,"{""type"":""MultiPoint"",""coordinates"":[]}"
678,2014-11-10,0.015333828220798923,"{""type"":""MultiPoint"",""coordinates"":[]}"
679,2014-11-11,0.015485995367257454,"{""type"":""MultiPoint"",""coordinates"":[]}"
680,2014-11-12,0.015541851779932602,"{""type"":""MultiPoint"",""coordinates"":[]}"
681,2014-11-13,0.015216559151041127,"{""type"":""MultiPoint"",""coordinates"":[]}"
682,2014-11-14,0.01502630627697383,"{""type"":""MultiPoint"",""coordinates"":[]}"
683,2014-11-15,0.014869158431778868,"{""type"":""MultiPoint"",""coordinates"":[]}"
684,2014-11-16,0.014611451896085587,"{""type"":""MultiPoint"",""coordinates"":[]}"
685,2014-11-17,0.014420721405008406,"{""type"":""MultiPoint"",""coordinates"":[]}"
686,2014-11-18,0.014493770288051266,"{""type"":""MultiPoint"",""coordinates"":[]}"
687,2014-11-19,0.015176415395712605,"{""type"":""MultiPoint"",""coordinates"":[]}"
688,2014-11-20,0.014920380019159412,"{""type"":""MultiPoint"",""coordinates"":[]}"
689,2014-11-21,0.014953931017736464,"{""type"":""MultiPoint"",""coordinates"":[]}"
690,2014-11-22,0.015230449744651405,"{""type"":""MultiPoint"",""coordinates"":[]}"
691,2014-11-23,0.015126209944823677,"{""type"":""MultiPoint"",""coordinates"":[]}"
692,2014-11-24,0.014206023615445948,"{""type"":""MultiPoint"",""coordinates"":[]}"
693,2014-11-25,0.014234014971356236,"{""type"":""MultiPoint"",""coordinates"":[]}"
694,2014-11-26,0.014754660083446365,"{""type"":""MultiPoint"",""coordinates"":[]}"
695,2014-11-27,0.015069688071999153,"{""type"":""MultiPoint"",""coordinates"":[]}"
696,2014-11-28,0.014730997974641903,"{""type"":""MultiPoint"",""coordinates"":[]}"
697,2014-11-29,0.01512121612186853,"{""type"":""MultiPoint"",""coordinates"":[]}"
698,2014-11-30,0.015550730476349988,"{""type"":""MultiPoint"",""coordinates"":[]}"
699,2014-12-01,0.015437724074444084,"{""type"":""MultiPoint"",""coordinates"":[]}"
700,2014-12-02,0.015054049063440085,"{""type"":""MultiPoint"",""coordinates"":[]}"
701,2014-12-03,0.01453557349477218,"{""type"":""MultiPoint"",""coordinates"":[]}"
702,2014-12-04,0.014591105177814765,"{""type"":""MultiPoint"",""coordinates"":[]}"
703,2014-12-05,0.014218765600016807,"{""type"":""MultiPoint"",""coordinates"":[]}"
704,2014-12-06,0.014680456525633276,"{""type"":""MultiPoint"",""coordinates"":[]}"
705,2014-12-07,0.014810126372445371,"{""type"":""MultiPoint"",""coordinates"":[]}"
706,2014-12-08,0.014985376386379127,"{""type"":""MultiPoint"",""coordinates"":[]}"
707,2014-12-09,0.015246521793588113,"{""type"":""MultiPoint"",""coordinates"":[]}"
708,2014-12-10,0.01480007936408823,"{""type"":""MultiPoint"",""coordinates"":[]}"
709,2014-12-11,0.014696657034384504,"{""type"":""MultiPoint"",""coordinates"":[]}"
710,2014-12-12,0.014429130033159014,"{""type"":""MultiPoint"",""coordinates"":[]}"
711,2014-12-13,0.014418987997357033,"{""type"":""MultiPoint"",""coordinates"":[]}"
712,2014-12-14,0.014531330913426482,"{""type"":""MultiPoint"",""coordinates"":[]}"
713,2014-12-15,0.014646060969920369,"{""type"":""MultiPoint"",""coordinates"":[]}"
714,2014-12-16,0.01466411901298839,"{""type"":""MultiPoint"",""coordinates"":[]}"
715,2014-12-17,0.014874952567295957,"{""type"":""MultiPoint"",""coordinates"":[]}"
716,2014-12-18,0.014453638193503931,"{""type"":""MultiPoint"",""coordinates"":[]}"
717,2014-12-19,0.014710507929870768,"{""type"":""MultiPoint"",""coordinates"":[]}"
718,2014-12-20,0.015422320318839874,"{""type"":""MultiPoint"",""coordinates"":[]}"
719,2014-12-21,0.014551298496601325,"{""type"":""MultiPoint"",""coordinates"":[]}"
720,2014-12-22,0.01447332889639887,"{""type"":""MultiPoint"",""coordinates"":[]}"
721,2014-12-23,0.013629086332872133,"{""type"":""MultiPoint"",""coordinates"":[]}"
722,2014-12-24,0.012845482505966073,"{""type"":""MultiPoint"",""coordinates"":[]}"
723,2014-12-25,0.012517133339527116,"{""type"":""MultiPoint"",""coordinates"":[]}"
724,2014-12-26,0.012588587493514913,"{""type"":""MultiPoint"",""coordinates"":[]}"
725,2014-12-27,0.014209866144692633,"{""type"":""MultiPoint"",""coordinates"":[]}"
726,2014-12-28,0.013428853888580547,"{""type"":""MultiPoint"",""coordinates"":[]}"
727,2014-12-29,0.012306100167460704,"{""type"":""MultiPoint"",""coordinates"":[]}"
728,2014-12-30,0.011949639459657949,"{""type"":""MultiPoint"",""coordinates"":[]}"
729,2014-12-31,0.012027837666736416,"{""type"":""MultiPoint"",""coordinates"":[]}"
730,2015-01-01,0.01255873768583185,"{""type"":""MultiPoint"",""coordinates"":[]}"
731,2015-01-02,0.012988398507896267,"{""type"":""MultiPoint"",""coordinates"":[]}"
732,2015-01-03,0.012545432076616153,"{""type"":""MultiPoint"",""coordinates"":[]}"
733,2015-01-04,0.012405048959759683,"{""type"":""MultiPoint"",""coordinates"":[]}"
734,2015-01-05,0.012474765781266384,"{""type"":""MultiPoint"",""coordinates"":[]}"
735,2015-01-06,0.012375011273424287,"{""type"":""MultiPoint"",""coordinates"":[]}"
736,2015-01-07,0.011866096066782643,"{""type"":""MultiPoint"",""coordinates"":[]}"
737,2015-01-08,0.012693658157494346,"{""type"":""MultiPoint"",""coordinates"":[]}"
738,2015-01-09,0.013735213566693808,"{""type"":""MultiPoint"",""coordinates"":[]}"
739,2015-01-10,0.014303461031478176,"{""type"":""MultiPoint"",""coordinates"":[]}"
740,2015-01-11,0.01467056771969061,"{""type"":""MultiPoint"",""coordinates"":[]}"
741,2015-01-12,0.014489664841076963,"{""type"":""MultiPoint"",""coordinates"":[]}"
742,2015-01-13,0.014419802988579748,"{""type"":""MultiPoint"",""coordinates"":[]}"
743,2015-01-14,0.014556174920661408,"{""type"":""MultiPoint"",""coordinates"":[]}"
744,2015-01-15,0.01502057335900131,"{""type"":""MultiPoint"",""coordinates"":[]}"
745,2015-01-16,0.01531539798801874,"{""type"":""MultiPoint"",""coordinates"":[]}"
746,2015-01-17,0.014857389031780459,"{""type"":""MultiPoint"",""coordinates"":[]}"
747,2015-01-18,0.014541720938877007,"{""type"":""MultiPoint"",""coordinates"":[]}"
748,2015-01-19,0.014186000037507127,"{""type"":""MultiPoint"",""coordinates"":[]}"
749,2015-01-20,0.013185216428431479,"{""type"":""MultiPoint"",""coordinates"":[]}"
750,2015-01-21,0.013946770907563659,"{""type"":""MultiPoint"",""coordinates"":[]}"
751,2015-01-22,0.013614037267948841,"{""type"":""MultiPoint"",""coordinates"":[]}"
752,2015-01-23,0.014344915169468104,"{""type"":""MultiPoint"",""coordinates"":[]}"
753,2015-01-24,0.013576833891403647,"{""type"":""MultiPoint"",""coordinates"":[]}"
754,2015-01-25,0.013481319849930095,"{""type"":""MultiPoint"",""coordinates"":[]}"
755,2015-01-26,0.013591593856747073,"{""type"":""MultiPoint"",""coordinates"":[]}"
756,2015-01-27,0.014127770168426973,"{""type"":""MultiPoint"",""coordinates"":[]}"
757,2015-01-28,0.01443487147767557,"{""type"":""MultiPoint"",""coordinates"":[]}"
758,2015-01-29,0.014043726721799479,"{""type"":""MultiPoint"",""coordinates"":[]}"
759,2015-01-30,0.014773711326251826,"{""type"":""MultiPoint"",""coordinates"":[]}"
760,2015-01-31,0.015131599851320439,"{""type"":""MultiPoint"",""coordinates"":[]}"
761,2015-02-01,0.014898336291189125,"{""type"":""MultiPoint"",""coordinates"":[]}"
762,2015-02-02,0.014855852324384569,"{""type"":""MultiPoint"",""coordinates"":[]}"
763,2015-02-03,0.015281617623306404,"{""type"":""MultiPoint"",""coordinates"":[]}"
764,2015-02-04,0.014513780878501546,"{""type"":""MultiPoint"",""coordinates"":[]}"
765,2015-02-05,0.014830266833907686,"{""type"":""MultiPoint"",""coordinates"":[]}"
766,2015-02-06,0.015133468202208055,"{""type"":""MultiPoint"",""coordinates"":[]}"
767,2015-02-07,0.014832191160509439,"{""type"":""MultiPoint"",""coordinates"":[]}"
768,2015-02-08,0.014851309606581245,"{""type"":""MultiPoint"",""coordinates"":[]}"
769,2015-02-09,0.014694569378692563,"{""type"":""MultiPoint"",""coordinates"":[]}"
770,2015-02-10,0.014802888747654695,"{""type"":""MultiPoint"",""coordinates"":[]}"
771,2015-02-11,0.01453841436688681,"{""type"":""MultiPoint"",""coordinates"":[]}"
772,2015-02-12,0.014850578127476708,"{""type"":""MultiPoint"",""coordinates"":[]}"
773,2015-02-13,0.014682629371170514,"{""type"":""MultiPoint"",""coordinates"":[]}"
774,2015-02-14,0.014478719842434547,"{""type"":""MultiPoint"",""coordinates"":[]}"
775,2015-02-15,0.014841302366915984,"{""type"":""MultiPoint"",""coordinates"":[]}"
776,2015-02-16,0.015057812768257073,"{""type"":""MultiPoint"",""coordinates"":[]}"
777,2015-02-17,0.013963619589980004,"{""type"":""MultiPoint"",""coordinates"":[]}"
778,2015-02-18,0.014422110711545907,"{""type"":""MultiPoint"",""coordinates"":[]}"
779,2015-02-19,0.014880983352367294,"{""type"":""MultiPoint"",""coordinates"":[]}"
780,2015-02-20,0.01430393924601775,"{""type"":""MultiPoint"",""coordinates"":[]}"
781,2015-02-21,0.014021107900559243,"{""type"":""MultiPoint"",""coordinates"":[]}"
782,2015-02-22,0.014441156584592761,"{""type"":""MultiPoint"",""coordinates"":[]}"
783,2015-02-23,0.0133593501458293,"{""type"":""MultiPoint"",""coordinates"":[]}"
784,2015-02-24,0.013741478251982272,"{""type"":""MultiPoint"",""coordinates"":[]}"
785,2015-02-25,0.013612356928182858,"{""type"":""MultiPoint"",""coordinates"":[]}"
786,2015-02-26,0.014012178960281424,"{""type"":""MultiPoint"",""coordinates"":[]}"
787,2015-02-27,0.013897905082791774,"{""type"":""MultiPoint"",""coordinates"":[]}"
788,2015-02-28,0.014614168029199041,"{""type"":""MultiPoint"",""coordinates"":[]}"
789,2015-03-01,0.014349926394725966,"{""type"":""MultiPoint"",""coordinates"":[]}"
790,2015-03-02,0.013914605729469454,"{""type"":""MultiPoint"",""coordinates"":[]}"
791,2015-03-03,0.014547500497467288,"{""type"":""MultiPoint"",""coordinates"":[]}"
792,2015-03-04,0.013717976689777277,"{""type"":""MultiPoint"",""coordinates"":[]}"
793,2015-03-05,0.014302651226706304,"{""type"":""MultiPoint"",""coordinates"":[]}"
794,2015-03-06,0.014493984394664166,"{""type"":""MultiPoint"",""coordinates"":[]}"
795,2015-03-07,0.015331662790745085,"{""type"":""MultiPoint"",""coordinates"":[]}"
796,2015-03-08,0.01485439649114225,"{""type"":""MultiPoint"",""coordinates"":[]}"
797,2015-03-09,0.015158554979570688,"{""type"":""MultiPoint"",""coordinates"":[]}"
798,2015-03-10,0.015505309478577619,"{""type"":""MultiPoint"",""coordinates"":[]}"
799,2015-03-11,0.01587479585176322,"{""type"":""MultiPoint"",""coordinates"":[]}"
800,2015-03-12,0.015637343855589972,"{""type"":""MultiPoint"",""coordinates"":[]}"
801,2015-03-13,0.015265662208113722,"{""type"":""MultiPoint"",""coordinates"":[]}"
802,2015-03-14,0.01463568578509398,"{""type"":""MultiPoint"",""coordinates"":[]}"
803,2015-03-15,0.014781415430307074,"{""type"":""MultiPoint"",""coordinates"":[]}"
804,2015-03-16,0.01456873459212296,"{""type"":""MultiPoint"",""coordinates"":[]}"
805,2015-03-17,0.014218906534954045,"{""type"":""MultiPoint"",""coordinates"":[]}"
806,2015-03-18,0.015002304777100657,"{""type"":""MultiPoint"",""coordinates"":[]}"
807,2015-03-19,0.015247706926804125,"{""type"":""MultiPoint"",""coordinates"":[]}"
808,2015-03-20,0.015026883456958913,"{""type"":""MultiPoint"",""coordinates"":[]}"
809,2015-03-21,0.014665866007721065,"{""type"":""MultiPoint"",""coordinates"":[]}"
810,2015-03-22,0.014987071553010227,"{""type"":""MultiPoint"",""coordinates"":[]}"
811,2015-03-23,0.015208999638127012,"{""type"":""MultiPoint"",""coordinates"":[]}"
812,2015-03-24,0.014439533463321679,"{""type"":""MultiPoint"",""coordinates"":[]}"
813,2015-03-25,0.01431863016937684,"{""type"":""MultiPoint"",""coordinates"":[]}"
814,2015-03-26,0.014702490365844076,"{""type"":""MultiPoint"",""coordinates"":[]}"
815,2015-03-27,0.014116579737521263,"{""type"":""MultiPoint"",""coordinates"":[]}"
816,2015-03-28,0.01426809483253637,"{""type"":""MultiPoint"",""coordinates"":[]}"
817,2015-03-29,0.01498750483841417,"{""type"":""MultiPoint"",""coordinates"":[]}"
818,2015-03-30,0.014027953920244224,"{""type"":""MultiPoint"",""coordinates"":[]}"
819,2015-03-31,0.014650892807673966,"{""type"":""MultiPoint"",""coordinates"":[]}"
820,2015-04-01,0.014589125360378047,"{""type"":""MultiPoint"",""coordinates"":[]}"
821,2015-04-02,0.01505449678546942,"{""type"":""MultiPoint"",""coordinates"":[]}"
822,2015-04-03,0.014917371283388034,"{""type"":""MultiPoint"",""coordinates"":[]}"
823,2015-04-04,0.015053425945675466,"{""type"":""MultiPoint"",""coordinates"":[]}"
824,2015-04-05,0.015351873631307205,"{""type"":""MultiPoint"",""coordinates"":[]}"
825,2015-04-06,0.015072839764856233,"{""type"":""MultiPoint"",""coordinates"":[]}"
826,2015-04-07,0.015334052333457868,"{""type"":""MultiPoint"",""coordinates"":[]}"
827,2015-04-08,0.015586697626967842,"{""type"":""MultiPoint"",""coordinates"":[]}"
828,2015-04-09,0.015340095721333859,"{""type"":""MultiPoint"",""coordinates"":[]}"
829,2015-04-10,0.015169692419742293,"{""type"":""MultiPoint"",""coordinates"":[]}"
830,2015-04-11,0.015190042972566651,"{""type"":""MultiPoint"",""coordinates"":[]}"
831,2015-04-12,0.015185075882804579,"{""type"":""MultiPoint"",""coordinates"":[]}"
832,2015-04-13,0.015287539317485145,"{""type"":""MultiPoint"",""coordinates"":[]}"
833,2015-04-14,0.015424394766481544,"{""type"":""MultiPoint"",""coordinates"":[]}"
834,2015-04-15,0.015718356344945197,"{""type"":""MultiPoint"",""coordinates"":[]}"
835,2015-04-16,0.014758476904036713,"{""type"":""MultiPoint"",""coordinates"":[]}"
836,2015-04-17,0.015233549174003484,"{""type"":""MultiPoint"",""coordinates"":[]}"
837,2015-04-18,0.014888699467927003,"{""type"":""MultiPoint"",""coordinates"":[]}"
838,2015-04-19,0.015338468407527214,"{""type"":""MultiPoint"",""coordinates"":[]}"
839,2015-04-20,0.015377599941358405,"{""type"":""MultiPoint"",""coordinates"":[]}"
840,2015-04-21,0.015172754623519268,"{""type"":""MultiPoint"",""coordinates"":[]}"
841,2015-04-22,0.014606068391405276,"{""type"":""MultiPoint"",""coordinates"":[]}"
842,2015-04-23,0.015064019804331885,"{""type"":""MultiPoint"",""coordinates"":[]}"
843,2015-04-24,0.015056685656098094,"{""type"":""MultiPoint"",""coordinates"":[]}"
844,2015-04-25,0.015244289058930244,"{""type"":""MultiPoint"",""coordinates"":[]}"
845,2015-04-26,0.014888888617832143,"{""type"":""MultiPoint"",""coordinates"":[]}"
846,2015-04-27,0.01511874571623788,"{""type"":""MultiPoint"",""coordinates"":[]}"
847,2015-04-28,0.015560182822010394,"{""type"":""MultiPoint"",""coordinates"":[]}"
848,2015-04-29,0.014900642166289932,"{""type"":""MultiPoint"",""coordinates"":[]}"
849,2015-04-30,0.014598376150402636,"{""type"":""MultiPoint"",""coordinates"":[]}"
850,2015-05-01,0.01482074613079032,"{""type"":""MultiPoint"",""coordinates"":[]}"
851,2015-05-02,0.014010373225399636,"{""type"":""MultiPoint"",""coordinates"":[]}"
852,2015-05-03,0.014299863095843147,"{""type"":""MultiPoint"",""coordinates"":[]}"
853,2015-05-04,0.014666138569968408,"{""type"":""MultiPoint"",""coordinates"":[]}"
854,2015-05-05,0.015008290626568064,"{""type"":""MultiPoint"",""coordinates"":[]}"
855,2015-05-06,0.015297129179597272,"{""type"":""MultiPoint"",""coordinates"":[]}"
856,2015-05-07,0.015182594659567292,"{""type"":""MultiPoint"",""coordinates"":[]}"
857,2015-05-08,0.015591463480921783,"{""type"":""MultiPoint"",""coordinates"":[]}"
858,2015-05-09,0.014726478795992788,"{""type"":""MultiPoint"",""coordinates"":[]}"
859,2015-05-10,0.015097560774076106,"{""type"":""MultiPoint"",""coordinates"":[]}"
860,2015-05-11,0.014903130461232783,"{""type"":""MultiPoint"",""coordinates"":[]}"
861,2015-05-12,0.015070553236324223,"{""type"":""MultiPoint"",""coordinates"":[]}"
862,2015-05-13,0.015401206414366417,"{""type"":""MultiPoint"",""coordinates"":[]}"
863,2015-05-14,0.015669410858575185,"{""type"":""MultiPoint"",""coordinates"":[]}"
864,2015-05-15,0.01528023298541373,"{""type"":""MultiPoint"",""coordinates"":[]}"
865,2015-05-16,0.015396675225384642,"{""type"":""MultiPoint"",""coordinates"":[]}"
866,2015-05-17,0.015490011074422744,"{""type"":""MultiPoint"",""coordinates"":[]}"
867,2015-05-18,0.01573923009037965,"{""type"":""MultiPoint"",""coordinates"":[]}"
868,2015-05-19,0.015295452127832662,"{""type"":""MultiPoint"",""coordinates"":[]}"
869,2015-05-20,0.014954924485528813,"{""type"":""MultiPoint"",""coordinates"":[]}"
870,2015-05-21,0.014999627783522538,"{""type"":""MultiPoint"",""coordinates"":[]}"
871,2015-05-22,0.01492837006086132,"{""type"":""MultiPoint"",""coordinates"":[]}"
872,2015-05-23,0.01505379099544297,"{""type"":""MultiPoint"",""coordinates"":[]}"
873,2015-05-24,0.01463924945053733,"{""type"":""MultiPoint"",""coordinates"":[]}"
874,2015-05-25,0.015030363141397406,"{""type"":""MultiPoint"",""coordinates"":[]}"
875,2015-05-26,0.01485702522630943,"{""type"":""MultiPoint"",""coordinates"":[]}"
876,2015-05-27,0.015270532047974433,"{""type"":""MultiPoint"",""coordinates"":[]}"
877,2015-05-28,0.015428164024079026,"{""type"":""MultiPoint"",""coordinates"":[]}"
878,2015-05-29,0.015537866606510733,"{""type"":""MultiPoint"",""coordinates"":[]}"
879,2015-05-30,0.01463395455929912,"{""type"":""MultiPoint"",""coordinates"":[]}"
880,2015-05-31,0.014952617656066211,"{""type"":""MultiPoint"",""coordinates"":[]}"
881,2015-06-01,0.015199925674784348,"{""type"":""MultiPoint"",""coordinates"":[]}"
882,2015-06-02,0.014592822062971645,"{""type"":""MultiPoint"",""coordinates"":[]}"
883,2015-06-03,0.014498975945941886,"{""type"":""MultiPoint"",""coordinates"":[]}"
884,2015-06-04,0.014339175277389024,"{""type"":""MultiPoint"",""coordinates"":[]}"
885,2015-06-05,0.014465616811657292,"{""type"":""MultiPoint"",""coordinates"":[]}"
886,2015-06-06,0.014342187895973054,"{""type"":""MultiPoint"",""coordinates"":[]}"
887,2015-06-07,0.014650704797598531,"{""type"":""MultiPoint"",""coordinates"":[]}"
888,2015-06-08,0.015507767773611804,"{""type"":""MultiPoint"",""coordinates"":[]}"
889,2015-06-09,0.014184916783069596,"{""type"":""MultiPoint"",""coordinates"":[]}"
890,2015-06-10,0.014271058752183164,"{""type"":""MultiPoint"",""coordinates"":[]}"
891,2015-06-11,0.014476043717550608,"{""type"":""MultiPoint"",""coordinates"":[]}"
892,2015-06-12,0.014512622096084532,"{""type"":""MultiPoint"",""coordinates"":[]}"
893,2015-06-13,0.015018734925906578,"{""type"":""MultiPoint"",""coordinates"":[]}"
894,2015-06-14,0.014834252504825625,"{""type"":""MultiPoint"",""coordinates"":[]}"
895,2015-06-15,0.015399797286025321,"{""type"":""MultiPoint"",""coordinates"":[]}"
896,2015-06-16,0.015108769350214338,"{""type"":""MultiPoint"",""coordinates"":[]}"
897,2015-06-17,0.014476707918744808,"{""type"":""MultiPoint"",""coordinates"":[]}"
898,2015-06-18,0.014702601207993188,"{""type"":""MultiPoint"",""coordinates"":[]}"
899,2015-06-19,0.01441361640426768,"{""type"":""MultiPoint"",""coordinates"":[]}"
900,2015-06-20,0.01414262357738029,"{""type"":""MultiPoint"",""coordinates"":[]}"
901,2015-06-21,0.014163471678547071,"{""type"":""MultiPoint"",""coordinates"":[]}"
902,2015-06-22,0.014780828480638995,"{""type"":""MultiPoint"",""coordinates"":[]}"
903,2015-06-23,0.014489521403491745,"{""type"":""MultiPoint"",""coordinates"":[]}"
904,2015-06-24,0.0144889208201206,"{""type"":""MultiPoint"",""coordinates"":[]}"
905,2015-06-25,0.013833702246304544,"{""type"":""MultiPoint"",""coordinates"":[]}"
906,2015-06-26,0.014013737629878169,"{""type"":""MultiPoint"",""coordinates"":[]}"
907,2015-06-27,0.014008484255259197,"{""type"":""MultiPoint"",""coordinates"":[]}"
908,2015-06-28,0.013345777184242562,"{""type"":""MultiPoint"",""coordinates"":[]}"
909,2015-06-29,0.013753050721685202,"{""type"":""MultiPoint"",""coordinates"":[]}"
910,2015-06-30,0.014198876060033977,"{""type"":""MultiPoint"",""coordinates"":[]}"
911,2015-07-01,0.01405721735589689,"{""type"":""MultiPoint"",""coordinates"":[]}"
912,2015-07-02,0.014139445272497568,"{""type"":""MultiPoint"",""coordinates"":[]}"
913,2015-07-03,0.014162539111610998,"{""type"":""MultiPoint"",""coordinates"":[]}"
914,2015-07-04,0.014496462829371346,"{""type"":""MultiPoint"",""coordinates"":[]}"
915,2015-07-05,0.014890602201551585,"{""type"":""MultiPoint"",""coordinates"":[]}"
916,2015-07-06,0.015306990082767306,"{""type"":""MultiPoint"",""coordinates"":[]}"
917,2015-07-07,0.01522046379422553,"{""type"":""MultiPoint"",""coordinates"":[]}"
918,2015-07-08,0.014972878472198747,"{""type"":""MultiPoint"",""coordinates"":[]}"
919,2015-07-09,0.014534565508134182,"{""type"":""MultiPoint"",""coordinates"":[]}"
920,2015-07-10,0.014820670334499554,"{""type"":""MultiPoint"",""coordinates"":[]}"
921,2015-07-11,0.014485803583123904,"{""type"":""MultiPoint"",""coordinates"":[]}"
922,2015-07-12,0.014271043972904492,"{""type"":""MultiPoint"",""coordinates"":[]}"
923,2015-07-13,0.014233614756412277,"{""type"":""MultiPoint"",""coordinates"":[]}"
924,2015-07-14,0.014931088531416538,"{""type"":""MultiPoint"",""coordinates"":[]}"
925,2015-07-15,0.014953895444830606,"{""type"":""MultiPoint"",""coordinates"":[]}"
926,2015-07-16,0.014855100617762504,"{""type"":""MultiPoint"",""coordinates"":[]}"
927,2015-07-17,0.01390546074255907,"{""type"":""MultiPoint"",""coordinates"":[]}"
928,2015-07-18,0.013176667562418016,"{""type"":""MultiPoint"",""coordinates"":[]}"
929,2015-07-19,0.013919000108128724,"{""type"":""MultiPoint"",""coordinates"":[]}"
930,2015-07-20,0.014930351863666057,"{""type"":""MultiPoint"",""coordinates"":[]}"
931,2015-07-21,0.014581300673850502,"{""type"":""MultiPoint"",""coordinates"":[]}"
932,2015-07-22,0.01465809242551702,"{""type"":""MultiPoint"",""coordinates"":[]}"
933,2015-07-23,0.01404287019114748,"{""type"":""MultiPoint"",""coordinates"":[]}"
934,2015-07-24,0.014307172536064372,"{""type"":""MultiPoint"",""coordinates"":[]}"
935,2015-07-25,0.013970855864912394,"{""type"":""MultiPoint"",""coordinates"":[]}"
936,2015-07-26,0.014290503242981596,"{""type"":""MultiPoint"",""coordinates"":[]}"
937,2015-07-27,0.014180514794069711,"{""type"":""MultiPoint"",""coordinates"":[]}"
938,2015-07-28,0.014250238646608534,"{""type"":""MultiPoint"",""coordinates"":[]}"
939,2015-07-29,0.014323915534074689,"{""type"":""MultiPoint"",""coordinates"":[]}"
940,2015-07-30,0.014461364337795006,"{""type"":""MultiPoint"",""coordinates"":[]}"
941,2015-07-31,0.01421853432175584,"{""type"":""MultiPoint"",""coordinates"":[]}"
942,2015-08-01,0.013576715423968303,"{""type"":""MultiPoint"",""coordinates"":[]}"
943,2015-08-02,0.0137075793265244,"{""type"":""MultiPoint"",""coordinates"":[]}"
944,2015-08-03,0.013962215767744098,"{""type"":""MultiPoint"",""coordinates"":[]}"
945,2015-08-04,0.013959357567268951,"{""type"":""MultiPoint"",""coordinates"":[]}"
946,2015-08-05,0.014096122712147496,"{""type"":""MultiPoint"",""coordinates"":[]}"
947,2015-08-06,0.013768701461575926,"{""type"":""MultiPoint"",""coordinates"":[]}"
948,2015-08-07,0.014414186650245268,"{""type"":""MultiPoint"",""coordinates"":[]}"
949,2015-08-08,0.014212042465837418,"{""type"":""MultiPoint"",""coordinates"":[]}"
950,2015-08-09,0.014902975085625254,"{""type"":""MultiPoint"",""coordinates"":[]}"
951,2015-08-10,0.013943568740262244,"{""type"":""MultiPoint"",""coordinates"":[]}"
952,2015-08-11,0.01378095103006822,"{""type"":""MultiPoint"",""coordinates"":[]}"
953,2015-08-12,0.014331771880634418,"{""type"":""MultiPoint"",""coordinates"":[]}"
954,2015-08-13,0.014072348808677049,"{""type"":""MultiPoint"",""coordinates"":[]}"
955,2015-08-14,0.014229358995338197,"{""type"":""MultiPoint"",""coordinates"":[]}"
956,2015-08-15,0.014350805982488743,"{""type"":""MultiPoint"",""coordinates"":[]}"
957,2015-08-16,0.014007674124672076,"{""type"":""MultiPoint"",""coordinates"":[]}"
958,2015-08-17,0.013743227467547333,"{""type"":""MultiPoint"",""coordinates"":[]}"
959,2015-08-18,0.013918122670822352,"{""type"":""MultiPoint"",""coordinates"":[]}"
960,2015-08-19,0.014362113977465382,"{""type"":""MultiPoint"",""coordinates"":[]}"
961,2015-08-20,0.014106970181562166,"{""type"":""MultiPoint"",""coordinates"":[]}"
962,2015-08-21,0.013790698075879656,"{""type"":""MultiPoint"",""coordinates"":[]}"
963,2015-08-22,0.012653644377046018,"{""type"":""MultiPoint"",""coordinates"":[]}"
964,2015-08-23,0.01413186541015205,"{""type"":""MultiPoint"",""coordinates"":[]}"
965,2015-08-24,0.014647931663981576,"{""type"":""MultiPoint"",""coordinates"":[]}"
966,2015-08-25,0.014579373435270446,"{""type"":""MultiPoint"",""coordinates"":[]}"
967,2015-08-26,0.014264853269029492,"{""type"":""MultiPoint"",""coordinates"":[]}"
968,2015-08-27,0.01491557280998899,"{""type"":""MultiPoint"",""coordinates"":[]}"
969,2015-08-28,0.015171201385333078,"{""type"":""MultiPoint"",""coordinates"":[]}"
970,2015-08-29,0.013974602631718234,"{""type"":""MultiPoint"",""coordinates"":[]}"
971,2015-08-30,0.01311111899114026,"{""type"":""MultiPoint"",""coordinates"":[]}"
972,2015-08-31,0.013653646932506916,"{""type"":""MultiPoint"",""coordinates"":[]}"
973,2015-09-01,0.013852115256119645,"{""type"":""MultiPoint"",""coordinates"":[]}"
974,2015-09-02,0.013378119772684332,"{""type"":""MultiPoint"",""coordinates"":[]}"
975,2015-09-03,0.014018770068238854,"{""type"":""MultiPoint"",""coordinates"":[]}"
976,2015-09-04,0.014289125271639344,"{""type"":""MultiPoint"",""coordinates"":[]}"
977,2015-09-05,0.014164310674534797,"{""type"":""MultiPoint"",""coordinates"":[]}"
978,2015-09-06,0.015118839813485205,"{""type"":""MultiPoint"",""coordinates"":[]}"
979,2015-09-07,0.01503635623035605,"{""type"":""MultiPoint"",""coordinates"":[]}"
980,2015-09-08,0.01434793608512988,"{""type"":""MultiPoint"",""coordinates"":[]}"
981,2015-09-09,0.014102962747031711,"{""type"":""MultiPoint"",""coordinates"":[]}"
982,2015-09-10,0.015204126565881423,"{""type"":""MultiPoint"",""coordinates"":[]}"
983,2015-09-11,0.014981800752539158,"{""type"":""MultiPoint"",""coordinates"":[]}"
984,2015-09-12,0.013818553846328227,"{""type"":""MultiPoint"",""coordinates"":[]}"
985,2015-09-13,0.013064206465113597,"{""type"":""MultiPoint"",""coordinates"":[]}"
986,2015-09-14,0.012407852549066541,"{""type"":""MultiPoint"",""coordinates"":[]}"
987,2015-09-15,0.013026994493633627,"{""type"":""MultiPoint"",""coordinates"":[]}"
988,2015-09-16,0.013954496534518733,"{""type"":""MultiPoint"",""coordinates"":[]}"
989,2015-09-17,0.015304327081265034,"{""type"":""MultiPoint"",""coordinates"":[]}"
990,2015-09-18,0.015679304238754212,"{""type"":""MultiPoint"",""coordinates"":[]}"
991,2015-09-19,0.015803991068823235,"{""type"":""MultiPoint"",""coordinates"":[]}"
992,2015-09-20,0.015845041913339797,"{""type"":""MultiPoint"",""coordinates"":[]}"
993,2015-09-21,0.015357554107560586,"{""type"":""MultiPoint"",""coordinates"":[]}"
994,2015-09-22,0.015054456009709768,"{""type"":""MultiPoint"",""coordinates"":[]}"
995,2015-09-23,0.014935884365771078,"{""type"":""MultiPoint"",""coordinates"":[]}"
996,2015-09-24,0.01549410578152511,"{""type"":""MultiPoint"",""coordinates"":[]}"
997,2015-09-25,0.015392407265551454,"{""type"":""MultiPoint"",""coordinates"":[]}"
998,2015-09-26,0.014029177001240825,"{""type"":""MultiPoint"",""coordinates"":[]}"
999,2015-09-27,0.013460019638176515,"{""type"":""MultiPoint"",""coordinates"":[]}"
1000,2015-09-28,0.013471517487339942,"{""type"":""MultiPoint"",""coordinates"":[]}"
1001,2015-09-29,0.013262656709382281,"{""type"":""MultiPoint"",""coordinates"":[]}"
1002,2015-09-30,0.015271432448706964,"{""type"":""MultiPoint"",""coordinates"":[]}"
1003,2015-10-01,0.015003958844693813,"{""type"":""MultiPoint"",""coordinates"":[]}"
1004,2015-10-02,0.01511208485566916,"{""type"":""MultiPoint"",""coordinates"":[]}"
1005,2015-10-03,0.01537203333545943,"{""type"":""MultiPoint"",""coordinates"":[]}"
1006,2015-10-04,0.015067819894378033,"{""type"":""MultiPoint"",""coordinates"":[]}"
1007,2015-10-05,0.015208974825430684,"{""type"":""MultiPoint"",""coordinates"":[]}"
1008,2015-10-06,0.014836569355373927,"{""type"":""MultiPoint"",""coordinates"":[]}"
1009,2015-10-07,0.014175034621449466,"{""type"":""MultiPoint"",""coordinates"":[]}"
1010,2015-10-08,0.0149468966502885,"{""type"":""MultiPoint"",""coordinates"":[]}"
1011,2015-10-09,0.015871959165296722,"{""type"":""MultiPoint"",""coordinates"":[]}"
1012,2015-10-10,0.015372292921065463,"{""type"":""MultiPoint"",""coordinates"":[]}"
1013,2015-10-11,0.015241360855902547,"{""type"":""MultiPoint"",""coordinates"":[]}"
1014,2015-10-12,0.01478857570329492,"{""type"":""MultiPoint"",""coordinates"":[]}"
1015,2015-10-13,0.015334391826109108,"{""type"":""MultiPoint"",""coordinates"":[]}"
1016,2015-10-14,0.015611313236042144,"{""type"":""MultiPoint"",""coordinates"":[]}"
1017,2015-10-15,0.015798171884383063,"{""type"":""MultiPoint"",""coordinates"":[]}"
1018,2015-10-16,0.015362848560631831,"{""type"":""MultiPoint"",""coordinates"":[]}"
1019,2015-10-17,0.015024325554795851,"{""type"":""MultiPoint"",""coordinates"":[]}"
1020,2015-10-18,0.014927134140742523,"{""type"":""MultiPoint"",""coordinates"":[]}"
1021,2015-10-19,0.014654372398029171,"{""type"":""MultiPoint"",""coordinates"":[]}"
1022,2015-10-20,0.015104852077393163,"{""type"":""MultiPoint"",""coordinates"":[]}"
1023,2015-10-21,0.014660325618195478,"{""type"":""MultiPoint"",""coordinates"":[]}"
1024,2015-10-22,0.015248713505110702,"{""type"":""MultiPoint"",""coordinates"":[]}"
1025,2015-10-23,0.015528276929737085,"{""type"":""MultiPoint"",""coordinates"":[]}"
1026,2015-10-24,0.015620732221712666,"{""type"":""MultiPoint"",""coordinates"":[]}"
1027,2015-10-25,0.01552800749754111,"{""type"":""MultiPoint"",""coordinates"":[]}"
1028,2015-10-26,0.015442995498303672,"{""type"":""MultiPoint"",""coordinates"":[]}"
1029,2015-10-27,0.014727690414518666,"{""type"":""MultiPoint"",""coordinates"":[]}"
1030,2015-10-28,0.014870949974809776,"{""type"":""MultiPoint"",""coordinates"":[]}"
1031,2015-10-29,0.014233686823774358,"{""type"":""MultiPoint"",""coordinates"":[]}"
1032,2015-10-30,0.014924104060254269,"{""type"":""MultiPoint"",""coordinates"":[]}"
1033,2015-10-31,0.014850229972801532,"{""type"":""MultiPoint"",""coordinates"":[]}"
1034,2015-11-01,0.015563938511377086,"{""type"":""MultiPoint"",""coordinates"":[]}"
1035,2015-11-02,0.015359836077632796,"{""type"":""MultiPoint"",""coordinates"":[]}"
1036,2015-11-03,0.014814114445024307,"{""type"":""MultiPoint"",""coordinates"":[]}"
1037,2015-11-04,0.015097772691736816,"{""type"":""MultiPoint"",""coordinates"":[]}"
1038,2015-11-05,0.014935833269482793,"{""type"":""MultiPoint"",""coordinates"":[]}"
1039,2015-11-06,0.015212416863749884,"{""type"":""MultiPoint"",""coordinates"":[]}"
1040,2015-11-07,0.015255184142606652,"{""type"":""MultiPoint"",""coordinates"":[]}"
1041,2015-11-08,0.015301124016066625,"{""type"":""MultiPoint"",""coordinates"":[]}"
1042,2015-11-09,0.015590582485219431,"{""type"":""MultiPoint"",""coordinates"":[]}"
1043,2015-11-10,0.015319578681891223,"{""type"":""MultiPoint"",""coordinates"":[]}"
1044,2015-11-11,0.014947656919516418,"{""type"":""MultiPoint"",""coordinates"":[]}"
1045,2015-11-12,0.014618547883134868,"{""type"":""MultiPoint"",""coordinates"":[]}"
1046,2015-11-13,0.015629405300963913,"{""type"":""MultiPoint"",""coordinates"":[]}"
1047,2015-11-14,0.01550565150297789,"{""type"":""MultiPoint"",""coordinates"":[]}"
1048,2015-11-15,0.015450412961938139,"{""type"":""MultiPoint"",""coordinates"":[]}"
1049,2015-11-16,0.01534042663791746,"{""type"":""MultiPoint"",""coordinates"":[]}"
1050,2015-11-17,0.0157507038571602,"{""type"":""MultiPoint"",""coordinates"":[]}"
1051,2015-11-18,0.015120991366113494,"{""type"":""MultiPoint"",""coordinates"":[]}"
1052,2015-11-19,0.015634203493533342,"{""type"":""MultiPoint"",""coordinates"":[]}"
1053,2015-11-20,0.015206934954476633,"{""type"":""MultiPoint"",""coordinates"":[]}"
1054,2015-11-21,0.015364561072894073,"{""type"":""MultiPoint"",""coordinates"":[]}"
1055,2015-11-22,0.015375219875283829,"{""type"":""MultiPoint"",""coordinates"":[]}"
1056,2015-11-23,0.014893756801845992,"{""type"":""MultiPoint"",""coordinates"":[]}"
1057,2015-11-24,0.013849797095380657,"{""type"":""MultiPoint"",""coordinates"":[]}"
1058,2015-11-25,0.013638231329246334,"{""type"":""MultiPoint"",""coordinates"":[]}"
1059,2015-11-26,0.013795885380448547,"{""type"":""MultiPoint"",""coordinates"":[]}"
1060,2015-11-27,0.014551700650385455,"{""type"":""MultiPoint"",""coordinates"":[]}"
1061,2015-11-28,0.015067110600290838,"{""type"":""MultiPoint"",""coordinates"":[]}"
1062,2015-11-29,0.015493888236754329,"{""type"":""MultiPoint"",""coordinates"":[]}"
1063,2015-11-30,0.015945793726197446,"{""type"":""MultiPoint"",""coordinates"":[]}"
1064,2015-12-01,0.015972740849429245,"{""type"":""MultiPoint"",""coordinates"":[]}"
1065,2015-12-02,0.014882808357203832,"{""type"":""MultiPoint"",""coordinates"":[]}"
1066,2015-12-03,0.014084948020226683,"{""type"":""MultiPoint"",""coordinates"":[]}"
1067,2015-12-04,0.014593594074430215,"{""type"":""MultiPoint"",""coordinates"":[]}"
1068,2015-12-05,0.014528893926558322,"{""type"":""MultiPoint"",""coordinates"":[]}"
1069,2015-12-06,0.014221811044691543,"{""type"":""MultiPoint"",""coordinates"":[]}"
1070,2015-12-07,0.015117689396332503,"{""type"":""MultiPoint"",""coordinates"":[]}"
1071,2015-12-08,0.015056704293092693,"{""type"":""MultiPoint"",""coordinates"":[]}"
1072,2015-12-09,0.014744046555671833,"{""type"":""MultiPoint"",""coordinates"":[]}"
1073,2015-12-10,0.015370098548311789,"{""type"":""MultiPoint"",""coordinates"":[]}"
1074,2015-12-11,0.014731829959402828,"{""type"":""MultiPoint"",""coordinates"":[]}"
1075,2015-12-12,0.014290636332088302,"{""type"":""MultiPoint"",""coordinates"":[]}"
1076,2015-12-13,0.014566267765143581,"{""type"":""MultiPoint"",""coordinates"":[]}"
1077,2015-12-14,0.015479478057974524,"{""type"":""MultiPoint"",""coordinates"":[]}"
1078,2015-12-15,0.015555412401520847,"{""type"":""MultiPoint"",""coordinates"":[]}"
1079,2015-12-16,0.015259548146292058,"{""type"":""MultiPoint"",""coordinates"":[]}"
1080,2015-12-17,0.015235120429139085,"{""type"":""MultiPoint"",""coordinates"":[]}"
1081,2015-12-18,0.015078276465078479,"{""type"":""MultiPoint"",""coordinates"":[]}"
1082,2015-12-19,0.01568014869191535,"{""type"":""MultiPoint"",""coordinates"":[]}"
1083,2015-12-20,0.014904251373017733,"{""type"":""MultiPoint"",""coordinates"":[]}"
1084,2015-12-21,0.014259506364176763,"{""type"":""MultiPoint"",""coordinates"":[]}"
1085,2015-12-22,0.013657061668865761,"{""type"":""MultiPoint"",""coordinates"":[]}"
1086,2015-12-23,0.014227297126859792,"{""type"":""MultiPoint"",""coordinates"":[]}"
1087,2015-12-24,0.014159011485127526,"{""type"":""MultiPoint"",""coordinates"":[]}"
1088,2015-12-25,0.013907465055738142,"{""type"":""MultiPoint"",""coordinates"":[]}"
1089,2015-12-26,0.014044176600254983,"{""type"":""MultiPoint"",""coordinates"":[]}"
1090,2015-12-27,0.014342724010867232,"{""type"":""MultiPoint"",""coordinates"":[]}"
1091,2015-12-28,0.014404650328880905,"{""type"":""MultiPoint"",""coordinates"":[]}"
1092,2015-12-29,0.014545998370827219,"{""type"":""MultiPoint"",""coordinates"":[]}"
1093,2015-12-30,0.014841041363836587,"{""type"":""MultiPoint"",""coordinates"":[]}"
1094,2015-12-31,0.015064430500622053,"{""type"":""MultiPoint"",""coordinates"":[]}"
1095,2016-01-01,0.015130108232079567,"{""type"":""MultiPoint"",""coordinates"":[]}"
1096,2016-01-02,0.014964231987002455,"{""type"":""MultiPoint"",""coordinates"":[]}"
1097,2016-01-03,0.014574360484887519,"{""type"":""MultiPoint"",""coordinates"":[]}"
1098,2016-01-04,0.015472663982011256,"{""type"":""MultiPoint"",""coordinates"":[]}"
1099,2016-01-05,0.0150393121340096,"{""type"":""MultiPoint"",""coordinates"":[]}"
1100,2016-01-06,0.01551998275616172,"{""type"":""MultiPoint"",""coordinates"":[]}"
1101,2016-01-07,0.015229001995272462,"{""type"":""MultiPoint"",""coordinates"":[]}"
1102,2016-01-08,0.015786021841037667,"{""type"":""MultiPoint"",""coordinates"":[]}"
1103,2016-01-09,0.01575219027013527,"{""type"":""MultiPoint"",""coordinates"":[]}"
1104,2016-01-10,0.015388650547093796,"{""type"":""MultiPoint"",""coordinates"":[]}"
1105,2016-01-11,0.014865827365146233,"{""type"":""MultiPoint"",""coordinates"":[]}"
1106,2016-01-12,0.013713556330098924,"{""type"":""MultiPoint"",""coordinates"":[]}"
1107,2016-01-13,0.014419737700851393,"{""type"":""MultiPoint"",""coordinates"":[]}"
1108,2016-01-14,0.01399542096672448,"{""type"":""MultiPoint"",""coordinates"":[]}"
1109,2016-01-15,0.014131997945778902,"{""type"":""MultiPoint"",""coordinates"":[]}"
1110,2016-01-16,0.013285225284696299,"{""type"":""MultiPoint"",""coordinates"":[]}"
1111,2016-01-17,0.013709235566953306,"{""type"":""MultiPoint"",""coordinates"":[]}"
1112,2016-01-18,0.013617505619114394,"{""type"":""MultiPoint"",""coordinates"":[]}"
1113,2016-01-19,0.012861841050489277,"{""type"":""MultiPoint"",""coordinates"":[]}"
1114,2016-01-20,0.01327511480898286,"{""type"":""MultiPoint"",""coordinates"":[]}"
1115,2016-01-21,0.014118424731575327,"{""type"":""MultiPoint"",""coordinates"":[]}"
1116,2016-01-22,0.014903524426010823,"{""type"":""MultiPoint"",""coordinates"":[]}"
1117,2016-01-23,0.014497956221960942,"{""type"":""MultiPoint"",""coordinates"":[]}"
1118,2016-01-24,0.014879409683152413,"{""type"":""MultiPoint"",""coordinates"":[]}"
1119,2016-01-25,0.015521456122395806,"{""type"":""MultiPoint"",""coordinates"":[]}"
1120,2016-01-26,0.014065578175147508,"{""type"":""MultiPoint"",""coordinates"":[]}"
1121,2016-01-27,0.013643050394578133,"{""type"":""MultiPoint"",""coordinates"":[]}"
1122,2016-01-28,0.012362562220884608,"{""type"":""MultiPoint"",""coordinates"":[]}"
1123,2016-01-29,0.013978143137737285,"{""type"":""MultiPoint"",""coordinates"":[]}"
1124,2016-01-30,0.01455778662758673,"{""type"":""MultiPoint"",""coordinates"":[]}"
1125,2016-01-31,0.013522387216195648,"{""type"":""MultiPoint"",""coordinates"":[]}"
1126,2016-02-01,0.01271364986780333,"{""type"":""MultiPoint"",""coordinates"":[]}"
1127,2016-02-02,0.013381764893243485,"{""type"":""MultiPoint"",""coordinates"":[]}"
1128,2016-02-03,0.01375612384780319,"{""type"":""MultiPoint"",""coordinates"":[]}"
1129,2016-02-04,0.01433590612692,"{""type"":""MultiPoint"",""coordinates"":[]}"
1130,2016-02-05,0.014971742728378852,"{""type"":""MultiPoint"",""coordinates"":[]}"
1131,2016-02-06,0.014741394572627686,"{""type"":""MultiPoint"",""coordinates"":[]}"
1132,2016-02-07,0.014748886137713772,"{""type"":""MultiPoint"",""coordinates"":[]}"
1133,2016-02-08,0.015309058579592714,"{""type"":""MultiPoint"",""coordinates"":[]}"
1134,2016-02-09,0.015567437765908014,"{""type"":""MultiPoint"",""coordinates"":[]}"
1135,2016-02-10,0.015035072335647763,"{""type"":""MultiPoint"",""coordinates"":[]}"
1136,2016-02-11,0.01541663392535795,"{""type"":""MultiPoint"",""coordinates"":[]}"
1137,2016-02-12,0.01574999174831881,"{""type"":""MultiPoint"",""coordinates"":[]}"
1138,2016-02-13,0.01568320523059954,"{""type"":""MultiPoint"",""coordinates"":[]}"
1139,2016-02-14,0.015508920133161436,"{""type"":""MultiPoint"",""coordinates"":[]}"
1140,2016-02-15,0.015637231289868856,"{""type"":""MultiPoint"",""coordinates"":[]}"
1141,2016-02-16,0.015605274348852704,"{""type"":""MultiPoint"",""coordinates"":[]}"
1142,2016-02-17,0.016091982599920656,"{""type"":""MultiPoint"",""coordinates"":[]}"
1143,2016-02-18,0.01494182221203194,"{""type"":""MultiPoint"",""coordinates"":[]}"
1144,2016-02-19,0.015298440168668841,"{""type"":""MultiPoint"",""coordinates"":[]}"
1145,2016-02-20,0.016040158728456343,"{""type"":""MultiPoint"",""coordinates"":[]}"
1146,2016-02-21,0.016486396221612454,"{""type"":""MultiPoint"",""coordinates"":[]}"
1147,2016-02-22,0.015442338200041254,"{""type"":""MultiPoint"",""coordinates"":[]}"
1148,2016-02-23,0.015569381456384054,"{""type"":""MultiPoint"",""coordinates"":[]}"
1149,2016-02-24,0.016195905432333863,"{""type"":""MultiPoint"",""coordinates"":[]}"
1150,2016-02-25,0.016254286570350874,"{""type"":""MultiPoint"",""coordinates"":[]}"
1151,2016-02-26,0.015985924091120693,"{""type"":""MultiPoint"",""coordinates"":[]}"
1152,2016-02-27,0.01598006497554837,"{""type"":""MultiPoint"",""coordinates"":[]}"
1153,2016-02-28,0.015894840914838507,"{""type"":""MultiPoint"",""coordinates"":[]}"
1154,2016-02-29,0.015424026253979513,"{""type"":""MultiPoint"",""coordinates"":[]}"
1155,2016-03-01,0.015665111169876764,"{""type"":""MultiPoint"",""coordinates"":[]}"
1156,2016-03-02,0.015348503051073862,"{""type"":""MultiPoint"",""coordinates"":[]}"
1157,2016-03-03,0.01509534050853112,"{""type"":""MultiPoint"",""coordinates"":[]}"
1158,2016-03-04,0.014511750551569941,"{""type"":""MultiPoint"",""coordinates"":[]}"
1159,2016-03-05,0.015437608500119939,"{""type"":""MultiPoint"",""coordinates"":[]}"
1160,2016-03-06,0.01583916276245621,"{""type"":""MultiPoint"",""coordinates"":[]}"
1161,2016-03-07,0.01562952289674239,"{""type"":""MultiPoint"",""coordinates"":[]}"
1162,2016-03-08,0.015502098200835007,"{""type"":""MultiPoint"",""coordinates"":[]}"
1163,2016-03-09,0.015487570244978606,"{""type"":""MultiPoint"",""coordinates"":[]}"
1164,2016-03-10,0.01566747723157836,"{""type"":""MultiPoint"",""coordinates"":[]}"
1165,2016-03-11,0.015581995190737096,"{""type"":""MultiPoint"",""coordinates"":[]}"
1166,2016-03-12,0.01460588628020485,"{""type"":""MultiPoint"",""coordinates"":[]}"
1167,2016-03-13,0.015185832353780982,"{""type"":""MultiPoint"",""coordinates"":[]}"
1168,2016-03-14,0.014686925379895459,"{""type"":""MultiPoint"",""coordinates"":[]}"
1169,2016-03-15,0.01416081359801577,"{""type"":""MultiPoint"",""coordinates"":[]}"
1170,2016-03-16,0.01650056697984472,"{""type"":""MultiPoint"",""coordinates"":[]}"
1171,2016-03-17,0.016662417169279412,"{""type"":""MultiPoint"",""coordinates"":[]}"
1172,2016-03-18,0.01592858580922558,"{""type"":""MultiPoint"",""coordinates"":[]}"
1173,2016-03-19,0.016170370638433858,"{""type"":""MultiPoint"",""coordinates"":[]}"
1174,2016-03-20,0.016459243309530663,"{""type"":""MultiPoint"",""coordinates"":[]}"
1175,2016-03-21,0.0159337293042247,"{""type"":""MultiPoint"",""coordinates"":[]}"
1176,2016-03-22,0.015475674597305639,"{""type"":""MultiPoint"",""coordinates"":[]}"
1177,2016-03-23,0.0154774883975229,"{""type"":""MultiPoint"",""coordinates"":[]}"
1178,2016-03-24,0.015398752972785035,"{""type"":""MultiPoint"",""coordinates"":[]}"
1179,2016-03-25,0.015083184061579769,"{""type"":""MultiPoint"",""coordinates"":[]}"
1180,2016-03-26,0.014829696652592157,"{""type"":""MultiPoint"",""coordinates"":[]}"
1181,2016-03-27,0.016219385109143065,"{""type"":""MultiPoint"",""coordinates"":[]}"
1182,2016-03-28,0.01628306581501004,"{""type"":""MultiPoint"",""coordinates"":[]}"
1183,2016-03-29,0.015416503267779637,"{""type"":""MultiPoint"",""coordinates"":[]}"
1184,2016-03-30,0.015643233898125462,"{""type"":""MultiPoint"",""coordinates"":[]}"
1185,2016-03-31,0.015966290569134668,"{""type"":""MultiPoint"",""coordinates"":[]}"
1186,2016-04-01,0.015818044255632623,"{""type"":""MultiPoint"",""coordinates"":[]}"
1187,2016-04-02,0.015124714575247363,"{""type"":""MultiPoint"",""coordinates"":[]}"
1188,2016-04-03,0.015651039407065113,"{""type"":""MultiPoint"",""coordinates"":[]}"
1189,2016-04-04,0.01559156903252816,"{""type"":""MultiPoint"",""coordinates"":[]}"
1190,2016-04-05,0.015319647615159743,"{""type"":""MultiPoint"",""coordinates"":[]}"
1191,2016-04-06,0.014902652911334682,"{""type"":""MultiPoint"",""coordinates"":[]}"
1192,2016-04-07,0.01649279833269192,"{""type"":""MultiPoint"",""coordinates"":[]}"
1193,2016-04-08,0.016238236832031214,"{""type"":""MultiPoint"",""coordinates"":[]}"
1194,2016-04-09,0.016301266708012314,"{""type"":""MultiPoint"",""coordinates"":[]}"
1195,2016-04-10,0.01640362472179614,"{""type"":""MultiPoint"",""coordinates"":[]}"
1196,2016-04-11,0.015412787525371155,"{""type"":""MultiPoint"",""coordinates"":[]}"
1197,2016-04-12,0.016317102222430803,"{""type"":""MultiPoint"",""coordinates"":[]}"
1198,2016-04-13,0.015767435476438208,"{""type"":""MultiPoint"",""coordinates"":[]}"
1199,2016-04-14,0.015088088928586168,"{""type"":""MultiPoint"",""coordinates"":[]}"
1200,2016-04-15,0.016137108872318586,"{""type"":""MultiPoint"",""coordinates"":[]}"
1201,2016-04-16,0.01608039252536711,"{""type"":""MultiPoint"",""coordinates"":[]}"
1202,2016-04-17,0.01655068390877908,"{""type"":""MultiPoint"",""coordinates"":[]}"
1203,2016-04-18,0.016121846031790333,"{""type"":""MultiPoint"",""coordinates"":[]}"
1204,2016-04-19,0.0163191345987076,"{""type"":""MultiPoint"",""coordinates"":[]}"
1205,2016-04-20,0.015915496631134514,"{""type"":""MultiPoint"",""coordinates"":[]}"
1206,2016-04-21,0.016222410759969757,"{""type"":""MultiPoint"",""coordinates"":[]}"
1207,2016-04-22,0.0160632322728944,"{""type"":""MultiPoint"",""coordinates"":[]}"
1208,2016-04-23,0.015689668672922735,"{""type"":""MultiPoint"",""coordinates"":[]}"
1209,2016-04-24,0.015820178167829654,"{""type"":""MultiPoint"",""coordinates"":[]}"
1210,2016-04-25,0.015771023817422337,"{""type"":""MultiPoint"",""coordinates"":[]}"
1211,2016-04-26,0.016021039954253764,"{""type"":""MultiPoint"",""coordinates"":[]}"
1212,2016-04-27,0.0161277425617456,"{""type"":""MultiPoint"",""coordinates"":[]}"
1213,2016-04-28,0.015216231828482142,"{""type"":""MultiPoint"",""coordinates"":[]}"
1214,2016-04-29,0.015362666006133459,"{""type"":""MultiPoint"",""coordinates"":[]}"
1215,2016-04-30,0.015940323940669816,"{""type"":""MultiPoint"",""coordinates"":[]}"
1216,2016-05-01,0.0160141637628906,"{""type"":""MultiPoint"",""coordinates"":[]}"
1217,2016-05-02,0.015536778517207089,"{""type"":""MultiPoint"",""coordinates"":[]}"
1218,2016-05-03,0.016157175903461968,"{""type"":""MultiPoint"",""coordinates"":[]}"
1219,2016-05-04,0.01596900311835535,"{""type"":""MultiPoint"",""coordinates"":[]}"
1220,2016-05-05,0.015640075780002056,"{""type"":""MultiPoint"",""coordinates"":[]}"
1221,2016-05-06,0.01582324838121513,"{""type"":""MultiPoint"",""coordinates"":[]}"
1222,2016-05-07,0.015838406357994387,"{""type"":""MultiPoint"",""coordinates"":[]}"
1223,2016-05-08,0.015755930920353576,"{""type"":""MultiPoint"",""coordinates"":[]}"
1224,2016-05-09,0.015751915554309073,"{""type"":""MultiPoint"",""coordinates"":[]}"
1225,2016-05-10,0.015563485488231632,"{""type"":""MultiPoint"",""coordinates"":[]}"
1226,2016-05-11,0.015140217991499597,"{""type"":""MultiPoint"",""coordinates"":[]}"
1227,2016-05-12,0.016045883150205643,"{""type"":""MultiPoint"",""coordinates"":[]}"
1228,2016-05-13,0.015813599147179027,"{""type"":""MultiPoint"",""coordinates"":[]}"
1229,2016-05-14,0.015605147881694507,"{""type"":""MultiPoint"",""coordinates"":[]}"
1230,2016-05-15,0.015384498428864989,"{""type"":""MultiPoint"",""coordinates"":[]}"
1231,2016-05-16,0.0158940610989527,"{""type"":""MultiPoint"",""coordinates"":[]}"
1232,2016-05-17,0.01566113275905237,"{""type"":""MultiPoint"",""coordinates"":[]}"
1233,2016-05-18,0.01578091753038765,"{""type"":""MultiPoint"",""coordinates"":[]}"
1234,2016-05-19,0.01618977831170351,"{""type"":""MultiPoint"",""coordinates"":[]}"
1235,2016-05-20,0.015625407048872452,"{""type"":""MultiPoint"",""coordinates"":[]}"
1236,2016-05-21,0.01586160618425619,"{""type"":""MultiPoint"",""coordinates"":[]}"
1237,2016-05-22,0.016198526311877886,"{""type"":""MultiPoint"",""coordinates"":[]}"
1238,2016-05-23,0.01616330262848817,"{""type"":""MultiPoint"",""coordinates"":[]}"
1239,2016-05-24,0.01581800446255398,"{""type"":""MultiPoint"",""coordinates"":[]}"
1240,2016-05-25,0.015523541577222582,"{""type"":""MultiPoint"",""coordinates"":[]}"
1241,2016-05-26,0.015991429698009745,"{""type"":""MultiPoint"",""coordinates"":[]}"
1242,2016-05-27,0.015410777312590156,"{""type"":""MultiPoint"",""coordinates"":[]}"
1243,2016-05-28,0.015787820484124863,"{""type"":""MultiPoint"",""coordinates"":[]}"
1244,2016-05-29,0.015388877848258077,"{""type"":""MultiPoint"",""coordinates"":[]}"
1245,2016-05-30,0.015342307535471491,"{""type"":""MultiPoint"",""coordinates"":[]}"
1246,2016-05-31,0.015625454299851595,"{""type"":""MultiPoint"",""coordinates"":[]}"
1247,2016-06-01,0.015435013888422036,"{""type"":""MultiPoint"",""coordinates"":[]}"
1248,2016-06-02,0.015290729023440766,"{""type"":""MultiPoint"",""coordinates"":[]}"
1249,2016-06-03,0.014983190318352255,"{""type"":""MultiPoint"",""coordinates"":[]}"
1250,2016-06-04,0.014640047125908285,"{""type"":""MultiPoint"",""coordinates"":[]}"
1251,2016-06-05,0.014729789004896165,"{""type"":""MultiPoint"",""coordinates"":[]}"
1252,2016-06-06,0.015395726449337954,"{""type"":""MultiPoint"",""coordinates"":[]}"
1253,2016-06-07,0.015011538716906234,"{""type"":""MultiPoint"",""coordinates"":[]}"
1254,2016-06-08,0.015085382006847371,"{""type"":""MultiPoint"",""coordinates"":[]}"
1255,2016-06-09,0.015092174837023924,"{""type"":""MultiPoint"",""coordinates"":[]}"
1256,2016-06-10,0.015097051436918633,"{""type"":""MultiPoint"",""coordinates"":[]}"
1257,2016-06-11,0.014599724481223026,"{""type"":""MultiPoint"",""coordinates"":[]}"
1258,2016-06-12,0.014789085776319419,"{""type"":""MultiPoint"",""coordinates"":[]}"
1259,2016-06-13,0.014597607066903823,"{""type"":""MultiPoint"",""coordinates"":[]}"
1260,2016-06-14,0.01458953944916669,"{""type"":""MultiPoint"",""coordinates"":[]}"
1261,2016-06-15,0.014480142761552713,"{""type"":""MultiPoint"",""coordinates"":[]}"
1262,2016-06-16,0.014296455410384509,"{""type"":""MultiPoint"",""coordinates"":[]}"
1263,2016-06-17,0.013866732108226637,"{""type"":""MultiPoint"",""coordinates"":[]}"
1264,2016-06-18,0.014318301351701137,"{""type"":""MultiPoint"",""coordinates"":[]}"
1265,2016-06-19,0.014506515435119762,"{""type"":""MultiPoint"",""coordinates"":[]}"
1266,2016-06-20,0.014633782315662884,"{""type"":""MultiPoint"",""coordinates"":[]}"
1267,2016-06-21,0.014815841147653634,"{""type"":""MultiPoint"",""coordinates"":[]}"
1268,2016-06-22,0.014552486392979312,"{""type"":""MultiPoint"",""coordinates"":[]}"
1269,2016-06-23,0.014823070494357422,"{""type"":""MultiPoint"",""coordinates"":[]}"
1270,2016-06-24,0.014996012503844254,"{""type"":""MultiPoint"",""coordinates"":[]}"
1271,2016-06-25,0.015032655893906977,"{""type"":""MultiPoint"",""coordinates"":[]}"
1272,2016-06-26,0.014817022114206506,"{""type"":""MultiPoint"",""coordinates"":[]}"
1273,2016-06-27,0.014175405826463762,"{""type"":""MultiPoint"",""coordinates"":[]}"
1274,2016-06-28,0.0141003737541127,"{""type"":""MultiPoint"",""coordinates"":[]}"
1275,2016-06-29,0.014432012362537062,"{""type"":""MultiPoint"",""coordinates"":[]}"
1276,2016-06-30,0.014697246998757884,"{""type"":""MultiPoint"",""coordinates"":[]}"
1277,2016-07-01,0.014800240811776754,"{""type"":""MultiPoint"",""coordinates"":[]}"
1278,2016-07-02,0.014403235821443592,"{""type"":""MultiPoint"",""coordinates"":[]}"
1279,2016-07-03,0.014819386226797506,"{""type"":""MultiPoint"",""coordinates"":[]}"
1280,2016-07-04,0.014980198115534797,"{""type"":""MultiPoint"",""coordinates"":[]}"
1281,2016-07-05,0.014729251596263511,"{""type"":""MultiPoint"",""coordinates"":[]}"
1282,2016-07-06,0.014765159247237009,"{""type"":""MultiPoint"",""coordinates"":[]}"
1283,2016-07-07,0.014341584163958197,"{""type"":""MultiPoint"",""coordinates"":[]}"
1284,2016-07-08,0.013998658349977456,"{""type"":""MultiPoint"",""coordinates"":[]}"
1285,2016-07-09,0.013807145011438633,"{""type"":""MultiPoint"",""coordinates"":[]}"
1286,2016-07-10,0.013919071245609113,"{""type"":""MultiPoint"",""coordinates"":[]}"
1287,2016-07-11,0.01466290237367984,"{""type"":""MultiPoint"",""coordinates"":[]}"
1288,2016-07-12,0.015198977554060503,"{""type"":""MultiPoint"",""coordinates"":[]}"
1289,2016-07-13,0.014646795573198229,"{""type"":""MultiPoint"",""coordinates"":[]}"
1290,2016-07-14,0.014714067509056577,"{""type"":""MultiPoint"",""coordinates"":[]}"
1291,2016-07-15,0.014981754178404416,"{""type"":""MultiPoint"",""coordinates"":[]}"
1292,2016-07-16,0.0146516300420445,"{""type"":""MultiPoint"",""coordinates"":[]}"
1293,2016-07-17,0.014632844552821064,"{""type"":""MultiPoint"",""coordinates"":[]}"
1294,2016-07-18,0.014541359264857842,"{""type"":""MultiPoint"",""coordinates"":[]}"
1295,2016-07-19,0.014172940726710692,"{""type"":""MultiPoint"",""coordinates"":[]}"
1296,2016-07-20,0.014322343737600428,"{""type"":""MultiPoint"",""coordinates"":[]}"
1297,2016-07-21,0.0142455665536764,"{""type"":""MultiPoint"",""coordinates"":[]}"
1298,2016-07-22,0.01375731330770096,"{""type"":""MultiPoint"",""coordinates"":[]}"
1299,2016-07-23,0.013719187073420507,"{""type"":""MultiPoint"",""coordinates"":[]}"
1300,2016-07-24,0.01436253774850802,"{""type"":""MultiPoint"",""coordinates"":[]}"
1301,2016-07-25,0.014550402673090166,"{""type"":""MultiPoint"",""coordinates"":[]}"
1302,2016-07-26,0.014828160204891763,"{""type"":""MultiPoint"",""coordinates"":[]}"
1303,2016-07-27,0.014714275899938676,"{""type"":""MultiPoint"",""coordinates"":[]}"
1304,2016-07-28,0.01425037213297753,"{""type"":""MultiPoint"",""coordinates"":[]}"
1305,2016-07-29,0.01392432009600366,"{""type"":""MultiPoint"",""coordinates"":[]}"
1306,2016-07-30,0.013952606280877295,"{""type"":""MultiPoint"",""coordinates"":[]}"
1307,2016-07-31,0.014136154928178678,"{""type"":""MultiPoint"",""coordinates"":[]}"
1308,2016-08-01,0.01377559138336724,"{""type"":""MultiPoint"",""coordinates"":[]}"
1309,2016-08-02,0.013568744223457462,"{""type"":""MultiPoint"",""coordinates"":[]}"
1310,2016-08-03,0.01387528635666782,"{""type"":""MultiPoint"",""coordinates"":[]}"
1311,2016-08-04,0.013424070110092877,"{""type"":""MultiPoint"",""coordinates"":[]}"
1312,2016-08-05,0.014316367468227174,"{""type"":""MultiPoint"",""coordinates"":[]}"
1313,2016-08-06,0.0144511292783651,"{""type"":""MultiPoint"",""coordinates"":[]}"
1314,2016-08-07,0.014622694495337901,"{""type"":""MultiPoint"",""coordinates"":[]}"
1315,2016-08-08,0.014703255313369143,"{""type"":""MultiPoint"",""coordinates"":[]}"
1316,2016-08-09,0.015185366951437504,"{""type"":""MultiPoint"",""coordinates"":[]}"
1317,2016-08-10,0.014921749394204042,"{""type"":""MultiPoint"",""coordinates"":[]}"
1318,2016-08-11,0.014477590722029941,"{""type"":""MultiPoint"",""coordinates"":[]}"
1319,2016-08-12,0.01439374064360645,"{""type"":""MultiPoint"",""coordinates"":[]}"
1320,2016-08-13,0.014401950357244307,"{""type"":""MultiPoint"",""coordinates"":[]}"
1321,2016-08-14,0.014206818307235634,"{""type"":""MultiPoint"",""coordinates"":[]}"
1322,2016-08-15,0.013899343248053005,"{""type"":""MultiPoint"",""coordinates"":[]}"
1323,2016-08-16,0.014886721517426435,"{""type"":""MultiPoint"",""coordinates"":[]}"
1324,2016-08-17,0.015247797984387296,"{""type"":""MultiPoint"",""coordinates"":[]}"
1325,2016-08-18,0.01527178997268828,"{""type"":""MultiPoint"",""coordinates"":[]}"
1326,2016-08-19,0.01485231774740506,"{""type"":""MultiPoint"",""coordinates"":[]}"
1327,2016-08-20,0.015114363528640705,"{""type"":""MultiPoint"",""coordinates"":[]}"
1328,2016-08-21,0.013862608319278128,"{""type"":""MultiPoint"",""coordinates"":[]}"
1329,2016-08-22,0.013768040659582403,"{""type"":""MultiPoint"",""coordinates"":[]}"
1330,2016-08-23,0.013356239286393824,"{""type"":""MultiPoint"",""coordinates"":[]}"
1331,2016-08-24,0.014173028901822217,"{""type"":""MultiPoint"",""coordinates"":[]}"
1332,2016-08-25,0.014023069696796753,"{""type"":""MultiPoint"",""coordinates"":[]}"
1333,2016-08-26,0.0142603124528679,"{""type"":""MultiPoint"",""coordinates"":[]}"
1334,2016-08-27,0.014192299683467843,"{""type"":""MultiPoint"",""coordinates"":[]}"
1335,2016-08-28,0.013961014619849802,"{""type"":""MultiPoint"",""coordinates"":[]}"
1336,2016-08-29,0.014156581968818596,"{""type"":""MultiPoint"",""coordinates"":[]}"
1337,2016-08-30,0.014905662781149001,"{""type"":""MultiPoint"",""coordinates"":[]}"
1338,2016-08-31,0.014125404907863745,"{""type"":""MultiPoint"",""coordinates"":[]}"
1339,2016-09-01,0.014049330214835724,"{""type"":""MultiPoint"",""coordinates"":[]}"
1340,2016-09-02,0.013365264023916945,"{""type"":""MultiPoint"",""coordinates"":[]}"
1341,2016-09-03,0.013336851815043365,"{""type"":""MultiPoint"",""coordinates"":[]}"
1342,2016-09-04,0.014905239734206597,"{""type"":""MultiPoint"",""coordinates"":[]}"
1343,2016-09-05,0.015029691314366192,"{""type"":""MultiPoint"",""coordinates"":[]}"
1344,2016-09-06,0.014968865414393335,"{""type"":""MultiPoint"",""coordinates"":[]}"
1345,2016-09-07,0.014884501784009484,"{""type"":""MultiPoint"",""coordinates"":[]}"
1346,2016-09-08,0.01475771002259741,"{""type"":""MultiPoint"",""coordinates"":[]}"
1347,2016-09-09,0.014344003559890755,"{""type"":""MultiPoint"",""coordinates"":[]}"
1348,2016-09-10,0.014282838581031519,"{""type"":""MultiPoint"",""coordinates"":[]}"
1349,2016-09-11,0.014463077415656918,"{""type"":""MultiPoint"",""coordinates"":[]}"
1350,2016-09-12,0.014237678433999167,"{""type"":""MultiPoint"",""coordinates"":[]}"
1351,2016-09-13,0.015153344873082083,"{""type"":""MultiPoint"",""coordinates"":[]}"
1352,2016-09-14,0.015009301309026835,"{""type"":""MultiPoint"",""coordinates"":[]}"
1353,2016-09-15,0.015010525324287552,"{""type"":""MultiPoint"",""coordinates"":[]}"
1354,2016-09-16,0.01503101932765393,"{""type"":""MultiPoint"",""coordinates"":[]}"
1355,2016-09-17,0.01408284449730196,"{""type"":""MultiPoint"",""coordinates"":[]}"
1356,2016-09-18,0.014912768595357647,"{""type"":""MultiPoint"",""coordinates"":[]}"
1357,2016-09-19,0.014912974452687596,"{""type"":""MultiPoint"",""coordinates"":[]}"
1358,2016-09-20,0.013802136144969787,"{""type"":""MultiPoint"",""coordinates"":[]}"
1359,2016-09-21,0.013931322997324379,"{""type"":""MultiPoint"",""coordinates"":[]}"
1360,2016-09-22,0.013801467970343794,"{""type"":""MultiPoint"",""coordinates"":[]}"
1361,2016-09-23,0.014374841656249221,"{""type"":""MultiPoint"",""coordinates"":[]}"
1362,2016-09-24,0.01481076506013669,"{""type"":""MultiPoint"",""coordinates"":[]}"
1363,2016-09-25,0.014362657143372986,"{""type"":""MultiPoint"",""coordinates"":[]}"
1364,2016-09-26,0.014420381715164313,"{""type"":""MultiPoint"",""coordinates"":[]}"
1365,2016-09-27,0.014776990804335253,"{""type"":""MultiPoint"",""coordinates"":[]}"
1366,2016-09-28,0.013991520665207681,"{""type"":""MultiPoint"",""coordinates"":[]}"
1367,2016-09-29,0.014373237537056334,"{""type"":""MultiPoint"",""coordinates"":[]}"
1368,2016-09-30,0.014796548579538644,"{""type"":""MultiPoint"",""coordinates"":[]}"
1369,2016-10-01,0.015171214763538811,"{""type"":""MultiPoint"",""coordinates"":[]}"
1370,2016-10-02,0.015061868470342568,"{""type"":""MultiPoint"",""coordinates"":[]}"
1371,2016-10-03,0.01513722610415598,"{""type"":""MultiPoint"",""coordinates"":[]}"
1372,2016-10-04,0.015554171076761193,"{""type"":""MultiPoint"",""coordinates"":[]}"
1373,2016-10-05,0.015000914848315278,"{""type"":""MultiPoint"",""coordinates"":[]}"
1374,2016-10-06,0.014429793509067623,"{""type"":""MultiPoint"",""coordinates"":[]}"
1375,2016-10-07,0.015116807900130041,"{""type"":""MultiPoint"",""coordinates"":[]}"
1376,2016-10-08,0.01541399996887019,"{""type"":""MultiPoint"",""coordinates"":[]}"
1377,2016-10-09,0.015255117229146126,"{""type"":""MultiPoint"",""coordinates"":[]}"
1378,2016-10-10,0.014956145932884737,"{""type"":""MultiPoint"",""coordinates"":[]}"
1379,2016-10-11,0.014894454035414622,"{""type"":""MultiPoint"",""coordinates"":[]}"
1380,2016-10-12,0.01548490023124805,"{""type"":""MultiPoint"",""coordinates"":[]}"
1381,2016-10-13,0.014405520285105345,"{""type"":""MultiPoint"",""coordinates"":[]}"
1382,2016-10-14,0.014678898649397894,"{""type"":""MultiPoint"",""coordinates"":[]}"
1383,2016-10-15,0.01519939520602677,"{""type"":""MultiPoint"",""coordinates"":[]}"
1384,2016-10-16,0.01582247977255064,"{""type"":""MultiPoint"",""coordinates"":[]}"
1385,2016-10-17,0.01583427744976812,"{""type"":""MultiPoint"",""coordinates"":[]}"
1386,2016-10-18,0.015557568780802366,"{""type"":""MultiPoint"",""coordinates"":[]}"
1387,2016-10-19,0.014634754761036385,"{""type"":""MultiPoint"",""coordinates"":[]}"
1388,2016-10-20,0.015306915495011226,"{""type"":""MultiPoint"",""coordinates"":[]}"
1389,2016-10-21,0.014224581093038006,"{""type"":""MultiPoint"",""coordinates"":[]}"
1390,2016-10-22,0.01543024408034479,"{""type"":""MultiPoint"",""coordinates"":[]}"
1391,2016-10-23,0.015215744719073573,"{""type"":""MultiPoint"",""coordinates"":[]}"
1392,2016-10-24,0.014990859971050374,"{""type"":""MultiPoint"",""coordinates"":[]}"
1393,2016-10-25,0.01512270258721228,"{""type"":""MultiPoint"",""coordinates"":[]}"
1394,2016-10-26,0.015306325612664764,"{""type"":""MultiPoint"",""coordinates"":[]}"
1395,2016-10-27,0.015366067805239967,"{""type"":""MultiPoint"",""coordinates"":[]}"
1396,2016-10-28,0.01551459850783298,"{""type"":""MultiPoint"",""coordinates"":[]}"
1397,2016-10-29,0.014771786787132564,"{""type"":""MultiPoint"",""coordinates"":[]}"
1398,2016-10-30,0.014079149590901533,"{""type"":""MultiPoint"",""coordinates"":[]}"
1399,2016-10-31,0.01501883815407048,"{""type"":""MultiPoint"",""coordinates"":[]}"
1400,2016-11-01,0.015765315487491948,"{""type"":""MultiPoint"",""coordinates"":[]}"
1401,2016-11-02,0.015080216288974208,"{""type"":""MultiPoint"",""coordinates"":[]}"
1402,2016-11-03,0.014970382794783738,"{""type"":""MultiPoint"",""coordinates"":[]}"
1403,2016-11-04,0.01553775417360429,"{""type"":""MultiPoint"",""coordinates"":[]}"
1404,2016-11-05,0.014761200648387386,"{""type"":""MultiPoint"",""coordinates"":[]}"
1405,2016-11-06,0.015120688724587336,"{""type"":""MultiPoint"",""coordinates"":[]}"
1406,2016-11-07,0.015430665445282902,"{""type"":""MultiPoint"",""coordinates"":[]}"
1407,2016-11-08,0.01409339139382585,"{""type"":""MultiPoint"",""coordinates"":[]}"
1408,2016-11-09,0.015286408862629464,"{""type"":""MultiPoint"",""coordinates"":[]}"
1409,2016-11-10,0.014880533472267359,"{""type"":""MultiPoint"",""coordinates"":[]}"
1410,2016-11-11,0.015139149969222663,"{""type"":""MultiPoint"",""coordinates"":[]}"
1411,2016-11-12,0.014039723733569473,"{""type"":""MultiPoint"",""coordinates"":[]}"
1412,2016-11-13,0.01414015857044689,"{""type"":""MultiPoint"",""coordinates"":[]}"
1413,2016-11-14,0.014698461946459374,"{""type"":""MultiPoint"",""coordinates"":[]}"
1414,2016-11-15,0.014693632105742335,"{""type"":""MultiPoint"",""coordinates"":[]}"
1415,2016-11-16,0.014233780489115338,"{""type"":""MultiPoint"",""coordinates"":[]}"
1416,2016-11-17,0.014422226327257967,"{""type"":""MultiPoint"",""coordinates"":[]}"
1417,2016-11-18,0.014701904138453686,"{""type"":""MultiPoint"",""coordinates"":[]}"
1418,2016-11-19,0.014183666699865545,"{""type"":""MultiPoint"",""coordinates"":[]}"
1419,2016-11-20,0.014402339768796386,"{""type"":""MultiPoint"",""coordinates"":[]}"
1420,2016-11-21,0.01406913029482161,"{""type"":""MultiPoint"",""coordinates"":[]}"
1421,2016-11-22,0.014500521512721763,"{""type"":""MultiPoint"",""coordinates"":[]}"
1422,2016-11-23,0.015194385513427548,"{""type"":""MultiPoint"",""coordinates"":[]}"
1423,2016-11-24,0.014823490467106749,"{""type"":""MultiPoint"",""coordinates"":[]}"
1424,2016-11-25,0.01538781323126076,"{""type"":""MultiPoint"",""coordinates"":[]}"
1425,2016-11-26,0.014377318467781718,"{""type"":""MultiPoint"",""coordinates"":[]}"
1426,2016-11-27,0.014263604940323922,"{""type"":""MultiPoint"",""coordinates"":[]}"
1427,2016-11-28,0.015120803705773372,"{""type"":""MultiPoint"",""coordinates"":[]}"
1428,2016-11-29,0.015369282767266894,"{""type"":""MultiPoint"",""coordinates"":[]}"
1429,2016-11-30,0.015147280475552216,"{""type"":""MultiPoint"",""coordinates"":[]}"
1430,2016-12-01,0.01515029172513332,"{""type"":""MultiPoint"",""coordinates"":[]}"
1431,2016-12-02,0.014515179745702425,"{""type"":""MultiPoint"",""coordinates"":[]}"
1432,2016-12-03,0.015093665745260944,"{""type"":""MultiPoint"",""coordinates"":[]}"
1433,2016-12-04,0.014695542494653846,"{""type"":""MultiPoint"",""coordinates"":[]}"
1434,2016-12-05,0.014771288248756134,"{""type"":""MultiPoint"",""coordinates"":[]}"
1435,2016-12-06,0.01400793257798969,"{""type"":""MultiPoint"",""coordinates"":[]}"
1436,2016-12-07,0.015229684464533107,"{""type"":""MultiPoint"",""coordinates"":[]}"
1437,2016-12-08,0.014479501098914965,"{""type"":""MultiPoint"",""coordinates"":[]}"
1438,2016-12-09,0.01485889153990523,"{""type"":""MultiPoint"",""coordinates"":[]}"
1439,2016-12-10,0.01480934575527388,"{""type"":""MultiPoint"",""coordinates"":[]}"
1440,2016-12-11,0.012618805544024664,"{""type"":""MultiPoint"",""coordinates"":[]}"
1441,2016-12-12,0.012392498033555986,"{""type"":""MultiPoint"",""coordinates"":[]}"
1442,2016-12-13,0.012858592677179197,"{""type"":""MultiPoint"",""coordinates"":[]}"
1443,2016-12-14,0.013589753254432574,"{""type"":""MultiPoint"",""coordinates"":[]}"
1444,2016-12-15,0.015091345679027738,"{""type"":""MultiPoint"",""coordinates"":[]}"
1445,2016-12-16,0.014354945682073178,"{""type"":""MultiPoint"",""coordinates"":[]}"
1446,2016-12-17,0.013649639887339714,"{""type"":""MultiPoint"",""coordinates"":[]}"
1447,2016-12-18,0.013474309292670836,"{""type"":""MultiPoint"",""coordinates"":[]}"
1448,2016-12-19,0.014385711762330137,"{""type"":""MultiPoint"",""coordinates"":[]}"
1449,2016-12-20,0.014105890627830972,"{""type"":""MultiPoint"",""coordinates"":[]}"
1450,2016-12-21,0.014386513201900571,"{""type"":""MultiPoint"",""coordinates"":[]}"
1451,2016-12-22,0.014375312772903133,"{""type"":""MultiPoint"",""coordinates"":[]}"
1452,2016-12-23,0.013979788939793904,"{""type"":""MultiPoint"",""coordinates"":[]}"
1453,2016-12-24,0.014830103757691377,"{""type"":""MultiPoint"",""coordinates"":[]}"
1454,2016-12-25,0.014248082513330838,"{""type"":""MultiPoint"",""coordinates"":[]}"
1455,2016-12-26,0.01548289315746433,"{""type"":""MultiPoint"",""coordinates"":[]}"
1456,2016-12-27,0.015647396386058405,"{""type"":""MultiPoint"",""coordinates"":[]}"
1457,2016-12-28,0.015135813346075838,"{""type"":""MultiPoint"",""coordinates"":[]}"
1458,2016-12-29,0.015009560111650258,"{""type"":""MultiPoint"",""coordinates"":[]}"
1459,2016-12-30,0.015291838299850917,"{""type"":""MultiPoint"",""coordinates"":[]}"
1460,2016-12-31,0.014671755546359378,"{""type"":""MultiPoint"",""coordinates"":[]}"
1461,2017-01-01,0.014523363772930937,"{""type"":""MultiPoint"",""coordinates"":[]}"
1462,2017-01-02,0.014103436270953224,"{""type"":""MultiPoint"",""coordinates"":[]}"
1463,2017-01-03,0.012482180443101376,"{""type"":""MultiPoint"",""coordinates"":[]}"
1464,2017-01-04,0.014027545829753458,"{""type"":""MultiPoint"",""coordinates"":[]}"
1465,2017-01-05,0.0150960958810828,"{""type"":""MultiPoint"",""coordinates"":[]}"
1466,2017-01-06,0.014761235852349555,"{""type"":""MultiPoint"",""coordinates"":[]}"
1467,2017-01-07,0.014594688341058279,"{""type"":""MultiPoint"",""coordinates"":[]}"
1468,2017-01-08,0.015033619561804434,"{""type"":""MultiPoint"",""coordinates"":[]}"
1469,2017-01-09,0.01439695495029344,"{""type"":""MultiPoint"",""coordinates"":[]}"
1470,2017-01-10,0.01443284731231826,"{""type"":""MultiPoint"",""coordinates"":[]}"
1471,2017-01-11,0.014803351324747575,"{""type"":""MultiPoint"",""coordinates"":[]}"
1472,2017-01-12,0.01414008993488886,"{""type"":""MultiPoint"",""coordinates"":[]}"
1473,2017-01-13,0.013999675615015812,"{""type"":""MultiPoint"",""coordinates"":[]}"
1474,2017-01-14,0.014360555308804002,"{""type"":""MultiPoint"",""coordinates"":[]}"
1475,2017-01-15,0.014513689423093452,"{""type"":""MultiPoint"",""coordinates"":[]}"
1476,2017-01-16,0.01437306662194552,"{""type"":""MultiPoint"",""coordinates"":[]}"
1477,2017-01-17,0.013781507996086217,"{""type"":""MultiPoint"",""coordinates"":[]}"
1478,2017-01-18,0.013883023908803306,"{""type"":""MultiPoint"",""coordinates"":[]}"
1479,2017-01-19,0.013146357237255046,"{""type"":""MultiPoint"",""coordinates"":[]}"
1480,2017-01-20,0.013361241103235359,"{""type"":""MultiPoint"",""coordinates"":[]}"
1481,2017-01-21,0.013511241177171106,"{""type"":""MultiPoint"",""coordinates"":[]}"
1482,2017-01-22,0.0121904871672619,"{""type"":""MultiPoint"",""coordinates"":[]}"
1483,2017-01-23,0.01170412931915337,"{""type"":""MultiPoint"",""coordinates"":[]}"
1484,2017-01-24,0.01217296946832327,"{""type"":""MultiPoint"",""coordinates"":[]}"
1485,2017-01-25,0.011913083825400107,"{""type"":""MultiPoint"",""coordinates"":[]}"
1486,2017-01-26,0.012013232026335393,"{""type"":""MultiPoint"",""coordinates"":[]}"
1487,2017-01-27,0.012831338769723552,"{""type"":""MultiPoint"",""coordinates"":[]}"
1488,2017-01-28,0.014712173711068526,"{""type"":""MultiPoint"",""coordinates"":[]}"
1489,2017-01-29,0.015161663082818336,"{""type"":""MultiPoint"",""coordinates"":[]}"
1490,2017-01-30,0.014964950189008945,"{""type"":""MultiPoint"",""coordinates"":[]}"
1491,2017-01-31,0.014475666043264517,"{""type"":""MultiPoint"",""coordinates"":[]}"
1492,2017-02-01,0.01406850585782918,"{""type"":""MultiPoint"",""coordinates"":[]}"
1493,2017-02-02,0.013392843474704624,"{""type"":""MultiPoint"",""coordinates"":[]}"
1494,2017-02-03,0.01345421123006981,"{""type"":""MultiPoint"",""coordinates"":[]}"
1495,2017-02-04,0.0139805505422768,"{""type"":""MultiPoint"",""coordinates"":[]}"
1496,2017-02-05,0.013373315177797595,"{""type"":""MultiPoint"",""coordinates"":[]}"
1497,2017-02-06,0.014593561301945586,"{""type"":""MultiPoint"",""coordinates"":[]}"
1498,2017-02-07,0.01314064534655094,"{""type"":""MultiPoint"",""coordinates"":[]}"
1499,2017-02-08,0.012621758842873747,"{""type"":""MultiPoint"",""coordinates"":[]}"
1500,2017-02-09,0.01341042635272094,"{""type"":""MultiPoint"",""coordinates"":[]}"
1501,2017-02-10,0.014229321722285975,"{""type"":""MultiPoint"",""coordinates"":[]}"
1502,2017-02-11,0.013452510533570744,"{""type"":""MultiPoint"",""coordinates"":[]}"
1503,2017-02-12,0.013681994027390015,"{""type"":""MultiPoint"",""coordinates"":[]}"
1504,2017-02-13,0.013287840884833176,"{""type"":""MultiPoint"",""coordinates"":[]}"
1505,2017-02-14,0.012852259178750132,"{""type"":""MultiPoint"",""coordinates"":[]}"
1506,2017-02-15,0.01242634088911164,"{""type"":""MultiPoint"",""coordinates"":[]}"
1507,2017-02-16,0.012680809112309907,"{""type"":""MultiPoint"",""coordinates"":[]}"
1508,2017-02-17,0.012070944547910502,"{""type"":""MultiPoint"",""coordinates"":[]}"
1509,2017-02-18,0.012935864821945113,"{""type"":""MultiPoint"",""coordinates"":[]}"
1510,2017-02-19,0.012706455557291696,"{""type"":""MultiPoint"",""coordinates"":[]}"
1511,2017-02-20,0.012613343954675463,"{""type"":""MultiPoint"",""coordinates"":[]}"
1512,2017-02-21,0.01251911396319698,"{""type"":""MultiPoint"",""coordinates"":[]}"
1513,2017-02-22,0.014462154470037914,"{""type"":""MultiPoint"",""coordinates"":[]}"
1514,2017-02-23,0.01315392996214597,"{""type"":""MultiPoint"",""coordinates"":[]}"
1515,2017-02-24,0.012605909658691563,"{""type"":""MultiPoint"",""coordinates"":[]}"
1516,2017-02-25,0.01338813306708291,"{""type"":""MultiPoint"",""coordinates"":[]}"
1517,2017-02-26,0.013245895003633141,"{""type"":""MultiPoint"",""coordinates"":[]}"
1518,2017-02-27,0.013426634646544545,"{""type"":""MultiPoint"",""coordinates"":[]}"
1519,2017-02-28,0.013263187026950918,"{""type"":""MultiPoint"",""coordinates"":[]}"
1520,2017-03-01,0.013292165921725059,"{""type"":""MultiPoint"",""coordinates"":[]}"
1521,2017-03-02,0.013280657947706725,"{""type"":""MultiPoint"",""coordinates"":[]}"
1522,2017-03-03,0.013776926779202973,"{""type"":""MultiPoint"",""coordinates"":[]}"
1523,2017-03-04,0.012947246371002577,"{""type"":""MultiPoint"",""coordinates"":[]}"
1524,2017-03-05,0.01496905601654377,"{""type"":""MultiPoint"",""coordinates"":[]}"
1525,2017-03-06,0.014950807920412763,"{""type"":""MultiPoint"",""coordinates"":[]}"
1526,2017-03-07,0.014109018799534101,"{""type"":""MultiPoint"",""coordinates"":[]}"
1527,2017-03-08,0.014409068967428348,"{""type"":""MultiPoint"",""coordinates"":[]}"
1528,2017-03-09,0.014816407811005823,"{""type"":""MultiPoint"",""coordinates"":[]}"
1529,2017-03-10,0.015399122573937654,"{""type"":""MultiPoint"",""coordinates"":[]}"
1530,2017-03-11,0.015509191241721022,"{""type"":""MultiPoint"",""coordinates"":[]}"
1531,2017-03-12,0.014499287403566348,"{""type"":""MultiPoint"",""coordinates"":[]}"
1532,2017-03-13,0.014568501541453872,"{""type"":""MultiPoint"",""coordinates"":[]}"
1533,2017-03-14,0.013989503138830373,"{""type"":""MultiPoint"",""coordinates"":[]}"
1534,2017-03-15,0.014377671935925242,"{""type"":""MultiPoint"",""coordinates"":[]}"
1535,2017-03-16,0.015075105627930893,"{""type"":""MultiPoint"",""coordinates"":[]}"
1536,2017-03-17,0.015264652577721312,"{""type"":""MultiPoint"",""coordinates"":[]}"
1537,2017-03-18,0.014760366314584631,"{""type"":""MultiPoint"",""coordinates"":[]}"
1538,2017-03-19,0.014533680593944226,"{""type"":""MultiPoint"",""coordinates"":[]}"
1539,2017-03-20,0.014621196741578746,"{""type"":""MultiPoint"",""coordinates"":[]}"
1540,2017-03-21,0.014919346813278193,"{""type"":""MultiPoint"",""coordinates"":[]}"
1541,2017-03-22,0.014341434463756188,"{""type"":""MultiPoint"",""coordinates"":[]}"
1542,2017-03-23,0.014783329018283995,"{""type"":""MultiPoint"",""coordinates"":[]}"
1543,2017-03-24,0.015066815666564584,"{""type"":""MultiPoint"",""coordinates"":[]}"
1544,2017-03-25,0.014828349590193293,"{""type"":""MultiPoint"",""coordinates"":[]}"
1545,2017-03-26,0.015024472291545056,"{""type"":""MultiPoint"",""coordinates"":[]}"
1546,2017-03-27,0.015178534609970882,"{""type"":""MultiPoint"",""coordinates"":[]}"
1547,2017-03-28,0.01493927506793842,"{""type"":""MultiPoint"",""coordinates"":[]}"
1548,2017-03-29,0.015390891925981823,"{""type"":""MultiPoint"",""coordinates"":[]}"
1549,2017-03-30,0.014813332419776679,"{""type"":""MultiPoint"",""coordinates"":[]}"
1550,2017-03-31,0.014868984887175807,"{""type"":""MultiPoint"",""coordinates"":[]}"
1551,2017-04-01,0.01486360943400951,"{""type"":""MultiPoint"",""coordinates"":[]}"
1552,2017-04-02,0.015031309572731385,"{""type"":""MultiPoint"",""coordinates"":[]}"
1553,2017-04-03,0.013384176099797869,"{""type"":""MultiPoint"",""coordinates"":[]}"
1554,2017-04-04,0.01254685362009811,"{""type"":""MultiPoint"",""coordinates"":[]}"
1555,2017-04-05,0.013267798528792464,"{""type"":""MultiPoint"",""coordinates"":[]}"
1556,2017-04-06,0.013185842448751836,"{""type"":""MultiPoint"",""coordinates"":[]}"
1557,2017-04-07,0.012722789164779681,"{""type"":""MultiPoint"",""coordinates"":[]}"
1558,2017-04-08,0.013185547959422316,"{""type"":""MultiPoint"",""coordinates"":[]}"
1559,2017-04-09,0.014608604280117959,"{""type"":""MultiPoint"",""coordinates"":[]}"
1560,2017-04-10,0.01374604806244275,"{""type"":""MultiPoint"",""coordinates"":[]}"
1561,2017-04-11,0.014567698584251207,"{""type"":""MultiPoint"",""coordinates"":[]}"
1562,2017-04-12,0.013702666136032821,"{""type"":""MultiPoint"",""coordinates"":[]}"
1563,2017-04-13,0.015235567934737097,"{""type"":""MultiPoint"",""coordinates"":[]}"
1564,2017-04-14,0.015587086073894424,"{""type"":""MultiPoint"",""coordinates"":[]}"
1565,2017-04-15,0.015193911699718045,"{""type"":""MultiPoint"",""coordinates"":[]}"
1566,2017-04-16,0.015108460493755388,"{""type"":""MultiPoint"",""coordinates"":[]}"
1567,2017-04-17,0.015785751523571766,"{""type"":""MultiPoint"",""coordinates"":[]}"
1568,2017-04-18,0.015470048611879632,"{""type"":""MultiPoint"",""coordinates"":[]}"
1569,2017-04-19,0.015032744009008834,"{""type"":""MultiPoint"",""coordinates"":[]}"
1570,2017-04-20,0.014701427422800834,"{""type"":""MultiPoint"",""coordinates"":[]}"
1571,2017-04-21,0.015164364312781156,"{""type"":""MultiPoint"",""coordinates"":[]}"
1572,2017-04-22,0.014235769920769414,"{""type"":""MultiPoint"",""coordinates"":[]}"
1573,2017-04-23,0.014818434176613238,"{""type"":""MultiPoint"",""coordinates"":[]}"
1574,2017-04-24,0.01564529104089026,"{""type"":""MultiPoint"",""coordinates"":[]}"
1575,2017-04-25,0.0155506297967377,"{""type"":""MultiPoint"",""coordinates"":[]}"
1576,2017-04-26,0.015213850463573854,"{""type"":""MultiPoint"",""coordinates"":[]}"
1577,2017-04-27,0.0142165998817752,"{""type"":""MultiPoint"",""coordinates"":[]}"
1578,2017-04-28,0.01476091549362205,"{""type"":""MultiPoint"",""coordinates"":[]}"
1579,2017-04-29,0.014333538211939634,"{""type"":""MultiPoint"",""coordinates"":[]}"
1580,2017-04-30,0.014690144474802068,"{""type"":""MultiPoint"",""coordinates"":[]}"
1581,2017-05-01,0.015821428719205426,"{""type"":""MultiPoint"",""coordinates"":[]}"
1582,2017-05-02,0.015301193860321737,"{""type"":""MultiPoint"",""coordinates"":[]}"
1583,2017-05-03,0.015461092317749019,"{""type"":""MultiPoint"",""coordinates"":[]}"
1584,2017-05-04,0.015309230732151706,"{""type"":""MultiPoint"",""coordinates"":[]}"
1585,2017-05-05,0.015926569061622636,"{""type"":""MultiPoint"",""coordinates"":[]}"
1586,2017-05-06,0.015619036226546429,"{""type"":""MultiPoint"",""coordinates"":[]}"
1587,2017-05-07,0.01475423395448463,"{""type"":""MultiPoint"",""coordinates"":[]}"
1588,2017-05-08,0.015510747300856166,"{""type"":""MultiPoint"",""coordinates"":[]}"
1589,2017-05-09,0.015184762542442345,"{""type"":""MultiPoint"",""coordinates"":[]}"
1590,2017-05-10,0.014754403336461162,"{""type"":""MultiPoint"",""coordinates"":[]}"
1591,2017-05-11,0.014968297741591885,"{""type"":""MultiPoint"",""coordinates"":[]}"
1592,2017-05-12,0.015032583726418242,"{""type"":""MultiPoint"",""coordinates"":[]}"
1593,2017-05-13,0.01493039544011536,"{""type"":""MultiPoint"",""coordinates"":[]}"
1594,2017-05-14,0.015392972782516738,"{""type"":""MultiPoint"",""coordinates"":[]}"
1595,2017-05-15,0.014583997828615533,"{""type"":""MultiPoint"",""coordinates"":[]}"
1596,2017-05-16,0.015117398788373884,"{""type"":""MultiPoint"",""coordinates"":[]}"
1597,2017-05-17,0.01560870592724837,"{""type"":""MultiPoint"",""coordinates"":[]}"
1598,2017-05-18,0.015529426630144205,"{""type"":""MultiPoint"",""coordinates"":[]}"
1599,2017-05-19,0.014636557413571194,"{""type"":""MultiPoint"",""coordinates"":[]}"
1600,2017-05-20,0.015693056959587382,"{""type"":""MultiPoint"",""coordinates"":[]}"
1601,2017-05-21,0.015007774916956916,"{""type"":""MultiPoint"",""coordinates"":[]}"
1602,2017-05-22,0.014847671412230562,"{""type"":""MultiPoint"",""coordinates"":[]}"
1603,2017-05-23,0.014872342730516479,"{""type"":""MultiPoint"",""coordinates"":[]}"
1604,2017-05-24,0.014597887142414405,"{""type"":""MultiPoint"",""coordinates"":[]}"
1605,2017-05-25,0.014529801712343733,"{""type"":""MultiPoint"",""coordinates"":[]}"
1606,2017-05-26,0.013946119656829634,"{""type"":""MultiPoint"",""coordinates"":[]}"
1607,2017-05-27,0.013513019595448693,"{""type"":""MultiPoint"",""coordinates"":[]}"
1608,2017-05-28,0.01398787104484895,"{""type"":""MultiPoint"",""coordinates"":[]}"
1609,2017-05-29,0.014254391372394738,"{""type"":""MultiPoint"",""coordinates"":[]}"
1610,2017-05-30,0.014375386296500939,"{""type"":""MultiPoint"",""coordinates"":[]}"
1611,2017-05-31,0.015286725185222677,"{""type"":""MultiPoint"",""coordinates"":[]}"
1612,2017-06-01,0.015010033076370236,"{""type"":""MultiPoint"",""coordinates"":[]}"
1613,2017-06-02,0.015494049137367794,"{""type"":""MultiPoint"",""coordinates"":[]}"
1614,2017-06-03,0.015082637713491274,"{""type"":""MultiPoint"",""coordinates"":[]}"
1615,2017-06-04,0.015094823818825981,"{""type"":""MultiPoint"",""coordinates"":[]}"
1616,2017-06-05,0.0152400030528423,"{""type"":""MultiPoint"",""coordinates"":[]}"
1617,2017-06-06,0.014050558464303212,"{""type"":""MultiPoint"",""coordinates"":[]}"
1618,2017-06-07,0.01377973773117559,"{""type"":""MultiPoint"",""coordinates"":[]}"
1619,2017-06-08,0.014390118749416723,"{""type"":""MultiPoint"",""coordinates"":[]}"
1620,2017-06-09,0.013996171172928562,"{""type"":""MultiPoint"",""coordinates"":[]}"
1621,2017-06-10,0.014613965185571655,"{""type"":""MultiPoint"",""coordinates"":[]}"
1622,2017-06-11,0.01596964374177732,"{""type"":""MultiPoint"",""coordinates"":[]}"
1623,2017-06-12,0.015315455653446846,"{""type"":""MultiPoint"",""coordinates"":[]}"
1624,2017-06-13,0.014496305803269964,"{""type"":""MultiPoint"",""coordinates"":[]}"
1625,2017-06-14,0.014493704290305947,"{""type"":""MultiPoint"",""coordinates"":[]}"
1626,2017-06-15,0.015363751997953678,"{""type"":""MultiPoint"",""coordinates"":[]}"
1627,2017-06-16,0.014401739587911673,"{""type"":""MultiPoint"",""coordinates"":[]}"
1628,2017-06-17,0.015063822403125272,"{""type"":""MultiPoint"",""coordinates"":[]}"
1629,2017-06-18,0.013131220951075294,"{""type"":""MultiPoint"",""coordinates"":[]}"
1630,2017-06-19,0.012867645711685817,"{""type"":""MultiPoint"",""coordinates"":[]}"
1631,2017-06-20,0.01406983123663272,"{""type"":""MultiPoint"",""coordinates"":[]}"
1632,2017-06-21,0.014962657376042668,"{""type"":""MultiPoint"",""coordinates"":[]}"
1633,2017-06-22,0.01436548761547754,"{""type"":""MultiPoint"",""coordinates"":[]}"
1634,2017-06-23,0.014030352841371175,"{""type"":""MultiPoint"",""coordinates"":[]}"
1635,2017-06-24,0.01390368006480032,"{""type"":""MultiPoint"",""coordinates"":[]}"
1636,2017-06-25,0.014717250458219902,"{""type"":""MultiPoint"",""coordinates"":[]}"
1637,2017-06-26,0.01526956841215515,"{""type"":""MultiPoint"",""coordinates"":[]}"
1638,2017-06-27,0.014229442534213021,"{""type"":""MultiPoint"",""coordinates"":[]}"
1639,2017-06-28,0.014359180003448282,"{""type"":""MultiPoint"",""coordinates"":[]}"
1640,2017-06-29,0.014460042810596865,"{""type"":""MultiPoint"",""coordinates"":[]}"
1641,2017-06-30,0.015030277470177317,"{""type"":""MultiPoint"",""coordinates"":[]}"
1642,2017-07-01,0.014141089917190165,"{""type"":""MultiPoint"",""coordinates"":[]}"
1643,2017-07-02,0.014469471488724045,"{""type"":""MultiPoint"",""coordinates"":[]}"
1644,2017-07-03,0.013948705462370564,"{""type"":""MultiPoint"",""coordinates"":[]}"
1645,2017-07-04,0.014363609337301053,"{""type"":""MultiPoint"",""coordinates"":[]}"
1646,2017-07-05,0.013936112024596796,"{""type"":""MultiPoint"",""coordinates"":[]}"
1647,2017-07-06,0.013742179442437934,"{""type"":""MultiPoint"",""coordinates"":[]}"
1648,2017-07-07,0.013350383128060988,"{""type"":""MultiPoint"",""coordinates"":[]}"
1649,2017-07-08,0.013661299165476778,"{""type"":""MultiPoint"",""coordinates"":[]}"
1650,2017-07-09,0.014169799187239209,"{""type"":""MultiPoint"",""coordinates"":[]}"
1651,2017-07-10,0.014262122871870274,"{""type"":""MultiPoint"",""coordinates"":[]}"
1652,2017-07-11,0.013855536630550428,"{""type"":""MultiPoint"",""coordinates"":[]}"
1653,2017-07-12,0.013352791919168055,"{""type"":""MultiPoint"",""coordinates"":[]}"
1654,2017-07-13,0.013864019660136015,"{""type"":""MultiPoint"",""coordinates"":[]}"
1655,2017-07-14,0.013597151993774243,"{""type"":""MultiPoint"",""coordinates"":[]}"
1656,2017-07-15,0.014673353430516225,"{""type"":""MultiPoint"",""coordinates"":[]}"
1657,2017-07-16,0.01422150870580318,"{""type"":""MultiPoint"",""coordinates"":[]}"
1658,2017-07-17,0.015360679870768413,"{""type"":""MultiPoint"",""coordinates"":[]}"
1659,2017-07-18,0.015521304846828487,"{""type"":""MultiPoint"",""coordinates"":[]}"
1660,2017-07-19,0.014422511902851728,"{""type"":""MultiPoint"",""coordinates"":[]}"
1661,2017-07-20,0.01427617297000625,"{""type"":""MultiPoint"",""coordinates"":[]}"
1662,2017-07-21,0.013829499585230816,"{""type"":""MultiPoint"",""coordinates"":[]}"
1663,2017-07-22,0.013785848783465697,"{""type"":""MultiPoint"",""coordinates"":[]}"
1664,2017-07-23,0.01356395213810567,"{""type"":""MultiPoint"",""coordinates"":[]}"
1665,2017-07-24,0.014101560894244712,"{""type"":""MultiPoint"",""coordinates"":[]}"
1666,2017-07-25,0.014310614492353815,"{""type"":""MultiPoint"",""coordinates"":[]}"
1667,2017-07-26,0.013754522092420453,"{""type"":""MultiPoint"",""coordinates"":[]}"
1668,2017-07-27,0.013082234872178742,"{""type"":""MultiPoint"",""coordinates"":[]}"
1669,2017-07-28,0.013882169567658842,"{""type"":""MultiPoint"",""coordinates"":[]}"
1670,2017-07-29,0.013661091968025734,"{""type"":""MultiPoint"",""coordinates"":[]}"
1671,2017-07-30,0.013205837702801827,"{""type"":""MultiPoint"",""coordinates"":[]}"
1672,2017-07-31,0.012546534888032035,"{""type"":""MultiPoint"",""coordinates"":[]}"
1673,2017-08-01,0.012486785387573425,"{""type"":""MultiPoint"",""coordinates"":[]}"
1674,2017-08-02,0.011405671013580143,"{""type"":""MultiPoint"",""coordinates"":[]}"
1675,2017-08-03,0.0127859035845407,"{""type"":""MultiPoint"",""coordinates"":[]}"
1676,2017-08-04,0.014941581574755653,"{""type"":""MultiPoint"",""coordinates"":[]}"
1677,2017-08-05,0.014269314051611871,"{""type"":""MultiPoint"",""coordinates"":[]}"
1678,2017-08-06,0.014021256160107657,"{""type"":""MultiPoint"",""coordinates"":[]}"
1679,2017-08-07,0.013981415342689782,"{""type"":""MultiPoint"",""coordinates"":[]}"
1680,2017-08-08,0.01427521289230374,"{""type"":""MultiPoint"",""coordinates"":[]}"
1681,2017-08-09,0.01356474842278175,"{""type"":""MultiPoint"",""coordinates"":[]}"
1682,2017-08-10,0.013158465504475213,"{""type"":""MultiPoint"",""coordinates"":[]}"
1683,2017-08-11,0.0141339488220099,"{""type"":""MultiPoint"",""coordinates"":[]}"
1684,2017-08-12,0.013917571298290424,"{""type"":""MultiPoint"",""coordinates"":[]}"
1685,2017-08-13,0.014096864025209245,"{""type"":""MultiPoint"",""coordinates"":[]}"
1686,2017-08-14,0.013404149822083622,"{""type"":""MultiPoint"",""coordinates"":[]}"
1687,2017-08-15,0.012227225957176796,"{""type"":""MultiPoint"",""coordinates"":[]}"
1688,2017-08-16,0.013289201585713376,"{""type"":""MultiPoint"",""coordinates"":[]}"
1689,2017-08-17,0.015498859668120228,"{""type"":""MultiPoint"",""coordinates"":[]}"
1690,2017-08-18,0.01555924820675069,"{""type"":""MultiPoint"",""coordinates"":[]}"
1691,2017-08-19,0.014332773898158685,"{""type"":""MultiPoint"",""coordinates"":[]}"
1692,2017-08-20,0.014817150319006508,"{""type"":""MultiPoint"",""coordinates"":[]}"
1693,2017-08-21,0.015043277016350581,"{""type"":""MultiPoint"",""coordinates"":[]}"
1694,2017-08-22,0.013541348772043495,"{""type"":""MultiPoint"",""coordinates"":[]}"
1695,2017-08-23,0.012963690001577275,"{""type"":""MultiPoint"",""coordinates"":[]}"
1696,2017-08-24,0.012735432868309063,"{""type"":""MultiPoint"",""coordinates"":[]}"
1697,2017-08-25,0.013449788734079988,"{""type"":""MultiPoint"",""coordinates"":[]}"
1698,2017-08-26,0.013861978217078214,"{""type"":""MultiPoint"",""coordinates"":[]}"
1699,2017-08-27,0.014916820942444224,"{""type"":""MultiPoint"",""coordinates"":[]}"
1700,2017-08-28,0.014674867896651027,"{""type"":""MultiPoint"",""coordinates"":[]}"
1701,2017-08-29,0.014576537937609215,"{""type"":""MultiPoint"",""coordinates"":[]}"
1702,2017-08-30,0.014291517338890709,"{""type"":""MultiPoint"",""coordinates"":[]}"
1703,2017-08-31,0.013396109341248887,"{""type"":""MultiPoint"",""coordinates"":[]}"
1704,2017-09-01,0.012240317886954753,"{""type"":""MultiPoint"",""coordinates"":[]}"
1705,2017-09-02,0.0123863367717355,"{""type"":""MultiPoint"",""coordinates"":[]}"
1706,2017-09-03,0.013198787415803404,"{""type"":""MultiPoint"",""coordinates"":[]}"
1707,2017-09-04,0.012712452801933387,"{""type"":""MultiPoint"",""coordinates"":[]}"
1708,2017-09-05,0.012434071237579227,"{""type"":""MultiPoint"",""coordinates"":[]}"
1709,2017-09-06,0.01389809245784959,"{""type"":""MultiPoint"",""coordinates"":[]}"
1710,2017-09-07,0.014620886395490881,"{""type"":""MultiPoint"",""coordinates"":[]}"
1711,2017-09-08,0.015516641296452941,"{""type"":""MultiPoint"",""coordinates"":[]}"
1712,2017-09-09,0.01497567438708231,"{""type"":""MultiPoint"",""coordinates"":[]}"
1713,2017-09-10,0.015426289878205254,"{""type"":""MultiPoint"",""coordinates"":[]}"
1714,2017-09-11,0.01450519043731026,"{""type"":""MultiPoint"",""coordinates"":[]}"
1715,2017-09-12,0.01501760346807936,"{""type"":""MultiPoint"",""coordinates"":[]}"
1716,2017-09-13,0.015031218893170295,"{""type"":""MultiPoint"",""coordinates"":[]}"
1717,2017-09-14,0.015143810306598641,"{""type"":""MultiPoint"",""coordinates"":[]}"
1718,2017-09-15,0.014590243948416723,"{""type"":""MultiPoint"",""coordinates"":[]}"
1719,2017-09-16,0.014849601118228903,"{""type"":""MultiPoint"",""coordinates"":[]}"
1720,2017-09-17,0.014327539684165386,"{""type"":""MultiPoint"",""coordinates"":[]}"
1721,2017-09-18,0.013931485820193908,"{""type"":""MultiPoint"",""coordinates"":[]}"
1722,2017-09-19,0.014476932139412034,"{""type"":""MultiPoint"",""coordinates"":[]}"
1723,2017-09-20,0.014560932493014893,"{""type"":""MultiPoint"",""coordinates"":[]}"
1724,2017-09-21,0.015445585160778756,"{""type"":""MultiPoint"",""coordinates"":[]}"
1725,2017-09-22,0.015683380454295466,"{""type"":""MultiPoint"",""coordinates"":[]}"
1726,2017-09-23,0.015457453186218828,"{""type"":""MultiPoint"",""coordinates"":[]}"
1727,2017-09-24,0.015004959482198278,"{""type"":""MultiPoint"",""coordinates"":[]}"
1728,2017-09-25,0.0145405468510071,"{""type"":""MultiPoint"",""coordinates"":[]}"
1729,2017-09-26,0.013582142153632194,"{""type"":""MultiPoint"",""coordinates"":[]}"
1730,2017-09-27,0.013255651894050926,"{""type"":""MultiPoint"",""coordinates"":[]}"
1731,2017-09-28,0.0154587996856921,"{""type"":""MultiPoint"",""coordinates"":[]}"
1732,2017-09-29,0.015402847444738297,"{""type"":""MultiPoint"",""coordinates"":[]}"
1733,2017-09-30,0.015769236749859104,"{""type"":""MultiPoint"",""coordinates"":[]}"
1734,2017-10-01,0.015263949065312962,"{""type"":""MultiPoint"",""coordinates"":[]}"
1735,2017-10-02,0.014516212666758973,"{""type"":""MultiPoint"",""coordinates"":[]}"
1736,2017-10-03,0.014610155575558984,"{""type"":""MultiPoint"",""coordinates"":[]}"
1737,2017-10-04,0.015268114707334154,"{""type"":""MultiPoint"",""coordinates"":[]}"
1738,2017-10-05,0.014901312862912743,"{""type"":""MultiPoint"",""coordinates"":[]}"
1739,2017-10-06,0.01420184939267371,"{""type"":""MultiPoint"",""coordinates"":[]}"
1740,2017-10-07,0.013803242744476888,"{""type"":""MultiPoint"",""coordinates"":[]}"
1741,2017-10-08,0.013670968868098578,"{""type"":""MultiPoint"",""coordinates"":[]}"
1742,2017-10-09,0.01457567539277118,"{""type"":""MultiPoint"",""coordinates"":[]}"
1743,2017-10-10,0.013870422875378603,"{""type"":""MultiPoint"",""coordinates"":[]}"
1744,2017-10-11,0.015213427507972664,"{""type"":""MultiPoint"",""coordinates"":[]}"
1745,2017-10-12,0.013568977475794906,"{""type"":""MultiPoint"",""coordinates"":[]}"
1746,2017-10-13,0.014079279097586536,"{""type"":""MultiPoint"",""coordinates"":[]}"
1747,2017-10-14,0.014404547997121224,"{""type"":""MultiPoint"",""coordinates"":[]}"
1748,2017-10-15,0.014272734800232017,"{""type"":""MultiPoint"",""coordinates"":[]}"
1749,2017-10-16,0.01392735956028797,"{""type"":""MultiPoint"",""coordinates"":[]}"
1750,2017-10-17,0.014496439165660374,"{""type"":""MultiPoint"",""coordinates"":[]}"
1751,2017-10-18,0.013585875505753664,"{""type"":""MultiPoint"",""coordinates"":[]}"
1752,2017-10-19,0.0133691261573538,"{""type"":""MultiPoint"",""coordinates"":[]}"
1753,2017-10-20,0.014515945659486058,"{""type"":""MultiPoint"",""coordinates"":[]}"
1754,2017-10-21,0.015753063418359792,"{""type"":""MultiPoint"",""coordinates"":[]}"
1755,2017-10-22,0.015741046870481067,"{""type"":""MultiPoint"",""coordinates"":[]}"
1756,2017-10-23,0.014537448019355984,"{""type"":""MultiPoint"",""coordinates"":[]}"
1757,2017-10-24,0.01450877253674883,"{""type"":""MultiPoint"",""coordinates"":[]}"
1758,2017-10-25,0.014571018747167335,"{""type"":""MultiPoint"",""coordinates"":[]}"
1759,2017-10-26,0.015169232484325092,"{""type"":""MultiPoint"",""coordinates"":[]}"
1760,2017-10-27,0.014664769149540326,"{""type"":""MultiPoint"",""coordinates"":[]}"
1761,2017-10-28,0.015427040148501598,"{""type"":""MultiPoint"",""coordinates"":[]}"
1762,2017-10-29,0.014845288821701073,"{""type"":""MultiPoint"",""coordinates"":[]}"
1763,2017-10-30,0.013933482368699096,"{""type"":""MultiPoint"",""coordinates"":[]}"
1764,2017-10-31,0.014359195291779472,"{""type"":""MultiPoint"",""coordinates"":[]}"
1765,2017-11-01,0.014135226382610668,"{""type"":""MultiPoint"",""coordinates"":[]}"
1766,2017-11-02,0.014646973970108503,"{""type"":""MultiPoint"",""coordinates"":[]}"
1767,2017-11-03,0.014484557564288786,"{""type"":""MultiPoint"",""coordinates"":[]}"
1768,2017-11-04,0.015168242284321785,"{""type"":""MultiPoint"",""coordinates"":[]}"
1769,2017-11-05,0.014960272464586371,"{""type"":""MultiPoint"",""coordinates"":[]}"
1770,2017-11-06,0.014560781474061124,"{""type"":""MultiPoint"",""coordinates"":[]}"
1771,2017-11-07,0.015258852486039566,"{""type"":""MultiPoint"",""coordinates"":[]}"
1772,2017-11-08,0.015404428687613844,"{""type"":""MultiPoint"",""coordinates"":[]}"
1773,2017-11-09,0.015577070453318005,"{""type"":""MultiPoint"",""coordinates"":[]}"
1774,2017-11-10,0.015602782276928613,"{""type"":""MultiPoint"",""coordinates"":[]}"
1775,2017-11-11,0.015074704087743638,"{""type"":""MultiPoint"",""coordinates"":[]}"
1776,2017-11-12,0.014392411815819536,"{""type"":""MultiPoint"",""coordinates"":[]}"
1777,2017-11-13,0.015194157062888338,"{""type"":""MultiPoint"",""coordinates"":[]}"
1778,2017-11-14,0.015369442266028389,"{""type"":""MultiPoint"",""coordinates"":[]}"
1779,2017-11-15,0.015944197003724108,"{""type"":""MultiPoint"",""coordinates"":[]}"
1780,2017-11-16,0.01576913883414298,"{""type"":""MultiPoint"",""coordinates"":[]}"
1781,2017-11-17,0.015415243075466753,"{""type"":""MultiPoint"",""coordinates"":[]}"
1782,2017-11-18,0.01565930611488688,"{""type"":""MultiPoint"",""coordinates"":[]}"
1783,2017-11-19,0.015801894593071866,"{""type"":""MultiPoint"",""coordinates"":[]}"
1784,2017-11-20,0.015198366119909738,"{""type"":""MultiPoint"",""coordinates"":[]}"
1785,2017-11-21,0.015109480085717088,"{""type"":""MultiPoint"",""coordinates"":[]}"
1786,2017-11-22,0.014706247059943936,"{""type"":""MultiPoint"",""coordinates"":[]}"
1787,2017-11-23,0.014565892435944213,"{""type"":""MultiPoint"",""coordinates"":[]}"
1788,2017-11-24,0.013639290338584471,"{""type"":""MultiPoint"",""coordinates"":[]}"
1789,2017-11-25,0.014562150943226422,"{""type"":""MultiPoint"",""coordinates"":[]}"
1790,2017-11-26,0.014740759954715688,"{""type"":""MultiPoint"",""coordinates"":[]}"
1791,2017-11-27,0.015190390775251875,"{""type"":""MultiPoint"",""coordinates"":[]}"
1792,2017-11-28,0.014810904181185634,"{""type"":""MultiPoint"",""coordinates"":[]}"
1793,2017-11-29,0.01450801028059033,"{""type"":""MultiPoint"",""coordinates"":[]}"
1794,2017-11-30,0.01485871390545975,"{""type"":""MultiPoint"",""coordinates"":[]}"
1795,2017-12-01,0.015559691233601625,"{""type"":""MultiPoint"",""coordinates"":[]}"
1796,2017-12-02,0.015305048388360424,"{""type"":""MultiPoint"",""coordinates"":[]}"
1797,2017-12-03,0.015253035558035678,"{""type"":""MultiPoint"",""coordinates"":[]}"
1798,2017-12-04,0.014295882441169356,"{""type"":""MultiPoint"",""coordinates"":[]}"
1799,2017-12-05,0.014104840165292865,"{""type"":""MultiPoint"",""coordinates"":[]}"
1800,2017-12-06,0.014037815414014372,"{""type"":""MultiPoint"",""coordinates"":[]}"
1801,2017-12-07,0.012839676110781769,"{""type"":""MultiPoint"",""coordinates"":[]}"
1802,2017-12-08,0.013928127008714463,"{""type"":""MultiPoint"",""coordinates"":[]}"
1803,2017-12-09,0.01507478440360456,"{""type"":""MultiPoint"",""coordinates"":[]}"
1804,2017-12-10,0.015468388922094746,"{""type"":""MultiPoint"",""coordinates"":[]}"
1805,2017-12-11,0.014845404119620154,"{""type"":""MultiPoint"",""coordinates"":[]}"
1806,2017-12-12,0.015455978272359984,"{""type"":""MultiPoint"",""coordinates"":[]}"
1807,2017-12-13,0.014779936876776681,"{""type"":""MultiPoint"",""coordinates"":[]}"
1808,2017-12-14,0.01408032818545929,"{""type"":""MultiPoint"",""coordinates"":[]}"
1809,2017-12-15,0.013602856195476855,"{""type"":""MultiPoint"",""coordinates"":[]}"
1810,2017-12-16,0.013408989184803903,"{""type"":""MultiPoint"",""coordinates"":[]}"
1811,2017-12-17,0.012185080217988933,"{""type"":""MultiPoint"",""coordinates"":[]}"
1812,2017-12-18,0.010975659511734287,"{""type"":""MultiPoint"",""coordinates"":[]}"
1813,2017-12-19,0.010292786610549623,"{""type"":""MultiPoint"",""coordinates"":[]}"
1814,2017-12-20,0.01041375917077765,"{""type"":""MultiPoint"",""coordinates"":[]}"
1815,2017-12-21,0.011821823783176049,"{""type"":""MultiPoint"",""coordinates"":[]}"
1816,2017-12-22,0.013426642216145491,"{""type"":""MultiPoint"",""coordinates"":[]}"
1817,2017-12-23,0.013550594546937147,"{""type"":""MultiPoint"",""coordinates"":[]}"
1818,2017-12-24,0.013397142631809354,"{""type"":""MultiPoint"",""coordinates"":[]}"
1819,2017-12-25,0.014369311394243823,"{""type"":""MultiPoint"",""coordinates"":[]}"
1820,2017-12-26,0.014372606333582871,"{""type"":""MultiPoint"",""coordinates"":[]}"
1821,2017-12-27,0.013846324162977297,"{""type"":""MultiPoint"",""coordinates"":[]}"
1822,2017-12-28,0.013739196577830015,"{""type"":""MultiPoint"",""coordinates"":[]}"
1823,2017-12-29,0.013796098566722965,"{""type"":""MultiPoint"",""coordinates"":[]}"
1824,2017-12-30,0.014636240169817008,"{""type"":""MultiPoint"",""coordinates"":[]}"
1825,2017-12-31,0.014877299122044592,"{""type"":""MultiPoint"",""coordinates"":[]}"
1826,2018-01-01,0.014363340096431441,"{""type"":""MultiPoint"",""coordinates"":[]}"
1827,2018-01-02,0.013485549950931536,"{""type"":""MultiPoint"",""coordinates"":[]}"
1828,2018-01-03,0.014733943520401735,"{""type"":""MultiPoint"",""coordinates"":[]}"
1829,2018-01-04,0.014795834889201885,"{""type"":""MultiPoint"",""coordinates"":[]}"
1830,2018-01-05,0.014879261830757627,"{""type"":""MultiPoint"",""coordinates"":[]}"
1831,2018-01-06,0.01485274337969428,"{""type"":""MultiPoint"",""coordinates"":[]}"
1832,2018-01-07,0.013701623346012269,"{""type"":""MultiPoint"",""coordinates"":[]}"
1833,2018-01-08,0.013850899687942736,"{""type"":""MultiPoint"",""coordinates"":[]}"
1834,2018-01-09,0.013102407094780008,"{""type"":""MultiPoint"",""coordinates"":[]}"
1835,2018-01-10,0.013983317415714113,"{""type"":""MultiPoint"",""coordinates"":[]}"
1836,2018-01-11,0.014481186646496627,"{""type"":""MultiPoint"",""coordinates"":[]}"
1837,2018-01-12,0.013949369639311553,"{""type"":""MultiPoint"",""coordinates"":[]}"
1838,2018-01-13,0.013808697267797466,"{""type"":""MultiPoint"",""coordinates"":[]}"
1839,2018-01-14,0.01437174492915159,"{""type"":""MultiPoint"",""coordinates"":[]}"
1840,2018-01-15,0.014379962089757677,"{""type"":""MultiPoint"",""coordinates"":[]}"
1841,2018-01-16,0.01434118414103547,"{""type"":""MultiPoint"",""coordinates"":[]}"
1842,2018-01-17,0.013410239073568935,"{""type"":""MultiPoint"",""coordinates"":[]}"
1843,2018-01-18,0.013270215878390333,"{""type"":""MultiPoint"",""coordinates"":[]}"
1844,2018-01-19,0.013089728914119705,"{""type"":""MultiPoint"",""coordinates"":[]}"
1845,2018-01-20,0.013315654346878624,"{""type"":""MultiPoint"",""coordinates"":[]}"
1846,2018-01-21,0.013645440666766574,"{""type"":""MultiPoint"",""coordinates"":[]}"
1847,2018-01-22,0.013487008953928688,"{""type"":""MultiPoint"",""coordinates"":[]}"
1848,2018-01-23,0.013102711757016291,"{""type"":""MultiPoint"",""coordinates"":[]}"
1849,2018-01-24,0.012816852571062973,"{""type"":""MultiPoint"",""coordinates"":[]}"
1850,2018-01-25,0.012370963974150629,"{""type"":""MultiPoint"",""coordinates"":[]}"
1851,2018-01-26,0.01269424206106127,"{""type"":""MultiPoint"",""coordinates"":[]}"
1852,2018-01-27,0.012652410055580305,"{""type"":""MultiPoint"",""coordinates"":[]}"
1853,2018-01-28,0.014044980334924911,"{""type"":""MultiPoint"",""coordinates"":[]}"
1854,2018-01-29,0.014854559501079272,"{""type"":""MultiPoint"",""coordinates"":[]}"
1855,2018-01-30,0.015010259757260303,"{""type"":""MultiPoint"",""coordinates"":[]}"
1856,2018-01-31,0.014026716169217591,"{""type"":""MultiPoint"",""coordinates"":[]}"
1857,2018-02-01,0.01308106049651993,"{""type"":""MultiPoint"",""coordinates"":[]}"
1858,2018-02-02,0.014983437010917465,"{""type"":""MultiPoint"",""coordinates"":[]}"
1859,2018-02-03,0.014937429249919877,"{""type"":""MultiPoint"",""coordinates"":[]}"
1860,2018-02-04,0.015256777449634537,"{""type"":""MultiPoint"",""coordinates"":[]}"
1861,2018-02-05,0.014731267669317124,"{""type"":""MultiPoint"",""coordinates"":[]}"
1862,2018-02-06,0.013879840912031713,"{""type"":""MultiPoint"",""coordinates"":[]}"
1863,2018-02-07,0.013302380271944842,"{""type"":""MultiPoint"",""coordinates"":[]}"
1864,2018-02-08,0.01281399047384122,"{""type"":""MultiPoint"",""coordinates"":[]}"
1865,2018-02-09,0.01194095063069348,"{""type"":""MultiPoint"",""coordinates"":[]}"
1866,2018-02-10,0.012498460410142858,"{""type"":""MultiPoint"",""coordinates"":[]}"
1867,2018-02-11,0.013169683068324133,"{""type"":""MultiPoint"",""coordinates"":[]}"
1868,2018-02-12,0.013794461625528076,"{""type"":""MultiPoint"",""coordinates"":[]}"
1869,2018-02-13,0.014199766639758256,"{""type"":""MultiPoint"",""coordinates"":[]}"
1870,2018-02-14,0.01343170586126998,"{""type"":""MultiPoint"",""coordinates"":[]}"
1871,2018-02-15,0.013362055109117704,"{""type"":""MultiPoint"",""coordinates"":[]}"
1872,2018-02-16,0.01324591507177072,"{""type"":""MultiPoint"",""coordinates"":[]}"
1873,2018-02-17,0.014269430995133864,"{""type"":""MultiPoint"",""coordinates"":[]}"
1874,2018-02-18,0.014569427113141157,"{""type"":""MultiPoint"",""coordinates"":[]}"
1875,2018-02-19,0.013682745899377834,"{""type"":""MultiPoint"",""coordinates"":[]}"
1876,2018-02-20,0.013435067840028783,"{""type"":""MultiPoint"",""coordinates"":[]}"
1877,2018-02-21,0.01197220882174331,"{""type"":""MultiPoint"",""coordinates"":[]}"
1878,2018-02-22,0.011387297518452641,"{""type"":""MultiPoint"",""coordinates"":[]}"
1879,2018-02-23,0.011464083610781294,"{""type"":""MultiPoint"",""coordinates"":[]}"
1880,2018-02-24,0.011944281648193321,"{""type"":""MultiPoint"",""coordinates"":[]}"
1881,2018-02-25,0.011380052150787967,"{""type"":""MultiPoint"",""coordinates"":[]}"
1882,2018-02-26,0.011797521314557857,"{""type"":""MultiPoint"",""coordinates"":[]}"
1883,2018-02-27,0.011563624139479032,"{""type"":""MultiPoint"",""coordinates"":[]}"
1884,2018-02-28,0.01197363566649727,"{""type"":""MultiPoint"",""coordinates"":[]}"
1885,2018-03-01,0.012821038189098938,"{""type"":""MultiPoint"",""coordinates"":[]}"
1886,2018-03-02,0.012840376295459088,"{""type"":""MultiPoint"",""coordinates"":[]}"
1887,2018-03-03,0.013126366694928187,"{""type"":""MultiPoint"",""coordinates"":[]}"
1888,2018-03-04,0.013958330948396174,"{""type"":""MultiPoint"",""coordinates"":[]}"
1889,2018-03-05,0.013560257163686355,"{""type"":""MultiPoint"",""coordinates"":[]}"
1890,2018-03-06,0.01444959469885033,"{""type"":""MultiPoint"",""coordinates"":[]}"
1891,2018-03-07,0.0138126854861517,"{""type"":""MultiPoint"",""coordinates"":[]}"
1892,2018-03-08,0.014463471897962125,"{""type"":""MultiPoint"",""coordinates"":[]}"
1893,2018-03-09,0.013952131529699359,"{""type"":""MultiPoint"",""coordinates"":[]}"
1894,2018-03-10,0.013506601733306941,"{""type"":""MultiPoint"",""coordinates"":[]}"
1895,2018-03-11,0.01301187647235995,"{""type"":""MultiPoint"",""coordinates"":[]}"
1896,2018-03-12,0.013212934842982665,"{""type"":""MultiPoint"",""coordinates"":[]}"
1897,2018-03-13,0.011780650593857479,"{""type"":""MultiPoint"",""coordinates"":[]}"
1898,2018-03-14,0.012676405034488877,"{""type"":""MultiPoint"",""coordinates"":[]}"
1899,2018-03-15,0.014346242829490223,"{""type"":""MultiPoint"",""coordinates"":[]}"
1900,2018-03-16,0.015370050425425637,"{""type"":""MultiPoint"",""coordinates"":[]}"
1901,2018-03-17,0.014856770811985031,"{""type"":""MultiPoint"",""coordinates"":[]}"
1902,2018-03-18,0.015409880595299227,"{""type"":""MultiPoint"",""coordinates"":[]}"
1903,2018-03-19,0.014612031724306328,"{""type"":""MultiPoint"",""coordinates"":[]}"
1904,2018-03-20,0.014528694298298325,"{""type"":""MultiPoint"",""coordinates"":[]}"
1905,2018-03-21,0.0154372054120175,"{""type"":""MultiPoint"",""coordinates"":[]}"
1906,2018-03-22,0.015025787307956598,"{""type"":""MultiPoint"",""coordinates"":[]}"
1907,2018-03-23,0.014931766429164344,"{""type"":""MultiPoint"",""coordinates"":[]}"
1908,2018-03-24,0.014711084717238055,"{""type"":""MultiPoint"",""coordinates"":[]}"
1909,2018-03-25,0.014328783970035092,"{""type"":""MultiPoint"",""coordinates"":[]}"
1910,2018-03-26,0.014499897776771761,"{""type"":""MultiPoint"",""coordinates"":[]}"
1911,2018-03-27,0.013900283139601817,"{""type"":""MultiPoint"",""coordinates"":[]}"
1912,2018-03-28,0.013990870661372286,"{""type"":""MultiPoint"",""coordinates"":[]}"
1913,2018-03-29,0.01524525809159511,"{""type"":""MultiPoint"",""coordinates"":[]}"
1914,2018-03-30,0.014508842676465768,"{""type"":""MultiPoint"",""coordinates"":[]}"
1915,2018-03-31,0.014233429973678963,"{""type"":""MultiPoint"",""coordinates"":[]}"
1916,2018-04-01,0.014048231812602258,"{""type"":""MultiPoint"",""coordinates"":[]}"
1917,2018-04-02,0.014755373967769906,"{""type"":""MultiPoint"",""coordinates"":[]}"
1918,2018-04-03,0.015170839483075113,"{""type"":""MultiPoint"",""coordinates"":[]}"
1919,2018-04-04,0.01496558662364414,"{""type"":""MultiPoint"",""coordinates"":[]}"
1920,2018-04-05,0.015013132888871435,"{""type"":""MultiPoint"",""coordinates"":[]}"
1921,2018-04-06,0.014390452391675934,"{""type"":""MultiPoint"",""coordinates"":[]}"
1922,2018-04-07,0.013711573477927376,"{""type"":""MultiPoint"",""coordinates"":[]}"
1923,2018-04-08,0.013686596868506568,"{""type"":""MultiPoint"",""coordinates"":[]}"
1924,2018-04-09,0.014630768454853796,"{""type"":""MultiPoint"",""coordinates"":[]}"
1925,2018-04-10,0.01480541429902333,"{""type"":""MultiPoint"",""coordinates"":[]}"
1926,2018-04-11,0.014342726747948476,"{""type"":""MultiPoint"",""coordinates"":[]}"
1927,2018-04-12,0.01496022391661373,"{""type"":""MultiPoint"",""coordinates"":[]}"
1928,2018-04-13,0.015411298669197307,"{""type"":""MultiPoint"",""coordinates"":[]}"
1929,2018-04-14,0.014479421737187961,"{""type"":""MultiPoint"",""coordinates"":[]}"
1930,2018-04-15,0.014622457457492655,"{""type"":""MultiPoint"",""coordinates"":[]}"
1931,2018-04-16,0.015510357398308333,"{""type"":""MultiPoint"",""coordinates"":[]}"
1932,2018-04-17,0.014917448398980888,"{""type"":""MultiPoint"",""coordinates"":[]}"
1933,2018-04-18,0.015122832378302578,"{""type"":""MultiPoint"",""coordinates"":[]}"
1934,2018-04-19,0.015241317572088816,"{""type"":""MultiPoint"",""coordinates"":[]}"
1935,2018-04-20,0.014363810408483455,"{""type"":""MultiPoint"",""coordinates"":[]}"
1936,2018-04-21,0.014417589387961413,"{""type"":""MultiPoint"",""coordinates"":[]}"
1937,2018-04-22,0.014937067691090001,"{""type"":""MultiPoint"",""coordinates"":[]}"
1938,2018-04-23,0.015216432018466203,"{""type"":""MultiPoint"",""coordinates"":[]}"
1939,2018-04-24,0.015058318607646505,"{""type"":""MultiPoint"",""coordinates"":[]}"
1940,2018-04-25,0.015844371373948948,"{""type"":""MultiPoint"",""coordinates"":[]}"
1941,2018-04-26,0.015633610959580106,"{""type"":""MultiPoint"",""coordinates"":[]}"
1942,2018-04-27,0.015731104986805987,"{""type"":""MultiPoint"",""coordinates"":[]}"
1943,2018-04-28,0.01525372617097965,"{""type"":""MultiPoint"",""coordinates"":[]}"
1944,2018-04-29,0.014999553921119069,"{""type"":""MultiPoint"",""coordinates"":[]}"
1945,2018-04-30,0.014768407770103588,"{""type"":""MultiPoint"",""coordinates"":[]}"
1946,2018-05-01,0.015275009153872797,"{""type"":""MultiPoint"",""coordinates"":[]}"
1947,2018-05-02,0.0153011122628519,"{""type"":""MultiPoint"",""coordinates"":[]}"
1948,2018-05-03,0.015481519695934073,"{""type"":""MultiPoint"",""coordinates"":[]}"
1949,2018-05-04,0.015813009374735797,"{""type"":""MultiPoint"",""coordinates"":[]}"
1950,2018-05-05,0.014867561972195957,"{""type"":""MultiPoint"",""coordinates"":[]}"
1951,2018-05-06,0.015237788539659873,"{""type"":""MultiPoint"",""coordinates"":[]}"
1952,2018-05-07,0.014914566518427652,"{""type"":""MultiPoint"",""coordinates"":[]}"
1953,2018-05-08,0.014327488356501881,"{""type"":""MultiPoint"",""coordinates"":[]}"
1954,2018-05-09,0.01398624628016519,"{""type"":""MultiPoint"",""coordinates"":[]}"
1955,2018-05-10,0.014180915802700826,"{""type"":""MultiPoint"",""coordinates"":[]}"
1956,2018-05-11,0.014915294443843702,"{""type"":""MultiPoint"",""coordinates"":[]}"
1957,2018-05-12,0.015193024183672688,"{""type"":""MultiPoint"",""coordinates"":[]}"
1958,2018-05-13,0.015487017573715975,"{""type"":""MultiPoint"",""coordinates"":[]}"
1959,2018-05-14,0.01502376036402423,"{""type"":""MultiPoint"",""coordinates"":[]}"
1960,2018-05-15,0.014728856730353962,"{""type"":""MultiPoint"",""coordinates"":[]}"
1961,2018-05-16,0.014361522122192492,"{""type"":""MultiPoint"",""coordinates"":[]}"
1962,2018-05-17,0.0154258521867654,"{""type"":""MultiPoint"",""coordinates"":[]}"
1963,2018-05-18,0.015304549378328862,"{""type"":""MultiPoint"",""coordinates"":[]}"
1964,2018-05-19,0.015602582485384773,"{""type"":""MultiPoint"",""coordinates"":[]}"
1965,2018-05-20,0.015106491759621135,"{""type"":""MultiPoint"",""coordinates"":[]}"
1966,2018-05-21,0.015122258687281849,"{""type"":""MultiPoint"",""coordinates"":[]}"
1967,2018-05-22,0.014724572130934414,"{""type"":""MultiPoint"",""coordinates"":[]}"
1968,2018-05-23,0.015183755929751764,"{""type"":""MultiPoint"",""coordinates"":[]}"
1969,2018-05-24,0.015179534958219358,"{""type"":""MultiPoint"",""coordinates"":[]}"
1970,2018-05-25,0.014864392581647788,"{""type"":""MultiPoint"",""coordinates"":[]}"
1971,2018-05-26,0.015352007178052277,"{""type"":""MultiPoint"",""coordinates"":[]}"
1972,2018-05-27,0.0151303417460793,"{""type"":""MultiPoint"",""coordinates"":[]}"
1973,2018-05-28,0.014450226862389134,"{""type"":""MultiPoint"",""coordinates"":[]}"
1974,2018-05-29,0.015173582374790327,"{""type"":""MultiPoint"",""coordinates"":[]}"
1975,2018-05-30,0.015210307051074236,"{""type"":""MultiPoint"",""coordinates"":[]}"
1976,2018-05-31,0.015423957146557622,"{""type"":""MultiPoint"",""coordinates"":[]}"
1977,2018-06-01,0.015231626157684308,"{""type"":""MultiPoint"",""coordinates"":[]}"
1978,2018-06-02,0.014894081848367236,"{""type"":""MultiPoint"",""coordinates"":[]}"
1979,2018-06-03,0.015015642006077292,"{""type"":""MultiPoint"",""coordinates"":[]}"
1980,2018-06-04,0.014836825698824564,"{""type"":""MultiPoint"",""coordinates"":[]}"
1981,2018-06-05,0.014532702971474928,"{""type"":""MultiPoint"",""coordinates"":[]}"
1982,2018-06-06,0.01508172845449436,"{""type"":""MultiPoint"",""coordinates"":[]}"
1983,2018-06-07,0.015121045792865872,"{""type"":""MultiPoint"",""coordinates"":[]}"
1984,2018-06-08,0.014883821264656198,"{""type"":""MultiPoint"",""coordinates"":[]}"
1985,2018-06-09,0.014981945424683582,"{""type"":""MultiPoint"",""coordinates"":[]}"
1986,2018-06-10,0.015067401643154338,"{""type"":""MultiPoint"",""coordinates"":[]}"
1987,2018-06-11,0.015034057645295374,"{""type"":""MultiPoint"",""coordinates"":[]}"
1988,2018-06-12,0.014542752984510006,"{""type"":""MultiPoint"",""coordinates"":[]}"
1989,2018-06-13,0.014520190223730058,"{""type"":""MultiPoint"",""coordinates"":[]}"
1990,2018-06-14,0.01491052921310919,"{""type"":""MultiPoint"",""coordinates"":[]}"
1991,2018-06-15,0.014013657581113179,"{""type"":""MultiPoint"",""coordinates"":[]}"
1992,2018-06-16,0.014082520020748134,"{""type"":""MultiPoint"",""coordinates"":[]}"
1993,2018-06-17,0.014428323725106757,"{""type"":""MultiPoint"",""coordinates"":[]}"
1994,2018-06-18,0.014169300635508178,"{""type"":""MultiPoint"",""coordinates"":[]}"
1995,2018-06-19,0.013402207405581889,"{""type"":""MultiPoint"",""coordinates"":[]}"
1996,2018-06-20,0.013428197264997348,"{""type"":""MultiPoint"",""coordinates"":[]}"
1997,2018-06-21,0.013217694310947182,"{""type"":""MultiPoint"",""coordinates"":[]}"
1998,2018-06-22,0.013625187312376259,"{""type"":""MultiPoint"",""coordinates"":[]}"
1999,2018-06-23,0.0142928033227612,"{""type"":""MultiPoint"",""coordinates"":[]}"
2000,2018-06-24,0.014596197074240572,"{""type"":""MultiPoint"",""coordinates"":[]}"
2001,2018-06-25,0.014141906084908366,"{""type"":""MultiPoint"",""coordinates"":[]}"
2002,2018-06-26,0.013880242252498969,"{""type"":""MultiPoint"",""coordinates"":[]}"
2003,2018-06-27,0.013905459174609294,"{""type"":""MultiPoint"",""coordinates"":[]}"
2004,2018-06-28,0.014261064068298373,"{""type"":""MultiPoint"",""coordinates"":[]}"
2005,2018-06-29,0.014056941780214214,"{""type"":""MultiPoint"",""coordinates"":[]}"
2006,2018-06-30,0.013756536047903363,"{""type"":""MultiPoint"",""coordinates"":[]}"
2007,2018-07-01,0.01372593194097863,"{""type"":""MultiPoint"",""coordinates"":[]}"
2008,2018-07-02,0.014178137098176516,"{""type"":""MultiPoint"",""coordinates"":[]}"
2009,2018-07-03,0.013922507965390726,"{""type"":""MultiPoint"",""coordinates"":[]}"
2010,2018-07-04,0.013946602104208602,"{""type"":""MultiPoint"",""coordinates"":[]}"
2011,2018-07-05,0.014295588175170286,"{""type"":""MultiPoint"",""coordinates"":[]}"
2012,2018-07-06,0.013802331358164851,"{""type"":""MultiPoint"",""coordinates"":[]}"
2013,2018-07-07,0.014161476471362401,"{""type"":""MultiPoint"",""coordinates"":[]}"
2014,2018-07-08,0.014433146262434499,"{""type"":""MultiPoint"",""coordinates"":[]}"
2015,2018-07-09,0.014511418197600255,"{""type"":""MultiPoint"",""coordinates"":[]}"
2016,2018-07-10,0.013529969813870295,"{""type"":""MultiPoint"",""coordinates"":[]}"
2017,2018-07-11,0.01354863519248383,"{""type"":""MultiPoint"",""coordinates"":[]}"
2018,2018-07-12,0.014119544205005871,"{""type"":""MultiPoint"",""coordinates"":[]}"
2019,2018-07-13,0.013624009841659726,"{""type"":""MultiPoint"",""coordinates"":[]}"
2020,2018-07-14,0.013621734873615912,"{""type"":""MultiPoint"",""coordinates"":[]}"
2021,2018-07-15,0.013850166231454715,"{""type"":""MultiPoint"",""coordinates"":[]}"
2022,2018-07-16,0.01321626437167534,"{""type"":""MultiPoint"",""coordinates"":[]}"
2023,2018-07-17,0.013681911409551004,"{""type"":""MultiPoint"",""coordinates"":[]}"
2024,2018-07-18,0.01408301902560802,"{""type"":""MultiPoint"",""coordinates"":[]}"
2025,2018-07-19,0.014149421091208923,"{""type"":""MultiPoint"",""coordinates"":[]}"
2026,2018-07-20,0.014471631351560642,"{""type"":""MultiPoint"",""coordinates"":[]}"
2027,2018-07-21,0.01459707516841021,"{""type"":""MultiPoint"",""coordinates"":[]}"
2028,2018-07-22,0.014512943510042545,"{""type"":""MultiPoint"",""coordinates"":[]}"
2029,2018-07-23,0.01386735836041169,"{""type"":""MultiPoint"",""coordinates"":[]}"
2030,2018-07-24,0.014938019036870047,"{""type"":""MultiPoint"",""coordinates"":[]}"
2031,2018-07-25,0.01414907950539637,"{""type"":""MultiPoint"",""coordinates"":[]}"
2032,2018-07-26,0.014720246679686614,"{""type"":""MultiPoint"",""coordinates"":[]}"
2033,2018-07-27,0.01385433130072311,"{""type"":""MultiPoint"",""coordinates"":[]}"
2034,2018-07-28,0.014170622457169277,"{""type"":""MultiPoint"",""coordinates"":[]}"
2035,2018-07-29,0.014415396119077334,"{""type"":""MultiPoint"",""coordinates"":[]}"
2036,2018-07-30,0.014464448577198181,"{""type"":""MultiPoint"",""coordinates"":[]}"
2037,2018-07-31,0.014080742747463404,"{""type"":""MultiPoint"",""coordinates"":[]}"
2038,2018-08-01,0.01421820022107174,"{""type"":""MultiPoint"",""coordinates"":[]}"
2039,2018-08-02,0.013982049750998508,"{""type"":""MultiPoint"",""coordinates"":[]}"
2040,2018-08-03,0.0133448945598833,"{""type"":""MultiPoint"",""coordinates"":[]}"
2041,2018-08-04,0.014138354926277697,"{""type"":""MultiPoint"",""coordinates"":[]}"
2042,2018-08-05,0.014347051430617338,"{""type"":""MultiPoint"",""coordinates"":[]}"
2043,2018-08-06,0.013978479511238163,"{""type"":""MultiPoint"",""coordinates"":[]}"
2044,2018-08-07,0.01286293304856923,"{""type"":""MultiPoint"",""coordinates"":[]}"
2045,2018-08-08,0.013342545198725473,"{""type"":""MultiPoint"",""coordinates"":[]}"
2046,2018-08-09,0.0128723118254508,"{""type"":""MultiPoint"",""coordinates"":[]}"
2047,2018-08-10,0.012217067968696158,"{""type"":""MultiPoint"",""coordinates"":[]}"
2048,2018-08-11,0.010850095929184969,"{""type"":""MultiPoint"",""coordinates"":[]}"
2049,2018-08-12,0.012076588922758995,"{""type"":""MultiPoint"",""coordinates"":[]}"
2050,2018-08-13,0.01343766549378069,"{""type"":""MultiPoint"",""coordinates"":[]}"
2051,2018-08-14,0.014100138998601274,"{""type"":""MultiPoint"",""coordinates"":[]}"
2052,2018-08-15,0.01432504568007086,"{""type"":""MultiPoint"",""coordinates"":[]}"
2053,2018-08-16,0.01290844069766768,"{""type"":""MultiPoint"",""coordinates"":[]}"
2054,2018-08-17,0.01241763786821667,"{""type"":""MultiPoint"",""coordinates"":[]}"
2055,2018-08-18,0.013288165275125101,"{""type"":""MultiPoint"",""coordinates"":[]}"
2056,2018-08-19,0.013217076643487315,"{""type"":""MultiPoint"",""coordinates"":[]}"
2057,2018-08-20,0.013218343644075968,"{""type"":""MultiPoint"",""coordinates"":[]}"
2058,2018-08-21,0.013516565759454658,"{""type"":""MultiPoint"",""coordinates"":[]}"
2059,2018-08-22,0.013524789200218545,"{""type"":""MultiPoint"",""coordinates"":[]}"
2060,2018-08-23,0.013595434985663594,"{""type"":""MultiPoint"",""coordinates"":[]}"
2061,2018-08-24,0.01398613028032615,"{""type"":""MultiPoint"",""coordinates"":[]}"
2062,2018-08-25,0.01344388144631581,"{""type"":""MultiPoint"",""coordinates"":[]}"
2063,2018-08-26,0.013101297859741574,"{""type"":""MultiPoint"",""coordinates"":[]}"
2064,2018-08-27,0.013567138454668067,"{""type"":""MultiPoint"",""coordinates"":[]}"
2065,2018-08-28,0.012727823136972358,"{""type"":""MultiPoint"",""coordinates"":[]}"
2066,2018-08-29,0.013113736182163214,"{""type"":""MultiPoint"",""coordinates"":[]}"
2067,2018-08-30,0.014193699139852231,"{""type"":""MultiPoint"",""coordinates"":[]}"
2068,2018-08-31,0.014229673856950899,"{""type"":""MultiPoint"",""coordinates"":[]}"
2069,2018-09-01,0.014224878031886328,"{""type"":""MultiPoint"",""coordinates"":[]}"
2070,2018-09-02,0.013763967928501908,"{""type"":""MultiPoint"",""coordinates"":[]}"
2071,2018-09-03,0.014313766832155754,"{""type"":""MultiPoint"",""coordinates"":[]}"
2072,2018-09-04,0.01482849215638006,"{""type"":""MultiPoint"",""coordinates"":[]}"
2073,2018-09-05,0.014440499824186019,"{""type"":""MultiPoint"",""coordinates"":[]}"
2074,2018-09-06,0.014185454696066259,"{""type"":""MultiPoint"",""coordinates"":[]}"
2075,2018-09-07,0.013208813919801698,"{""type"":""MultiPoint"",""coordinates"":[]}"
2076,2018-09-08,0.01354252891265034,"{""type"":""MultiPoint"",""coordinates"":[]}"
2077,2018-09-09,0.012911794721619648,"{""type"":""MultiPoint"",""coordinates"":[]}"
2078,2018-09-10,0.012847463983922695,"{""type"":""MultiPoint"",""coordinates"":[]}"
2079,2018-09-11,0.01281359831785354,"{""type"":""MultiPoint"",""coordinates"":[]}"
2080,2018-09-12,0.01322594608999853,"{""type"":""MultiPoint"",""coordinates"":[]}"
2081,2018-09-13,0.015304100732659191,"{""type"":""MultiPoint"",""coordinates"":[]}"
2082,2018-09-14,0.014596989124221721,"{""type"":""MultiPoint"",""coordinates"":[]}"
2083,2018-09-15,0.014479831762382933,"{""type"":""MultiPoint"",""coordinates"":[]}"
2084,2018-09-16,0.014749084680139359,"{""type"":""MultiPoint"",""coordinates"":[]}"
2085,2018-09-17,0.01444861000369988,"{""type"":""MultiPoint"",""coordinates"":[]}"
2086,2018-09-18,0.014835165288403089,"{""type"":""MultiPoint"",""coordinates"":[]}"
2087,2018-09-19,0.015353475801787081,"{""type"":""MultiPoint"",""coordinates"":[]}"
2088,2018-09-20,0.014094860156930095,"{""type"":""MultiPoint"",""coordinates"":[]}"
2089,2018-09-21,0.01370001890873644,"{""type"":""MultiPoint"",""coordinates"":[]}"
2090,2018-09-22,0.013857003846792365,"{""type"":""MultiPoint"",""coordinates"":[]}"
2091,2018-09-23,0.013627476233245969,"{""type"":""MultiPoint"",""coordinates"":[]}"
2092,2018-09-24,0.013261864524749799,"{""type"":""MultiPoint"",""coordinates"":[]}"
2093,2018-09-25,0.013153063344178116,"{""type"":""MultiPoint"",""coordinates"":[]}"
2094,2018-09-26,0.014298089572579475,"{""type"":""MultiPoint"",""coordinates"":[]}"
2095,2018-09-27,0.014612927688420686,"{""type"":""MultiPoint"",""coordinates"":[]}"
2096,2018-09-28,0.015843522613230878,"{""type"":""MultiPoint"",""coordinates"":[]}"
2097,2018-09-29,0.015592114014417055,"{""type"":""MultiPoint"",""coordinates"":[]}"
2098,2018-09-30,0.015824886824406307,"{""type"":""MultiPoint"",""coordinates"":[]}"
2099,2018-10-01,0.015576494619944195,"{""type"":""MultiPoint"",""coordinates"":[]}"
2100,2018-10-02,0.015275840036107997,"{""type"":""MultiPoint"",""coordinates"":[]}"
2101,2018-10-03,0.016024881478198826,"{""type"":""MultiPoint"",""coordinates"":[]}"
2102,2018-10-04,0.015380648906590315,"{""type"":""MultiPoint"",""coordinates"":[]}"
2103,2018-10-05,0.01492727884093973,"{""type"":""MultiPoint"",""coordinates"":[]}"
2104,2018-10-06,0.014081370975706652,"{""type"":""MultiPoint"",""coordinates"":[]}"
2105,2018-10-07,0.01396500650909045,"{""type"":""MultiPoint"",""coordinates"":[]}"
2106,2018-10-08,0.014923625474814612,"{""type"":""MultiPoint"",""coordinates"":[]}"
2107,2018-10-09,0.01579486021930079,"{""type"":""MultiPoint"",""coordinates"":[]}"
2108,2018-10-10,0.015543375012632898,"{""type"":""MultiPoint"",""coordinates"":[]}"
2109,2018-10-11,0.014487876824205532,"{""type"":""MultiPoint"",""coordinates"":[]}"
2110,2018-10-12,0.014283183622105592,"{""type"":""MultiPoint"",""coordinates"":[]}"
2111,2018-10-13,0.014886148458300741,"{""type"":""MultiPoint"",""coordinates"":[]}"
2112,2018-10-14,0.014742286489856926,"{""type"":""MultiPoint"",""coordinates"":[]}"
2113,2018-10-15,0.014670286908313795,"{""type"":""MultiPoint"",""coordinates"":[]}"
2114,2018-10-16,0.01521953368554403,"{""type"":""MultiPoint"",""coordinates"":[]}"
2115,2018-10-17,0.015037831420064736,"{""type"":""MultiPoint"",""coordinates"":[]}"
2116,2018-10-18,0.014731961767815148,"{""type"":""MultiPoint"",""coordinates"":[]}"
2117,2018-10-19,0.015505496632451888,"{""type"":""MultiPoint"",""coordinates"":[]}"
2118,2018-10-20,0.01505089482715771,"{""type"":""MultiPoint"",""coordinates"":[]}"
2119,2018-10-21,0.01585343937364007,"{""type"":""MultiPoint"",""coordinates"":[]}"
2120,2018-10-22,0.015037031639809644,"{""type"":""MultiPoint"",""coordinates"":[]}"
2121,2018-10-23,0.014823783440336998,"{""type"":""MultiPoint"",""coordinates"":[]}"
2122,2018-10-24,0.015522328346601692,"{""type"":""MultiPoint"",""coordinates"":[]}"
2123,2018-10-25,0.016150940902823815,"{""type"":""MultiPoint"",""coordinates"":[]}"
2124,2018-10-26,0.015662433481687704,"{""type"":""MultiPoint"",""coordinates"":[]}"
2125,2018-10-27,0.015485150507687164,"{""type"":""MultiPoint"",""coordinates"":[]}"
2126,2018-10-28,0.01451654264793687,"{""type"":""MultiPoint"",""coordinates"":[]}"
2127,2018-10-29,0.014128764055266863,"{""type"":""MultiPoint"",""coordinates"":[]}"
2128,2018-10-30,0.015194165874169989,"{""type"":""MultiPoint"",""coordinates"":[]}"
2129,2018-10-31,0.015291392049883496,"{""type"":""MultiPoint"",""coordinates"":[]}"
2130,2018-11-01,0.01520361135563196,"{""type"":""MultiPoint"",""coordinates"":[]}"
2131,2018-11-02,0.015142865258528988,"{""type"":""MultiPoint"",""coordinates"":[]}"
2132,2018-11-03,0.013713969452796938,"{""type"":""MultiPoint"",""coordinates"":[]}"
2133,2018-11-04,0.014206248165046427,"{""type"":""MultiPoint"",""coordinates"":[]}"
2134,2018-11-05,0.015545273609191994,"{""type"":""MultiPoint"",""coordinates"":[]}"
2135,2018-11-06,0.014663602445259988,"{""type"":""MultiPoint"",""coordinates"":[]}"
2136,2018-11-07,0.01524940631719227,"{""type"":""MultiPoint"",""coordinates"":[]}"
2137,2018-11-08,0.014745380778818637,"{""type"":""MultiPoint"",""coordinates"":[]}"
2138,2018-11-09,0.015773295732196147,"{""type"":""MultiPoint"",""coordinates"":[]}"
2139,2018-11-10,0.015508906943775208,"{""type"":""MultiPoint"",""coordinates"":[]}"
2140,2018-11-11,0.015452471798851062,"{""type"":""MultiPoint"",""coordinates"":[]}"
2141,2018-11-12,0.01590414199627246,"{""type"":""MultiPoint"",""coordinates"":[]}"
2142,2018-11-13,0.015389063840109385,"{""type"":""MultiPoint"",""coordinates"":[]}"
2143,2018-11-14,0.014164600893722476,"{""type"":""MultiPoint"",""coordinates"":[]}"
2144,2018-11-15,0.015240450394256718,"{""type"":""MultiPoint"",""coordinates"":[]}"
2145,2018-11-16,0.015645892506340672,"{""type"":""MultiPoint"",""coordinates"":[]}"
2146,2018-11-17,0.015128903985575093,"{""type"":""MultiPoint"",""coordinates"":[]}"
2147,2018-11-18,0.015034453585801208,"{""type"":""MultiPoint"",""coordinates"":[]}"
2148,2018-11-19,0.016008576240404665,"{""type"":""MultiPoint"",""coordinates"":[]}"
2149,2018-11-20,0.014544991130161498,"{""type"":""MultiPoint"",""coordinates"":[]}"
2150,2018-11-21,0.014972850763095333,"{""type"":""MultiPoint"",""coordinates"":[]}"
2151,2018-11-22,0.014412107860212587,"{""type"":""MultiPoint"",""coordinates"":[]}"
2152,2018-11-23,0.015866772678203103,"{""type"":""MultiPoint"",""coordinates"":[]}"
2153,2018-11-24,0.015727558865932374,"{""type"":""MultiPoint"",""coordinates"":[]}"
2154,2018-11-25,0.015783690040951873,"{""type"":""MultiPoint"",""coordinates"":[]}"
2155,2018-11-26,0.01553837927198609,"{""type"":""MultiPoint"",""coordinates"":[]}"
2156,2018-11-27,0.015510892459839441,"{""type"":""MultiPoint"",""coordinates"":[]}"
2157,2018-11-28,0.015233953298191022,"{""type"":""MultiPoint"",""coordinates"":[]}"
2158,2018-11-29,0.014769045660191263,"{""type"":""MultiPoint"",""coordinates"":[]}"
2159,2018-11-30,0.015513525506399178,"{""type"":""MultiPoint"",""coordinates"":[]}"
2160,2018-12-01,0.014989344868415737,"{""type"":""MultiPoint"",""coordinates"":[]}"
2161,2018-12-02,0.01343965718206943,"{""type"":""MultiPoint"",""coordinates"":[]}"
2162,2018-12-03,0.01214671654724595,"{""type"":""MultiPoint"",""coordinates"":[]}"
2163,2018-12-04,0.01271363795323957,"{""type"":""MultiPoint"",""coordinates"":[]}"
2164,2018-12-05,0.013250948778696243,"{""type"":""MultiPoint"",""coordinates"":[]}"
2165,2018-12-06,0.012944444336806764,"{""type"":""MultiPoint"",""coordinates"":[]}"
2166,2018-12-07,0.012811001175586983,"{""type"":""MultiPoint"",""coordinates"":[]}"
2167,2018-12-08,0.01335163775955083,"{""type"":""MultiPoint"",""coordinates"":[]}"
2168,2018-12-09,0.013674155092784405,"{""type"":""MultiPoint"",""coordinates"":[]}"
2169,2018-12-10,0.013180906457484891,"{""type"":""MultiPoint"",""coordinates"":[]}"
2170,2018-12-11,0.013753945216049787,"{""type"":""MultiPoint"",""coordinates"":[]}"
2171,2018-12-12,0.014320514065740635,"{""type"":""MultiPoint"",""coordinates"":[]}"
2172,2018-12-13,0.013467439030074566,"{""type"":""MultiPoint"",""coordinates"":[]}"
2173,2018-12-14,0.014747211981342363,"{""type"":""MultiPoint"",""coordinates"":[]}"
2174,2018-12-15,0.014077160622617326,"{""type"":""MultiPoint"",""coordinates"":[]}"
2175,2018-12-16,0.013011134707833995,"{""type"":""MultiPoint"",""coordinates"":[]}"
2176,2018-12-17,0.01314974253119118,"{""type"":""MultiPoint"",""coordinates"":[]}"
2177,2018-12-18,0.014025284778171984,"{""type"":""MultiPoint"",""coordinates"":[]}"
2178,2018-12-19,0.014685849211731992,"{""type"":""MultiPoint"",""coordinates"":[]}"
2179,2018-12-20,0.01310786304860849,"{""type"":""MultiPoint"",""coordinates"":[]}"
2180,2018-12-21,0.013706221772168873,"{""type"":""MultiPoint"",""coordinates"":[]}"
2181,2018-12-22,0.014311969275006766,"{""type"":""MultiPoint"",""coordinates"":[]}"
2182,2018-12-23,0.013811365646419507,"{""type"":""MultiPoint"",""coordinates"":[]}"
2183,2018-12-24,0.013513185344000353,"{""type"":""MultiPoint"",""coordinates"":[]}"
2184,2018-12-25,0.013133480161505699,"{""type"":""MultiPoint"",""coordinates"":[]}"
2185,2018-12-26,0.013046601218520826,"{""type"":""MultiPoint"",""coordinates"":[]}"
2186,2018-12-27,0.01319826591092742,"{""type"":""MultiPoint"",""coordinates"":[]}"
2187,2018-12-28,0.012949084382993331,"{""type"":""MultiPoint"",""coordinates"":[]}"
2188,2018-12-29,0.01243422372188595,"{""type"":""MultiPoint"",""coordinates"":[]}"
2189,2018-12-30,0.012593627846523287,"{""type"":""MultiPoint"",""coordinates"":[]}"
2190,2018-12-31,0.013891981719746843,"{""type"":""MultiPoint"",""coordinates"":[]}"
2191,2019-01-01,0.012324510003208333,"{""type"":""MultiPoint"",""coordinates"":[]}"
2192,2019-01-02,0.012299968743066263,"{""type"":""MultiPoint"",""coordinates"":[]}"
2193,2019-01-03,0.012439569752625558,"{""type"":""MultiPoint"",""coordinates"":[]}"
2194,2019-01-04,0.01284513130334538,"{""type"":""MultiPoint"",""coordinates"":[]}"
2195,2019-01-05,0.014155615823493395,"{""type"":""MultiPoint"",""coordinates"":[]}"
2196,2019-01-06,0.01366808311455408,"{""type"":""MultiPoint"",""coordinates"":[]}"
2197,2019-01-07,0.014174452220210833,"{""type"":""MultiPoint"",""coordinates"":[]}"
2198,2019-01-08,0.014670267161922367,"{""type"":""MultiPoint"",""coordinates"":[]}"
2199,2019-01-09,0.014152660145057852,"{""type"":""MultiPoint"",""coordinates"":[]}"
2200,2019-01-10,0.013847768949518823,"{""type"":""MultiPoint"",""coordinates"":[]}"
2201,2019-01-11,0.012975777404525095,"{""type"":""MultiPoint"",""coordinates"":[]}"
2202,2019-01-12,0.012831633851517796,"{""type"":""MultiPoint"",""coordinates"":[]}"
2203,2019-01-13,0.012451526496409756,"{""type"":""MultiPoint"",""coordinates"":[]}"
2204,2019-01-14,0.012086892466232258,"{""type"":""MultiPoint"",""coordinates"":[]}"
2205,2019-01-15,0.013494139375269514,"{""type"":""MultiPoint"",""coordinates"":[]}"
2206,2019-01-16,0.012990078941184974,"{""type"":""MultiPoint"",""coordinates"":[]}"
2207,2019-01-17,0.012608026292061167,"{""type"":""MultiPoint"",""coordinates"":[]}"
2208,2019-01-18,0.012124557871736408,"{""type"":""MultiPoint"",""coordinates"":[]}"
2209,2019-01-19,0.012915472468622716,"{""type"":""MultiPoint"",""coordinates"":[]}"
2210,2019-01-20,0.013938457958867688,"{""type"":""MultiPoint"",""coordinates"":[]}"
2211,2019-01-21,0.01365807441270972,"{""type"":""MultiPoint"",""coordinates"":[]}"
2212,2019-01-22,0.012328052829275167,"{""type"":""MultiPoint"",""coordinates"":[]}"
2213,2019-01-23,0.013645462929339604,"{""type"":""MultiPoint"",""coordinates"":[]}"
2214,2019-01-24,0.01355932111076709,"{""type"":""MultiPoint"",""coordinates"":[]}"
2215,2019-01-25,0.013753847716222645,"{""type"":""MultiPoint"",""coordinates"":[]}"
2216,2019-01-26,0.013962516677116094,"{""type"":""MultiPoint"",""coordinates"":[]}"
2217,2019-01-27,0.014307459526622683,"{""type"":""MultiPoint"",""coordinates"":[]}"
2218,2019-01-28,0.015430378015205415,"{""type"":""MultiPoint"",""coordinates"":[]}"
2219,2019-01-29,0.014522904133848708,"{""type"":""MultiPoint"",""coordinates"":[]}"
2220,2019-01-30,0.013438411267563866,"{""type"":""MultiPoint"",""coordinates"":[]}"
2221,2019-01-31,0.013269062238191262,"{""type"":""MultiPoint"",""coordinates"":[]}"
2222,2019-02-01,0.014652882800523138,"{""type"":""MultiPoint"",""coordinates"":[]}"
2223,2019-02-02,0.014193266289028847,"{""type"":""MultiPoint"",""coordinates"":[]}"
2224,2019-02-03,0.01420746426788125,"{""type"":""MultiPoint"",""coordinates"":[]}"
2225,2019-02-04,0.014319263948860761,"{""type"":""MultiPoint"",""coordinates"":[]}"
2226,2019-02-05,0.015104870038429608,"{""type"":""MultiPoint"",""coordinates"":[]}"
2227,2019-02-06,0.014601944963065537,"{""type"":""MultiPoint"",""coordinates"":[]}"
2228,2019-02-07,0.014561328804279475,"{""type"":""MultiPoint"",""coordinates"":[]}"
2229,2019-02-08,0.013812643004382334,"{""type"":""MultiPoint"",""coordinates"":[]}"
2230,2019-02-09,0.013648815814310399,"{""type"":""MultiPoint"",""coordinates"":[]}"
2231,2019-02-10,0.014829773671656358,"{""type"":""MultiPoint"",""coordinates"":[]}"
2232,2019-02-11,0.014790685155858756,"{""type"":""MultiPoint"",""coordinates"":[]}"
2233,2019-02-12,0.014993089672791783,"{""type"":""MultiPoint"",""coordinates"":[]}"
2234,2019-02-13,0.014260350302135327,"{""type"":""MultiPoint"",""coordinates"":[]}"
2235,2019-02-14,0.014381099921025792,"{""type"":""MultiPoint"",""coordinates"":[]}"
2236,2019-02-15,0.014640829261081194,"{""type"":""MultiPoint"",""coordinates"":[]}"
2237,2019-02-16,0.015199956656877291,"{""type"":""MultiPoint"",""coordinates"":[]}"
2238,2019-02-17,0.014965523021246444,"{""type"":""MultiPoint"",""coordinates"":[]}"
2239,2019-02-18,0.015281215212021993,"{""type"":""MultiPoint"",""coordinates"":[]}"
2240,2019-02-19,0.015095633332497166,"{""type"":""MultiPoint"",""coordinates"":[]}"
2241,2019-02-20,0.015603755983658577,"{""type"":""MultiPoint"",""coordinates"":[]}"
2242,2019-02-21,0.015366809006503413,"{""type"":""MultiPoint"",""coordinates"":[]}"
2243,2019-02-22,0.015739863653067565,"{""type"":""MultiPoint"",""coordinates"":[]}"
2244,2019-02-23,0.0157333441200814,"{""type"":""MultiPoint"",""coordinates"":[]}"
2245,2019-02-24,0.01480336337730706,"{""type"":""MultiPoint"",""coordinates"":[]}"
2246,2019-02-25,0.015131911070171188,"{""type"":""MultiPoint"",""coordinates"":[]}"
2247,2019-02-26,0.015231845666297915,"{""type"":""MultiPoint"",""coordinates"":[]}"
2248,2019-02-27,0.01484174831313015,"{""type"":""MultiPoint"",""coordinates"":[]}"
2249,2019-02-28,0.014619384911453433,"{""type"":""MultiPoint"",""coordinates"":[]}"
2250,2019-03-01,0.014061558836844817,"{""type"":""MultiPoint"",""coordinates"":[]}"
2251,2019-03-02,0.014730248671472086,"{""type"":""MultiPoint"",""coordinates"":[]}"
2252,2019-03-03,0.01455782817429932,"{""type"":""MultiPoint"",""coordinates"":[]}"
2253,2019-03-04,0.014023093624100869,"{""type"":""MultiPoint"",""coordinates"":[]}"
2254,2019-03-05,0.01526213039528617,"{""type"":""MultiPoint"",""coordinates"":[]}"
2255,2019-03-06,0.015201840048416513,"{""type"":""MultiPoint"",""coordinates"":[]}"
2256,2019-03-07,0.015574908518201447,"{""type"":""MultiPoint"",""coordinates"":[]}"
2257,2019-03-08,0.015227888232674165,"{""type"":""MultiPoint"",""coordinates"":[]}"
2258,2019-03-09,0.015351436721666306,"{""type"":""MultiPoint"",""coordinates"":[]}"
2259,2019-03-10,0.016191045635650287,"{""type"":""MultiPoint"",""coordinates"":[]}"
2260,2019-03-11,0.015399995133890282,"{""type"":""MultiPoint"",""coordinates"":[]}"
2261,2019-03-12,0.014977849146639334,"{""type"":""MultiPoint"",""coordinates"":[]}"
2262,2019-03-13,0.015264153947242875,"{""type"":""MultiPoint"",""coordinates"":[]}"
2263,2019-03-14,0.015373359877883118,"{""type"":""MultiPoint"",""coordinates"":[]}"
2264,2019-03-15,0.015617281907242727,"{""type"":""MultiPoint"",""coordinates"":[]}"
2265,2019-03-16,0.014520362600211362,"{""type"":""MultiPoint"",""coordinates"":[]}"
2266,2019-03-17,0.015326684371514186,"{""type"":""MultiPoint"",""coordinates"":[]}"
2267,2019-03-18,0.016215712507755838,"{""type"":""MultiPoint"",""coordinates"":[]}"
2268,2019-03-19,0.015578359871463159,"{""type"":""MultiPoint"",""coordinates"":[]}"
2269,2019-03-20,0.013608908093086814,"{""type"":""MultiPoint"",""coordinates"":[]}"
2270,2019-03-21,0.013752884308920736,"{""type"":""MultiPoint"",""coordinates"":[]}"
2271,2019-03-22,0.014529883033378101,"{""type"":""MultiPoint"",""coordinates"":[]}"
2272,2019-03-23,0.014440859474791018,"{""type"":""MultiPoint"",""coordinates"":[]}"
2273,2019-03-24,0.0146545821623719,"{""type"":""MultiPoint"",""coordinates"":[]}"
2274,2019-03-25,0.015391032867906183,"{""type"":""MultiPoint"",""coordinates"":[]}"
2275,2019-03-26,0.015043227750543148,"{""type"":""MultiPoint"",""coordinates"":[]}"
2276,2019-03-27,0.01516628235683407,"{""type"":""MultiPoint"",""coordinates"":[]}"
2277,2019-03-28,0.015320355799948476,"{""type"":""MultiPoint"",""coordinates"":[]}"
2278,2019-03-29,0.01605752424601468,"{""type"":""MultiPoint"",""coordinates"":[]}"
2279,2019-03-30,0.015248505086589237,"{""type"":""MultiPoint"",""coordinates"":[]}"
2280,2019-03-31,0.01593236075775455,"{""type"":""MultiPoint"",""coordinates"":[]}"
2281,2019-04-01,0.015200994861965406,"{""type"":""MultiPoint"",""coordinates"":[]}"
2282,2019-04-02,0.01538459541981827,"{""type"":""MultiPoint"",""coordinates"":[]}"
2283,2019-04-03,0.013889913879822774,"{""type"":""MultiPoint"",""coordinates"":[]}"
2284,2019-04-04,0.01449915544987551,"{""type"":""MultiPoint"",""coordinates"":[]}"
2285,2019-04-05,0.016145736633414953,"{""type"":""MultiPoint"",""coordinates"":[]}"
2286,2019-04-06,0.015333135415518314,"{""type"":""MultiPoint"",""coordinates"":[]}"
2287,2019-04-07,0.015348043678547349,"{""type"":""MultiPoint"",""coordinates"":[]}"
2288,2019-04-08,0.014492717321562968,"{""type"":""MultiPoint"",""coordinates"":[]}"
2289,2019-04-09,0.015269111403339058,"{""type"":""MultiPoint"",""coordinates"":[]}"
2290,2019-04-10,0.015882085411458784,"{""type"":""MultiPoint"",""coordinates"":[]}"
2291,2019-04-11,0.015280885691855288,"{""type"":""MultiPoint"",""coordinates"":[]}"
2292,2019-04-12,0.014887628301187408,"{""type"":""MultiPoint"",""coordinates"":[]}"
2293,2019-04-13,0.016212976090300917,"{""type"":""MultiPoint"",""coordinates"":[]}"
2294,2019-04-14,0.016457850317129638,"{""type"":""MultiPoint"",""coordinates"":[]}"
2295,2019-04-15,0.016091966223589854,"{""type"":""MultiPoint"",""coordinates"":[]}"
2296,2019-04-16,0.015508720197765715,"{""type"":""MultiPoint"",""coordinates"":[]}"
2297,2019-04-17,0.016122939640661162,"{""type"":""MultiPoint"",""coordinates"":[]}"
2298,2019-04-18,0.015979050014554828,"{""type"":""MultiPoint"",""coordinates"":[]}"
2299,2019-04-19,0.015655317456159227,"{""type"":""MultiPoint"",""coordinates"":[]}"
2300,2019-04-20,0.015421449332073081,"{""type"":""MultiPoint"",""coordinates"":[]}"
2301,2019-04-21,0.015288202674079378,"{""type"":""MultiPoint"",""coordinates"":[]}"
2302,2019-04-22,0.015089489364453834,"{""type"":""MultiPoint"",""coordinates"":[]}"
2303,2019-04-23,0.015054995235661004,"{""type"":""MultiPoint"",""coordinates"":[]}"
2304,2019-04-24,0.015793969070267266,"{""type"":""MultiPoint"",""coordinates"":[]}"
2305,2019-04-25,0.01562336965246805,"{""type"":""MultiPoint"",""coordinates"":[]}"
2306,2019-04-26,0.016206736471195284,"{""type"":""MultiPoint"",""coordinates"":[]}"
2307,2019-04-27,0.01600578775468092,"{""type"":""MultiPoint"",""coordinates"":[]}"
2308,2019-04-28,0.015930357466913646,"{""type"":""MultiPoint"",""coordinates"":[]}"
2309,2019-04-29,0.015591724982235324,"{""type"":""MultiPoint"",""coordinates"":[]}"
2310,2019-04-30,0.015306241024613677,"{""type"":""MultiPoint"",""coordinates"":[]}"
2311,2019-05-01,0.014404544904241479,"{""type"":""MultiPoint"",""coordinates"":[]}"
2312,2019-05-02,0.014160929238783105,"{""type"":""MultiPoint"",""coordinates"":[]}"
2313,2019-05-03,0.014481540574606648,"{""type"":""MultiPoint"",""coordinates"":[]}"
2314,2019-05-04,0.01504265651250856,"{""type"":""MultiPoint"",""coordinates"":[]}"
2315,2019-05-05,0.015559133853485166,"{""type"":""MultiPoint"",""coordinates"":[]}"
2316,2019-05-06,0.01544986570398174,"{""type"":""MultiPoint"",""coordinates"":[]}"
2317,2019-05-07,0.015180999109851887,"{""type"":""MultiPoint"",""coordinates"":[]}"
2318,2019-05-08,0.015902081861178655,"{""type"":""MultiPoint"",""coordinates"":[]}"
2319,2019-05-09,0.015625659517064915,"{""type"":""MultiPoint"",""coordinates"":[]}"
2320,2019-05-10,0.015423797129759947,"{""type"":""MultiPoint"",""coordinates"":[]}"
2321,2019-05-11,0.01592930698344599,"{""type"":""MultiPoint"",""coordinates"":[]}"
2322,2019-05-12,0.015535563983607524,"{""type"":""MultiPoint"",""coordinates"":[]}"
2323,2019-05-13,0.01575030763098649,"{""type"":""MultiPoint"",""coordinates"":[]}"
2324,2019-05-14,0.0155854441340234,"{""type"":""MultiPoint"",""coordinates"":[]}"
2325,2019-05-15,0.015054593710462407,"{""type"":""MultiPoint"",""coordinates"":[]}"
2326,2019-05-16,0.01545294891677113,"{""type"":""MultiPoint"",""coordinates"":[]}"
2327,2019-05-17,0.015702248658051327,"{""type"":""MultiPoint"",""coordinates"":[]}"
2328,2019-05-18,0.01517845474086188,"{""type"":""MultiPoint"",""coordinates"":[]}"
2329,2019-05-19,0.015285253634023168,"{""type"":""MultiPoint"",""coordinates"":[]}"
2330,2019-05-20,0.015239891389001975,"{""type"":""MultiPoint"",""coordinates"":[]}"
2331,2019-05-21,0.015826728973358625,"{""type"":""MultiPoint"",""coordinates"":[]}"
2332,2019-05-22,0.015133861908639095,"{""type"":""MultiPoint"",""coordinates"":[]}"
2333,2019-05-23,0.015567644792837542,"{""type"":""MultiPoint"",""coordinates"":[]}"
2334,2019-05-24,0.015421225482925599,"{""type"":""MultiPoint"",""coordinates"":[]}"
2335,2019-05-25,0.01604386755406353,"{""type"":""MultiPoint"",""coordinates"":[]}"
2336,2019-05-26,0.015494398038870864,"{""type"":""MultiPoint"",""coordinates"":[]}"
2337,2019-05-27,0.015391682054129394,"{""type"":""MultiPoint"",""coordinates"":[]}"
2338,2019-05-28,0.015059538620294044,"{""type"":""MultiPoint"",""coordinates"":[]}"
2339,2019-05-29,0.014820937668495114,"{""type"":""MultiPoint"",""coordinates"":[]}"
2340,2019-05-30,0.014667583733452337,"{""type"":""MultiPoint"",""coordinates"":[]}"
2341,2019-05-31,0.015136562684470686,"{""type"":""MultiPoint"",""coordinates"":[]}"
2342,2019-06-01,0.015158692934921598,"{""type"":""MultiPoint"",""coordinates"":[]}"
2343,2019-06-02,0.014177103008305379,"{""type"":""MultiPoint"",""coordinates"":[]}"
2344,2019-06-03,0.014916988094254012,"{""type"":""MultiPoint"",""coordinates"":[]}"
2345,2019-06-04,0.014975358181584778,"{""type"":""MultiPoint"",""coordinates"":[]}"
2346,2019-06-05,0.014816846493638713,"{""type"":""MultiPoint"",""coordinates"":[]}"
2347,2019-06-06,0.015283808513686797,"{""type"":""MultiPoint"",""coordinates"":[]}"
2348,2019-06-07,0.015356453164304293,"{""type"":""MultiPoint"",""coordinates"":[]}"
2349,2019-06-08,0.015515477002049529,"{""type"":""MultiPoint"",""coordinates"":[]}"
2350,2019-06-09,0.014905994665819301,"{""type"":""MultiPoint"",""coordinates"":[]}"
2351,2019-06-10,0.015053626974208124,"{""type"":""MultiPoint"",""coordinates"":[]}"
2352,2019-06-11,0.015191998384604256,"{""type"":""MultiPoint"",""coordinates"":[]}"
2353,2019-06-12,0.01528866485047452,"{""type"":""MultiPoint"",""coordinates"":[]}"
2354,2019-06-13,0.015123054143828163,"{""type"":""MultiPoint"",""coordinates"":[]}"
2355,2019-06-14,0.015713089301495422,"{""type"":""MultiPoint"",""coordinates"":[]}"
2356,2019-06-15,0.014599118227991438,"{""type"":""MultiPoint"",""coordinates"":[]}"
2357,2019-06-16,0.01478458882429984,"{""type"":""MultiPoint"",""coordinates"":[]}"
2358,2019-06-17,0.014442492652675111,"{""type"":""MultiPoint"",""coordinates"":[]}"
2359,2019-06-18,0.014664643254754904,"{""type"":""MultiPoint"",""coordinates"":[]}"
2360,2019-06-19,0.01476635048343627,"{""type"":""MultiPoint"",""coordinates"":[]}"
2361,2019-06-20,0.014000919377901459,"{""type"":""MultiPoint"",""coordinates"":[]}"
2362,2019-06-21,0.013823672770695532,"{""type"":""MultiPoint"",""coordinates"":[]}"
2363,2019-06-22,0.014616379286220121,"{""type"":""MultiPoint"",""coordinates"":[]}"
2364,2019-06-23,0.01445844661304698,"{""type"":""MultiPoint"",""coordinates"":[]}"
2365,2019-06-24,0.014768367864376566,"{""type"":""MultiPoint"",""coordinates"":[]}"
2366,2019-06-25,0.014658925127835695,"{""type"":""MultiPoint"",""coordinates"":[]}"
2367,2019-06-26,0.014821192327948948,"{""type"":""MultiPoint"",""coordinates"":[]}"
2368,2019-06-27,0.014846830903858707,"{""type"":""MultiPoint"",""coordinates"":[]}"
2369,2019-06-28,0.014476477521091756,"{""type"":""MultiPoint"",""coordinates"":[]}"
2370,2019-06-29,0.013718326088556956,"{""type"":""MultiPoint"",""coordinates"":[]}"
2371,2019-06-30,0.01410870952826189,"{""type"":""MultiPoint"",""coordinates"":[]}"
2372,2019-07-01,0.014631113010401146,"{""type"":""MultiPoint"",""coordinates"":[]}"
2373,2019-07-02,0.01445604579101351,"{""type"":""MultiPoint"",""coordinates"":[]}"
2374,2019-07-03,0.014654009664008252,"{""type"":""MultiPoint"",""coordinates"":[]}"
2375,2019-07-04,0.014504472102431193,"{""type"":""MultiPoint"",""coordinates"":[]}"
2376,2019-07-05,0.015462544900838772,"{""type"":""MultiPoint"",""coordinates"":[]}"
2377,2019-07-06,0.014755971523197848,"{""type"":""MultiPoint"",""coordinates"":[]}"
2378,2019-07-07,0.013033781597314033,"{""type"":""MultiPoint"",""coordinates"":[]}"
2379,2019-07-08,0.013540950830422243,"{""type"":""MultiPoint"",""coordinates"":[]}"
2380,2019-07-09,0.013348111573251026,"{""type"":""MultiPoint"",""coordinates"":[]}"
2381,2019-07-10,0.013479234917513445,"{""type"":""MultiPoint"",""coordinates"":[]}"
2382,2019-07-11,0.013210055565792175,"{""type"":""MultiPoint"",""coordinates"":[]}"
2383,2019-07-12,0.014174991731129601,"{""type"":""MultiPoint"",""coordinates"":[]}"
2384,2019-07-13,0.014575061782413669,"{""type"":""MultiPoint"",""coordinates"":[]}"
2385,2019-07-14,0.014298565464987367,"{""type"":""MultiPoint"",""coordinates"":[]}"
2386,2019-07-15,0.013980595867495909,"{""type"":""MultiPoint"",""coordinates"":[]}"
2387,2019-07-16,0.013435653222523422,"{""type"":""MultiPoint"",""coordinates"":[]}"
2388,2019-07-17,0.013628772074877235,"{""type"":""MultiPoint"",""coordinates"":[]}"
2389,2019-07-18,0.01331414418907547,"{""type"":""MultiPoint"",""coordinates"":[]}"
2390,2019-07-19,0.013624900566357156,"{""type"":""MultiPoint"",""coordinates"":[]}"
2391,2019-07-20,0.013928988634673485,"{""type"":""MultiPoint"",""coordinates"":[]}"
2392,2019-07-21,0.014154910133098879,"{""type"":""MultiPoint"",""coordinates"":[]}"
2393,2019-07-22,0.013457447783899476,"{""type"":""MultiPoint"",""coordinates"":[]}"
2394,2019-07-23,0.014442764989505691,"{""type"":""MultiPoint"",""coordinates"":[]}"
2395,2019-07-24,0.014383587314274532,"{""type"":""MultiPoint"",""coordinates"":[]}"
2396,2019-07-25,0.01407076009083573,"{""type"":""MultiPoint"",""coordinates"":[]}"
2397,2019-07-26,0.013662786938973727,"{""type"":""MultiPoint"",""coordinates"":[]}"
2398,2019-07-27,0.013945841920177839,"{""type"":""MultiPoint"",""coordinates"":[]}"
2399,2019-07-28,0.013001668944443184,"{""type"":""MultiPoint"",""coordinates"":[]}"
2400,2019-07-29,0.013277928060856778,"{""type"":""MultiPoint"",""coordinates"":[]}"
2401,2019-07-30,0.01293685319288305,"{""type"":""MultiPoint"",""coordinates"":[]}"
2402,2019-07-31,0.013047384368431827,"{""type"":""MultiPoint"",""coordinates"":[]}"
2403,2019-08-01,0.012963705091388373,"{""type"":""MultiPoint"",""coordinates"":[]}"
2404,2019-08-02,0.01267275363067226,"{""type"":""MultiPoint"",""coordinates"":[]}"
2405,2019-08-03,0.014505721184937507,"{""type"":""MultiPoint"",""coordinates"":[]}"
2406,2019-08-04,0.013853121385980854,"{""type"":""MultiPoint"",""coordinates"":[]}"
2407,2019-08-05,0.013769346434684871,"{""type"":""MultiPoint"",""coordinates"":[]}"
2408,2019-08-06,0.012939922428654093,"{""type"":""MultiPoint"",""coordinates"":[]}"
2409,2019-08-07,0.012960381028950372,"{""type"":""MultiPoint"",""coordinates"":[]}"
2410,2019-08-08,0.012876811055543799,"{""type"":""MultiPoint"",""coordinates"":[]}"
2411,2019-08-09,0.012965542933862885,"{""type"":""MultiPoint"",""coordinates"":[]}"
2412,2019-08-10,0.012777510654625013,"{""type"":""MultiPoint"",""coordinates"":[]}"
2413,2019-08-11,0.01315370904512561,"{""type"":""MultiPoint"",""coordinates"":[]}"
2414,2019-08-12,0.013767799651887775,"{""type"":""MultiPoint"",""coordinates"":[]}"
2415,2019-08-13,0.013666760629338187,"{""type"":""MultiPoint"",""coordinates"":[]}"
2416,2019-08-14,0.013977845873875521,"{""type"":""MultiPoint"",""coordinates"":[]}"
2417,2019-08-15,0.011931872710466475,"{""type"":""MultiPoint"",""coordinates"":[]}"
2418,2019-08-16,0.010833232328350614,"{""type"":""MultiPoint"",""coordinates"":[]}"
2419,2019-08-17,0.012797837799996605,"{""type"":""MultiPoint"",""coordinates"":[]}"
2420,2019-08-18,0.013701225835195695,"{""type"":""MultiPoint"",""coordinates"":[]}"
2421,2019-08-19,0.013229505099215206,"{""type"":""MultiPoint"",""coordinates"":[]}"
2422,2019-08-20,0.013142869944122726,"{""type"":""MultiPoint"",""coordinates"":[]}"
2423,2019-08-21,0.012448242994266119,"{""type"":""MultiPoint"",""coordinates"":[]}"
2424,2019-08-22,0.01164273744099313,"{""type"":""MultiPoint"",""coordinates"":[]}"
2425,2019-08-23,0.012870713555326804,"{""type"":""MultiPoint"",""coordinates"":[]}"
2426,2019-08-24,0.012999796598999165,"{""type"":""MultiPoint"",""coordinates"":[]}"
2427,2019-08-25,0.012810179194821377,"{""type"":""MultiPoint"",""coordinates"":[]}"
2428,2019-08-26,0.012247419352600262,"{""type"":""MultiPoint"",""coordinates"":[]}"
2429,2019-08-27,0.012283162734683868,"{""type"":""MultiPoint"",""coordinates"":[]}"
2430,2019-08-28,0.01281402228410231,"{""type"":""MultiPoint"",""coordinates"":[]}"
2431,2019-08-29,0.012256239006247982,"{""type"":""MultiPoint"",""coordinates"":[]}"
2432,2019-08-30,0.01127658265022245,"{""type"":""MultiPoint"",""coordinates"":[]}"
2433,2019-08-31,0.011848877744637,"{""type"":""MultiPoint"",""coordinates"":[]}"
2434,2019-09-01,0.013518744654749096,"{""type"":""MultiPoint"",""coordinates"":[]}"
2435,2019-09-02,0.014029152295952202,"{""type"":""MultiPoint"",""coordinates"":[]}"
2436,2019-09-03,0.0136294101841709,"{""type"":""MultiPoint"",""coordinates"":[]}"
2437,2019-09-04,0.013845632078519682,"{""type"":""MultiPoint"",""coordinates"":[]}"
2438,2019-09-05,0.013656265734819333,"{""type"":""MultiPoint"",""coordinates"":[]}"
2439,2019-09-06,0.013092422214290293,"{""type"":""MultiPoint"",""coordinates"":[]}"
2440,2019-09-07,0.01233908055020356,"{""type"":""MultiPoint"",""coordinates"":[]}"
2441,2019-09-08,0.012206523964080377,"{""type"":""MultiPoint"",""coordinates"":[]}"
2442,2019-09-09,0.012141966127583803,"{""type"":""MultiPoint"",""coordinates"":[]}"
2443,2019-09-10,0.012475631205888058,"{""type"":""MultiPoint"",""coordinates"":[]}"
2444,2019-09-11,0.013420971369213212,"{""type"":""MultiPoint"",""coordinates"":[]}"
2445,2019-09-12,0.01410749260638893,"{""type"":""MultiPoint"",""coordinates"":[]}"
2446,2019-09-13,0.013401274900016141,"{""type"":""MultiPoint"",""coordinates"":[]}"
2447,2019-09-14,0.013476727324387787,"{""type"":""MultiPoint"",""coordinates"":[]}"
2448,2019-09-15,0.014296202412245643,"{""type"":""MultiPoint"",""coordinates"":[]}"
2449,2019-09-16,0.011825145990358783,"{""type"":""MultiPoint"",""coordinates"":[]}"
2450,2019-09-17,0.011976414355489474,"{""type"":""MultiPoint"",""coordinates"":[]}"
2451,2019-09-18,0.01467421363604402,"{""type"":""MultiPoint"",""coordinates"":[]}"
2452,2019-09-19,0.015464337015558985,"{""type"":""MultiPoint"",""coordinates"":[]}"
2453,2019-09-20,0.015213598243360557,"{""type"":""MultiPoint"",""coordinates"":[]}"
2454,2019-09-21,0.014041847427260232,"{""type"":""MultiPoint"",""coordinates"":[]}"
2455,2019-09-22,0.014347228525391156,"{""type"":""MultiPoint"",""coordinates"":[]}"
2456,2019-09-23,0.014898307343794964,"{""type"":""MultiPoint"",""coordinates"":[]}"
2457,2019-09-24,0.013348902320927024,"{""type"":""MultiPoint"",""coordinates"":[]}"
2458,2019-09-25,0.013700529072946221,"{""type"":""MultiPoint"",""coordinates"":[]}"
2459,2019-09-26,0.014929447852208746,"{""type"":""MultiPoint"",""coordinates"":[]}"
2460,2019-09-27,0.015044977137175787,"{""type"":""MultiPoint"",""coordinates"":[]}"
2461,2019-09-28,0.014826332020923845,"{""type"":""MultiPoint"",""coordinates"":[]}"
2462,2019-09-29,0.014485293312644872,"{""type"":""MultiPoint"",""coordinates"":[]}"
2463,2019-09-30,0.015080282531973827,"{""type"":""MultiPoint"",""coordinates"":[]}"
2464,2019-10-01,0.015108134540705196,"{""type"":""MultiPoint"",""coordinates"":[]}"
2465,2019-10-02,0.015100922389995575,"{""type"":""MultiPoint"",""coordinates"":[]}"
2466,2019-10-03,0.014452689567982834,"{""type"":""MultiPoint"",""coordinates"":[]}"
2467,2019-10-04,0.013488148136156912,"{""type"":""MultiPoint"",""coordinates"":[]}"
2468,2019-10-05,0.013117610660321582,"{""type"":""MultiPoint"",""coordinates"":[]}"
2469,2019-10-06,0.014166451124814137,"{""type"":""MultiPoint"",""coordinates"":[]}"
2470,2019-10-07,0.014482897577758119,"{""type"":""MultiPoint"",""coordinates"":[]}"
2471,2019-10-08,0.014025064060605589,"{""type"":""MultiPoint"",""coordinates"":[]}"
2472,2019-10-09,0.01424233170524497,"{""type"":""MultiPoint"",""coordinates"":[]}"
2473,2019-10-10,0.014557028940489743,"{""type"":""MultiPoint"",""coordinates"":[]}"
2474,2019-10-11,0.014216309256519732,"{""type"":""MultiPoint"",""coordinates"":[]}"
2475,2019-10-12,0.014621352306645732,"{""type"":""MultiPoint"",""coordinates"":[]}"
2476,2019-10-13,0.014558532109742324,"{""type"":""MultiPoint"",""coordinates"":[]}"
2477,2019-10-14,0.014505262829651809,"{""type"":""MultiPoint"",""coordinates"":[]}"
2478,2019-10-15,0.013600602569278343,"{""type"":""MultiPoint"",""coordinates"":[]}"
2479,2019-10-16,0.014168461283950147,"{""type"":""MultiPoint"",""coordinates"":[]}"
2480,2019-10-17,0.014522932536943256,"{""type"":""MultiPoint"",""coordinates"":[]}"
2481,2019-10-18,0.015265994938921536,"{""type"":""MultiPoint"",""coordinates"":[]}"
2482,2019-10-19,0.014434447511927961,"{""type"":""MultiPoint"",""coordinates"":[]}"
2483,2019-10-20,0.014332616245458887,"{""type"":""MultiPoint"",""coordinates"":[]}"
2484,2019-10-21,0.014009636319523356,"{""type"":""MultiPoint"",""coordinates"":[]}"
2485,2019-10-22,0.014627160852903857,"{""type"":""MultiPoint"",""coordinates"":[]}"
2486,2019-10-23,0.014303575277622734,"{""type"":""MultiPoint"",""coordinates"":[]}"
2487,2019-10-24,0.013923048632255635,"{""type"":""MultiPoint"",""coordinates"":[]}"
2488,2019-10-25,0.015062511222299915,"{""type"":""MultiPoint"",""coordinates"":[]}"
2489,2019-10-26,0.015376781887846554,"{""type"":""MultiPoint"",""coordinates"":[]}"
2490,2019-10-27,0.015451696888769365,"{""type"":""MultiPoint"",""coordinates"":[]}"
2491,2019-10-28,0.015158313745400595,"{""type"":""MultiPoint"",""coordinates"":[]}"
2492,2019-10-29,0.015058652771033217,"{""type"":""MultiPoint"",""coordinates"":[]}"
2493,2019-10-30,0.014282795501109611,"{""type"":""MultiPoint"",""coordinates"":[]}"
2494,2019-10-31,0.01416096516478539,"{""type"":""MultiPoint"",""coordinates"":[]}"
2495,2019-11-01,0.014665445534597768,"{""type"":""MultiPoint"",""coordinates"":[]}"
2496,2019-11-02,0.01412627024033621,"{""type"":""MultiPoint"",""coordinates"":[]}"
2497,2019-11-03,0.014399130403239336,"{""type"":""MultiPoint"",""coordinates"":[]}"
2498,2019-11-04,0.015350223861700324,"{""type"":""MultiPoint"",""coordinates"":[]}"
2499,2019-11-05,0.015335707526306743,"{""type"":""MultiPoint"",""coordinates"":[]}"
2500,2019-11-06,0.015378579100780545,"{""type"":""MultiPoint"",""coordinates"":[]}"
2501,2019-11-07,0.015505353053313775,"{""type"":""MultiPoint"",""coordinates"":[]}"
2502,2019-11-08,0.015714299192121407,"{""type"":""MultiPoint"",""coordinates"":[]}"
2503,2019-11-09,0.016087724924381357,"{""type"":""MultiPoint"",""coordinates"":[]}"
2504,2019-11-10,0.014791360242871254,"{""type"":""MultiPoint"",""coordinates"":[]}"
2505,2019-11-11,0.015265173375156272,"{""type"":""MultiPoint"",""coordinates"":[]}"
2506,2019-11-12,0.014754424774586015,"{""type"":""MultiPoint"",""coordinates"":[]}"
2507,2019-11-13,0.013831249010196514,"{""type"":""MultiPoint"",""coordinates"":[]}"
2508,2019-11-14,0.01482486637499629,"{""type"":""MultiPoint"",""coordinates"":[]}"
2509,2019-11-15,0.01548975387359379,"{""type"":""MultiPoint"",""coordinates"":[]}"
2510,2019-11-16,0.014998231418328747,"{""type"":""MultiPoint"",""coordinates"":[]}"
2511,2019-11-17,0.014541930708414327,"{""type"":""MultiPoint"",""coordinates"":[]}"
2512,2019-11-18,0.014764280908217206,"{""type"":""MultiPoint"",""coordinates"":[]}"
2513,2019-11-19,0.014897242270929973,"{""type"":""MultiPoint"",""coordinates"":[]}"
2514,2019-11-20,0.014995817563599538,"{""type"":""MultiPoint"",""coordinates"":[]}"
2515,2019-11-21,0.013777662925722613,"{""type"":""MultiPoint"",""coordinates"":[]}"
2516,2019-11-22,0.014415749099341102,"{""type"":""MultiPoint"",""coordinates"":[]}"
2517,2019-11-23,0.014494088970487344,"{""type"":""MultiPoint"",""coordinates"":[]}"
2518,2019-11-24,0.014910617820099885,"{""type"":""MultiPoint"",""coordinates"":[]}"
2519,2019-11-25,0.014161227597392988,"{""type"":""MultiPoint"",""coordinates"":[]}"
2520,2019-11-26,0.014277271733957056,"{""type"":""MultiPoint"",""coordinates"":[]}"
2521,2019-11-27,0.014519695363444348,"{""type"":""MultiPoint"",""coordinates"":[]}"
2522,2019-11-28,0.014436354527494104,"{""type"":""MultiPoint"",""coordinates"":[]}"
2523,2019-11-29,0.01468229441691475,"{""type"":""MultiPoint"",""coordinates"":[]}"
2524,2019-11-30,0.015583810653609247,"{""type"":""MultiPoint"",""coordinates"":[]}"
2525,2019-12-01,0.015144478282771235,"{""type"":""MultiPoint"",""coordinates"":[]}"
2526,2019-12-02,0.014871541053830819,"{""type"":""MultiPoint"",""coordinates"":[]}"
2527,2019-12-03,0.015438563877578497,"{""type"":""MultiPoint"",""coordinates"":[]}"
2528,2019-12-04,0.014938285480132443,"{""type"":""MultiPoint"",""coordinates"":[]}"
2529,2019-12-05,0.01433262086610087,"{""type"":""MultiPoint"",""coordinates"":[]}"
2530,2019-12-06,0.014250708694494586,"{""type"":""MultiPoint"",""coordinates"":[]}"
2531,2019-12-07,0.013887594609932772,"{""type"":""MultiPoint"",""coordinates"":[]}"
2532,2019-12-08,0.014432546687069293,"{""type"":""MultiPoint"",""coordinates"":[]}"
2533,2019-12-09,0.013819440886557661,"{""type"":""MultiPoint"",""coordinates"":[]}"
2534,2019-12-10,0.013592654662016356,"{""type"":""MultiPoint"",""coordinates"":[]}"
2535,2019-12-11,0.014309463864193435,"{""type"":""MultiPoint"",""coordinates"":[]}"
2536,2019-12-12,0.014182467856792697,"{""type"":""MultiPoint"",""coordinates"":[]}"
2537,2019-12-13,0.013503174307900566,"{""type"":""MultiPoint"",""coordinates"":[]}"
2538,2019-12-14,0.014409192799095418,"{""type"":""MultiPoint"",""coordinates"":[]}"
2539,2019-12-15,0.013661285746457459,"{""type"":""MultiPoint"",""coordinates"":[]}"
2540,2019-12-16,0.013858549787970813,"{""type"":""MultiPoint"",""coordinates"":[]}"
2541,2019-12-17,0.015078433081210417,"{""type"":""MultiPoint"",""coordinates"":[]}"
2542,2019-12-18,0.014898510973031768,"{""type"":""MultiPoint"",""coordinates"":[]}"
2543,2019-12-19,0.014714670603845466,"{""type"":""MultiPoint"",""coordinates"":[]}"
2544,2019-12-20,0.014305892730813759,"{""type"":""MultiPoint"",""coordinates"":[]}"
2545,2019-12-21,0.013980016244156757,"{""type"":""MultiPoint"",""coordinates"":[]}"
2546,2019-12-22,0.014237583119803611,"{""type"":""MultiPoint"",""coordinates"":[]}"
2547,2019-12-23,0.013851882550214254,"{""type"":""MultiPoint"",""coordinates"":[]}"
2548,2019-12-24,0.0140808583785118,"{""type"":""MultiPoint"",""coordinates"":[]}"
2549,2019-12-25,0.01386446214200738,"{""type"":""MultiPoint"",""coordinates"":[]}"
2550,2019-12-26,0.015447346801280327,"{""type"":""MultiPoint"",""coordinates"":[]}"
2551,2019-12-27,0.015850465968608427,"{""type"":""MultiPoint"",""coordinates"":[]}"
2552,2019-12-28,0.015126021248377267,"{""type"":""MultiPoint"",""coordinates"":[]}"
2553,2019-12-29,0.014822919363649831,"{""type"":""MultiPoint"",""coordinates"":[]}"
2554,2019-12-30,0.015081577225922465,"{""type"":""MultiPoint"",""coordinates"":[]}"
2555,2019-12-31,0.015768085593803067,"{""type"":""MultiPoint"",""coordinates"":[]}"
2556,2020-01-01,0.014898581860615026,"{""type"":""MultiPoint"",""coordinates"":[]}"
2557,2020-01-02,0.014188313530747856,"{""type"":""MultiPoint"",""coordinates"":[]}"
2558,2020-01-03,0.012836076259524744,"{""type"":""MultiPoint"",""coordinates"":[]}"
2559,2020-01-04,0.011124027273494793,"{""type"":""MultiPoint"",""coordinates"":[]}"
2560,2020-01-05,0.011642896857707788,"{""type"":""MultiPoint"",""coordinates"":[]}"
2561,2020-01-06,0.012104615293550126,"{""type"":""MultiPoint"",""coordinates"":[]}"
2562,2020-01-07,0.012052000475383642,"{""type"":""MultiPoint"",""coordinates"":[]}"
2563,2020-01-08,0.011586898165033553,"{""type"":""MultiPoint"",""coordinates"":[]}"
2564,2020-01-09,0.011166345953661042,"{""type"":""MultiPoint"",""coordinates"":[]}"
2565,2020-01-10,0.011603979158581962,"{""type"":""MultiPoint"",""coordinates"":[]}"
2566,2020-01-11,0.012335399530959438,"{""type"":""MultiPoint"",""coordinates"":[]}"
2567,2020-01-12,0.01230769307947877,"{""type"":""MultiPoint"",""coordinates"":[]}"
2568,2020-01-13,0.01313802448215995,"{""type"":""MultiPoint"",""coordinates"":[]}"
2569,2020-01-14,0.01326270281552369,"{""type"":""MultiPoint"",""coordinates"":[]}"
2570,2020-01-15,0.013543134283900126,"{""type"":""MultiPoint"",""coordinates"":[]}"
2571,2020-01-16,0.01336194073565764,"{""type"":""MultiPoint"",""coordinates"":[]}"
2572,2020-01-17,0.01370654076478582,"{""type"":""MultiPoint"",""coordinates"":[]}"
2573,2020-01-18,0.0140191680958439,"{""type"":""MultiPoint"",""coordinates"":[]}"
2574,2020-01-19,0.01368571588891227,"{""type"":""MultiPoint"",""coordinates"":[]}"
2575,2020-01-20,0.01384641805682838,"{""type"":""MultiPoint"",""coordinates"":[]}"
2576,2020-01-21,0.01404492388016181,"{""type"":""MultiPoint"",""coordinates"":[]}"
2577,2020-01-22,0.015633602453556602,"{""type"":""MultiPoint"",""coordinates"":[]}"
2578,2020-01-23,0.014530994459945927,"{""type"":""MultiPoint"",""coordinates"":[]}"
2579,2020-01-24,0.013946914381517102,"{""type"":""MultiPoint"",""coordinates"":[]}"
2580,2020-01-25,0.015611331704101955,"{""type"":""MultiPoint"",""coordinates"":[]}"
2581,2020-01-26,0.015346813969893852,"{""type"":""MultiPoint"",""coordinates"":[]}"
2582,2020-01-27,0.014823032912482529,"{""type"":""MultiPoint"",""coordinates"":[]}"
2583,2020-01-28,0.0140207341270628,"{""type"":""MultiPoint"",""coordinates"":[]}"
2584,2020-01-29,0.013579210695947067,"{""type"":""MultiPoint"",""coordinates"":[]}"
2585,2020-01-30,0.013529324698856557,"{""type"":""MultiPoint"",""coordinates"":[]}"
2586,2020-01-31,0.013815319321331803,"{""type"":""MultiPoint"",""coordinates"":[]}"
2587,2020-02-01,0.012899172722464368,"{""type"":""MultiPoint"",""coordinates"":[]}"
2588,2020-02-02,0.013134239412622414,"{""type"":""MultiPoint"",""coordinates"":[]}"
2589,2020-02-03,0.013780626414927171,"{""type"":""MultiPoint"",""coordinates"":[]}"
2590,2020-02-04,0.011578762307941658,"{""type"":""MultiPoint"",""coordinates"":[]}"
2591,2020-02-05,0.009931557405877518,"{""type"":""MultiPoint"",""coordinates"":[]}"
2592,2020-02-06,0.008639207564047046,"{""type"":""MultiPoint"",""coordinates"":[]}"
2593,2020-02-07,0.009142194474754724,"{""type"":""MultiPoint"",""coordinates"":[]}"
2594,2020-02-08,0.01014011405181382,"{""type"":""MultiPoint"",""coordinates"":[]}"
2595,2020-02-09,0.012384021255638757,"{""type"":""MultiPoint"",""coordinates"":[]}"
2596,2020-02-10,0.012603438170045625,"{""type"":""MultiPoint"",""coordinates"":[]}"
2597,2020-02-11,0.012765349235456754,"{""type"":""MultiPoint"",""coordinates"":[]}"
2598,2020-02-12,0.010608308117215111,"{""type"":""MultiPoint"",""coordinates"":[]}"
2599,2020-02-13,0.010917623818050734,"{""type"":""MultiPoint"",""coordinates"":[]}"
2600,2020-02-14,0.012039636081648599,"{""type"":""MultiPoint"",""coordinates"":[]}"
2601,2020-02-15,0.014007296044048127,"{""type"":""MultiPoint"",""coordinates"":[]}"
2602,2020-02-16,0.013444908625824465,"{""type"":""MultiPoint"",""coordinates"":[]}"
2603,2020-02-17,0.013421884726813242,"{""type"":""MultiPoint"",""coordinates"":[]}"
2604,2020-02-18,0.013025822468269539,"{""type"":""MultiPoint"",""coordinates"":[]}"
2605,2020-02-19,0.012441348235443786,"{""type"":""MultiPoint"",""coordinates"":[]}"
2606,2020-02-20,0.011995638856868671,"{""type"":""MultiPoint"",""coordinates"":[]}"
2607,2020-02-21,0.012954146983671566,"{""type"":""MultiPoint"",""coordinates"":[]}"
2608,2020-02-22,0.015057048099768877,"{""type"":""MultiPoint"",""coordinates"":[]}"
2609,2020-02-23,0.015100828623364475,"{""type"":""MultiPoint"",""coordinates"":[]}"
2610,2020-02-24,0.014873440590313843,"{""type"":""MultiPoint"",""coordinates"":[]}"
2611,2020-02-25,0.01456448987058565,"{""type"":""MultiPoint"",""coordinates"":[]}"
2612,2020-02-26,0.015211945498000352,"{""type"":""MultiPoint"",""coordinates"":[]}"
2613,2020-02-27,0.013945563665533145,"{""type"":""MultiPoint"",""coordinates"":[]}"
2614,2020-02-28,0.014292812202794906,"{""type"":""MultiPoint"",""coordinates"":[]}"
2615,2020-02-29,0.01321561941659955,"{""type"":""MultiPoint"",""coordinates"":[]}"
2616,2020-03-01,0.013701990670062112,"{""type"":""MultiPoint"",""coordinates"":[]}"
2617,2020-03-02,0.015442194421406022,"{""type"":""MultiPoint"",""coordinates"":[]}"
2618,2020-03-03,0.014203255657837964,"{""type"":""MultiPoint"",""coordinates"":[]}"
2619,2020-03-04,0.013852964066387618,"{""type"":""MultiPoint"",""coordinates"":[]}"
2620,2020-03-05,0.012309598196199407,"{""type"":""MultiPoint"",""coordinates"":[]}"
2621,2020-03-06,0.011406988503721904,"{""type"":""MultiPoint"",""coordinates"":[]}"
2622,2020-03-07,0.012264614895160383,"{""type"":""MultiPoint"",""coordinates"":[]}"
2623,2020-03-08,0.015137077352936325,"{""type"":""MultiPoint"",""coordinates"":[]}"
2624,2020-03-09,0.015357601899325201,"{""type"":""MultiPoint"",""coordinates"":[]}"
2625,2020-03-10,0.015564766533693548,"{""type"":""MultiPoint"",""coordinates"":[]}"
2626,2020-03-11,0.014638260465637098,"{""type"":""MultiPoint"",""coordinates"":[]}"
2627,2020-03-12,0.014802034298249778,"{""type"":""MultiPoint"",""coordinates"":[]}"
2628,2020-03-13,0.014196403769961669,"{""type"":""MultiPoint"",""coordinates"":[]}"
2629,2020-03-14,0.015021000893416134,"{""type"":""MultiPoint"",""coordinates"":[]}"
2630,2020-03-15,0.014653360987968723,"{""type"":""MultiPoint"",""coordinates"":[]}"
2631,2020-03-16,0.01481156986226728,"{""type"":""MultiPoint"",""coordinates"":[]}"
2632,2020-03-17,0.013958403918159218,"{""type"":""MultiPoint"",""coordinates"":[]}"
2633,2020-03-18,0.012256903192548331,"{""type"":""MultiPoint"",""coordinates"":[]}"
2634,2020-03-19,0.012146436656243348,"{""type"":""MultiPoint"",""coordinates"":[]}"
2635,2020-03-20,0.012966427547697397,"{""type"":""MultiPoint"",""coordinates"":[]}"
2636,2020-03-21,0.01388498843716898,"{""type"":""MultiPoint"",""coordinates"":[]}"
2637,2020-03-22,0.012476730366787349,"{""type"":""MultiPoint"",""coordinates"":[]}"
2638,2020-03-23,0.012428869943981699,"{""type"":""MultiPoint"",""coordinates"":[]}"
2639,2020-03-24,0.012634549670468809,"{""type"":""MultiPoint"",""coordinates"":[]}"
2640,2020-03-25,0.012988116689402779,"{""type"":""MultiPoint"",""coordinates"":[]}"
2641,2020-03-26,0.014119030063231258,"{""type"":""MultiPoint"",""coordinates"":[]}"
2642,2020-03-27,0.014047660217599746,"{""type"":""MultiPoint"",""coordinates"":[]}"
2643,2020-03-28,0.013745366028460625,"{""type"":""MultiPoint"",""coordinates"":[]}"
2644,2020-03-29,0.013144183270475734,"{""type"":""MultiPoint"",""coordinates"":[]}"
2645,2020-03-30,0.013426890673678226,"{""type"":""MultiPoint"",""coordinates"":[]}"
2646,2020-03-31,0.015025966300149983,"{""type"":""MultiPoint"",""coordinates"":[]}"
2647,2020-04-01,0.015052042457688498,"{""type"":""MultiPoint"",""coordinates"":[]}"
2648,2020-04-02,0.01374396753694232,"{""type"":""MultiPoint"",""coordinates"":[]}"
2649,2020-04-03,0.015379061689086546,"{""type"":""MultiPoint"",""coordinates"":[]}"
2650,2020-04-04,0.015507040238410062,"{""type"":""MultiPoint"",""coordinates"":[]}"
2651,2020-04-05,0.015228023792127848,"{""type"":""MultiPoint"",""coordinates"":[]}"
2652,2020-04-06,0.01638338632812176,"{""type"":""MultiPoint"",""coordinates"":[]}"
2653,2020-04-07,0.015613994401088157,"{""type"":""MultiPoint"",""coordinates"":[]}"
2654,2020-04-08,0.01623974752071652,"{""type"":""MultiPoint"",""coordinates"":[]}"
2655,2020-04-09,0.016540779422829156,"{""type"":""MultiPoint"",""coordinates"":[]}"
2656,2020-04-10,0.01668607164272445,"{""type"":""MultiPoint"",""coordinates"":[]}"
2657,2020-04-11,0.01641061183661417,"{""type"":""MultiPoint"",""coordinates"":[]}"
2658,2020-04-12,0.01608709877512717,"{""type"":""MultiPoint"",""coordinates"":[]}"
2659,2020-04-13,0.01493196592261864,"{""type"":""MultiPoint"",""coordinates"":[]}"
2660,2020-04-14,0.015192476829185073,"{""type"":""MultiPoint"",""coordinates"":[]}"
2661,2020-04-15,0.01459191138648402,"{""type"":""MultiPoint"",""coordinates"":[]}"
2662,2020-04-16,0.014429785284225775,"{""type"":""MultiPoint"",""coordinates"":[]}"
2663,2020-04-17,0.013163271604351953,"{""type"":""MultiPoint"",""coordinates"":[]}"
2664,2020-04-18,0.015299490292317438,"{""type"":""MultiPoint"",""coordinates"":[]}"
2665,2020-04-19,0.01542711642148757,"{""type"":""MultiPoint"",""coordinates"":[]}"
2666,2020-04-20,0.015350814033897086,"{""type"":""MultiPoint"",""coordinates"":[]}"
2667,2020-04-21,0.01559496994592162,"{""type"":""MultiPoint"",""coordinates"":[]}"
2668,2020-04-22,0.01476831884724973,"{""type"":""MultiPoint"",""coordinates"":[]}"
2669,2020-04-23,0.015304911370504111,"{""type"":""MultiPoint"",""coordinates"":[]}"
2670,2020-04-24,0.014833448997560136,"{""type"":""MultiPoint"",""coordinates"":[]}"
2671,2020-04-25,0.014521673714451405,"{""type"":""MultiPoint"",""coordinates"":[]}"
2672,2020-04-26,0.013472643168582862,"{""type"":""MultiPoint"",""coordinates"":[]}"
2673,2020-04-27,0.014753275865495743,"{""type"":""MultiPoint"",""coordinates"":[]}"
2674,2020-04-28,0.015282118178966011,"{""type"":""MultiPoint"",""coordinates"":[]}"
2675,2020-04-29,0.0156827032822176,"{""type"":""MultiPoint"",""coordinates"":[]}"
2676,2020-04-30,0.015318101851907148,"{""type"":""MultiPoint"",""coordinates"":[]}"
2677,2020-05-01,0.015874876925249286,"{""type"":""MultiPoint"",""coordinates"":[]}"
2678,2020-05-02,0.015463399152695472,"{""type"":""MultiPoint"",""coordinates"":[]}"
2679,2020-05-03,0.015961861319525022,"{""type"":""MultiPoint"",""coordinates"":[]}"
2680,2020-05-04,0.015832670448573716,"{""type"":""MultiPoint"",""coordinates"":[]}"
2681,2020-05-05,0.015775234712366203,"{""type"":""MultiPoint"",""coordinates"":[]}"
2682,2020-05-06,0.015893255528211168,"{""type"":""MultiPoint"",""coordinates"":[]}"
2683,2020-05-07,0.016246316976945372,"{""type"":""MultiPoint"",""coordinates"":[]}"
2684,2020-05-08,0.01563545077679127,"{""type"":""MultiPoint"",""coordinates"":[]}"
2685,2020-05-09,0.015390072715696222,"{""type"":""MultiPoint"",""coordinates"":[]}"
2686,2020-05-10,0.015681442723168258,"{""type"":""MultiPoint"",""coordinates"":[]}"
2687,2020-05-11,0.016476230666535623,"{""type"":""MultiPoint"",""coordinates"":[]}"
2688,2020-05-12,0.015890361057315377,"{""type"":""MultiPoint"",""coordinates"":[]}"
2689,2020-05-13,0.015522743371841936,"{""type"":""MultiPoint"",""coordinates"":[]}"
2690,2020-05-14,0.014805326795393889,"{""type"":""MultiPoint"",""coordinates"":[]}"
2691,2020-05-15,0.015464918040028414,"{""type"":""MultiPoint"",""coordinates"":[]}"
2692,2020-05-16,0.01585848884474682,"{""type"":""MultiPoint"",""coordinates"":[]}"
2693,2020-05-17,0.01549037008081868,"{""type"":""MultiPoint"",""coordinates"":[]}"
2694,2020-05-18,0.015680218947862267,"{""type"":""MultiPoint"",""coordinates"":[]}"
2695,2020-05-19,0.015322376503288304,"{""type"":""MultiPoint"",""coordinates"":[]}"
2696,2020-05-20,0.015263521899633451,"{""type"":""MultiPoint"",""coordinates"":[]}"
2697,2020-05-21,0.015615718828764962,"{""type"":""MultiPoint"",""coordinates"":[]}"
2698,2020-05-22,0.015659942387411172,"{""type"":""MultiPoint"",""coordinates"":[]}"
2699,2020-05-23,0.015631873862743922,"{""type"":""MultiPoint"",""coordinates"":[]}"
2700,2020-05-24,0.015891612872898715,"{""type"":""MultiPoint"",""coordinates"":[]}"
2701,2020-05-25,0.015764932575833314,"{""type"":""MultiPoint"",""coordinates"":[]}"
2702,2020-05-26,0.015859539341499758,"{""type"":""MultiPoint"",""coordinates"":[]}"
2703,2020-05-27,0.015244043193502732,"{""type"":""MultiPoint"",""coordinates"":[]}"
2704,2020-05-28,0.014850157742811565,"{""type"":""MultiPoint"",""coordinates"":[]}"
2705,2020-05-29,0.014774944131475827,"{""type"":""MultiPoint"",""coordinates"":[]}"
2706,2020-05-30,0.01519872986207022,"{""type"":""MultiPoint"",""coordinates"":[]}"
2707,2020-05-31,0.014931885018882275,"{""type"":""MultiPoint"",""coordinates"":[]}"
2708,2020-06-01,0.014424621889457511,"{""type"":""MultiPoint"",""coordinates"":[]}"
2709,2020-06-02,0.014577236408645706,"{""type"":""MultiPoint"",""coordinates"":[]}"
2710,2020-06-03,0.015502115977425505,"{""type"":""MultiPoint"",""coordinates"":[]}"
2711,2020-06-04,0.01531019388331987,"{""type"":""MultiPoint"",""coordinates"":[]}"
2712,2020-06-05,0.015314499379992741,"{""type"":""MultiPoint"",""coordinates"":[]}"
2713,2020-06-06,0.015089870254189014,"{""type"":""MultiPoint"",""coordinates"":[]}"
2714,2020-06-07,0.015190548133376018,"{""type"":""MultiPoint"",""coordinates"":[]}"
2715,2020-06-08,0.015362691545966931,"{""type"":""MultiPoint"",""coordinates"":[]}"
2716,2020-06-09,0.014495642558232153,"{""type"":""MultiPoint"",""coordinates"":[]}"
2717,2020-06-10,0.015548909526774707,"{""type"":""MultiPoint"",""coordinates"":[]}"
2718,2020-06-11,0.01489437683741574,"{""type"":""MultiPoint"",""coordinates"":[]}"
2719,2020-06-12,0.013767205464024568,"{""type"":""MultiPoint"",""coordinates"":[]}"
2720,2020-06-13,0.013703994261943415,"{""type"":""MultiPoint"",""coordinates"":[]}"
2721,2020-06-14,0.014299644126150958,"{""type"":""MultiPoint"",""coordinates"":[]}"
2722,2020-06-15,0.015129773143468354,"{""type"":""MultiPoint"",""coordinates"":[]}"
2723,2020-06-16,0.014935711218557515,"{""type"":""MultiPoint"",""coordinates"":[]}"
2724,2020-06-17,0.015149386642150924,"{""type"":""MultiPoint"",""coordinates"":[]}"
2725,2020-06-18,0.015195840273467473,"{""type"":""MultiPoint"",""coordinates"":[]}"
2726,2020-06-19,0.0158579416644453,"{""type"":""MultiPoint"",""coordinates"":[]}"
2727,2020-06-20,0.01524269185077294,"{""type"":""MultiPoint"",""coordinates"":[]}"
2728,2020-06-21,0.015286445670512136,"{""type"":""MultiPoint"",""coordinates"":[]}"
2729,2020-06-22,0.015341847054298816,"{""type"":""MultiPoint"",""coordinates"":[]}"
2730,2020-06-23,0.015345388032333039,"{""type"":""MultiPoint"",""coordinates"":[]}"
2731,2020-06-24,0.015494928985116398,"{""type"":""MultiPoint"",""coordinates"":[]}"
2732,2020-06-25,0.015697042505840347,"{""type"":""MultiPoint"",""coordinates"":[]}"
2733,2020-06-26,0.01529521853208607,"{""type"":""MultiPoint"",""coordinates"":[]}"
2734,2020-06-27,0.01465196460544207,"{""type"":""MultiPoint"",""coordinates"":[]}"
2735,2020-06-28,0.014899518297388217,"{""type"":""MultiPoint"",""coordinates"":[]}"
2736,2020-06-29,0.01461219987025151,"{""type"":""MultiPoint"",""coordinates"":[]}"
2737,2020-06-30,0.015165269090507043,"{""type"":""MultiPoint"",""coordinates"":[]}"
2738,2020-07-01,0.0144225841787459,"{""type"":""MultiPoint"",""coordinates"":[]}"
2739,2020-07-02,0.015367539026337773,"{""type"":""MultiPoint"",""coordinates"":[]}"
2740,2020-07-03,0.015407854263441512,"{""type"":""MultiPoint"",""coordinates"":[]}"
2741,2020-07-04,0.015304389565484714,"{""type"":""MultiPoint"",""coordinates"":[]}"
2742,2020-07-05,0.013968356028825922,"{""type"":""MultiPoint"",""coordinates"":[]}"
2743,2020-07-06,0.013953649168126863,"{""type"":""MultiPoint"",""coordinates"":[]}"
2744,2020-07-07,0.015008023852704331,"{""type"":""MultiPoint"",""coordinates"":[]}"
2745,2020-07-08,0.015195662623568593,"{""type"":""MultiPoint"",""coordinates"":[]}"
2746,2020-07-09,0.015412208788623384,"{""type"":""MultiPoint"",""coordinates"":[]}"
2747,2020-07-10,0.01505994337228303,"{""type"":""MultiPoint"",""coordinates"":[]}"
2748,2020-07-11,0.014994289041492094,"{""type"":""MultiPoint"",""coordinates"":[]}"
2749,2020-07-12,0.014354370162893966,"{""type"":""MultiPoint"",""coordinates"":[]}"
2750,2020-07-13,0.014746664685530422,"{""type"":""MultiPoint"",""coordinates"":[]}"
2751,2020-07-14,0.0147368034859568,"{""type"":""MultiPoint"",""coordinates"":[]}"
2752,2020-07-15,0.014356857547137869,"{""type"":""MultiPoint"",""coordinates"":[]}"
2753,2020-07-16,0.014013099254619429,"{""type"":""MultiPoint"",""coordinates"":[]}"
2754,2020-07-17,0.014320271236302633,"{""type"":""MultiPoint"",""coordinates"":[]}"
2755,2020-07-18,0.013838911349139593,"{""type"":""MultiPoint"",""coordinates"":[]}"
2756,2020-07-19,0.014531111680382562,"{""type"":""MultiPoint"",""coordinates"":[]}"
2757,2020-07-20,0.014571880943621607,"{""type"":""MultiPoint"",""coordinates"":[]}"
2758,2020-07-21,0.014753279772208791,"{""type"":""MultiPoint"",""coordinates"":[]}"
2759,2020-07-22,0.014853335291440601,"{""type"":""MultiPoint"",""coordinates"":[]}"
2760,2020-07-23,0.014558300763638265,"{""type"":""MultiPoint"",""coordinates"":[]}"
2761,2020-07-24,0.014569379934209868,"{""type"":""MultiPoint"",""coordinates"":[]}"
2762,2020-07-25,0.014613369129858146,"{""type"":""MultiPoint"",""coordinates"":[]}"
2763,2020-07-26,0.01451737150321957,"{""type"":""MultiPoint"",""coordinates"":[]}"
2764,2020-07-27,0.014860051895347169,"{""type"":""MultiPoint"",""coordinates"":[]}"
2765,2020-07-28,0.014893415333951504,"{""type"":""MultiPoint"",""coordinates"":[]}"
2766,2020-07-29,0.01462561405276646,"{""type"":""MultiPoint"",""coordinates"":[]}"
2767,2020-07-30,0.015581735366914694,"{""type"":""MultiPoint"",""coordinates"":[]}"
2768,2020-07-31,0.01526107331008876,"{""type"":""MultiPoint"",""coordinates"":[]}"
2769,2020-08-01,0.013765211239624882,"{""type"":""MultiPoint"",""coordinates"":[]}"
2770,2020-08-02,0.012673960803735609,"{""type"":""MultiPoint"",""coordinates"":[]}"
2771,2020-08-03,0.013191653331255463,"{""type"":""MultiPoint"",""coordinates"":[]}"
2772,2020-08-04,0.013149978772583748,"{""type"":""MultiPoint"",""coordinates"":[]}"
2773,2020-08-05,0.013350854868204648,"{""type"":""MultiPoint"",""coordinates"":[]}"
2774,2020-08-06,0.013417043072746849,"{""type"":""MultiPoint"",""coordinates"":[]}"
2775,2020-08-07,0.01358681118871821,"{""type"":""MultiPoint"",""coordinates"":[]}"
2776,2020-08-08,0.014197749211033823,"{""type"":""MultiPoint"",""coordinates"":[]}"
2777,2020-08-09,0.013944445845792944,"{""type"":""MultiPoint"",""coordinates"":[]}"
2778,2020-08-10,0.013767840066684208,"{""type"":""MultiPoint"",""coordinates"":[]}"
2779,2020-08-11,0.01514668259519554,"{""type"":""MultiPoint"",""coordinates"":[]}"
2780,2020-08-12,0.016297168574168436,"{""type"":""MultiPoint"",""coordinates"":[]}"
2781,2020-08-13,0.01643272368723522,"{""type"":""MultiPoint"",""coordinates"":[]}"
2782,2020-08-14,0.01525205398169572,"{""type"":""MultiPoint"",""coordinates"":[]}"
2783,2020-08-15,0.01503845252303745,"{""type"":""MultiPoint"",""coordinates"":[]}"
2784,2020-08-16,0.01492014102600034,"{""type"":""MultiPoint"",""coordinates"":[]}"
2785,2020-08-17,0.014152404313531429,"{""type"":""MultiPoint"",""coordinates"":[]}"
2786,2020-08-18,0.014403122519735745,"{""type"":""MultiPoint"",""coordinates"":[]}"
2787,2020-08-19,0.015201734728397982,"{""type"":""MultiPoint"",""coordinates"":[]}"
2788,2020-08-20,0.015363843107286534,"{""type"":""MultiPoint"",""coordinates"":[]}"
2789,2020-08-21,0.015705692824600888,"{""type"":""MultiPoint"",""coordinates"":[]}"
2790,2020-08-22,0.014403038191591,"{""type"":""MultiPoint"",""coordinates"":[]}"
2791,2020-08-23,0.014887174634456787,"{""type"":""MultiPoint"",""coordinates"":[]}"
2792,2020-08-24,0.014551562089935985,"{""type"":""MultiPoint"",""coordinates"":[]}"
2793,2020-08-25,0.015032714706686828,"{""type"":""MultiPoint"",""coordinates"":[]}"
2794,2020-08-26,0.01518648324987236,"{""type"":""MultiPoint"",""coordinates"":[]}"
2795,2020-08-27,0.014190942758714464,"{""type"":""MultiPoint"",""coordinates"":[]}"
2796,2020-08-28,0.013958253920155246,"{""type"":""MultiPoint"",""coordinates"":[]}"
2797,2020-08-29,0.014010625679741678,"{""type"":""MultiPoint"",""coordinates"":[]}"
2798,2020-08-30,0.013805735612425868,"{""type"":""MultiPoint"",""coordinates"":[]}"
2799,2020-08-31,0.01466328463593364,"{""type"":""MultiPoint"",""coordinates"":[]}"
2800,2020-09-01,0.014948074141218723,"{""type"":""MultiPoint"",""coordinates"":[]}"
2801,2020-09-02,0.01502192830854241,"{""type"":""MultiPoint"",""coordinates"":[]}"
2802,2020-09-03,0.014543618995017923,"{""type"":""MultiPoint"",""coordinates"":[]}"
2803,2020-09-04,0.01488205821866008,"{""type"":""MultiPoint"",""coordinates"":[]}"
2804,2020-09-05,0.014785496413825464,"{""type"":""MultiPoint"",""coordinates"":[]}"
2805,2020-09-06,0.01510771447201107,"{""type"":""MultiPoint"",""coordinates"":[]}"
2806,2020-09-07,0.013501108679290226,"{""type"":""MultiPoint"",""coordinates"":[]}"
2807,2020-09-08,0.01438007016331938,"{""type"":""MultiPoint"",""coordinates"":[]}"
2808,2020-09-09,0.014250185789055583,"{""type"":""MultiPoint"",""coordinates"":[]}"
2809,2020-09-10,0.014791088449646777,"{""type"":""MultiPoint"",""coordinates"":[]}"
2810,2020-09-11,0.014981559631430488,"{""type"":""MultiPoint"",""coordinates"":[]}"
2811,2020-09-12,0.014484151363731585,"{""type"":""MultiPoint"",""coordinates"":[]}"
2812,2020-09-13,0.015171779691673016,"{""type"":""MultiPoint"",""coordinates"":[]}"
2813,2020-09-14,0.015066844170470413,"{""type"":""MultiPoint"",""coordinates"":[]}"
2814,2020-09-15,0.013647322097342754,"{""type"":""MultiPoint"",""coordinates"":[]}"
2815,2020-09-16,0.014140273079161374,"{""type"":""MultiPoint"",""coordinates"":[]}"
2816,2020-09-17,0.014908549458346118,"{""type"":""MultiPoint"",""coordinates"":[]}"
2817,2020-09-18,0.015321618541292513,"{""type"":""MultiPoint"",""coordinates"":[]}"
2818,2020-09-19,0.01537959925688439,"{""type"":""MultiPoint"",""coordinates"":[]}"
2819,2020-09-20,0.014833106781769944,"{""type"":""MultiPoint"",""coordinates"":[]}"
2820,2020-09-21,0.015611718845121065,"{""type"":""MultiPoint"",""coordinates"":[]}"
2821,2020-09-22,0.014595215703843223,"{""type"":""MultiPoint"",""coordinates"":[]}"
2822,2020-09-23,0.01312489653294318,"{""type"":""MultiPoint"",""coordinates"":[]}"
2823,2020-09-24,0.014420662717146602,"{""type"":""MultiPoint"",""coordinates"":[]}"
2824,2020-09-25,0.014076161467278471,"{""type"":""MultiPoint"",""coordinates"":[]}"
2825,2020-09-26,0.013980852679223846,"{""type"":""MultiPoint"",""coordinates"":[]}"
2826,2020-09-27,0.01400419052325986,"{""type"":""MultiPoint"",""coordinates"":[]}"
2827,2020-09-28,0.014520174021596522,"{""type"":""MultiPoint"",""coordinates"":[]}"
2828,2020-09-29,0.01499440387606501,"{""type"":""MultiPoint"",""coordinates"":[]}"
2829,2020-09-30,0.01491474481893236,"{""type"":""MultiPoint"",""coordinates"":[]}"
2830,2020-10-01,0.014099993953860385,"{""type"":""MultiPoint"",""coordinates"":[]}"
2831,2020-10-02,0.014940429595979727,"{""type"":""MultiPoint"",""coordinates"":[]}"
2832,2020-10-03,0.015358607648234964,"{""type"":""MultiPoint"",""coordinates"":[]}"
2833,2020-10-04,0.014950136606791344,"{""type"":""MultiPoint"",""coordinates"":[]}"
2834,2020-10-05,0.014514869130905815,"{""type"":""MultiPoint"",""coordinates"":[]}"
2835,2020-10-06,0.01412607493141528,"{""type"":""MultiPoint"",""coordinates"":[]}"
2836,2020-10-07,0.014767881975964377,"{""type"":""MultiPoint"",""coordinates"":[]}"
2837,2020-10-08,0.014484233221925729,"{""type"":""MultiPoint"",""coordinates"":[]}"
2838,2020-10-09,0.01400221180384137,"{""type"":""MultiPoint"",""coordinates"":[]}"
2839,2020-10-10,0.013640669349582876,"{""type"":""MultiPoint"",""coordinates"":[]}"
2840,2020-10-11,0.014446604245262758,"{""type"":""MultiPoint"",""coordinates"":[]}"
2841,2020-10-12,0.014811236056470918,"{""type"":""MultiPoint"",""coordinates"":[]}"
2842,2020-10-13,0.014736221100097827,"{""type"":""MultiPoint"",""coordinates"":[]}"
2843,2020-10-14,0.013909792767640776,"{""type"":""MultiPoint"",""coordinates"":[]}"
2844,2020-10-15,0.015159890735107123,"{""type"":""MultiPoint"",""coordinates"":[]}"
2845,2020-10-16,0.015153895048066685,"{""type"":""MultiPoint"",""coordinates"":[]}"
2846,2020-10-17,0.014396698290862696,"{""type"":""MultiPoint"",""coordinates"":[]}"
2847,2020-10-18,0.014504598504428751,"{""type"":""MultiPoint"",""coordinates"":[]}"
2848,2020-10-19,0.015415416876774446,"{""type"":""MultiPoint"",""coordinates"":[]}"
2849,2020-10-20,0.01507760190821861,"{""type"":""MultiPoint"",""coordinates"":[]}"
2850,2020-10-21,0.015470039867206761,"{""type"":""MultiPoint"",""coordinates"":[]}"
2851,2020-10-22,0.015558556867967852,"{""type"":""MultiPoint"",""coordinates"":[]}"
2852,2020-10-23,0.014685660998666005,"{""type"":""MultiPoint"",""coordinates"":[]}"
2853,2020-10-24,0.015007320906880292,"{""type"":""MultiPoint"",""coordinates"":[]}"
2854,2020-10-25,0.014748416124849754,"{""type"":""MultiPoint"",""coordinates"":[]}"
2855,2020-10-26,0.014789255765798141,"{""type"":""MultiPoint"",""coordinates"":[]}"
2856,2020-10-27,0.015198377620236408,"{""type"":""MultiPoint"",""coordinates"":[]}"
2857,2020-10-28,0.01571500729699817,"{""type"":""MultiPoint"",""coordinates"":[]}"
2858,2020-10-29,0.015648615666140463,"{""type"":""MultiPoint"",""coordinates"":[]}"
2859,2020-10-30,0.015367553197898546,"{""type"":""MultiPoint"",""coordinates"":[]}"
2860,2020-10-31,0.015593578164846624,"{""type"":""MultiPoint"",""coordinates"":[]}"
2861,2020-11-01,0.015358042407565905,"{""type"":""MultiPoint"",""coordinates"":[]}"
2862,2020-11-02,0.014599677724173659,"{""type"":""MultiPoint"",""coordinates"":[]}"
2863,2020-11-03,0.01504740133393493,"{""type"":""MultiPoint"",""coordinates"":[]}"
2864,2020-11-04,0.015028423114380485,"{""type"":""MultiPoint"",""coordinates"":[]}"
2865,2020-11-05,0.014602192191474338,"{""type"":""MultiPoint"",""coordinates"":[]}"
2866,2020-11-06,0.01475534433793974,"{""type"":""MultiPoint"",""coordinates"":[]}"
2867,2020-11-07,0.014168544419423224,"{""type"":""MultiPoint"",""coordinates"":[]}"
2868,2020-11-08,0.014089755749469789,"{""type"":""MultiPoint"",""coordinates"":[]}"
2869,2020-11-09,0.01392871583780092,"{""type"":""MultiPoint"",""coordinates"":[]}"
2870,2020-11-10,0.014222597282188198,"{""type"":""MultiPoint"",""coordinates"":[]}"
2871,2020-11-11,0.014518737564097743,"{""type"":""MultiPoint"",""coordinates"":[]}"
2872,2020-11-12,0.014552407936853395,"{""type"":""MultiPoint"",""coordinates"":[]}"
2873,2020-11-13,0.014753798319344757,"{""type"":""MultiPoint"",""coordinates"":[]}"
2874,2020-11-14,0.01420359333680018,"{""type"":""MultiPoint"",""coordinates"":[]}"
2875,2020-11-15,0.014994648257223332,"{""type"":""MultiPoint"",""coordinates"":[]}"
2876,2020-11-16,0.015219678722688703,"{""type"":""MultiPoint"",""coordinates"":[]}"
2877,2020-11-17,0.01477566769549378,"{""type"":""MultiPoint"",""coordinates"":[]}"
2878,2020-11-18,0.01522971396308117,"{""type"":""MultiPoint"",""coordinates"":[]}"
2879,2020-11-19,0.015040169118879974,"{""type"":""MultiPoint"",""coordinates"":[]}"
2880,2020-11-20,0.014815278374650277,"{""type"":""MultiPoint"",""coordinates"":[]}"
2881,2020-11-21,0.015250388591668855,"{""type"":""MultiPoint"",""coordinates"":[]}"
2882,2020-11-22,0.014451557526650971,"{""type"":""MultiPoint"",""coordinates"":[]}"
2883,2020-11-23,0.01501260998217828,"{""type"":""MultiPoint"",""coordinates"":[]}"
2884,2020-11-24,0.014396431609992953,"{""type"":""MultiPoint"",""coordinates"":[]}"
2885,2020-11-25,0.014371219792288767,"{""type"":""MultiPoint"",""coordinates"":[]}"
2886,2020-11-26,0.014661344884511063,"{""type"":""MultiPoint"",""coordinates"":[]}"
2887,2020-11-27,0.015102290219838964,"{""type"":""MultiPoint"",""coordinates"":[]}"
2888,2020-11-28,0.014653540239214127,"{""type"":""MultiPoint"",""coordinates"":[]}"
2889,2020-11-29,0.01506963382073953,"{""type"":""MultiPoint"",""coordinates"":[]}"
2890,2020-11-30,0.014654979794297182,"{""type"":""MultiPoint"",""coordinates"":[]}"
2891,2020-12-01,0.014242787317334693,"{""type"":""MultiPoint"",""coordinates"":[]}"
2892,2020-12-02,0.01494886420953063,"{""type"":""MultiPoint"",""coordinates"":[]}"
2893,2020-12-03,0.014559136803818718,"{""type"":""MultiPoint"",""coordinates"":[]}"
2894,2020-12-04,0.014610178108438883,"{""type"":""MultiPoint"",""coordinates"":[]}"
2895,2020-12-05,0.013535302018386782,"{""type"":""MultiPoint"",""coordinates"":[]}"
2896,2020-12-06,0.013967740215465261,"{""type"":""MultiPoint"",""coordinates"":[]}"
2897,2020-12-07,0.013405894734167775,"{""type"":""MultiPoint"",""coordinates"":[]}"
2898,2020-12-08,0.01471598378854312,"{""type"":""MultiPoint"",""coordinates"":[]}"
2899,2020-12-09,0.014412273642782539,"{""type"":""MultiPoint"",""coordinates"":[]}"
2900,2020-12-10,0.014519729275511017,"{""type"":""MultiPoint"",""coordinates"":[]}"
2901,2020-12-11,0.014068986379335879,"{""type"":""MultiPoint"",""coordinates"":[]}"
2902,2020-12-12,0.01352402893763316,"{""type"":""MultiPoint"",""coordinates"":[]}"
2903,2020-12-13,0.013147091110875045,"{""type"":""MultiPoint"",""coordinates"":[]}"
2904,2020-12-14,0.01327669282401645,"{""type"":""MultiPoint"",""coordinates"":[]}"
2905,2020-12-15,0.013924946858130402,"{""type"":""MultiPoint"",""coordinates"":[]}"
2906,2020-12-16,0.014014518322293458,"{""type"":""MultiPoint"",""coordinates"":[]}"
2907,2020-12-17,0.014502500018857854,"{""type"":""MultiPoint"",""coordinates"":[]}"
2908,2020-12-18,0.014223586457153518,"{""type"":""MultiPoint"",""coordinates"":[]}"
2909,2020-12-19,0.013771568576533966,"{""type"":""MultiPoint"",""coordinates"":[]}"
2910,2020-12-20,0.014264350513966696,"{""type"":""MultiPoint"",""coordinates"":[]}"
2911,2020-12-21,0.014664409540623828,"{""type"":""MultiPoint"",""coordinates"":[]}"
2912,2020-12-22,0.014656858658484833,"{""type"":""MultiPoint"",""coordinates"":[]}"
2913,2020-12-23,0.0146457714449027,"{""type"":""MultiPoint"",""coordinates"":[]}"
2914,2020-12-24,0.014375204207008163,"{""type"":""MultiPoint"",""coordinates"":[]}"
2915,2020-12-25,0.01508857232471849,"{""type"":""MultiPoint"",""coordinates"":[]}"
2916,2020-12-26,0.01438483793753067,"{""type"":""MultiPoint"",""coordinates"":[]}"
2917,2020-12-27,0.01389592296498626,"{""type"":""MultiPoint"",""coordinates"":[]}"
2918,2020-12-28,0.013215558274688538,"{""type"":""MultiPoint"",""coordinates"":[]}"
2919,2020-12-29,0.013850023470216943,"{""type"":""MultiPoint"",""coordinates"":[]}"
2920,2020-12-30,0.01421269983402249,"{""type"":""MultiPoint"",""coordinates"":[]}"
2921,2020-12-31,0.014407817557934287,"{""type"":""MultiPoint"",""coordinates"":[]}"
2922,2021-01-01,0.014979830852845266,"{""type"":""MultiPoint"",""coordinates"":[]}"
2923,2021-01-02,0.014645564781771703,"{""type"":""MultiPoint"",""coordinates"":[]}"
2924,2021-01-03,0.014983567737094312,"{""type"":""MultiPoint"",""coordinates"":[]}"
2925,2021-01-04,0.013374226552001411,"{""type"":""MultiPoint"",""coordinates"":[]}"
2926,2021-01-05,0.01215914788976697,"{""type"":""MultiPoint"",""coordinates"":[]}"
2927,2021-01-06,0.012253624361744727,"{""type"":""MultiPoint"",""coordinates"":[]}"
2928,2021-01-07,0.013532803609804625,"{""type"":""MultiPoint"",""coordinates"":[]}"
2929,2021-01-08,0.013923810065560897,"{""type"":""MultiPoint"",""coordinates"":[]}"
2930,2021-01-09,0.014079041967887417,"{""type"":""MultiPoint"",""coordinates"":[]}"
2931,2021-01-10,0.014144564996187832,"{""type"":""MultiPoint"",""coordinates"":[]}"
2932,2021-01-11,0.014608331621150196,"{""type"":""MultiPoint"",""coordinates"":[]}"
2933,2021-01-12,0.014610930122596552,"{""type"":""MultiPoint"",""coordinates"":[]}"
2934,2021-01-13,0.01362216289775413,"{""type"":""MultiPoint"",""coordinates"":[]}"
2935,2021-01-14,0.01363485335254557,"{""type"":""MultiPoint"",""coordinates"":[]}"
2936,2021-01-15,0.013052258376626645,"{""type"":""MultiPoint"",""coordinates"":[]}"
2937,2021-01-16,0.012935330129735535,"{""type"":""MultiPoint"",""coordinates"":[]}"
2938,2021-01-17,0.012365246783281101,"{""type"":""MultiPoint"",""coordinates"":[]}"
2939,2021-01-18,0.012196728142331775,"{""type"":""MultiPoint"",""coordinates"":[]}"
2940,2021-01-19,0.01262477223731589,"{""type"":""MultiPoint"",""coordinates"":[]}"
2941,2021-01-20,0.01130646483205953,"{""type"":""MultiPoint"",""coordinates"":[]}"
2942,2021-01-21,0.011912420489965492,"{""type"":""MultiPoint"",""coordinates"":[]}"
2943,2021-01-22,0.013047498479963962,"{""type"":""MultiPoint"",""coordinates"":[]}"
2944,2021-01-23,0.014253152297490981,"{""type"":""MultiPoint"",""coordinates"":[]}"
2945,2021-01-24,0.013975679087208141,"{""type"":""MultiPoint"",""coordinates"":[]}"
2946,2021-01-25,0.013638412958591356,"{""type"":""MultiPoint"",""coordinates"":[]}"
2947,2021-01-26,0.013493551360814914,"{""type"":""MultiPoint"",""coordinates"":[]}"
2948,2021-01-27,0.013118628554808815,"{""type"":""MultiPoint"",""coordinates"":[]}"
2949,2021-01-28,0.012537217409683795,"{""type"":""MultiPoint"",""coordinates"":[]}"
2950,2021-01-29,0.012877994231459277,"{""type"":""MultiPoint"",""coordinates"":[]}"
2951,2021-01-30,0.012128484901082828,"{""type"":""MultiPoint"",""coordinates"":[]}"
2952,2021-01-31,0.012243664627255312,"{""type"":""MultiPoint"",""coordinates"":[]}"
2953,2021-02-01,0.012726354553945466,"{""type"":""MultiPoint"",""coordinates"":[]}"
2954,2021-02-02,0.012911029232714583,"{""type"":""MultiPoint"",""coordinates"":[]}"
2955,2021-02-03,0.014317322748917618,"{""type"":""MultiPoint"",""coordinates"":[]}"
2956,2021-02-04,0.013467238632428623,"{""type"":""MultiPoint"",""coordinates"":[]}"
2957,2021-02-05,0.013617551973158908,"{""type"":""MultiPoint"",""coordinates"":[]}"
2958,2021-02-06,0.014510177162402549,"{""type"":""MultiPoint"",""coordinates"":[]}"
2959,2021-02-07,0.013553632524851525,"{""type"":""MultiPoint"",""coordinates"":[]}"
2960,2021-02-08,0.014847512073238036,"{""type"":""MultiPoint"",""coordinates"":[]}"
2961,2021-02-09,0.014984819808312141,"{""type"":""MultiPoint"",""coordinates"":[]}"
2962,2021-02-10,0.015210797936811495,"{""type"":""MultiPoint"",""coordinates"":[]}"
2963,2021-02-11,0.014317752788665603,"{""type"":""MultiPoint"",""coordinates"":[]}"
2964,2021-02-12,0.014044547185810002,"{""type"":""MultiPoint"",""coordinates"":[]}"
2965,2021-02-13,0.014015595056405934,"{""type"":""MultiPoint"",""coordinates"":[]}"
2966,2021-02-14,0.014622707893855107,"{""type"":""MultiPoint"",""coordinates"":[]}"
2967,2021-02-15,0.014206097754714741,"{""type"":""MultiPoint"",""coordinates"":[]}"
2968,2021-02-16,0.01465550722117627,"{""type"":""MultiPoint"",""coordinates"":[]}"
2969,2021-02-17,0.013265012869854815,"{""type"":""MultiPoint"",""coordinates"":[]}"
2970,2021-02-18,0.014295837683442251,"{""type"":""MultiPoint"",""coordinates"":[]}"
2971,2021-02-19,0.014346733771496619,"{""type"":""MultiPoint"",""coordinates"":[]}"
2972,2021-02-20,0.01376029685244525,"{""type"":""MultiPoint"",""coordinates"":[]}"
2973,2021-02-21,0.013577889282261951,"{""type"":""MultiPoint"",""coordinates"":[]}"
2974,2021-02-22,0.013854835675180388,"{""type"":""MultiPoint"",""coordinates"":[]}"
2975,2021-02-23,0.01440376946391518,"{""type"":""MultiPoint"",""coordinates"":[]}"
2976,2021-02-24,0.013178235488971728,"{""type"":""MultiPoint"",""coordinates"":[]}"
2977,2021-02-25,0.015483863920007094,"{""type"":""MultiPoint"",""coordinates"":[]}"
2978,2021-02-26,0.015509975729246027,"{""type"":""MultiPoint"",""coordinates"":[]}"
2979,2021-02-27,0.01525692361484231,"{""type"":""MultiPoint"",""coordinates"":[]}"
2980,2021-02-28,0.01397710593611807,"{""type"":""MultiPoint"",""coordinates"":[]}"
2981,2021-03-01,0.013685339321359456,"{""type"":""MultiPoint"",""coordinates"":[]}"
2982,2021-03-02,0.01293276398702656,"{""type"":""MultiPoint"",""coordinates"":[]}"
2983,2021-03-03,0.013190764532211186,"{""type"":""MultiPoint"",""coordinates"":[]}"
2984,2021-03-04,0.012565931316301994,"{""type"":""MultiPoint"",""coordinates"":[]}"
2985,2021-03-05,0.013142760361855266,"{""type"":""MultiPoint"",""coordinates"":[]}"
2986,2021-03-06,0.014293635669707372,"{""type"":""MultiPoint"",""coordinates"":[]}"
2987,2021-03-07,0.014489190502627987,"{""type"":""MultiPoint"",""coordinates"":[]}"
2988,2021-03-08,0.014474738048365578,"{""type"":""MultiPoint"",""coordinates"":[]}"
2989,2021-03-09,0.012977713722684288,"{""type"":""MultiPoint"",""coordinates"":[]}"
2990,2021-03-10,0.01357516175516651,"{""type"":""MultiPoint"",""coordinates"":[]}"
2991,2021-03-11,0.014842125980670397,"{""type"":""MultiPoint"",""coordinates"":[]}"
2992,2021-03-12,0.01481691437754514,"{""type"":""MultiPoint"",""coordinates"":[]}"
2993,2021-03-13,0.013540496348066486,"{""type"":""MultiPoint"",""coordinates"":[]}"
2994,2021-03-14,0.013833897617320698,"{""type"":""MultiPoint"",""coordinates"":[]}"
2995,2021-03-15,0.013858391015224522,"{""type"":""MultiPoint"",""coordinates"":[]}"
2996,2021-03-16,0.013557558232594927,"{""type"":""MultiPoint"",""coordinates"":[]}"
2997,2021-03-17,0.013188089400904426,"{""type"":""MultiPoint"",""coordinates"":[]}"
2998,2021-03-18,0.013694325404542412,"{""type"":""MultiPoint"",""coordinates"":[]}"
2999,2021-03-19,0.013584111735486334,"{""type"":""MultiPoint"",""coordinates"":[]}"
3000,2021-03-20,0.013864149923839065,"{""type"":""MultiPoint"",""coordinates"":[]}"
3001,2021-03-21,0.014477099596783791,"{""type"":""MultiPoint"",""coordinates"":[]}"
3002,2021-03-22,0.014592766667902204,"{""type"":""MultiPoint"",""coordinates"":[]}"
3003,2021-03-23,0.01375868890629658,"{""type"":""MultiPoint"",""coordinates"":[]}"
3004,2021-03-24,0.014179535366038783,"{""type"":""MultiPoint"",""coordinates"":[]}"
3005,2021-03-25,0.014040464924479247,"{""type"":""MultiPoint"",""coordinates"":[]}"
3006,2021-03-26,0.0151401223770501,"{""type"":""MultiPoint"",""coordinates"":[]}"
3007,2021-03-27,0.014929510425371493,"{""type"":""MultiPoint"",""coordinates"":[]}"
3008,2021-03-28,0.014295111378634548,"{""type"":""MultiPoint"",""coordinates"":[]}"
3009,2021-03-29,0.015396608353750217,"{""type"":""MultiPoint"",""coordinates"":[]}"
3010,2021-03-30,0.015165203262615954,"{""type"":""MultiPoint"",""coordinates"":[]}"
3011,2021-03-31,0.015370687826404281,"{""type"":""MultiPoint"",""coordinates"":[]}"
3012,2021-04-01,0.015553764774381562,"{""type"":""MultiPoint"",""coordinates"":[]}"
3013,2021-04-02,0.015622606733533037,"{""type"":""MultiPoint"",""coordinates"":[]}"
3014,2021-04-03,0.015498484133816803,"{""type"":""MultiPoint"",""coordinates"":[]}"
3015,2021-04-04,0.01531484262464284,"{""type"":""MultiPoint"",""coordinates"":[]}"
3016,2021-04-05,0.015533220695353464,"{""type"":""MultiPoint"",""coordinates"":[]}"
3017,2021-04-06,0.015284219163976183,"{""type"":""MultiPoint"",""coordinates"":[]}"
3018,2021-04-07,0.01471267532778734,"{""type"":""MultiPoint"",""coordinates"":[]}"
3019,2021-04-08,0.014962506592290634,"{""type"":""MultiPoint"",""coordinates"":[]}"
3020,2021-04-09,0.015577443918124732,"{""type"":""MultiPoint"",""coordinates"":[]}"
3021,2021-04-10,0.014601212378431212,"{""type"":""MultiPoint"",""coordinates"":[]}"
3022,2021-04-11,0.015300850426963662,"{""type"":""MultiPoint"",""coordinates"":[]}"
3023,2021-04-12,0.015279876728708152,"{""type"":""MultiPoint"",""coordinates"":[]}"
3024,2021-04-13,0.014192117818604093,"{""type"":""MultiPoint"",""coordinates"":[]}"
3025,2021-04-14,0.014830008474847325,"{""type"":""MultiPoint"",""coordinates"":[]}"
3026,2021-04-15,0.015615704799205205,"{""type"":""MultiPoint"",""coordinates"":[]}"
3027,2021-04-16,0.015438421784810126,"{""type"":""MultiPoint"",""coordinates"":[]}"
3028,2021-04-17,0.015453217115398406,"{""type"":""MultiPoint"",""coordinates"":[]}"
3029,2021-04-18,0.015499841279158577,"{""type"":""MultiPoint"",""coordinates"":[]}"
3030,2021-04-19,0.014864054114249708,"{""type"":""MultiPoint"",""coordinates"":[]}"
3031,2021-04-20,0.014170641686999679,"{""type"":""MultiPoint"",""coordinates"":[]}"
3032,2021-04-21,0.013427670026062896,"{""type"":""MultiPoint"",""coordinates"":[]}"
3033,2021-04-22,0.01402566718572823,"{""type"":""MultiPoint"",""coordinates"":[]}"
3034,2021-04-23,0.015335384980213243,"{""type"":""MultiPoint"",""coordinates"":[]}"
3035,2021-04-24,0.01474965395955275,"{""type"":""MultiPoint"",""coordinates"":[]}"
3036,2021-04-25,0.014779298707133617,"{""type"":""MultiPoint"",""coordinates"":[]}"
3037,2021-04-26,0.015592838237116519,"{""type"":""MultiPoint"",""coordinates"":[]}"
3038,2021-04-27,0.015234772539174143,"{""type"":""MultiPoint"",""coordinates"":[]}"
3039,2021-04-28,0.015160431145842876,"{""type"":""MultiPoint"",""coordinates"":[]}"
3040,2021-04-29,0.01518121058106052,"{""type"":""MultiPoint"",""coordinates"":[]}"
3041,2021-04-30,0.014352025637543156,"{""type"":""MultiPoint"",""coordinates"":[]}"
3042,2021-05-01,0.014194819565580776,"{""type"":""MultiPoint"",""coordinates"":[]}"
3043,2021-05-02,0.014694593064989651,"{""type"":""MultiPoint"",""coordinates"":[]}"
3044,2021-05-03,0.014993023046841141,"{""type"":""MultiPoint"",""coordinates"":[]}"
3045,2021-05-04,0.014532678529646776,"{""type"":""MultiPoint"",""coordinates"":[]}"
3046,2021-05-05,0.014152013575608816,"{""type"":""MultiPoint"",""coordinates"":[]}"
3047,2021-05-06,0.014891681831556293,"{""type"":""MultiPoint"",""coordinates"":[]}"
3048,2021-05-07,0.01545324493880699,"{""type"":""MultiPoint"",""coordinates"":[]}"
3049,2021-05-08,0.015293087672842843,"{""type"":""MultiPoint"",""coordinates"":[]}"
3050,2021-05-09,0.015485869728420339,"{""type"":""MultiPoint"",""coordinates"":[]}"
3051,2021-05-10,0.01577082766152395,"{""type"":""MultiPoint"",""coordinates"":[]}"
3052,2021-05-11,0.01483746571981659,"{""type"":""MultiPoint"",""coordinates"":[]}"
3053,2021-05-12,0.014768618857169236,"{""type"":""MultiPoint"",""coordinates"":[]}"
3054,2021-05-13,0.015702338941119887,"{""type"":""MultiPoint"",""coordinates"":[]}"
3055,2021-05-14,0.01548726080129232,"{""type"":""MultiPoint"",""coordinates"":[]}"
3056,2021-05-15,0.015693555863792726,"{""type"":""MultiPoint"",""coordinates"":[]}"
3057,2021-05-16,0.015786187470370295,"{""type"":""MultiPoint"",""coordinates"":[]}"
3058,2021-05-17,0.015431751297784844,"{""type"":""MultiPoint"",""coordinates"":[]}"
3059,2021-05-18,0.015144804322862396,"{""type"":""MultiPoint"",""coordinates"":[]}"
3060,2021-05-19,0.015101084052968955,"{""type"":""MultiPoint"",""coordinates"":[]}"
3061,2021-05-20,0.015845665492764085,"{""type"":""MultiPoint"",""coordinates"":[]}"
3062,2021-05-21,0.0157460762100181,"{""type"":""MultiPoint"",""coordinates"":[]}"
3063,2021-05-22,0.016026912667499702,"{""type"":""MultiPoint"",""coordinates"":[]}"
3064,2021-05-23,0.01584638444685188,"{""type"":""MultiPoint"",""coordinates"":[]}"
3065,2021-05-24,0.015608331116360397,"{""type"":""MultiPoint"",""coordinates"":[]}"
3066,2021-05-25,0.015315151475290195,"{""type"":""MultiPoint"",""coordinates"":[]}"
3067,2021-05-26,0.015906146579513506,"{""type"":""MultiPoint"",""coordinates"":[]}"
3068,2021-05-27,0.01551903161305451,"{""type"":""MultiPoint"",""coordinates"":[]}"
3069,2021-05-28,0.015542570227173334,"{""type"":""MultiPoint"",""coordinates"":[]}"
3070,2021-05-29,0.015132547498216152,"{""type"":""MultiPoint"",""coordinates"":[]}"
3071,2021-05-30,0.015584473034776558,"{""type"":""MultiPoint"",""coordinates"":[]}"
3072,2021-05-31,0.015993006021819314,"{""type"":""MultiPoint"",""coordinates"":[]}"
3073,2021-06-01,0.015534073867287961,"{""type"":""MultiPoint"",""coordinates"":[]}"
3074,2021-06-02,0.015841036957795596,"{""type"":""MultiPoint"",""coordinates"":[]}"
3075,2021-06-03,0.015514992846858528,"{""type"":""MultiPoint"",""coordinates"":[]}"
3076,2021-06-04,0.0154473110647906,"{""type"":""MultiPoint"",""coordinates"":[]}"
3077,2021-06-05,0.015312819903770291,"{""type"":""MultiPoint"",""coordinates"":[]}"
3078,2021-06-06,0.015537667265335134,"{""type"":""MultiPoint"",""coordinates"":[]}"
3079,2021-06-07,0.015068925056478314,"{""type"":""MultiPoint"",""coordinates"":[]}"
3080,2021-06-08,0.01510560063665016,"{""type"":""MultiPoint"",""coordinates"":[]}"
3081,2021-06-09,0.014253030299668443,"{""type"":""MultiPoint"",""coordinates"":[]}"
3082,2021-06-10,0.014606045770723353,"{""type"":""MultiPoint"",""coordinates"":[]}"
3083,2021-06-11,0.014488521230778685,"{""type"":""MultiPoint"",""coordinates"":[]}"
3084,2021-06-12,0.015312250233343616,"{""type"":""MultiPoint"",""coordinates"":[]}"
3085,2021-06-13,0.015398179397816535,"{""type"":""MultiPoint"",""coordinates"":[]}"
3086,2021-06-14,0.01513210104177423,"{""type"":""MultiPoint"",""coordinates"":[]}"
3087,2021-06-15,0.01437326254538871,"{""type"":""MultiPoint"",""coordinates"":[]}"
3088,2021-06-16,0.014721920431304986,"{""type"":""MultiPoint"",""coordinates"":[]}"
3089,2021-06-17,0.014623014322785203,"{""type"":""MultiPoint"",""coordinates"":[]}"
3090,2021-06-18,0.01427739041782681,"{""type"":""MultiPoint"",""coordinates"":[]}"
3091,2021-06-19,0.014989691182968293,"{""type"":""MultiPoint"",""coordinates"":[]}"
3092,2021-06-20,0.014717186743433005,"{""type"":""MultiPoint"",""coordinates"":[]}"
3093,2021-06-21,0.014525490663230561,"{""type"":""MultiPoint"",""coordinates"":[]}"
3094,2021-06-22,0.01456592583895047,"{""type"":""MultiPoint"",""coordinates"":[]}"
3095,2021-06-23,0.014188175115875631,"{""type"":""MultiPoint"",""coordinates"":[]}"
3096,2021-06-24,0.01482079349533806,"{""type"":""MultiPoint"",""coordinates"":[]}"
3097,2021-06-25,0.015025412674234658,"{""type"":""MultiPoint"",""coordinates"":[]}"
3098,2021-06-26,0.014928549698721377,"{""type"":""MultiPoint"",""coordinates"":[]}"
3099,2021-06-27,0.014309040568433915,"{""type"":""MultiPoint"",""coordinates"":[]}"
3100,2021-06-28,0.013655172229383802,"{""type"":""MultiPoint"",""coordinates"":[]}"
3101,2021-06-29,0.014290679461205822,"{""type"":""MultiPoint"",""coordinates"":[]}"
3102,2021-06-30,0.014118074916271534,"{""type"":""MultiPoint"",""coordinates"":[]}"
3103,2021-07-01,0.013665094256128987,"{""type"":""MultiPoint"",""coordinates"":[]}"
3104,2021-07-02,0.014058908438107571,"{""type"":""MultiPoint"",""coordinates"":[]}"
3105,2021-07-03,0.013514263002576877,"{""type"":""MultiPoint"",""coordinates"":[]}"
3106,2021-07-04,0.012706002380387953,"{""type"":""MultiPoint"",""coordinates"":[]}"
3107,2021-07-05,0.012835023591269494,"{""type"":""MultiPoint"",""coordinates"":[]}"
3108,2021-07-06,0.013699691597591254,"{""type"":""MultiPoint"",""coordinates"":[]}"
3109,2021-07-07,0.014049747270899799,"{""type"":""MultiPoint"",""coordinates"":[]}"
3110,2021-07-08,0.01451449450623523,"{""type"":""MultiPoint"",""coordinates"":[]}"
3111,2021-07-09,0.014946037295722614,"{""type"":""MultiPoint"",""coordinates"":[]}"
3112,2021-07-10,0.01443251377654376,"{""type"":""MultiPoint"",""coordinates"":[]}"
3113,2021-07-11,0.015026658216900024,"{""type"":""MultiPoint"",""coordinates"":[]}"
3114,2021-07-12,0.014927036639472216,"{""type"":""MultiPoint"",""coordinates"":[]}"
3115,2021-07-13,0.014346697312557652,"{""type"":""MultiPoint"",""coordinates"":[]}"
3116,2021-07-14,0.014243619733539166,"{""type"":""MultiPoint"",""coordinates"":[]}"
3117,2021-07-15,0.014921793702336294,"{""type"":""MultiPoint"",""coordinates"":[]}"
3118,2021-07-16,0.015100405154266276,"{""type"":""MultiPoint"",""coordinates"":[]}"
3119,2021-07-17,0.015220348191944703,"{""type"":""MultiPoint"",""coordinates"":[]}"
3120,2021-07-18,0.015245595451616844,"{""type"":""MultiPoint"",""coordinates"":[]}"
3121,2021-07-19,0.015031218571392646,"{""type"":""MultiPoint"",""coordinates"":[]}"
3122,2021-07-20,0.013836564243309696,"{""type"":""MultiPoint"",""coordinates"":[]}"
3123,2021-07-21,0.013883504466103348,"{""type"":""MultiPoint"",""coordinates"":[]}"
3124,2021-07-22,0.014522520587959728,"{""type"":""MultiPoint"",""coordinates"":[]}"
3125,2021-07-23,0.014510521592612896,"{""type"":""MultiPoint"",""coordinates"":[]}"
3126,2021-07-24,0.01462562573520173,"{""type"":""MultiPoint"",""coordinates"":[]}"
3127,2021-07-25,0.014843255456778198,"{""type"":""MultiPoint"",""coordinates"":[]}"
3128,2021-07-26,0.014532678859047207,"{""type"":""MultiPoint"",""coordinates"":[]}"
3129,2021-07-27,0.014657856365853953,"{""type"":""MultiPoint"",""coordinates"":[]}"
3130,2021-07-28,0.014864837570770848,"{""type"":""MultiPoint"",""coordinates"":[]}"
3131,2021-07-29,0.01454531633651406,"{""type"":""MultiPoint"",""coordinates"":[]}"
3132,2021-07-30,0.01473478611599628,"{""type"":""MultiPoint"",""coordinates"":[]}"
3133,2021-07-31,0.014768082499000766,"{""type"":""MultiPoint"",""coordinates"":[]}"
3134,2021-08-01,0.014477028790774513,"{""type"":""MultiPoint"",""coordinates"":[]}"
3135,2021-08-02,0.013959685958877845,"{""type"":""MultiPoint"",""coordinates"":[]}"
3136,2021-08-03,0.013128953859932258,"{""type"":""MultiPoint"",""coordinates"":[]}"
3137,2021-08-04,0.013108537280075426,"{""type"":""MultiPoint"",""coordinates"":[]}"
3138,2021-08-05,0.01298232151704152,"{""type"":""MultiPoint"",""coordinates"":[]}"
3139,2021-08-06,0.012976826892268879,"{""type"":""MultiPoint"",""coordinates"":[]}"
3140,2021-08-07,0.013346244523849983,"{""type"":""MultiPoint"",""coordinates"":[]}"
3141,2021-08-08,0.014583802774003974,"{""type"":""MultiPoint"",""coordinates"":[]}"
3142,2021-08-09,0.014380726376107168,"{""type"":""MultiPoint"",""coordinates"":[]}"
3143,2021-08-10,0.01518456020627935,"{""type"":""MultiPoint"",""coordinates"":[]}"
3144,2021-08-11,0.014621576910390411,"{""type"":""MultiPoint"",""coordinates"":[]}"
3145,2021-08-12,0.014388783871460463,"{""type"":""MultiPoint"",""coordinates"":[]}"
3146,2021-08-13,0.014625257617064007,"{""type"":""MultiPoint"",""coordinates"":[]}"
3147,2021-08-14,0.014599500798522238,"{""type"":""MultiPoint"",""coordinates"":[]}"
3148,2021-08-15,0.014983662999490532,"{""type"":""MultiPoint"",""coordinates"":[]}"
3149,2021-08-16,0.015184466170215306,"{""type"":""MultiPoint"",""coordinates"":[]}"
3150,2021-08-17,0.014764499100869452,"{""type"":""MultiPoint"",""coordinates"":[]}"
3151,2021-08-18,0.014215284246651727,"{""type"":""MultiPoint"",""coordinates"":[]}"
3152,2021-08-19,0.014811999469778165,"{""type"":""MultiPoint"",""coordinates"":[]}"
3153,2021-08-20,0.014808433118305602,"{""type"":""MultiPoint"",""coordinates"":[]}"
3154,2021-08-21,0.014714685617793362,"{""type"":""MultiPoint"",""coordinates"":[]}"
3155,2021-08-22,0.014875282342492933,"{""type"":""MultiPoint"",""coordinates"":[]}"
3156,2021-08-23,0.014842037780403437,"{""type"":""MultiPoint"",""coordinates"":[]}"
3157,2021-08-24,0.01575003871581227,"{""type"":""MultiPoint"",""coordinates"":[]}"
3158,2021-08-25,0.01540095715002196,"{""type"":""MultiPoint"",""coordinates"":[]}"
3159,2021-08-26,0.015098970001447132,"{""type"":""MultiPoint"",""coordinates"":[]}"
3160,2021-08-27,0.014495837836697426,"{""type"":""MultiPoint"",""coordinates"":[]}"
3161,2021-08-28,0.014201274984070542,"{""type"":""MultiPoint"",""coordinates"":[]}"
3162,2021-08-29,0.014702141993328354,"{""type"":""MultiPoint"",""coordinates"":[]}"
3163,2021-08-30,0.015071819000751996,"{""type"":""MultiPoint"",""coordinates"":[]}"
3164,2021-08-31,0.014652915177830949,"{""type"":""MultiPoint"",""coordinates"":[]}"
3165,2021-09-01,0.015028127747715265,"{""type"":""MultiPoint"",""coordinates"":[]}"
3166,2021-09-02,0.014723234538658559,"{""type"":""MultiPoint"",""coordinates"":[]}"
3167,2021-09-03,0.014378965835644297,"{""type"":""MultiPoint"",""coordinates"":[]}"
3168,2021-09-04,0.01436540179960165,"{""type"":""MultiPoint"",""coordinates"":[]}"
3169,2021-09-05,0.014630895180825233,"{""type"":""MultiPoint"",""coordinates"":[]}"
3170,2021-09-06,0.014938467168869101,"{""type"":""MultiPoint"",""coordinates"":[]}"
3171,2021-09-07,0.01494975463322498,"{""type"":""MultiPoint"",""coordinates"":[]}"
3172,2021-09-08,0.014663243690214718,"{""type"":""MultiPoint"",""coordinates"":[]}"
3173,2021-09-09,0.014567206631545405,"{""type"":""MultiPoint"",""coordinates"":[]}"
3174,2021-09-10,0.014080236176379143,"{""type"":""MultiPoint"",""coordinates"":[]}"
3175,2021-09-11,0.014838564810283136,"{""type"":""MultiPoint"",""coordinates"":[]}"
3176,2021-09-12,0.0145976807217127,"{""type"":""MultiPoint"",""coordinates"":[]}"
3177,2021-09-13,0.014196544433353693,"{""type"":""MultiPoint"",""coordinates"":[]}"
3178,2021-09-14,0.014173660618701726,"{""type"":""MultiPoint"",""coordinates"":[]}"
3179,2021-09-15,0.014596097929498446,"{""type"":""MultiPoint"",""coordinates"":[]}"
3180,2021-09-16,0.014271387375770994,"{""type"":""MultiPoint"",""coordinates"":[]}"
3181,2021-09-17,0.013146416303111213,"{""type"":""MultiPoint"",""coordinates"":[]}"
3182,2021-09-18,0.01275430380133599,"{""type"":""MultiPoint"",""coordinates"":[]}"
3183,2021-09-19,0.013693778368658158,"{""type"":""MultiPoint"",""coordinates"":[]}"
3184,2021-09-20,0.015483057453658675,"{""type"":""MultiPoint"",""coordinates"":[]}"
3185,2021-09-21,0.01544989310120215,"{""type"":""MultiPoint"",""coordinates"":[]}"
3186,2021-09-22,0.01563906809525806,"{""type"":""MultiPoint"",""coordinates"":[]}"
3187,2021-09-23,0.015139949775835182,"{""type"":""MultiPoint"",""coordinates"":[]}"
3188,2021-09-24,0.014879080032704077,"{""type"":""MultiPoint"",""coordinates"":[]}"
3189,2021-09-25,0.014596741355964058,"{""type"":""MultiPoint"",""coordinates"":[]}"
3190,2021-09-26,0.01367485197448067,"{""type"":""MultiPoint"",""coordinates"":[]}"
3191,2021-09-27,0.01348998453563851,"{""type"":""MultiPoint"",""coordinates"":[]}"
3192,2021-09-28,0.014528786172889135,"{""type"":""MultiPoint"",""coordinates"":[]}"
3193,2021-09-29,0.014543112817147505,"{""type"":""MultiPoint"",""coordinates"":[]}"
3194,2021-09-30,0.014519466405800166,"{""type"":""MultiPoint"",""coordinates"":[]}"
3195,2021-10-01,0.014216349440292273,"{""type"":""MultiPoint"",""coordinates"":[]}"
3196,2021-10-02,0.014680872122790902,"{""type"":""MultiPoint"",""coordinates"":[]}"
3197,2021-10-03,0.014717428737725064,"{""type"":""MultiPoint"",""coordinates"":[]}"
3198,2021-10-04,0.015314754021443512,"{""type"":""MultiPoint"",""coordinates"":[]}"
3199,2021-10-05,0.015287826161806144,"{""type"":""MultiPoint"",""coordinates"":[]}"
3200,2021-10-06,0.015475541454031174,"{""type"":""MultiPoint"",""coordinates"":[]}"
3201,2021-10-07,0.015008974469709157,"{""type"":""MultiPoint"",""coordinates"":[]}"
3202,2021-10-08,0.015037564679200812,"{""type"":""MultiPoint"",""coordinates"":[]}"
3203,2021-10-09,0.014969898309330166,"{""type"":""MultiPoint"",""coordinates"":[]}"
3204,2021-10-10,0.014771607986634865,"{""type"":""MultiPoint"",""coordinates"":[]}"
3205,2021-10-11,0.015143755427835524,"{""type"":""MultiPoint"",""coordinates"":[]}"
3206,2021-10-12,0.015184332663435156,"{""type"":""MultiPoint"",""coordinates"":[]}"
3207,2021-10-13,0.015301382006262328,"{""type"":""MultiPoint"",""coordinates"":[]}"
3208,2021-10-14,0.015054461949622433,"{""type"":""MultiPoint"",""coordinates"":[]}"
3209,2021-10-15,0.015547764800725896,"{""type"":""MultiPoint"",""coordinates"":[]}"
3210,2021-10-16,0.015238709969329274,"{""type"":""MultiPoint"",""coordinates"":[]}"
3211,2021-10-17,0.014242692377523241,"{""type"":""MultiPoint"",""coordinates"":[]}"
3212,2021-10-18,0.01412363463272903,"{""type"":""MultiPoint"",""coordinates"":[]}"
3213,2021-10-19,0.014158721234915767,"{""type"":""MultiPoint"",""coordinates"":[]}"
3214,2021-10-20,0.013203866068848824,"{""type"":""MultiPoint"",""coordinates"":[]}"
3215,2021-10-21,0.012786091751478436,"{""type"":""MultiPoint"",""coordinates"":[]}"
3216,2021-10-22,0.014154452358917678,"{""type"":""MultiPoint"",""coordinates"":[]}"
3217,2021-10-23,0.014754244378503083,"{""type"":""MultiPoint"",""coordinates"":[]}"
3218,2021-10-24,0.015332828584827438,"{""type"":""MultiPoint"",""coordinates"":[]}"
3219,2021-10-25,0.015427856677364462,"{""type"":""MultiPoint"",""coordinates"":[]}"
3220,2021-10-26,0.015508056923723092,"{""type"":""MultiPoint"",""coordinates"":[]}"
3221,2021-10-27,0.015309633221181661,"{""type"":""MultiPoint"",""coordinates"":[]}"
3222,2021-10-28,0.014633382767857884,"{""type"":""MultiPoint"",""coordinates"":[]}"
3223,2021-10-29,0.014743756290141624,"{""type"":""MultiPoint"",""coordinates"":[]}"
3224,2021-10-30,0.014994088197547066,"{""type"":""MultiPoint"",""coordinates"":[]}"
3225,2021-10-31,0.015080767887732133,"{""type"":""MultiPoint"",""coordinates"":[]}"
3226,2021-11-01,0.014726061936149332,"{""type"":""MultiPoint"",""coordinates"":[]}"
3227,2021-11-02,0.014628504185375367,"{""type"":""MultiPoint"",""coordinates"":[]}"
3228,2021-11-03,0.01510422311633674,"{""type"":""MultiPoint"",""coordinates"":[]}"
3229,2021-11-04,0.015141794497578132,"{""type"":""MultiPoint"",""coordinates"":[]}"
3230,2021-11-05,0.014632732507546889,"{""type"":""MultiPoint"",""coordinates"":[]}"
3231,2021-11-06,0.014503737296874092,"{""type"":""MultiPoint"",""coordinates"":[]}"
3232,2021-11-07,0.012825001805498148,"{""type"":""MultiPoint"",""coordinates"":[]}"
3233,2021-11-08,0.013298428840712348,"{""type"":""MultiPoint"",""coordinates"":[]}"
3234,2021-11-09,0.015314194945639093,"{""type"":""MultiPoint"",""coordinates"":[]}"
3235,2021-11-10,0.014879098049704212,"{""type"":""MultiPoint"",""coordinates"":[]}"
3236,2021-11-11,0.014114931191811071,"{""type"":""MultiPoint"",""coordinates"":[]}"
3237,2021-11-12,0.013535242837912333,"{""type"":""MultiPoint"",""coordinates"":[]}"
3238,2021-11-13,0.013292100761083302,"{""type"":""MultiPoint"",""coordinates"":[]}"
3239,2021-11-14,0.014002754416528153,"{""type"":""MultiPoint"",""coordinates"":[]}"
3240,2021-11-15,0.014912658999969327,"{""type"":""MultiPoint"",""coordinates"":[]}"
3241,2021-11-16,0.015055269846147726,"{""type"":""MultiPoint"",""coordinates"":[]}"
3242,2021-11-17,0.015222469511915674,"{""type"":""MultiPoint"",""coordinates"":[]}"
3243,2021-11-18,0.013462669421210457,"{""type"":""MultiPoint"",""coordinates"":[]}"
3244,2021-11-19,0.012790866021794208,"{""type"":""MultiPoint"",""coordinates"":[]}"
3245,2021-11-20,0.014283623295444364,"{""type"":""MultiPoint"",""coordinates"":[]}"
3246,2021-11-21,0.01453618863943608,"{""type"":""MultiPoint"",""coordinates"":[]}"
3247,2021-11-22,0.01348653146665762,"{""type"":""MultiPoint"",""coordinates"":[]}"
3248,2021-11-23,0.014489063659932475,"{""type"":""MultiPoint"",""coordinates"":[]}"
3249,2021-11-24,0.014135153581977325,"{""type"":""MultiPoint"",""coordinates"":[]}"
3250,2021-11-25,0.014718566351645113,"{""type"":""MultiPoint"",""coordinates"":[]}"
3251,2021-11-26,0.01442035254631962,"{""type"":""MultiPoint"",""coordinates"":[]}"
3252,2021-11-27,0.014444619548425732,"{""type"":""MultiPoint"",""coordinates"":[]}"
3253,2021-11-28,0.013691580288786677,"{""type"":""MultiPoint"",""coordinates"":[]}"
3254,2021-11-29,0.014852895352212686,"{""type"":""MultiPoint"",""coordinates"":[]}"
3255,2021-11-30,0.013968419970184142,"{""type"":""MultiPoint"",""coordinates"":[]}"
3256,2021-12-01,0.014062109124249211,"{""type"":""MultiPoint"",""coordinates"":[]}"
3257,2021-12-02,0.014419348378524962,"{""type"":""MultiPoint"",""coordinates"":[]}"
3258,2021-12-03,0.014486119706029942,"{""type"":""MultiPoint"",""coordinates"":[]}"
3259,2021-12-04,0.01453897674535286,"{""type"":""MultiPoint"",""coordinates"":[]}"
3260,2021-12-05,0.013972867389779375,"{""type"":""MultiPoint"",""coordinates"":[]}"
3261,2021-12-06,0.013894051071795718,"{""type"":""MultiPoint"",""coordinates"":[]}"
3262,2021-12-07,0.013151983957819496,"{""type"":""MultiPoint"",""coordinates"":[]}"
3263,2021-12-08,0.013528380034641843,"{""type"":""MultiPoint"",""coordinates"":[]}"
3264,2021-12-09,0.014328605649526626,"{""type"":""MultiPoint"",""coordinates"":[]}"
3265,2021-12-10,0.015070521569318247,"{""type"":""MultiPoint"",""coordinates"":[]}"
3266,2021-12-11,0.014246646368055622,"{""type"":""MultiPoint"",""coordinates"":[]}"
3267,2021-12-12,0.015111763813293912,"{""type"":""MultiPoint"",""coordinates"":[]}"
3268,2021-12-13,0.013381878217326545,"{""type"":""MultiPoint"",""coordinates"":[]}"
3269,2021-12-14,0.013548339187547677,"{""type"":""MultiPoint"",""coordinates"":[]}"
3270,2021-12-15,0.014197346281196099,"{""type"":""MultiPoint"",""coordinates"":[]}"
3271,2021-12-16,0.015119769511676226,"{""type"":""MultiPoint"",""coordinates"":[]}"
3272,2021-12-17,0.014674466601432443,"{""type"":""MultiPoint"",""coordinates"":[]}"
3273,2021-12-18,0.01441888587979851,"{""type"":""MultiPoint"",""coordinates"":[]}"
3274,2021-12-19,0.013867313603266358,"{""type"":""MultiPoint"",""coordinates"":[]}"
3275,2021-12-20,0.014970450758923585,"{""type"":""MultiPoint"",""coordinates"":[]}"
3276,2021-12-21,0.015186451606961991,"{""type"":""MultiPoint"",""coordinates"":[]}"
3277,2021-12-22,0.015057649079995577,"{""type"":""MultiPoint"",""coordinates"":[]}"
3278,2021-12-23,0.014918938504596404,"{""type"":""MultiPoint"",""coordinates"":[]}"
3279,2021-12-24,0.01526374177237391,"{""type"":""MultiPoint"",""coordinates"":[]}"
3280,2021-12-25,0.015480532562171509,"{""type"":""MultiPoint"",""coordinates"":[]}"
3281,2021-12-26,0.014873054826082567,"{""type"":""MultiPoint"",""coordinates"":[]}"
3282,2021-12-27,0.014743800167457119,"{""type"":""MultiPoint"",""coordinates"":[]}"
3283,2021-12-28,0.014306147508864714,"{""type"":""MultiPoint"",""coordinates"":[]}"
3284,2021-12-29,0.014723504519327376,"{""type"":""MultiPoint"",""coordinates"":[]}"
3285,2021-12-30,0.013984629392211846,"{""type"":""MultiPoint"",""coordinates"":[]}"
3286,2021-12-31,0.013312557843877033,"{""type"":""MultiPoint"",""coordinates"":[]}"
3287,2022-01-01,0.013711861384938713,"{""type"":""MultiPoint"",""coordinates"":[]}"
3288,2022-01-02,0.01417367859140529,"{""type"":""MultiPoint"",""coordinates"":[]}"
3289,2022-01-03,0.014164256201502726,"{""type"":""MultiPoint"",""coordinates"":[]}"
3290,2022-01-04,0.013696679968095328,"{""type"":""MultiPoint"",""coordinates"":[]}"
3291,2022-01-05,0.013104800616170103,"{""type"":""MultiPoint"",""coordinates"":[]}"
3292,2022-01-06,0.01270828029615865,"{""type"":""MultiPoint"",""coordinates"":[]}"
3293,2022-01-07,0.013417437559279535,"{""type"":""MultiPoint"",""coordinates"":[]}"
3294,2022-01-08,0.012408402103573498,"{""type"":""MultiPoint"",""coordinates"":[]}"
3295,2022-01-09,0.01319586597776073,"{""type"":""MultiPoint"",""coordinates"":[]}"
3296,2022-01-10,0.014174353158649384,"{""type"":""MultiPoint"",""coordinates"":[]}"
3297,2022-01-11,0.014413765730236375,"{""type"":""MultiPoint"",""coordinates"":[]}"
3298,2022-01-12,0.01312259733746741,"{""type"":""MultiPoint"",""coordinates"":[]}"
3299,2022-01-13,0.013510660117279657,"{""type"":""MultiPoint"",""coordinates"":[]}"
3300,2022-01-14,0.013614924300754906,"{""type"":""MultiPoint"",""coordinates"":[]}"
3301,2022-01-15,0.01370870583544113,"{""type"":""MultiPoint"",""coordinates"":[]}"
3302,2022-01-16,0.012794532009284562,"{""type"":""MultiPoint"",""coordinates"":[]}"
3303,2022-01-17,0.013576305652492118,"{""type"":""MultiPoint"",""coordinates"":[]}"
3304,2022-01-18,0.01352616313903473,"{""type"":""MultiPoint"",""coordinates"":[]}"
3305,2022-01-19,0.013702818474359975,"{""type"":""MultiPoint"",""coordinates"":[]}"
3306,2022-01-20,0.014163572692647808,"{""type"":""MultiPoint"",""coordinates"":[]}"
3307,2022-01-21,0.01301579939399015,"{""type"":""MultiPoint"",""coordinates"":[]}"
3308,2022-01-22,0.013616935028732955,"{""type"":""MultiPoint"",""coordinates"":[]}"
3309,2022-01-23,0.014216488364520267,"{""type"":""MultiPoint"",""coordinates"":[]}"
3310,2022-01-24,0.01402905922000526,"{""type"":""MultiPoint"",""coordinates"":[]}"
3311,2022-01-25,0.015090768101825136,"{""type"":""MultiPoint"",""coordinates"":[]}"
3312,2022-01-26,0.01479493062904367,"{""type"":""MultiPoint"",""coordinates"":[]}"
3313,2022-01-27,0.014481080639829481,"{""type"":""MultiPoint"",""coordinates"":[]}"
3314,2022-01-28,0.013875077810276464,"{""type"":""MultiPoint"",""coordinates"":[]}"
3315,2022-01-29,0.012814898459231039,"{""type"":""MultiPoint"",""coordinates"":[]}"
3316,2022-01-30,0.012284095796581693,"{""type"":""MultiPoint"",""coordinates"":[]}"
3317,2022-01-31,0.011925831511666393,"{""type"":""MultiPoint"",""coordinates"":[]}"
3318,2022-02-01,0.011620509165431952,"{""type"":""MultiPoint"",""coordinates"":[]}"
3319,2022-02-02,0.01227025247396782,"{""type"":""MultiPoint"",""coordinates"":[]}"
3320,2022-02-03,0.012282536182394374,"{""type"":""MultiPoint"",""coordinates"":[]}"
3321,2022-02-04,0.013581126950728826,"{""type"":""MultiPoint"",""coordinates"":[]}"
3322,2022-02-05,0.014557555281207975,"{""type"":""MultiPoint"",""coordinates"":[]}"
3323,2022-02-06,0.014065209957570839,"{""type"":""MultiPoint"",""coordinates"":[]}"
3324,2022-02-07,0.01412544216717814,"{""type"":""MultiPoint"",""coordinates"":[]}"
3325,2022-02-08,0.014364060173059886,"{""type"":""MultiPoint"",""coordinates"":[]}"
3326,2022-02-09,0.013550320810561824,"{""type"":""MultiPoint"",""coordinates"":[]}"
3327,2022-02-10,0.013358579512678942,"{""type"":""MultiPoint"",""coordinates"":[]}"
3328,2022-02-11,0.013740499804006793,"{""type"":""MultiPoint"",""coordinates"":[]}"
3329,2022-02-12,0.014554800476312609,"{""type"":""MultiPoint"",""coordinates"":[]}"
3330,2022-02-13,0.01369268518359294,"{""type"":""MultiPoint"",""coordinates"":[]}"
3331,2022-02-14,0.014211136584663392,"{""type"":""MultiPoint"",""coordinates"":[]}"
3332,2022-02-15,0.013737769685036648,"{""type"":""MultiPoint"",""coordinates"":[]}"
3333,2022-02-16,0.013612454670355179,"{""type"":""MultiPoint"",""coordinates"":[]}"
3334,2022-02-17,0.013751009504236994,"{""type"":""MultiPoint"",""coordinates"":[]}"
3335,2022-02-18,0.014402750970729706,"{""type"":""MultiPoint"",""coordinates"":[]}"
3336,2022-02-19,0.014829892478301007,"{""type"":""MultiPoint"",""coordinates"":[]}"
3337,2022-02-20,0.014599558981775042,"{""type"":""MultiPoint"",""coordinates"":[]}"
3338,2022-02-21,0.013718777100797747,"{""type"":""MultiPoint"",""coordinates"":[]}"
3339,2022-02-22,0.013809480100163009,"{""type"":""MultiPoint"",""coordinates"":[]}"
3340,2022-02-23,0.014049893621944101,"{""type"":""MultiPoint"",""coordinates"":[]}"
3341,2022-02-24,0.01351014748834726,"{""type"":""MultiPoint"",""coordinates"":[]}"
3342,2022-02-25,0.013960863118349355,"{""type"":""MultiPoint"",""coordinates"":[]}"
3343,2022-02-26,0.014148694921302144,"{""type"":""MultiPoint"",""coordinates"":[]}"
3344,2022-02-27,0.014182825891199029,"{""type"":""MultiPoint"",""coordinates"":[]}"
3345,2022-02-28,0.014538197707520087,"{""type"":""MultiPoint"",""coordinates"":[]}"
3346,2022-03-01,0.013848648074837723,"{""type"":""MultiPoint"",""coordinates"":[]}"
3347,2022-03-02,0.014362359824083485,"{""type"":""MultiPoint"",""coordinates"":[]}"
3348,2022-03-03,0.013851574449242565,"{""type"":""MultiPoint"",""coordinates"":[]}"
3349,2022-03-04,0.01400018463705499,"{""type"":""MultiPoint"",""coordinates"":[]}"
3350,2022-03-05,0.014769619568823215,"{""type"":""MultiPoint"",""coordinates"":[]}"
3351,2022-03-06,0.015099529367391217,"{""type"":""MultiPoint"",""coordinates"":[]}"
3352,2022-03-07,0.014271212002019576,"{""type"":""MultiPoint"",""coordinates"":[]}"
3353,2022-03-08,0.013245897937710983,"{""type"":""MultiPoint"",""coordinates"":[]}"
3354,2022-03-09,0.014027536331494136,"{""type"":""MultiPoint"",""coordinates"":[]}"
3355,2022-03-10,0.014258930216333262,"{""type"":""MultiPoint"",""coordinates"":[]}"
3356,2022-03-11,0.014126576535704587,"{""type"":""MultiPoint"",""coordinates"":[]}"
3357,2022-03-12,0.014652153951902348,"{""type"":""MultiPoint"",""coordinates"":[]}"
3358,2022-03-13,0.014643002956307799,"{""type"":""MultiPoint"",""coordinates"":[]}"
3359,2022-03-14,0.014494417934190646,"{""type"":""MultiPoint"",""coordinates"":[]}"
3360,2022-03-15,0.015037280265821941,"{""type"":""MultiPoint"",""coordinates"":[]}"
3361,2022-03-16,0.014703648529394283,"{""type"":""MultiPoint"",""coordinates"":[]}"
3362,2022-03-17,0.014384143498012517,"{""type"":""MultiPoint"",""coordinates"":[]}"
3363,2022-03-18,0.014402370812788804,"{""type"":""MultiPoint"",""coordinates"":[]}"
3364,2022-03-19,0.014307133741097017,"{""type"":""MultiPoint"",""coordinates"":[]}"
3365,2022-03-20,0.012955548786274473,"{""type"":""MultiPoint"",""coordinates"":[]}"
3366,2022-03-21,0.014337805136706204,"{""type"":""MultiPoint"",""coordinates"":[]}"
3367,2022-03-22,0.015480087434506585,"{""type"":""MultiPoint"",""coordinates"":[]}"
3368,2022-03-23,0.014666946607501332,"{""type"":""MultiPoint"",""coordinates"":[]}"
3369,2022-03-24,0.013868491965222588,"{""type"":""MultiPoint"",""coordinates"":[]}"
3370,2022-03-25,0.014109398124031128,"{""type"":""MultiPoint"",""coordinates"":[]}"
3371,2022-03-26,0.013851405397242252,"{""type"":""MultiPoint"",""coordinates"":[]}"
3372,2022-03-27,0.014489484650491496,"{""type"":""MultiPoint"",""coordinates"":[]}"
3373,2022-03-28,0.015170684530614702,"{""type"":""MultiPoint"",""coordinates"":[]}"
3374,2022-03-29,0.015612945892850538,"{""type"":""MultiPoint"",""coordinates"":[]}"
3375,2022-03-30,0.014947590511576342,"{""type"":""MultiPoint"",""coordinates"":[]}"
3376,2022-03-31,0.014782151963997486,"{""type"":""MultiPoint"",""coordinates"":[]}"
3377,2022-04-01,0.01525359862695144,"{""type"":""MultiPoint"",""coordinates"":[]}"
3378,2022-04-02,0.014831258377644931,"{""type"":""MultiPoint"",""coordinates"":[]}"
3379,2022-04-03,0.015198742832903072,"{""type"":""MultiPoint"",""coordinates"":[]}"
3380,2022-04-04,0.015181439522635993,"{""type"":""MultiPoint"",""coordinates"":[]}"
3381,2022-04-05,0.01505245909816759,"{""type"":""MultiPoint"",""coordinates"":[]}"
3382,2022-04-06,0.015693807741431618,"{""type"":""MultiPoint"",""coordinates"":[]}"
3383,2022-04-07,0.015607117035061251,"{""type"":""MultiPoint"",""coordinates"":[]}"
3384,2022-04-08,0.015595302369260919,"{""type"":""MultiPoint"",""coordinates"":[]}"
3385,2022-04-09,0.01510583903420904,"{""type"":""MultiPoint"",""coordinates"":[]}"
3386,2022-04-10,0.015152168303683182,"{""type"":""MultiPoint"",""coordinates"":[]}"
3387,2022-04-11,0.015473430233441152,"{""type"":""MultiPoint"",""coordinates"":[]}"
3388,2022-04-12,0.015091777224268818,"{""type"":""MultiPoint"",""coordinates"":[]}"
3389,2022-04-13,0.015081484333779453,"{""type"":""MultiPoint"",""coordinates"":[]}"
3390,2022-04-14,0.01501447326373126,"{""type"":""MultiPoint"",""coordinates"":[]}"
3391,2022-04-15,0.015484355433510726,"{""type"":""MultiPoint"",""coordinates"":[]}"
3392,2022-04-16,0.015968138916344733,"{""type"":""MultiPoint"",""coordinates"":[]}"
3393,2022-04-17,0.015690604089030214,"{""type"":""MultiPoint"",""coordinates"":[]}"
3394,2022-04-18,0.01476286155840688,"{""type"":""MultiPoint"",""coordinates"":[]}"
3395,2022-04-19,0.014516508699934302,"{""type"":""MultiPoint"",""coordinates"":[]}"
3396,2022-04-20,0.014577552046054017,"{""type"":""MultiPoint"",""coordinates"":[]}"
3397,2022-04-21,0.014586918362939865,"{""type"":""MultiPoint"",""coordinates"":[]}"
3398,2022-04-22,0.0141230772297221,"{""type"":""MultiPoint"",""coordinates"":[]}"
3399,2022-04-23,0.014432304886274372,"{""type"":""MultiPoint"",""coordinates"":[]}"
3400,2022-04-24,0.014945822141982217,"{""type"":""MultiPoint"",""coordinates"":[]}"
3401,2022-04-25,0.014932494841576634,"{""type"":""MultiPoint"",""coordinates"":[]}"
3402,2022-04-26,0.014019627090550988,"{""type"":""MultiPoint"",""coordinates"":[]}"
3403,2022-04-27,0.015543044479584158,"{""type"":""MultiPoint"",""coordinates"":[]}"
3404,2022-04-28,0.014834110553898697,"{""type"":""MultiPoint"",""coordinates"":[]}"
3405,2022-04-29,0.014594923337987425,"{""type"":""MultiPoint"",""coordinates"":[]}"
3406,2022-04-30,0.014674197909509835,"{""type"":""MultiPoint"",""coordinates"":[]}"
3407,2022-05-01,0.014674622796876669,"{""type"":""MultiPoint"",""coordinates"":[]}"
3408,2022-05-02,0.015533778152498493,"{""type"":""MultiPoint"",""coordinates"":[]}"
3409,2022-05-03,0.014977421227301465,"{""type"":""MultiPoint"",""coordinates"":[]}"
3410,2022-05-04,0.015591799871344972,"{""type"":""MultiPoint"",""coordinates"":[]}"
3411,2022-05-05,0.014893955105508767,"{""type"":""MultiPoint"",""coordinates"":[]}"
3412,2022-05-06,0.014767493445301266,"{""type"":""MultiPoint"",""coordinates"":[]}"
3413,2022-05-07,0.014668158015793359,"{""type"":""MultiPoint"",""coordinates"":[]}"
3414,2022-05-08,0.014479891860935517,"{""type"":""MultiPoint"",""coordinates"":[]}"
3415,2022-05-09,0.015136495972781924,"{""type"":""MultiPoint"",""coordinates"":[]}"
3416,2022-05-10,0.01562946188681979,"{""type"":""MultiPoint"",""coordinates"":[]}"
3417,2022-05-11,0.015619427913704381,"{""type"":""MultiPoint"",""coordinates"":[]}"
3418,2022-05-12,0.01523748249190176,"{""type"":""MultiPoint"",""coordinates"":[]}"
3419,2022-05-13,0.016117169330663993,"{""type"":""MultiPoint"",""coordinates"":[]}"
3420,2022-05-14,0.01577510404724218,"{""type"":""MultiPoint"",""coordinates"":[]}"
3421,2022-05-15,0.015819160023870047,"{""type"":""MultiPoint"",""coordinates"":[]}"
3422,2022-05-16,0.01511480010284031,"{""type"":""MultiPoint"",""coordinates"":[]}"
3423,2022-05-17,0.015503470125526407,"{""type"":""MultiPoint"",""coordinates"":[]}"
3424,2022-05-18,0.014748567302962423,"{""type"":""MultiPoint"",""coordinates"":[]}"
3425,2022-05-19,0.014413257842350579,"{""type"":""MultiPoint"",""coordinates"":[]}"
3426,2022-05-20,0.015154279541494073,"{""type"":""MultiPoint"",""coordinates"":[]}"
3427,2022-05-21,0.014323222000327563,"{""type"":""MultiPoint"",""coordinates"":[]}"
3428,2022-05-22,0.014939383295289889,"{""type"":""MultiPoint"",""coordinates"":[]}"
3429,2022-05-23,0.015005396866407283,"{""type"":""MultiPoint"",""coordinates"":[]}"
3430,2022-05-24,0.015488321600488372,"{""type"":""MultiPoint"",""coordinates"":[]}"
3431,2022-05-25,0.015298275385585196,"{""type"":""MultiPoint"",""coordinates"":[]}"
3432,2022-05-26,0.01512503639081031,"{""type"":""MultiPoint"",""coordinates"":[]}"
3433,2022-05-27,0.014977613288343366,"{""type"":""MultiPoint"",""coordinates"":[]}"
3434,2022-05-28,0.01441140551702466,"{""type"":""MultiPoint"",""coordinates"":[]}"
3435,2022-05-29,0.014737553816991036,"{""type"":""MultiPoint"",""coordinates"":[]}"
3436,2022-05-30,0.01492893157317518,"{""type"":""MultiPoint"",""coordinates"":[]}"
3437,2022-05-31,0.014346732758759658,"{""type"":""MultiPoint"",""coordinates"":[]}"
3438,2022-06-01,0.013572045496161646,"{""type"":""MultiPoint"",""coordinates"":[]}"
3439,2022-06-02,0.0144116827246246,"{""type"":""MultiPoint"",""coordinates"":[]}"
3440,2022-06-03,0.01477738758047529,"{""type"":""MultiPoint"",""coordinates"":[]}"
3441,2022-06-04,0.014624727818475411,"{""type"":""MultiPoint"",""coordinates"":[]}"
3442,2022-06-05,0.014905331567613976,"{""type"":""MultiPoint"",""coordinates"":[]}"
3443,2022-06-06,0.014744097694104454,"{""type"":""MultiPoint"",""coordinates"":[]}"
3444,2022-06-07,0.014792712201283476,"{""type"":""MultiPoint"",""coordinates"":[]}"
3445,2022-06-08,0.014461977277657497,"{""type"":""MultiPoint"",""coordinates"":[]}"
3446,2022-06-09,0.014227207895054994,"{""type"":""MultiPoint"",""coordinates"":[]}"
3447,2022-06-10,0.014948006044645306,"{""type"":""MultiPoint"",""coordinates"":[]}"
3448,2022-06-11,0.014887979950846128,"{""type"":""MultiPoint"",""coordinates"":[]}"
3449,2022-06-12,0.014527686138214544,"{""type"":""MultiPoint"",""coordinates"":[]}"
3450,2022-06-13,0.01424658548917688,"{""type"":""MultiPoint"",""coordinates"":[]}"
3451,2022-06-14,0.013996179829802757,"{""type"":""MultiPoint"",""coordinates"":[]}"
3452,2022-06-15,0.014499628177292181,"{""type"":""MultiPoint"",""coordinates"":[]}"
3453,2022-06-16,0.014532272273805366,"{""type"":""MultiPoint"",""coordinates"":[]}"
3454,2022-06-17,0.014907632040474737,"{""type"":""MultiPoint"",""coordinates"":[]}"
3455,2022-06-18,0.014462681275786158,"{""type"":""MultiPoint"",""coordinates"":[]}"
3456,2022-06-19,0.014387788947326646,"{""type"":""MultiPoint"",""coordinates"":[]}"
3457,2022-06-20,0.014426849005628925,"{""type"":""MultiPoint"",""coordinates"":[]}"
3458,2022-06-21,0.01436471147317203,"{""type"":""MultiPoint"",""coordinates"":[]}"
3459,2022-06-22,0.014316629623397201,"{""type"":""MultiPoint"",""coordinates"":[]}"
3460,2022-06-23,0.014597454188932484,"{""type"":""MultiPoint"",""coordinates"":[]}"
3461,2022-06-24,0.014158275353412625,"{""type"":""MultiPoint"",""coordinates"":[]}"
3462,2022-06-25,0.014878650209914352,"{""type"":""MultiPoint"",""coordinates"":[]}"
3463,2022-06-26,0.014247277465792588,"{""type"":""MultiPoint"",""coordinates"":[]}"
3464,2022-06-27,0.013882414297450319,"{""type"":""MultiPoint"",""coordinates"":[]}"
3465,2022-06-28,0.014194190368485808,"{""type"":""MultiPoint"",""coordinates"":[]}"
3466,2022-06-29,0.014077392340197557,"{""type"":""MultiPoint"",""coordinates"":[]}"
3467,2022-06-30,0.01465678772030439,"{""type"":""MultiPoint"",""coordinates"":[]}"
3468,2022-07-01,0.015293140635896277,"{""type"":""MultiPoint"",""coordinates"":[]}"
3469,2022-07-02,0.01486760054114458,"{""type"":""MultiPoint"",""coordinates"":[]}"
3470,2022-07-03,0.014882414993303082,"{""type"":""MultiPoint"",""coordinates"":[]}"
3471,2022-07-04,0.014957080190115523,"{""type"":""MultiPoint"",""coordinates"":[]}"
3472,2022-07-05,0.014458982648545643,"{""type"":""MultiPoint"",""coordinates"":[]}"
3473,2022-07-06,0.01442305510709028,"{""type"":""MultiPoint"",""coordinates"":[]}"
3474,2022-07-07,0.013979856711072264,"{""type"":""MultiPoint"",""coordinates"":[]}"
3475,2022-07-08,0.014406026888161972,"{""type"":""MultiPoint"",""coordinates"":[]}"
3476,2022-07-09,0.014100364562520113,"{""type"":""MultiPoint"",""coordinates"":[]}"
3477,2022-07-10,0.014383022579793667,"{""type"":""MultiPoint"",""coordinates"":[]}"
3478,2022-07-11,0.014904329271194373,"{""type"":""MultiPoint"",""coordinates"":[]}"
3479,2022-07-12,0.014615742964888044,"{""type"":""MultiPoint"",""coordinates"":[]}"
3480,2022-07-13,0.014809299493910015,"{""type"":""MultiPoint"",""coordinates"":[]}"
3481,2022-07-14,0.01433292226872047,"{""type"":""MultiPoint"",""coordinates"":[]}"
3482,2022-07-15,0.014368425430693858,"{""type"":""MultiPoint"",""coordinates"":[]}"
3483,2022-07-16,0.014121671522383578,"{""type"":""MultiPoint"",""coordinates"":[]}"
3484,2022-07-17,0.014827281573912865,"{""type"":""MultiPoint"",""coordinates"":[]}"
3485,2022-07-18,0.014100834201409508,"{""type"":""MultiPoint"",""coordinates"":[]}"
3486,2022-07-19,0.013433657215120501,"{""type"":""MultiPoint"",""coordinates"":[]}"
3487,2022-07-20,0.01369588489569055,"{""type"":""MultiPoint"",""coordinates"":[]}"
3488,2022-07-21,0.013932543215493913,"{""type"":""MultiPoint"",""coordinates"":[]}"
3489,2022-07-22,0.0138816304196536,"{""type"":""MultiPoint"",""coordinates"":[]}"
3490,2022-07-23,0.013910891666779375,"{""type"":""MultiPoint"",""coordinates"":[]}"
3491,2022-07-24,0.013658191278685804,"{""type"":""MultiPoint"",""coordinates"":[]}"
3492,2022-07-25,0.014556253572374165,"{""type"":""MultiPoint"",""coordinates"":[]}"
3493,2022-07-26,0.01404704804400272,"{""type"":""MultiPoint"",""coordinates"":[]}"
3494,2022-07-27,0.014533866901444167,"{""type"":""MultiPoint"",""coordinates"":[]}"
3495,2022-07-28,0.014512554299631652,"{""type"":""MultiPoint"",""coordinates"":[]}"
3496,2022-07-29,0.014309013545016831,"{""type"":""MultiPoint"",""coordinates"":[]}"
3497,2022-07-30,0.014433232103313466,"{""type"":""MultiPoint"",""coordinates"":[]}"
3498,2022-07-31,0.014909830883897189,"{""type"":""MultiPoint"",""coordinates"":[]}"
3499,2022-08-01,0.015020956697142455,"{""type"":""MultiPoint"",""coordinates"":[]}"
3500,2022-08-02,0.015277509612879438,"{""type"":""MultiPoint"",""coordinates"":[]}"
3501,2022-08-03,0.014727967066420026,"{""type"":""MultiPoint"",""coordinates"":[]}"
3502,2022-08-04,0.01501689243930388,"{""type"":""MultiPoint"",""coordinates"":[]}"
3503,2022-08-05,0.0147835394731751,"{""type"":""MultiPoint"",""coordinates"":[]}"
3504,2022-08-06,0.014729733227983622,"{""type"":""MultiPoint"",""coordinates"":[]}"
3505,2022-08-07,0.014265387903729549,"{""type"":""MultiPoint"",""coordinates"":[]}"
3506,2022-08-08,0.014002541069344933,"{""type"":""MultiPoint"",""coordinates"":[]}"
3507,2022-08-09,0.01419346295524824,"{""type"":""MultiPoint"",""coordinates"":[]}"
3508,2022-08-10,0.01451785412431615,"{""type"":""MultiPoint"",""coordinates"":[]}"
3509,2022-08-11,0.013714749381085335,"{""type"":""MultiPoint"",""coordinates"":[]}"
3510,2022-08-12,0.01337225550323729,"{""type"":""MultiPoint"",""coordinates"":[]}"
3511,2022-08-13,0.014254471092168262,"{""type"":""MultiPoint"",""coordinates"":[]}"
3512,2022-08-14,0.014166185391949101,"{""type"":""MultiPoint"",""coordinates"":[]}"
3513,2022-08-15,0.01439460706122718,"{""type"":""MultiPoint"",""coordinates"":[]}"
3514,2022-08-16,0.01381494015265603,"{""type"":""MultiPoint"",""coordinates"":[]}"
3515,2022-08-17,0.01391623282590373,"{""type"":""MultiPoint"",""coordinates"":[]}"
3516,2022-08-18,0.013686685436302201,"{""type"":""MultiPoint"",""coordinates"":[]}"
3517,2022-08-19,0.01301075837094202,"{""type"":""MultiPoint"",""coordinates"":[]}"
3518,2022-08-20,0.014046636698877811,"{""type"":""MultiPoint"",""coordinates"":[]}"
3519,2022-08-21,0.0145938452456529,"{""type"":""MultiPoint"",""coordinates"":[]}"
3520,2022-08-22,0.014123351408367242,"{""type"":""MultiPoint"",""coordinates"":[]}"
3521,2022-08-23,0.012865533508909482,"{""type"":""MultiPoint"",""coordinates"":[]}"
3522,2022-08-24,0.013032264077245984,"{""type"":""MultiPoint"",""coordinates"":[]}"
3523,2022-08-25,0.012846695537773935,"{""type"":""MultiPoint"",""coordinates"":[]}"
3524,2022-08-26,0.013289363020418166,"{""type"":""MultiPoint"",""coordinates"":[]}"
3525,2022-08-27,0.013367622400430134,"{""type"":""MultiPoint"",""coordinates"":[]}"
3526,2022-08-28,0.014468676752264995,"{""type"":""MultiPoint"",""coordinates"":[]}"
3527,2022-08-29,0.014600339883462923,"{""type"":""MultiPoint"",""coordinates"":[]}"
3528,2022-08-30,0.013951618442756384,"{""type"":""MultiPoint"",""coordinates"":[]}"
3529,2022-08-31,0.014370656276076825,"{""type"":""MultiPoint"",""coordinates"":[]}"
3530,2022-09-01,0.01508853020731586,"{""type"":""MultiPoint"",""coordinates"":[]}"
3531,2022-09-02,0.014735269141482543,"{""type"":""MultiPoint"",""coordinates"":[]}"
3532,2022-09-03,0.014699616254874854,"{""type"":""MultiPoint"",""coordinates"":[]}"
3533,2022-09-04,0.014458068465014311,"{""type"":""MultiPoint"",""coordinates"":[]}"
3534,2022-09-05,0.013223714154932913,"{""type"":""MultiPoint"",""coordinates"":[]}"
3535,2022-09-06,0.013608013727985554,"{""type"":""MultiPoint"",""coordinates"":[]}"
3536,2022-09-07,0.01341071604374001,"{""type"":""MultiPoint"",""coordinates"":[]}"
3537,2022-09-08,0.013905466530232146,"{""type"":""MultiPoint"",""coordinates"":[]}"
3538,2022-09-09,0.014953873336614654,"{""type"":""MultiPoint"",""coordinates"":[]}"
3539,2022-09-10,0.013702666152414123,"{""type"":""MultiPoint"",""coordinates"":[]}"
3540,2022-09-11,0.013531681993419255,"{""type"":""MultiPoint"",""coordinates"":[]}"
3541,2022-09-12,0.013485386690090757,"{""type"":""MultiPoint"",""coordinates"":[]}"
3542,2022-09-13,0.0144069817627573,"{""type"":""MultiPoint"",""coordinates"":[]}"
3543,2022-09-14,0.014122960444066655,"{""type"":""MultiPoint"",""coordinates"":[]}"
3544,2022-09-15,0.014191494144229507,"{""type"":""MultiPoint"",""coordinates"":[]}"
3545,2022-09-16,0.014698765745922736,"{""type"":""MultiPoint"",""coordinates"":[]}"
3546,2022-09-17,0.014298553256139717,"{""type"":""MultiPoint"",""coordinates"":[]}"
3547,2022-09-18,0.014340513152922188,"{""type"":""MultiPoint"",""coordinates"":[]}"
3548,2022-09-19,0.015193341534767842,"{""type"":""MultiPoint"",""coordinates"":[]}"
3549,2022-09-20,0.014522819577039865,"{""type"":""MultiPoint"",""coordinates"":[]}"
3550,2022-09-21,0.014508991419835637,"{""type"":""MultiPoint"",""coordinates"":[]}"
3551,2022-09-22,0.013603844270254226,"{""type"":""MultiPoint"",""coordinates"":[]}"
3552,2022-09-23,0.01398031378194989,"{""type"":""MultiPoint"",""coordinates"":[]}"
3553,2022-09-24,0.014322739591722108,"{""type"":""MultiPoint"",""coordinates"":[]}"
3554,2022-09-25,0.014644093351312067,"{""type"":""MultiPoint"",""coordinates"":[]}"
3555,2022-09-26,0.014281176650291274,"{""type"":""MultiPoint"",""coordinates"":[]}"
3556,2022-09-27,0.014434118513392045,"{""type"":""MultiPoint"",""coordinates"":[]}"
3557,2022-09-28,0.015406389476067456,"{""type"":""MultiPoint"",""coordinates"":[]}"
3558,2022-09-29,0.014084215671981785,"{""type"":""MultiPoint"",""coordinates"":[]}"
3559,2022-09-30,0.014845585803625964,"{""type"":""MultiPoint"",""coordinates"":[]}"
3560,2022-10-01,0.014722982451908681,"{""type"":""MultiPoint"",""coordinates"":[]}"
3561,2022-10-02,0.013970385410987737,"{""type"":""MultiPoint"",""coordinates"":[]}"
3562,2022-10-03,0.013897592050297886,"{""type"":""MultiPoint"",""coordinates"":[]}"
3563,2022-10-04,0.014521580642822768,"{""type"":""MultiPoint"",""coordinates"":[]}"
3564,2022-10-05,0.015002348305392254,"{""type"":""MultiPoint"",""coordinates"":[]}"
3565,2022-10-06,0.014541435498686384,"{""type"":""MultiPoint"",""coordinates"":[]}"
3566,2022-10-07,0.014684653540124847,"{""type"":""MultiPoint"",""coordinates"":[]}"
3567,2022-10-08,0.015329666537756704,"{""type"":""MultiPoint"",""coordinates"":[]}"
3568,2022-10-09,0.01487346077122099,"{""type"":""MultiPoint"",""coordinates"":[]}"
3569,2022-10-10,0.014038404381375788,"{""type"":""MultiPoint"",""coordinates"":[]}"
3570,2022-10-11,0.013700277631437649,"{""type"":""MultiPoint"",""coordinates"":[]}"
3571,2022-10-12,0.014144963923225305,"{""type"":""MultiPoint"",""coordinates"":[]}"
3572,2022-10-13,0.014224488861416555,"{""type"":""MultiPoint"",""coordinates"":[]}"
3573,2022-10-14,0.015032112204318044,"{""type"":""MultiPoint"",""coordinates"":[]}"
3574,2022-10-15,0.014915944954447565,"{""type"":""MultiPoint"",""coordinates"":[]}"
3575,2022-10-16,0.014506448914611995,"{""type"":""MultiPoint"",""coordinates"":[]}"
3576,2022-10-17,0.01570802750532791,"{""type"":""MultiPoint"",""coordinates"":[]}"
3577,2022-10-18,0.015333137720886798,"{""type"":""MultiPoint"",""coordinates"":[]}"
3578,2022-10-19,0.01487432072211004,"{""type"":""MultiPoint"",""coordinates"":[]}"
3579,2022-10-20,0.01411686940012512,"{""type"":""MultiPoint"",""coordinates"":[]}"
3580,2022-10-21,0.01388944451030386,"{""type"":""MultiPoint"",""coordinates"":[]}"
3581,2022-10-22,0.015177631563250152,"{""type"":""MultiPoint"",""coordinates"":[]}"
3582,2022-10-23,0.015424708247727044,"{""type"":""MultiPoint"",""coordinates"":[]}"
3583,2022-10-24,0.014664941242899882,"{""type"":""MultiPoint"",""coordinates"":[]}"
3584,2022-10-25,0.01498344003307217,"{""type"":""MultiPoint"",""coordinates"":[]}"
3585,2022-10-26,0.015287352737531327,"{""type"":""MultiPoint"",""coordinates"":[]}"
3586,2022-10-27,0.015056153438224319,"{""type"":""MultiPoint"",""coordinates"":[]}"
3587,2022-10-28,0.01495438678279168,"{""type"":""MultiPoint"",""coordinates"":[]}"
3588,2022-10-29,0.014634053913144934,"{""type"":""MultiPoint"",""coordinates"":[]}"
3589,2022-10-30,0.013729881653247048,"{""type"":""MultiPoint"",""coordinates"":[]}"
3590,2022-10-31,0.01325297151164132,"{""type"":""MultiPoint"",""coordinates"":[]}"
3591,2022-11-01,0.012939406215563656,"{""type"":""MultiPoint"",""coordinates"":[]}"
3592,2022-11-02,0.014029368533812224,"{""type"":""MultiPoint"",""coordinates"":[]}"
3593,2022-11-03,0.014335376183460475,"{""type"":""MultiPoint"",""coordinates"":[]}"
3594,2022-11-04,0.013869093196764682,"{""type"":""MultiPoint"",""coordinates"":[]}"
3595,2022-11-05,0.01468837461168015,"{""type"":""MultiPoint"",""coordinates"":[]}"
3596,2022-11-06,0.014996202633976672,"{""type"":""MultiPoint"",""coordinates"":[]}"
3597,2022-11-07,0.015151220862514365,"{""type"":""MultiPoint"",""coordinates"":[]}"
3598,2022-11-08,0.014872087179990898,"{""type"":""MultiPoint"",""coordinates"":[]}"
3599,2022-11-09,0.015248523175891919,"{""type"":""MultiPoint"",""coordinates"":[]}"
3600,2022-11-10,0.014598456580086428,"{""type"":""MultiPoint"",""coordinates"":[]}"
3601,2022-11-11,0.013947607265799092,"{""type"":""MultiPoint"",""coordinates"":[]}"
3602,2022-11-12,0.015042829875176605,"{""type"":""MultiPoint"",""coordinates"":[]}"
3603,2022-11-13,0.014874642719821843,"{""type"":""MultiPoint"",""coordinates"":[]}"
3604,2022-11-14,0.014626507359590873,"{""type"":""MultiPoint"",""coordinates"":[]}"
3605,2022-11-15,0.015179898173767177,"{""type"":""MultiPoint"",""coordinates"":[]}"
3606,2022-11-16,0.014979665481616755,"{""type"":""MultiPoint"",""coordinates"":[]}"
3607,2022-11-17,0.014975571490254998,"{""type"":""MultiPoint"",""coordinates"":[]}"
3608,2022-11-18,0.015271824058925474,"{""type"":""MultiPoint"",""coordinates"":[]}"
3609,2022-11-19,0.014991358547400068,"{""type"":""MultiPoint"",""coordinates"":[]}"
3610,2022-11-20,0.015402734207236389,"{""type"":""MultiPoint"",""coordinates"":[]}"
3611,2022-11-21,0.014714954964831066,"{""type"":""MultiPoint"",""coordinates"":[]}"
3612,2022-11-22,0.01539652501025627,"{""type"":""MultiPoint"",""coordinates"":[]}"
3613,2022-11-23,0.01469579674844008,"{""type"":""MultiPoint"",""coordinates"":[]}"
3614,2022-11-24,0.014354224433287903,"{""type"":""MultiPoint"",""coordinates"":[]}"
3615,2022-11-25,0.014441797553771509,"{""type"":""MultiPoint"",""coordinates"":[]}"
3616,2022-11-26,0.01431883457469478,"{""type"":""MultiPoint"",""coordinates"":[]}"
3617,2022-11-27,0.01388686651093677,"{""type"":""MultiPoint"",""coordinates"":[]}"
3618,2022-11-28,0.013552457538528942,"{""type"":""MultiPoint"",""coordinates"":[]}"
3619,2022-11-29,0.014738812014746099,"{""type"":""MultiPoint"",""coordinates"":[]}"
3620,2022-11-30,0.01462645540900468,"{""type"":""MultiPoint"",""coordinates"":[]}"
3621,2022-12-01,0.013442940570032319,"{""type"":""MultiPoint"",""coordinates"":[]}"
3622,2022-12-02,0.012857255294278858,"{""type"":""MultiPoint"",""coordinates"":[]}"
3623,2022-12-03,0.012607850643897618,"{""type"":""MultiPoint"",""coordinates"":[]}"
3624,2022-12-04,0.013742604024331181,"{""type"":""MultiPoint"",""coordinates"":[]}"
3625,2022-12-05,0.01457555818833331,"{""type"":""MultiPoint"",""coordinates"":[]}"
3626,2022-12-06,0.014289202575328105,"{""type"":""MultiPoint"",""coordinates"":[]}"
3627,2022-12-07,0.013892561453905675,"{""type"":""MultiPoint"",""coordinates"":[]}"
3628,2022-12-08,0.013686781701094622,"{""type"":""MultiPoint"",""coordinates"":[]}"
3629,2022-12-09,0.01343535230151245,"{""type"":""MultiPoint"",""coordinates"":[]}"
3630,2022-12-10,0.013551765623985147,"{""type"":""MultiPoint"",""coordinates"":[]}"
3631,2022-12-11,0.013734757725354235,"{""type"":""MultiPoint"",""coordinates"":[]}"
3632,2022-12-12,0.014003220379169528,"{""type"":""MultiPoint"",""coordinates"":[]}"
3633,2022-12-13,0.014012986992537736,"{""type"":""MultiPoint"",""coordinates"":[]}"
3634,2022-12-14,0.013776090107251976,"{""type"":""MultiPoint"",""coordinates"":[]}"
3635,2022-12-15,0.013914830216685143,"{""type"":""MultiPoint"",""coordinates"":[]}"
3636,2022-12-16,0.012793131371651986,"{""type"":""MultiPoint"",""coordinates"":[]}"
3637,2022-12-17,0.012615016086995683,"{""type"":""MultiPoint"",""coordinates"":[]}"
3638,2022-12-18,0.01409735683206792,"{""type"":""MultiPoint"",""coordinates"":[]}"
3639,2022-12-19,0.014191551104820954,"{""type"":""MultiPoint"",""coordinates"":[]}"
3640,2022-12-20,0.012739752752279761,"{""type"":""MultiPoint"",""coordinates"":[]}"
3641,2022-12-21,0.013821187850874363,"{""type"":""MultiPoint"",""coordinates"":[]}"
3642,2022-12-22,0.013174487162881708,"{""type"":""MultiPoint"",""coordinates"":[]}"
3643,2022-12-23,0.013493856690374941,"{""type"":""MultiPoint"",""coordinates"":[]}"
3644,2022-12-24,0.013769931585839187,"{""type"":""MultiPoint"",""coordinates"":[]}"
3645,2022-12-25,0.013229018319747475,"{""type"":""MultiPoint"",""coordinates"":[]}"
3646,2022-12-26,0.0128923210495043,"{""type"":""MultiPoint"",""coordinates"":[]}"
3647,2022-12-27,0.012966694312704868,"{""type"":""MultiPoint"",""coordinates"":[]}"
3648,2022-12-28,0.013057297712235157,"{""type"":""MultiPoint"",""coordinates"":[]}"
3649,2022-12-29,0.014042545561716193,"{""type"":""MultiPoint"",""coordinates"":[]}"
3650,2022-12-30,0.014189993215472802,"{""type"":""MultiPoint"",""coordinates"":[]}"
3651,2022-12-31,0.013446219082795372,"{""type"":""MultiPoint"",""coordinates"":[]}"
3652,2023-01-01,0.013722811873980419,"{""type"":""MultiPoint"",""coordinates"":[]}"
3653,2023-01-02,0.014170959135326696,"{""type"":""MultiPoint"",""coordinates"":[]}"
3654,2023-01-03,0.014476100943388739,"{""type"":""MultiPoint"",""coordinates"":[]}"
3655,2023-01-04,0.014263791480105011,"{""type"":""MultiPoint"",""coordinates"":[]}"
3656,2023-01-05,0.013636682502789202,"{""type"":""MultiPoint"",""coordinates"":[]}"
3657,2023-01-06,0.013968506066201447,"{""type"":""MultiPoint"",""coordinates"":[]}"
3658,2023-01-07,0.01400714085751366,"{""type"":""MultiPoint"",""coordinates"":[]}"
3659,2023-01-08,0.013653022314074071,"{""type"":""MultiPoint"",""coordinates"":[]}"
3660,2023-01-09,0.013675566663237708,"{""type"":""MultiPoint"",""coordinates"":[]}"
3661,2023-01-10,0.013741782368559713,"{""type"":""MultiPoint"",""coordinates"":[]}"
3662,2023-01-11,0.014028231915689285,"{""type"":""MultiPoint"",""coordinates"":[]}"
3663,2023-01-12,0.013723946647388588,"{""type"":""MultiPoint"",""coordinates"":[]}"
3664,2023-01-13,0.01395675913377892,"{""type"":""MultiPoint"",""coordinates"":[]}"
3665,2023-01-14,0.01388830328059116,"{""type"":""MultiPoint"",""coordinates"":[]}"
3666,2023-01-15,0.013797406563720834,"{""type"":""MultiPoint"",""coordinates"":[]}"
3667,2023-01-16,0.013967428570244751,"{""type"":""MultiPoint"",""coordinates"":[]}"
3668,2023-01-17,0.012721883009436783,"{""type"":""MultiPoint"",""coordinates"":[]}"
3669,2023-01-18,0.012861527698787824,"{""type"":""MultiPoint"",""coordinates"":[]}"
3670,2023-01-19,0.013457262177923692,"{""type"":""MultiPoint"",""coordinates"":[]}"
3671,2023-01-20,0.013858222738064188,"{""type"":""MultiPoint"",""coordinates"":[]}"
3672,2023-01-21,0.012949655345157131,"{""type"":""MultiPoint"",""coordinates"":[]}"
3673,2023-01-22,0.014191024045996134,"{""type"":""MultiPoint"",""coordinates"":[]}"
3674,2023-01-23,0.013224173377305026,"{""type"":""MultiPoint"",""coordinates"":[]}"
3675,2023-01-24,0.013866539732464907,"{""type"":""MultiPoint"",""coordinates"":[]}"
3676,2023-01-25,0.013446017987548811,"{""type"":""MultiPoint"",""coordinates"":[]}"
3677,2023-01-26,0.012394203087212438,"{""type"":""MultiPoint"",""coordinates"":[]}"
3678,2023-01-27,0.011376258285115431,"{""type"":""MultiPoint"",""coordinates"":[]}"
3679,2023-01-28,0.01148174639969493,"{""type"":""MultiPoint"",""coordinates"":[]}"
3680,2023-01-29,0.011819005741049835,"{""type"":""MultiPoint"",""coordinates"":[]}"
3681,2023-01-30,0.012364518610960036,"{""type"":""MultiPoint"",""coordinates"":[]}"
3682,2023-01-31,0.011508762168782688,"{""type"":""MultiPoint"",""coordinates"":[]}"
3683,2023-02-01,0.011347286920126952,"{""type"":""MultiPoint"",""coordinates"":[]}"
3684,2023-02-02,0.011968543412217474,"{""type"":""MultiPoint"",""coordinates"":[]}"
3685,2023-02-03,0.012608741472722005,"{""type"":""MultiPoint"",""coordinates"":[]}"
3686,2023-02-04,0.01310437772727832,"{""type"":""MultiPoint"",""coordinates"":[]}"
3687,2023-02-05,0.013405969187051508,"{""type"":""MultiPoint"",""coordinates"":[]}"
3688,2023-02-06,0.013646222428389186,"{""type"":""MultiPoint"",""coordinates"":[]}"
3689,2023-02-07,0.014501313925408786,"{""type"":""MultiPoint"",""coordinates"":[]}"
3690,2023-02-08,0.013981633539305009,"{""type"":""MultiPoint"",""coordinates"":[]}"
3691,2023-02-09,0.013370592564669255,"{""type"":""MultiPoint"",""coordinates"":[]}"
3692,2023-02-10,0.012849425979520055,"{""type"":""MultiPoint"",""coordinates"":[]}"
3693,2023-02-11,0.014206966317719007,"{""type"":""MultiPoint"",""coordinates"":[]}"
3694,2023-02-12,0.015091320353666844,"{""type"":""MultiPoint"",""coordinates"":[]}"
3695,2023-02-13,0.013826119809523434,"{""type"":""MultiPoint"",""coordinates"":[]}"
3696,2023-02-14,0.014550713564998563,"{""type"":""MultiPoint"",""coordinates"":[]}"
3697,2023-02-15,0.014775291504826876,"{""type"":""MultiPoint"",""coordinates"":[]}"
3698,2023-02-16,0.014790069317828303,"{""type"":""MultiPoint"",""coordinates"":[]}"
3699,2023-02-17,0.014967932612345252,"{""type"":""MultiPoint"",""coordinates"":[]}"
3700,2023-02-18,0.014551587696023485,"{""type"":""MultiPoint"",""coordinates"":[]}"
3701,2023-02-19,0.01406228010085145,"{""type"":""MultiPoint"",""coordinates"":[]}"
3702,2023-02-20,0.013504935318264745,"{""type"":""MultiPoint"",""coordinates"":[]}"
3703,2023-02-21,0.012658715878231667,"{""type"":""MultiPoint"",""coordinates"":[]}"
3704,2023-02-22,0.012508537433351972,"{""type"":""MultiPoint"",""coordinates"":[]}"
3705,2023-02-23,0.012567735917439038,"{""type"":""MultiPoint"",""coordinates"":[]}"
3706,2023-02-24,0.012814203226880707,"{""type"":""MultiPoint"",""coordinates"":[]}"
3707,2023-02-25,0.012419936346905509,"{""type"":""MultiPoint"",""coordinates"":[]}"
3708,2023-02-26,0.012666467270036728,"{""type"":""MultiPoint"",""coordinates"":[]}"
3709,2023-02-27,0.013402600254067115,"{""type"":""MultiPoint"",""coordinates"":[]}"
3710,2023-02-28,0.015409677068731913,"{""type"":""MultiPoint"",""coordinates"":[]}"
3711,2023-03-01,0.015495642273924396,"{""type"":""MultiPoint"",""coordinates"":[]}"
3712,2023-03-02,0.01630235500967251,"{""type"":""MultiPoint"",""coordinates"":[]}"
3713,2023-03-03,0.016394380924824387,"{""type"":""MultiPoint"",""coordinates"":[]}"
3714,2023-03-04,0.015855227641753178,"{""type"":""MultiPoint"",""coordinates"":[]}"
3715,2023-03-05,0.014703160982827722,"{""type"":""MultiPoint"",""coordinates"":[]}"
3716,2023-03-06,0.014685237600314474,"{""type"":""MultiPoint"",""coordinates"":[]}"
3717,2023-03-07,0.01452541881646244,"{""type"":""MultiPoint"",""coordinates"":[]}"
3718,2023-03-08,0.015066936219360309,"{""type"":""MultiPoint"",""coordinates"":[]}"
3719,2023-03-09,0.015099795350396808,"{""type"":""MultiPoint"",""coordinates"":[]}"
3720,2023-03-10,0.013977490618546397,"{""type"":""MultiPoint"",""coordinates"":[]}"
3721,2023-03-11,0.014562827221854353,"{""type"":""MultiPoint"",""coordinates"":[]}"
3722,2023-03-12,0.01363219236865128,"{""type"":""MultiPoint"",""coordinates"":[]}"
3723,2023-03-13,0.013195375471455559,"{""type"":""MultiPoint"",""coordinates"":[]}"
3724,2023-03-14,0.013063683464123732,"{""type"":""MultiPoint"",""coordinates"":[]}"
3725,2023-03-15,0.014351863767888067,"{""type"":""MultiPoint"",""coordinates"":[]}"
3726,2023-03-16,0.014830100190707999,"{""type"":""MultiPoint"",""coordinates"":[]}"
3727,2023-03-17,0.014748090886403295,"{""type"":""MultiPoint"",""coordinates"":[]}"
3728,2023-03-18,0.01446867943191612,"{""type"":""MultiPoint"",""coordinates"":[]}"
3729,2023-03-19,0.01480384803263233,"{""type"":""MultiPoint"",""coordinates"":[]}"
3730,2023-03-20,0.014955843554320449,"{""type"":""MultiPoint"",""coordinates"":[]}"
3731,2023-03-21,0.014422207074713865,"{""type"":""MultiPoint"",""coordinates"":[]}"
3732,2023-03-22,0.014715644030973177,"{""type"":""MultiPoint"",""coordinates"":[]}"
3733,2023-03-23,0.013469839475333667,"{""type"":""MultiPoint"",""coordinates"":[]}"
3734,2023-03-24,0.014491311916367605,"{""type"":""MultiPoint"",""coordinates"":[]}"
3735,2023-03-25,0.013637363954308318,"{""type"":""MultiPoint"",""coordinates"":[]}"
3736,2023-03-26,0.013702831189229138,"{""type"":""MultiPoint"",""coordinates"":[]}"
3737,2023-03-27,0.015354565565133543,"{""type"":""MultiPoint"",""coordinates"":[]}"
3738,2023-03-28,0.015003005933107908,"{""type"":""MultiPoint"",""coordinates"":[]}"
3739,2023-03-29,0.013933927217479216,"{""type"":""MultiPoint"",""coordinates"":[]}"
3740,2023-03-30,0.014394229000174334,"{""type"":""MultiPoint"",""coordinates"":[]}"
3741,2023-03-31,0.014910758191052594,"{""type"":""MultiPoint"",""coordinates"":[]}"
3742,2023-04-01,0.015153019684699455,"{""type"":""MultiPoint"",""coordinates"":[]}"
3743,2023-04-02,0.015272879997467933,"{""type"":""MultiPoint"",""coordinates"":[]}"
3744,2023-04-03,0.015133294136832884,"{""type"":""MultiPoint"",""coordinates"":[]}"
3745,2023-04-04,0.015075348805548923,"{""type"":""MultiPoint"",""coordinates"":[]}"
3746,2023-04-05,0.014718530588826282,"{""type"":""MultiPoint"",""coordinates"":[]}"
3747,2023-04-06,0.014618753410520137,"{""type"":""MultiPoint"",""coordinates"":[]}"
3748,2023-04-07,0.015068489021053566,"{""type"":""MultiPoint"",""coordinates"":[]}"
3749,2023-04-08,0.014296997719776832,"{""type"":""MultiPoint"",""coordinates"":[]}"
3750,2023-04-09,0.014767797860298637,"{""type"":""MultiPoint"",""coordinates"":[]}"
3751,2023-04-10,0.015083251331489871,"{""type"":""MultiPoint"",""coordinates"":[]}"
3752,2023-04-11,0.014942336290989434,"{""type"":""MultiPoint"",""coordinates"":[]}"
3753,2023-04-12,0.015373345114581065,"{""type"":""MultiPoint"",""coordinates"":[]}"
3754,2023-04-13,0.01486911316114311,"{""type"":""MultiPoint"",""coordinates"":[]}"
3755,2023-04-14,0.01470278788323001,"{""type"":""MultiPoint"",""coordinates"":[]}"
3756,2023-04-15,0.01443890038868542,"{""type"":""MultiPoint"",""coordinates"":[]}"
3757,2023-04-16,0.015467790708420082,"{""type"":""MultiPoint"",""coordinates"":[]}"
3758,2023-04-17,0.01506034000953585,"{""type"":""MultiPoint"",""coordinates"":[]}"
3759,2023-04-18,0.014648708720658245,"{""type"":""MultiPoint"",""coordinates"":[]}"
3760,2023-04-19,0.015091310704228074,"{""type"":""MultiPoint"",""coordinates"":[]}"
3761,2023-04-20,0.014909766550085803,"{""type"":""MultiPoint"",""coordinates"":[]}"
3762,2023-04-21,0.015817467791894253,"{""type"":""MultiPoint"",""coordinates"":[]}"
3763,2023-04-22,0.01517316586162188,"{""type"":""MultiPoint"",""coordinates"":[]}"
3764,2023-04-23,0.014957433870584362,"{""type"":""MultiPoint"",""coordinates"":[]}"
3765,2023-04-24,0.015228108591563034,"{""type"":""MultiPoint"",""coordinates"":[]}"
3766,2023-04-25,0.015441625037565987,"{""type"":""MultiPoint"",""coordinates"":[]}"
3767,2023-04-26,0.015314513244877986,"{""type"":""MultiPoint"",""coordinates"":[]}"
3768,2023-04-27,0.014940359755856501,"{""type"":""MultiPoint"",""coordinates"":[]}"
3769,2023-04-28,0.01537546506443764,"{""type"":""MultiPoint"",""coordinates"":[]}"
3770,2023-04-29,0.015084191440061684,"{""type"":""MultiPoint"",""coordinates"":[]}"
3771,2023-04-30,0.014839619483043126,"{""type"":""MultiPoint"",""coordinates"":[]}"
3772,2023-05-01,0.014869207888193965,"{""type"":""MultiPoint"",""coordinates"":[]}"
3773,2023-05-02,0.015338977448001681,"{""type"":""MultiPoint"",""coordinates"":[]}"
3774,2023-05-03,0.01435915695472778,"{""type"":""MultiPoint"",""coordinates"":[]}"
3775,2023-05-04,0.014635225831308664,"{""type"":""MultiPoint"",""coordinates"":[]}"
3776,2023-05-05,0.015274761677657622,"{""type"":""MultiPoint"",""coordinates"":[]}"
3777,2023-05-06,0.015366826444739004,"{""type"":""MultiPoint"",""coordinates"":[]}"
3778,2023-05-07,0.01521676029722586,"{""type"":""MultiPoint"",""coordinates"":[]}"
3779,2023-05-08,0.015011396149147578,"{""type"":""MultiPoint"",""coordinates"":[]}"
3780,2023-05-09,0.016053165324466132,"{""type"":""MultiPoint"",""coordinates"":[]}"
3781,2023-05-10,0.016486694231184738,"{""type"":""MultiPoint"",""coordinates"":[]}"
3782,2023-05-11,0.016376708919622077,"{""type"":""MultiPoint"",""coordinates"":[]}"
3783,2023-05-12,0.016274542446990187,"{""type"":""MultiPoint"",""coordinates"":[]}"
3784,2023-05-13,0.015813836187108857,"{""type"":""MultiPoint"",""coordinates"":[]}"
3785,2023-05-14,0.015974356514621636,"{""type"":""MultiPoint"",""coordinates"":[]}"
3786,2023-05-15,0.01580802104868229,"{""type"":""MultiPoint"",""coordinates"":[]}"
3787,2023-05-16,0.015379359079173843,"{""type"":""MultiPoint"",""coordinates"":[]}"
3788,2023-05-17,0.015586598745595483,"{""type"":""MultiPoint"",""coordinates"":[]}"
3789,2023-05-18,0.015795938748864733,"{""type"":""MultiPoint"",""coordinates"":[]}"
3790,2023-05-19,0.016892906554648583,"{""type"":""MultiPoint"",""coordinates"":[]}"
3791,2023-05-20,0.01617121358421272,"{""type"":""MultiPoint"",""coordinates"":[]}"
3792,2023-05-21,0.016392329511105547,"{""type"":""MultiPoint"",""coordinates"":[]}"
3793,2023-05-22,0.01619754691470451,"{""type"":""MultiPoint"",""coordinates"":[]}"
3794,2023-05-23,0.016027316903450516,"{""type"":""MultiPoint"",""coordinates"":[]}"
3795,2023-05-24,0.015537054734854798,"{""type"":""MultiPoint"",""coordinates"":[]}"
3796,2023-05-25,0.01570665853176201,"{""type"":""MultiPoint"",""coordinates"":[]}"
3797,2023-05-26,0.015830888094316074,"{""type"":""MultiPoint"",""coordinates"":[]}"
3798,2023-05-27,0.015039302678430786,"{""type"":""MultiPoint"",""coordinates"":[]}"
3799,2023-05-28,0.015433387417204474,"{""type"":""MultiPoint"",""coordinates"":[]}"
3800,2023-05-29,0.015893808144596486,"{""type"":""MultiPoint"",""coordinates"":[]}"
3801,2023-05-30,0.01567869772081177,"{""type"":""MultiPoint"",""coordinates"":[]}"
3802,2023-05-31,0.015713091708547414,"{""type"":""MultiPoint"",""coordinates"":[]}"
3803,2023-06-01,0.01577571792231895,"{""type"":""MultiPoint"",""coordinates"":[]}"
3804,2023-06-02,0.014972345322525627,"{""type"":""MultiPoint"",""coordinates"":[]}"
3805,2023-06-03,0.014872216161596208,"{""type"":""MultiPoint"",""coordinates"":[]}"
3806,2023-06-04,0.014825296828499685,"{""type"":""MultiPoint"",""coordinates"":[]}"
3807,2023-06-05,0.014541133792346677,"{""type"":""MultiPoint"",""coordinates"":[]}"
3808,2023-06-06,0.015210394987086697,"{""type"":""MultiPoint"",""coordinates"":[]}"
3809,2023-06-07,0.01495047680927272,"{""type"":""MultiPoint"",""coordinates"":[]}"
3810,2023-06-08,0.01515786438668104,"{""type"":""MultiPoint"",""coordinates"":[]}"
3811,2023-06-09,0.015069815863673522,"{""type"":""MultiPoint"",""coordinates"":[]}"
3812,2023-06-10,0.015328222992749602,"{""type"":""MultiPoint"",""coordinates"":[]}"
3813,2023-06-11,0.014671458901186846,"{""type"":""MultiPoint"",""coordinates"":[]}"
3814,2023-06-12,0.015454551977427256,"{""type"":""MultiPoint"",""coordinates"":[]}"
3815,2023-06-13,0.015298008428255317,"{""type"":""MultiPoint"",""coordinates"":[]}"
3816,2023-06-14,0.015194685744565182,"{""type"":""MultiPoint"",""coordinates"":[]}"
3817,2023-06-15,0.015233215370934966,"{""type"":""MultiPoint"",""coordinates"":[]}"
3818,2023-06-16,0.014831557500160386,"{""type"":""MultiPoint"",""coordinates"":[]}"
3819,2023-06-17,0.013998748651744886,"{""type"":""MultiPoint"",""coordinates"":[]}"
3820,2023-06-18,0.013945915118545435,"{""type"":""MultiPoint"",""coordinates"":[]}"
3821,2023-06-19,0.013370214808590327,"{""type"":""MultiPoint"",""coordinates"":[]}"
3822,2023-06-20,0.013828456443024766,"{""type"":""MultiPoint"",""coordinates"":[]}"
3823,2023-06-21,0.01426961269931396,"{""type"":""MultiPoint"",""coordinates"":[]}"
3824,2023-06-22,0.014548807619555992,"{""type"":""MultiPoint"",""coordinates"":[]}"
3825,2023-06-23,0.015046480298686604,"{""type"":""MultiPoint"",""coordinates"":[]}"
3826,2023-06-24,0.015589659561470811,"{""type"":""MultiPoint"",""coordinates"":[]}"
3827,2023-06-25,0.0160432065960391,"{""type"":""MultiPoint"",""coordinates"":[]}"
3828,2023-06-26,0.015370161387619825,"{""type"":""MultiPoint"",""coordinates"":[]}"
3829,2023-06-27,0.014667259921561267,"{""type"":""MultiPoint"",""coordinates"":[]}"
3830,2023-06-28,0.015177057776407108,"{""type"":""MultiPoint"",""coordinates"":[]}"
3831,2023-06-29,0.015155359073294348,"{""type"":""MultiPoint"",""coordinates"":[]}"
3832,2023-06-30,0.015131157572294954,"{""type"":""MultiPoint"",""coordinates"":[]}"
3833,2023-07-01,0.014712674144874918,"{""type"":""MultiPoint"",""coordinates"":[]}"
3834,2023-07-02,0.014685997715006976,"{""type"":""MultiPoint"",""coordinates"":[]}"
3835,2023-07-03,0.015329816199758409,"{""type"":""MultiPoint"",""coordinates"":[]}"
3836,2023-07-04,0.015544884002587507,"{""type"":""MultiPoint"",""coordinates"":[]}"
3837,2023-07-05,0.015025533924562911,"{""type"":""MultiPoint"",""coordinates"":[]}"
3838,2023-07-06,0.015348927132082668,"{""type"":""MultiPoint"",""coordinates"":[]}"
3839,2023-07-07,0.014346172199399048,"{""type"":""MultiPoint"",""coordinates"":[]}"
3840,2023-07-08,0.01485308294803995,"{""type"":""MultiPoint"",""coordinates"":[]}"
3841,2023-07-09,0.015068376509321234,"{""type"":""MultiPoint"",""coordinates"":[]}"
3842,2023-07-10,0.014519943424546817,"{""type"":""MultiPoint"",""coordinates"":[]}"
3843,2023-07-11,0.014305431588246669,"{""type"":""MultiPoint"",""coordinates"":[]}"
3844,2023-07-12,0.014365615770184305,"{""type"":""MultiPoint"",""coordinates"":[]}"
3845,2023-07-13,0.014099689298771418,"{""type"":""MultiPoint"",""coordinates"":[]}"
3846,2023-07-14,0.014425921115689152,"{""type"":""MultiPoint"",""coordinates"":[]}"
3847,2023-07-15,0.014990705798102204,"{""type"":""MultiPoint"",""coordinates"":[]}"
3848,2023-07-16,0.01471993865885284,"{""type"":""MultiPoint"",""coordinates"":[]}"
3849,2023-07-17,0.01493975593028231,"{""type"":""MultiPoint"",""coordinates"":[]}"
3850,2023-07-18,0.014379632371037959,"{""type"":""MultiPoint"",""coordinates"":[]}"
3851,2023-07-19,0.013518194644466843,"{""type"":""MultiPoint"",""coordinates"":[]}"
3852,2023-07-20,0.013676787680764467,"{""type"":""MultiPoint"",""coordinates"":[]}"
3853,2023-07-21,0.01409037259723434,"{""type"":""MultiPoint"",""coordinates"":[]}"
3854,2023-07-22,0.014132660439514009,"{""type"":""MultiPoint"",""coordinates"":[]}"
3855,2023-07-23,0.013560165384109773,"{""type"":""MultiPoint"",""coordinates"":[]}"
3856,2023-07-24,0.014164102552296028,"{""type"":""MultiPoint"",""coordinates"":[]}"
3857,2023-07-25,0.014433116709369484,"{""type"":""MultiPoint"",""coordinates"":[]}"
3858,2023-07-26,0.015060216830286214,"{""type"":""MultiPoint"",""coordinates"":[]}"
3859,2023-07-27,0.015754923812679938,"{""type"":""MultiPoint"",""coordinates"":[]}"
3860,2023-07-28,0.015467639756882931,"{""type"":""MultiPoint"",""coordinates"":[]}"
3861,2023-07-29,0.015514891040091667,"{""type"":""MultiPoint"",""coordinates"":[]}"
3862,2023-07-30,0.014930234313092608,"{""type"":""MultiPoint"",""coordinates"":[]}"
3863,2023-07-31,0.013501954133170853,"{""type"":""MultiPoint"",""coordinates"":[]}"
3864,2023-08-01,0.013798088489626215,"{""type"":""MultiPoint"",""coordinates"":[]}"
3865,2023-08-02,0.013356449246914459,"{""type"":""MultiPoint"",""coordinates"":[]}"
3866,2023-08-03,0.01401168760121363,"{""type"":""MultiPoint"",""coordinates"":[]}"
3867,2023-08-04,0.013967768345535363,"{""type"":""MultiPoint"",""coordinates"":[]}"
3868,2023-08-05,0.01448587783814543,"{""type"":""MultiPoint"",""coordinates"":[]}"
3869,2023-08-06,0.014556413099979482,"{""type"":""MultiPoint"",""coordinates"":[]}"
3870,2023-08-07,0.014688318004476808,"{""type"":""MultiPoint"",""coordinates"":[]}"
3871,2023-08-08,0.014732781966852132,"{""type"":""MultiPoint"",""coordinates"":[]}"
3872,2023-08-09,0.013892451559822256,"{""type"":""MultiPoint"",""coordinates"":[]}"
3873,2023-08-10,0.013657112141711128,"{""type"":""MultiPoint"",""coordinates"":[]}"
3874,2023-08-11,0.015214325172283468,"{""type"":""MultiPoint"",""coordinates"":[]}"
3875,2023-08-12,0.014523828817481531,"{""type"":""MultiPoint"",""coordinates"":[]}"
3876,2023-08-13,0.014632762675903988,"{""type"":""MultiPoint"",""coordinates"":[]}"
3877,2023-08-14,0.014027674549553377,"{""type"":""MultiPoint"",""coordinates"":[]}"
3878,2023-08-15,0.014511768107160263,"{""type"":""MultiPoint"",""coordinates"":[]}"
3879,2023-08-16,0.014381834859538964,"{""type"":""MultiPoint"",""coordinates"":[]}"
3880,2023-08-17,0.01529475128801241,"{""type"":""MultiPoint"",""coordinates"":[]}"
3881,2023-08-18,0.01563811606591482,"{""type"":""MultiPoint"",""coordinates"":[]}"
3882,2023-08-19,0.0159918007034858,"{""type"":""MultiPoint"",""coordinates"":[]}"
3883,2023-08-20,0.01611871617882644,"{""type"":""MultiPoint"",""coordinates"":[]}"
3884,2023-08-21,0.0152540012651583,"{""type"":""MultiPoint"",""coordinates"":[]}"
3885,2023-08-22,0.016077235599410752,"{""type"":""MultiPoint"",""coordinates"":[]}"
3886,2023-08-23,0.015517189660516219,"{""type"":""MultiPoint"",""coordinates"":[]}"
3887,2023-08-24,0.0149314633933881,"{""type"":""MultiPoint"",""coordinates"":[]}"
3888,2023-08-25,0.01446304224064323,"{""type"":""MultiPoint"",""coordinates"":[]}"
3889,2023-08-26,0.013905509373900242,"{""type"":""MultiPoint"",""coordinates"":[]}"
3890,2023-08-27,0.014593926018799575,"{""type"":""MultiPoint"",""coordinates"":[]}"
3891,2023-08-28,0.014103418961312461,"{""type"":""MultiPoint"",""coordinates"":[]}"
3892,2023-08-29,0.013792738857274917,"{""type"":""MultiPoint"",""coordinates"":[]}"
3893,2023-08-30,0.014076624034135218,"{""type"":""MultiPoint"",""coordinates"":[]}"
3894,2023-08-31,0.013789114176686282,"{""type"":""MultiPoint"",""coordinates"":[]}"
3895,2023-09-01,0.01393890822033172,"{""type"":""MultiPoint"",""coordinates"":[]}"
3896,2023-09-02,0.014952942467724844,"{""type"":""MultiPoint"",""coordinates"":[]}"
3897,2023-09-03,0.015686505452086986,"{""type"":""MultiPoint"",""coordinates"":[]}"
3898,2023-09-04,0.014862763726905164,"{""type"":""MultiPoint"",""coordinates"":[]}"
3899,2023-09-05,0.014248076071055613,"{""type"":""MultiPoint"",""coordinates"":[]}"
3900,2023-09-06,0.014358447472644158,"{""type"":""MultiPoint"",""coordinates"":[]}"
3901,2023-09-07,0.013623148404928759,"{""type"":""MultiPoint"",""coordinates"":[]}"
3902,2023-09-08,0.013378834344649102,"{""type"":""MultiPoint"",""coordinates"":[]}"
3903,2023-09-09,0.014201543435226912,"{""type"":""MultiPoint"",""coordinates"":[]}"
3904,2023-09-10,0.014699504705665818,"{""type"":""MultiPoint"",""coordinates"":[]}"
3905,2023-09-11,0.014657438071324679,"{""type"":""MultiPoint"",""coordinates"":[]}"
3906,2023-09-12,0.014644164167277263,"{""type"":""MultiPoint"",""coordinates"":[]}"
3907,2023-09-13,0.014731974246094097,"{""type"":""MultiPoint"",""coordinates"":[]}"
3908,2023-09-14,0.015651512601870886,"{""type"":""MultiPoint"",""coordinates"":[]}"
3909,2023-09-15,0.015310336584526121,"{""type"":""MultiPoint"",""coordinates"":[]}"
3910,2023-09-16,0.014081740838491513,"{""type"":""MultiPoint"",""coordinates"":[]}"
3911,2023-09-17,0.013866994313892204,"{""type"":""MultiPoint"",""coordinates"":[]}"
3912,2023-09-18,0.01431776287140135,"{""type"":""MultiPoint"",""coordinates"":[]}"
3913,2023-09-19,0.013821974272359589,"{""type"":""MultiPoint"",""coordinates"":[]}"
3914,2023-09-20,0.014536349301234522,"{""type"":""MultiPoint"",""coordinates"":[]}"
3915,2023-09-21,0.013439433715687224,"{""type"":""MultiPoint"",""coordinates"":[]}"
3916,2023-09-22,0.01365940177938716,"{""type"":""MultiPoint"",""coordinates"":[]}"
3917,2023-09-23,0.015334304616003484,"{""type"":""MultiPoint"",""coordinates"":[]}"
3918,2023-09-24,0.01604856153243819,"{""type"":""MultiPoint"",""coordinates"":[]}"
3919,2023-09-25,0.015610413065537058,"{""type"":""MultiPoint"",""coordinates"":[]}"
3920,2023-09-26,0.014856841311470553,"{""type"":""MultiPoint"",""coordinates"":[]}"
3921,2023-09-27,0.014920860313578352,"{""type"":""MultiPoint"",""coordinates"":[]}"
3922,2023-09-28,0.015404557489777313,"{""type"":""MultiPoint"",""coordinates"":[]}"
3923,2023-09-29,0.016067252405663507,"{""type"":""MultiPoint"",""coordinates"":[]}"
3924,2023-09-30,0.015870338114509885,"{""type"":""MultiPoint"",""coordinates"":[]}"
3925,2023-10-01,0.015471204197730605,"{""type"":""MultiPoint"",""coordinates"":[]}"
3926,2023-10-02,0.016223233760973045,"{""type"":""MultiPoint"",""coordinates"":[]}"
3927,2023-10-03,0.01673165170370201,"{""type"":""MultiPoint"",""coordinates"":[]}"
3928,2023-10-04,0.015894497975062594,"{""type"":""MultiPoint"",""coordinates"":[]}"
3929,2023-10-05,0.014706693018459201,"{""type"":""MultiPoint"",""coordinates"":[]}"
3930,2023-10-06,0.01499048424835029,"{""type"":""MultiPoint"",""coordinates"":[]}"
3931,2023-10-07,0.014731429626863628,"{""type"":""MultiPoint"",""coordinates"":[]}"
3932,2023-10-08,0.015809871678469246,"{""type"":""MultiPoint"",""coordinates"":[]}"
3933,2023-10-09,0.0162673693513606,"{""type"":""MultiPoint"",""coordinates"":[]}"
3934,2023-10-10,0.01602665863887429,"{""type"":""MultiPoint"",""coordinates"":[]}"
3935,2023-10-11,0.015898292509265718,"{""type"":""MultiPoint"",""coordinates"":[]}"
3936,2023-10-12,0.015049558791591483,"{""type"":""MultiPoint"",""coordinates"":[]}"
3937,2023-10-13,0.015867839252591196,"{""type"":""MultiPoint"",""coordinates"":[]}"
3938,2023-10-14,0.01624313812928794,"{""type"":""MultiPoint"",""coordinates"":[]}"
3939,2023-10-15,0.015900048051121385,"{""type"":""MultiPoint"",""coordinates"":[]}"
3940,2023-10-16,0.015420720672942293,"{""type"":""MultiPoint"",""coordinates"":[]}"
3941,2023-10-17,0.015164174116049879,"{""type"":""MultiPoint"",""coordinates"":[]}"
3942,2023-10-18,0.01560441674674576,"{""type"":""MultiPoint"",""coordinates"":[]}"
3943,2023-10-19,0.015698719182767256,"{""type"":""MultiPoint"",""coordinates"":[]}"
3944,2023-10-20,0.014787099053583316,"{""type"":""MultiPoint"",""coordinates"":[]}"
3945,2023-10-21,0.014952093392003962,"{""type"":""MultiPoint"",""coordinates"":[]}"
3946,2023-10-22,0.015585087591491027,"{""type"":""MultiPoint"",""coordinates"":[]}"
3947,2023-10-23,0.015821822208762548,"{""type"":""MultiPoint"",""coordinates"":[]}"
3948,2023-10-24,0.01641265554359786,"{""type"":""MultiPoint"",""coordinates"":[]}"
3949,2023-10-25,0.015165076456011362,"{""type"":""MultiPoint"",""coordinates"":[]}"
3950,2023-10-26,0.015921368454007764,"{""type"":""MultiPoint"",""coordinates"":[]}"
3951,2023-10-27,0.016154643402305654,"{""type"":""MultiPoint"",""coordinates"":[]}"
3952,2023-10-28,0.01566073273874843,"{""type"":""MultiPoint"",""coordinates"":[]}"
3953,2023-10-29,0.01573874636243405,"{""type"":""MultiPoint"",""coordinates"":[]}"
3954,2023-10-30,0.014799915343951772,"{""type"":""MultiPoint"",""coordinates"":[]}"
3955,2023-10-31,0.015606101244081167,"{""type"":""MultiPoint"",""coordinates"":[]}"
3956,2023-11-01,0.015508331356990446,"{""type"":""MultiPoint"",""coordinates"":[]}"
3957,2023-11-02,0.015681963219132417,"{""type"":""MultiPoint"",""coordinates"":[]}"
3958,2023-11-03,0.015408119386576177,"{""type"":""MultiPoint"",""coordinates"":[]}"
3959,2023-11-04,0.015783419510803556,"{""type"":""MultiPoint"",""coordinates"":[]}"
3960,2023-11-05,0.01522422960239646,"{""type"":""MultiPoint"",""coordinates"":[]}"
3961,2023-11-06,0.015995391644412486,"{""type"":""MultiPoint"",""coordinates"":[]}"
3962,2023-11-07,0.01583684840389146,"{""type"":""MultiPoint"",""coordinates"":[]}"
3963,2023-11-08,0.01594608519069816,"{""type"":""MultiPoint"",""coordinates"":[]}"
3964,2023-11-09,0.0160324368765665,"{""type"":""MultiPoint"",""coordinates"":[]}"
3965,2023-11-10,0.016040310063468607,"{""type"":""MultiPoint"",""coordinates"":[]}"
3966,2023-11-11,0.016238471552824832,"{""type"":""MultiPoint"",""coordinates"":[]}"
3967,2023-11-12,0.015957643928151685,"{""type"":""MultiPoint"",""coordinates"":[]}"
3968,2023-11-13,0.015701584126849574,"{""type"":""MultiPoint"",""coordinates"":[]}"
3969,2023-11-14,0.015656466061410006,"{""type"":""MultiPoint"",""coordinates"":[]}"
3970,2023-11-15,0.015931217609592884,"{""type"":""MultiPoint"",""coordinates"":[]}"
3971,2023-11-16,0.015245361850862086,"{""type"":""MultiPoint"",""coordinates"":[]}"
3972,2023-11-17,0.014697495051714317,"{""type"":""MultiPoint"",""coordinates"":[]}"
3973,2023-11-18,0.01571699834215636,"{""type"":""MultiPoint"",""coordinates"":[]}"
3974,2023-11-19,0.015830365813577954,"{""type"":""MultiPoint"",""coordinates"":[]}"
3975,2023-11-20,0.015423888142866875,"{""type"":""MultiPoint"",""coordinates"":[]}"
3976,2023-11-21,0.015540909157468271,"{""type"":""MultiPoint"",""coordinates"":[]}"
3977,2023-11-22,0.014999171127572396,"{""type"":""MultiPoint"",""coordinates"":[]}"
3978,2023-11-23,0.015769565584723196,"{""type"":""MultiPoint"",""coordinates"":[]}"
3979,2023-11-24,0.015243160876617826,"{""type"":""MultiPoint"",""coordinates"":[]}"
3980,2023-11-25,0.014275524333709965,"{""type"":""MultiPoint"",""coordinates"":[]}"
3981,2023-11-26,0.013497675337808476,"{""type"":""MultiPoint"",""coordinates"":[]}"
3982,2023-11-27,0.01487919563190282,"{""type"":""MultiPoint"",""coordinates"":[]}"
3983,2023-11-28,0.015177117475613478,"{""type"":""MultiPoint"",""coordinates"":[]}"
3984,2023-11-29,0.01460491006865959,"{""type"":""MultiPoint"",""coordinates"":[]}"
3985,2023-11-30,0.014179591228904527,"{""type"":""MultiPoint"",""coordinates"":[]}"
3986,2023-12-01,0.013898641560648734,"{""type"":""MultiPoint"",""coordinates"":[]}"
3987,2023-12-02,0.0136216870112046,"{""type"":""MultiPoint"",""coordinates"":[]}"
3988,2023-12-03,0.013358318365690932,"{""type"":""MultiPoint"",""coordinates"":[]}"
3989,2023-12-04,0.01372724944505154,"{""type"":""MultiPoint"",""coordinates"":[]}"
3990,2023-12-05,0.01430922839287944,"{""type"":""MultiPoint"",""coordinates"":[]}"
3991,2023-12-06,0.01396204326609715,"{""type"":""MultiPoint"",""coordinates"":[]}"
3992,2023-12-07,0.013436483226604479,"{""type"":""MultiPoint"",""coordinates"":[]}"
3993,2023-12-08,0.01398079154948271,"{""type"":""MultiPoint"",""coordinates"":[]}"
3994,2023-12-09,0.01476374931591973,"{""type"":""MultiPoint"",""coordinates"":[]}"
3995,2023-12-10,0.015532284963741233,"{""type"":""MultiPoint"",""coordinates"":[]}"
3996,2023-12-11,0.015340274201405305,"{""type"":""MultiPoint"",""coordinates"":[]}"
3997,2023-12-12,0.015137270621523787,"{""type"":""MultiPoint"",""coordinates"":[]}"
3998,2023-12-13,0.01483343782973516,"{""type"":""MultiPoint"",""coordinates"":[]}"
3999,2023-12-14,0.014941329742336395,"{""type"":""MultiPoint"",""coordinates"":[]}"
4000,2023-12-15,0.015448546900723227,"{""type"":""MultiPoint"",""coordinates"":[]}"
4001,2023-12-16,0.015675856603330884,"{""type"":""MultiPoint"",""coordinates"":[]}"
4002,2023-12-17,0.01585561156853665,"{""type"":""MultiPoint"",""coordinates"":[]}"
4003,2023-12-18,0.01506896097363467,"{""type"":""MultiPoint"",""coordinates"":[]}"
4004,2023-12-19,0.01587779912953188,"{""type"":""MultiPoint"",""coordinates"":[]}"
4005,2023-12-20,0.015771971793765556,"{""type"":""MultiPoint"",""coordinates"":[]}"
4006,2023-12-21,0.0157069543997418,"{""type"":""MultiPoint"",""coordinates"":[]}"
4007,2023-12-22,0.014571234395834675,"{""type"":""MultiPoint"",""coordinates"":[]}"
4008,2023-12-23,0.015395734559411218,"{""type"":""MultiPoint"",""coordinates"":[]}"
4009,2023-12-24,0.01418973713320435,"{""type"":""MultiPoint"",""coordinates"":[]}"
4010,2023-12-25,0.014917194837217892,"{""type"":""MultiPoint"",""coordinates"":[]}"
4011,2023-12-26,0.014945873741376627,"{""type"":""MultiPoint"",""coordinates"":[]}"
4012,2023-12-27,0.014549590540645857,"{""type"":""MultiPoint"",""coordinates"":[]}"
4013,2023-12-28,0.01428812632807877,"{""type"":""MultiPoint"",""coordinates"":[]}"
4014,2023-12-29,0.015148113639189423,"{""type"":""MultiPoint"",""coordinates"":[]}"
4015,2023-12-30,0.015533373607499948,"{""type"":""MultiPoint"",""coordinates"":[]}"
4016,2023-12-31,0.015395665944419911,"{""type"":""MultiPoint"",""coordinates"":[]}"
4017,2024-01-01,0.015413075558618315,"{""type"":""MultiPoint"",""coordinates"":[]}"
4018,2024-01-02,0.01446131554121214,"{""type"":""MultiPoint"",""coordinates"":[]}"
4019,2024-01-03,0.014924020069200268,"{""type"":""MultiPoint"",""coordinates"":[]}"
4020,2024-01-04,0.01394451621420383,"{""type"":""MultiPoint"",""coordinates"":[]}"
4021,2024-01-05,0.013008360423177661,"{""type"":""MultiPoint"",""coordinates"":[]}"
4022,2024-01-06,0.012810747317427878,"{""type"":""MultiPoint"",""coordinates"":[]}"
4023,2024-01-07,0.012238590510081906,"{""type"":""MultiPoint"",""coordinates"":[]}"
4024,2024-01-08,0.012942495538524815,"{""type"":""MultiPoint"",""coordinates"":[]}"
4025,2024-01-09,0.012724181386941891,"{""type"":""MultiPoint"",""coordinates"":[]}"
4026,2024-01-10,0.012411102262315349,"{""type"":""MultiPoint"",""coordinates"":[]}"
4027,2024-01-11,0.013590297582738655,"{""type"":""MultiPoint"",""coordinates"":[]}"
4028,2024-01-12,0.01365516917654605,"{""type"":""MultiPoint"",""coordinates"":[]}"
4029,2024-01-13,0.014840689435589374,"{""type"":""MultiPoint"",""coordinates"":[]}"
4030,2024-01-14,0.014064844488737266,"{""type"":""MultiPoint"",""coordinates"":[]}"
4031,2024-01-15,0.012891303738332284,"{""type"":""MultiPoint"",""coordinates"":[]}"
4032,2024-01-16,0.01372080623080897,"{""type"":""MultiPoint"",""coordinates"":[]}"
4033,2024-01-17,0.013298940810848847,"{""type"":""MultiPoint"",""coordinates"":[]}"
4034,2024-01-18,0.013229726835272787,"{""type"":""MultiPoint"",""coordinates"":[]}"
4035,2024-01-19,0.01414583413152199,"{""type"":""MultiPoint"",""coordinates"":[]}"
4036,2024-01-20,0.01435062866405428,"{""type"":""MultiPoint"",""coordinates"":[]}"
4037,2024-01-21,0.014907462458012681,"{""type"":""MultiPoint"",""coordinates"":[]}"
4038,2024-01-22,0.014387811999937668,"{""type"":""MultiPoint"",""coordinates"":[]}"
4039,2024-01-23,0.013852884183848798,"{""type"":""MultiPoint"",""coordinates"":[]}"
4040,2024-01-24,0.013404714241679544,"{""type"":""MultiPoint"",""coordinates"":[]}"
4041,2024-01-25,0.012006347851101272,"{""type"":""MultiPoint"",""coordinates"":[]}"
4042,2024-01-26,0.012502526078532377,"{""type"":""MultiPoint"",""coordinates"":[]}"
4043,2024-01-27,0.013404454763281353,"{""type"":""MultiPoint"",""coordinates"":[]}"
4044,2024-01-28,0.013438103407367947,"{""type"":""MultiPoint"",""coordinates"":[]}"
4045,2024-01-29,0.013596006467033286,"{""type"":""MultiPoint"",""coordinates"":[]}"
4046,2024-01-30,0.014652665364873203,"{""type"":""MultiPoint"",""coordinates"":[]}"
4047,2024-01-31,0.014772243285361896,"{""type"":""MultiPoint"",""coordinates"":[]}"
4048,2024-02-01,0.015690988997943862,"{""type"":""MultiPoint"",""coordinates"":[]}"
4049,2024-02-02,0.01559774521774808,"{""type"":""MultiPoint"",""coordinates"":[]}"
4050,2024-02-03,0.015576003709646237,"{""type"":""MultiPoint"",""coordinates"":[]}"
4051,2024-02-04,0.015755393288566486,"{""type"":""MultiPoint"",""coordinates"":[]}"
4052,2024-02-05,0.015453894674432055,"{""type"":""MultiPoint"",""coordinates"":[]}"
4053,2024-02-06,0.014737548257477896,"{""type"":""MultiPoint"",""coordinates"":[]}"
4054,2024-02-07,0.014670322616673224,"{""type"":""MultiPoint"",""coordinates"":[]}"
4055,2024-02-08,0.01522843047892587,"{""type"":""MultiPoint"",""coordinates"":[]}"
4056,2024-02-09,0.01487848722861413,"{""type"":""MultiPoint"",""coordinates"":[]}"
4057,2024-02-10,0.014244940999559726,"{""type"":""MultiPoint"",""coordinates"":[]}"
4058,2024-02-11,0.014391476495977142,"{""type"":""MultiPoint"",""coordinates"":[]}"
4059,2024-02-12,0.013303897211670994,"{""type"":""MultiPoint"",""coordinates"":[]}"
4060,2024-02-13,0.013438635021624228,"{""type"":""MultiPoint"",""coordinates"":[]}"
4061,2024-02-14,0.013855684160360378,"{""type"":""MultiPoint"",""coordinates"":[]}"
4062,2024-02-15,0.014634996747511278,"{""type"":""MultiPoint"",""coordinates"":[]}"
4063,2024-02-16,0.015662995348937937,"{""type"":""MultiPoint"",""coordinates"":[]}"
4064,2024-02-17,0.015668879374658877,"{""type"":""MultiPoint"",""coordinates"":[]}"
4065,2024-02-18,0.015420785944309392,"{""type"":""MultiPoint"",""coordinates"":[]}"
4066,2024-02-19,0.014106368009443397,"{""type"":""MultiPoint"",""coordinates"":[]}"
4067,2024-02-20,0.014790781474743052,"{""type"":""MultiPoint"",""coordinates"":[]}"
4068,2024-02-21,0.013170365627421002,"{""type"":""MultiPoint"",""coordinates"":[]}"
4069,2024-02-22,0.01398015184864365,"{""type"":""MultiPoint"",""coordinates"":[]}"
4070,2024-02-23,0.013596634608936517,"{""type"":""MultiPoint"",""coordinates"":[]}"
4071,2024-02-24,0.012793701754444387,"{""type"":""MultiPoint"",""coordinates"":[]}"
4072,2024-02-25,0.013322451751705723,"{""type"":""MultiPoint"",""coordinates"":[]}"
4073,2024-02-26,0.013376008833863758,"{""type"":""MultiPoint"",""coordinates"":[]}"
4074,2024-02-27,0.012972638197281594,"{""type"":""MultiPoint"",""coordinates"":[]}"
4075,2024-02-28,0.01391559043607443,"{""type"":""MultiPoint"",""coordinates"":[]}"
4076,2024-02-29,0.014217100909879606,"{""type"":""MultiPoint"",""coordinates"":[]}"
4077,2024-03-01,0.013711962584660495,"{""type"":""MultiPoint"",""coordinates"":[]}"
4078,2024-03-02,0.01349212969543505,"{""type"":""MultiPoint"",""coordinates"":[]}"
4079,2024-03-03,0.014205953263274007,"{""type"":""MultiPoint"",""coordinates"":[]}"
4080,2024-03-04,0.01422301159192813,"{""type"":""MultiPoint"",""coordinates"":[]}"
4081,2024-03-05,0.014227715654404232,"{""type"":""MultiPoint"",""coordinates"":[]}"
4082,2024-03-06,0.013858160932948197,"{""type"":""MultiPoint"",""coordinates"":[]}"
4083,2024-03-07,0.01314545690387734,"{""type"":""MultiPoint"",""coordinates"":[]}"
4084,2024-03-08,0.014243781234868158,"{""type"":""MultiPoint"",""coordinates"":[]}"
4085,2024-03-09,0.01623687208100336,"{""type"":""MultiPoint"",""coordinates"":[]}"
4086,2024-03-10,0.015649564095269967,"{""type"":""MultiPoint"",""coordinates"":[]}"
4087,2024-03-11,0.01539105053616538,"{""type"":""MultiPoint"",""coordinates"":[]}"
4088,2024-03-12,0.015916837277182246,"{""type"":""MultiPoint"",""coordinates"":[]}"
4089,2024-03-13,0.01583636028992574,"{""type"":""MultiPoint"",""coordinates"":[]}"
4090,2024-03-14,0.01646341498741784,"{""type"":""MultiPoint"",""coordinates"":[]}"
4091,2024-03-15,0.0162928499184604,"{""type"":""MultiPoint"",""coordinates"":[]}"
4092,2024-03-16,0.01635390467398013,"{""type"":""MultiPoint"",""coordinates"":[]}"
4093,2024-03-17,0.016705190136064682,"{""type"":""MultiPoint"",""coordinates"":[]}"
4094,2024-03-18,0.01635651669616549,"{""type"":""MultiPoint"",""coordinates"":[]}"
4095,2024-03-19,0.016637510729601172,"{""type"":""MultiPoint"",""coordinates"":[]}"
4096,2024-03-20,0.016541530717185185,"{""type"":""MultiPoint"",""coordinates"":[]}"
4097,2024-03-21,0.016429584607971563,"{""type"":""MultiPoint"",""coordinates"":[]}"
4098,2024-03-22,0.015136365333710872,"{""type"":""MultiPoint"",""coordinates"":[]}"
4099,2024-03-23,0.013927956096235329,"{""type"":""MultiPoint"",""coordinates"":[]}"
4100,2024-03-24,0.015919854850414233,"{""type"":""MultiPoint"",""coordinates"":[]}"
4101,2024-03-25,0.016294770905518688,"{""type"":""MultiPoint"",""coordinates"":[]}"
4102,2024-03-26,0.015164000654072663,"{""type"":""MultiPoint"",""coordinates"":[]}"
4103,2024-03-27,0.014342716747616195,"{""type"":""MultiPoint"",""coordinates"":[]}"
4104,2024-03-28,0.014433251267283781,"{""type"":""MultiPoint"",""coordinates"":[]}"
4105,2024-03-29,0.014236351779030392,"{""type"":""MultiPoint"",""coordinates"":[]}"
4106,2024-03-30,0.013866761520576315,"{""type"":""MultiPoint"",""coordinates"":[]}"
4107,2024-03-31,0.014337529782837262,"{""type"":""MultiPoint"",""coordinates"":[]}"
4108,2024-04-01,0.01436070770196978,"{""type"":""MultiPoint"",""coordinates"":[]}"
4109,2024-04-02,0.01474214913408995,"{""type"":""MultiPoint"",""coordinates"":[]}"
4110,2024-04-03,0.015372721317270336,"{""type"":""MultiPoint"",""coordinates"":[]}"
4111,2024-04-04,0.01474105289389571,"{""type"":""MultiPoint"",""coordinates"":[]}"
4112,2024-04-05,0.0148208066755102,"{""type"":""MultiPoint"",""coordinates"":[]}"
4113,2024-04-06,0.015084842316025427,"{""type"":""MultiPoint"",""coordinates"":[]}"
4114,2024-04-07,0.01571137263681298,"{""type"":""MultiPoint"",""coordinates"":[]}"
4115,2024-04-08,0.016420714812009834,"{""type"":""MultiPoint"",""coordinates"":[]}"
4116,2024-04-09,0.016299822963798543,"{""type"":""MultiPoint"",""coordinates"":[]}"
4117,2024-04-10,0.01402635613094235,"{""type"":""MultiPoint"",""coordinates"":[]}"
4118,2024-04-11,0.013092080270005175,"{""type"":""MultiPoint"",""coordinates"":[]}"
4119,2024-04-12,0.012148488156026665,"{""type"":""MultiPoint"",""coordinates"":[]}"
4120,2024-04-13,0.012673937934977187,"{""type"":""MultiPoint"",""coordinates"":[]}"
4121,2024-04-14,0.013777734016337062,"{""type"":""MultiPoint"",""coordinates"":[]}"
4122,2024-04-15,0.014899475365489976,"{""type"":""MultiPoint"",""coordinates"":[]}"
4123,2024-04-16,0.015453542943343607,"{""type"":""MultiPoint"",""coordinates"":[]}"
4124,2024-04-17,0.014990753059351285,"{""type"":""MultiPoint"",""coordinates"":[]}"
4125,2024-04-18,0.01565342339833781,"{""type"":""MultiPoint"",""coordinates"":[]}"
4126,2024-04-19,0.016494198798659102,"{""type"":""MultiPoint"",""coordinates"":[]}"
4127,2024-04-20,0.015864673465435547,"{""type"":""MultiPoint"",""coordinates"":[]}"
4128,2024-04-21,0.015344085853992752,"{""type"":""MultiPoint"",""coordinates"":[]}"
4129,2024-04-22,0.015622761315641333,"{""type"":""MultiPoint"",""coordinates"":[]}"
4130,2024-04-23,0.014964863456274867,"{""type"":""MultiPoint"",""coordinates"":[]}"
4131,2024-04-24,0.015422304895123884,"{""type"":""MultiPoint"",""coordinates"":[]}"
4132,2024-04-25,0.015983551362440188,"{""type"":""MultiPoint"",""coordinates"":[]}"
4133,2024-04-26,0.01588349423819008,"{""type"":""MultiPoint"",""coordinates"":[]}"
4134,2024-04-27,0.015510945766360454,"{""type"":""MultiPoint"",""coordinates"":[]}"
4135,2024-04-28,0.015999273727198376,"{""type"":""MultiPoint"",""coordinates"":[]}"
4136,2024-04-29,0.01566083767051152,"{""type"":""MultiPoint"",""coordinates"":[]}"
4137,2024-04-30,0.01495269366864404,"{""type"":""MultiPoint"",""coordinates"":[]}"
4138,2024-05-01,0.016159404403423536,"{""type"":""MultiPoint"",""coordinates"":[]}"
4139,2024-05-02,0.016003709701413082,"{""type"":""MultiPoint"",""coordinates"":[]}"
4140,2024-05-03,0.015266600338652547,"{""type"":""MultiPoint"",""coordinates"":[]}"
4141,2024-05-04,0.015360332730612136,"{""type"":""MultiPoint"",""coordinates"":[]}"
4142,2024-05-05,0.015599849830449907,"{""type"":""MultiPoint"",""coordinates"":[]}"
4143,2024-05-06,0.016103903203685484,"{""type"":""MultiPoint"",""coordinates"":[]}"
4144,2024-05-07,0.01654782673974688,"{""type"":""MultiPoint"",""coordinates"":[]}"
4145,2024-05-08,0.0161951535959569,"{""type"":""MultiPoint"",""coordinates"":[]}"
4146,2024-05-09,0.015296386002409379,"{""type"":""MultiPoint"",""coordinates"":[]}"
4147,2024-05-10,0.015300982649694504,"{""type"":""MultiPoint"",""coordinates"":[]}"
4148,2024-05-11,0.01612482122056629,"{""type"":""MultiPoint"",""coordinates"":[]}"
4149,2024-05-12,0.016185959602798235,"{""type"":""MultiPoint"",""coordinates"":[]}"
4150,2024-05-13,0.015954448535284337,"{""type"":""MultiPoint"",""coordinates"":[]}"
4151,2024-05-14,0.016508509880004508,"{""type"":""MultiPoint"",""coordinates"":[]}"
4152,2024-05-15,0.016373836541041662,"{""type"":""MultiPoint"",""coordinates"":[]}"
4153,2024-05-16,0.01540989291555568,"{""type"":""MultiPoint"",""coordinates"":[]}"
4154,2024-05-17,0.01575447265070942,"{""type"":""MultiPoint"",""coordinates"":[]}"
4155,2024-05-18,0.015306928460377999,"{""type"":""MultiPoint"",""coordinates"":[]}"
4156,2024-05-19,0.016383776329649522,"{""type"":""MultiPoint"",""coordinates"":[]}"
4157,2024-05-20,0.016117334067648894,"{""type"":""MultiPoint"",""coordinates"":[]}"
4158,2024-05-21,0.01623302404491877,"{""type"":""MultiPoint"",""coordinates"":[]}"
4159,2024-05-22,0.015965645960215952,"{""type"":""MultiPoint"",""coordinates"":[]}"
4160,2024-05-23,0.015834715384985935,"{""type"":""MultiPoint"",""coordinates"":[]}"
4161,2024-05-24,0.016556080487009267,"{""type"":""MultiPoint"",""coordinates"":[]}"
4162,2024-05-25,0.01592439691494309,"{""type"":""MultiPoint"",""coordinates"":[]}"
4163,2024-05-26,0.015518521896492452,"{""type"":""MultiPoint"",""coordinates"":[]}"
4164,2024-05-27,0.015798201412616175,"{""type"":""MultiPoint"",""coordinates"":[]}"
4165,2024-05-28,0.015493977366183251,"{""type"":""MultiPoint"",""coordinates"":[]}"
4166,2024-05-29,0.015405928694417044,"{""type"":""MultiPoint"",""coordinates"":[]}"
4167,2024-05-30,0.015877154835954754,"{""type"":""MultiPoint"",""coordinates"":[]}"
4168,2024-05-31,0.015599844253992828,"{""type"":""MultiPoint"",""coordinates"":[]}"
4169,2024-06-01,0.015694144698388802,"{""type"":""MultiPoint"",""coordinates"":[]}"
4170,2024-06-02,0.015434878281851125,"{""type"":""MultiPoint"",""coordinates"":[]}"
4171,2024-06-03,0.016579279077203146,"{""type"":""MultiPoint"",""coordinates"":[]}"
4172,2024-06-04,0.01563935910911934,"{""type"":""MultiPoint"",""coordinates"":[]}"
4173,2024-06-05,0.01531052644725682,"{""type"":""MultiPoint"",""coordinates"":[]}"
4174,2024-06-06,0.015163920206108746,"{""type"":""MultiPoint"",""coordinates"":[]}"
4175,2024-06-07,0.01507858495132095,"{""type"":""MultiPoint"",""coordinates"":[]}"
4176,2024-06-08,0.015352601753162718,"{""type"":""MultiPoint"",""coordinates"":[]}"
4177,2024-06-09,0.015507025023742462,"{""type"":""MultiPoint"",""coordinates"":[]}"
4178,2024-06-10,0.015509840193578593,"{""type"":""MultiPoint"",""coordinates"":[]}"
4179,2024-06-11,0.016274527776728612,"{""type"":""MultiPoint"",""coordinates"":[]}"
4180,2024-06-12,0.015174684027778896,"{""type"":""MultiPoint"",""coordinates"":[]}"
4181,2024-06-13,0.01523806958048944,"{""type"":""MultiPoint"",""coordinates"":[]}"
4182,2024-06-14,0.014834455193369843,"{""type"":""MultiPoint"",""coordinates"":[]}"
4183,2024-06-15,0.01519356525266318,"{""type"":""MultiPoint"",""coordinates"":[]}"
4184,2024-06-16,0.015045885054086654,"{""type"":""MultiPoint"",""coordinates"":[]}"
4185,2024-06-17,0.014606688375997162,"{""type"":""MultiPoint"",""coordinates"":[]}"
4186,2024-06-18,0.01549283047697586,"{""type"":""MultiPoint"",""coordinates"":[]}"
4187,2024-06-19,0.015405163701749582,"{""type"":""MultiPoint"",""coordinates"":[]}"
4188,2024-06-20,0.014965894440234119,"{""type"":""MultiPoint"",""coordinates"":[]}"
4189,2024-06-21,0.014901116665613721,"{""type"":""MultiPoint"",""coordinates"":[]}"
4190,2024-06-22,0.015376104406462887,"{""type"":""MultiPoint"",""coordinates"":[]}"
4191,2024-06-23,0.01498756629855723,"{""type"":""MultiPoint"",""coordinates"":[]}"
4192,2024-06-24,0.014722584632129167,"{""type"":""MultiPoint"",""coordinates"":[]}"
4193,2024-06-25,0.01515110737606514,"{""type"":""MultiPoint"",""coordinates"":[]}"
4194,2024-06-26,0.015206935575707252,"{""type"":""MultiPoint"",""coordinates"":[]}"
4195,2024-06-27,0.014072308635375013,"{""type"":""MultiPoint"",""coordinates"":[]}"
4196,2024-06-28,0.014481538282415647,"{""type"":""MultiPoint"",""coordinates"":[]}"
4197,2024-06-29,0.014142939654313532,"{""type"":""MultiPoint"",""coordinates"":[]}"
4198,2024-06-30,0.013749533713054665,"{""type"":""MultiPoint"",""coordinates"":[]}"
4199,2024-07-01,0.015550575287867116,"{""type"":""MultiPoint"",""coordinates"":[]}"
4200,2024-07-02,0.015742442429516033,"{""type"":""MultiPoint"",""coordinates"":[]}"
4201,2024-07-03,0.015283345054292796,"{""type"":""MultiPoint"",""coordinates"":[]}"
4202,2024-07-04,0.015490897716230178,"{""type"":""MultiPoint"",""coordinates"":[]}"
4203,2024-07-05,0.015403592823186624,"{""type"":""MultiPoint"",""coordinates"":[]}"
4204,2024-07-06,0.014650091440376148,"{""type"":""MultiPoint"",""coordinates"":[]}"
4205,2024-07-07,0.014941270422155652,"{""type"":""MultiPoint"",""coordinates"":[]}"
4206,2024-07-08,0.013959413762393312,"{""type"":""MultiPoint"",""coordinates"":[]}"
4207,2024-07-09,0.014792430101736136,"{""type"":""MultiPoint"",""coordinates"":[]}"
4208,2024-07-10,0.014740374548924044,"{""type"":""MultiPoint"",""coordinates"":[]}"
4209,2024-07-11,0.014932206897916448,"{""type"":""MultiPoint"",""coordinates"":[]}"
4210,2024-07-12,0.014560505356997338,"{""type"":""MultiPoint"",""coordinates"":[]}"
4211,2024-07-13,0.014898891665289972,"{""type"":""MultiPoint"",""coordinates"":[]}"
4212,2024-07-14,0.014103504990974111,"{""type"":""MultiPoint"",""coordinates"":[]}"
4213,2024-07-15,0.014976269586629357,"{""type"":""MultiPoint"",""coordinates"":[]}"
4214,2024-07-16,0.014115219563878031,"{""type"":""MultiPoint"",""coordinates"":[]}"
4215,2024-07-17,0.014174336738662164,"{""type"":""MultiPoint"",""coordinates"":[]}"
4216,2024-07-18,0.013319804766165774,"{""type"":""MultiPoint"",""coordinates"":[]}"
4217,2024-07-19,0.013323139128412292,"{""type"":""MultiPoint"",""coordinates"":[]}"
4218,2024-07-20,0.013726409009122439,"{""type"":""MultiPoint"",""coordinates"":[]}"
4219,2024-07-21,0.014110689084615267,"{""type"":""MultiPoint"",""coordinates"":[]}"
4220,2024-07-22,0.014247480670032142,"{""type"":""MultiPoint"",""coordinates"":[]}"
4221,2024-07-23,0.01349338004506414,"{""type"":""MultiPoint"",""coordinates"":[]}"
4222,2024-07-24,0.013883318568393926,"{""type"":""MultiPoint"",""coordinates"":[]}"
4223,2024-07-25,0.014445569906965432,"{""type"":""MultiPoint"",""coordinates"":[]}"
4224,2024-07-26,0.014715932846074845,"{""type"":""MultiPoint"",""coordinates"":[]}"
4225,2024-07-27,0.014872032110209155,"{""type"":""MultiPoint"",""coordinates"":[]}"
4226,2024-07-28,0.014373452385923434,"{""type"":""MultiPoint"",""coordinates"":[]}"
4227,2024-07-29,0.014198667149301502,"{""type"":""MultiPoint"",""coordinates"":[]}"
4228,2024-07-30,0.01402717837009859,"{""type"":""MultiPoint"",""coordinates"":[]}"
4229,2024-07-31,0.013925363087553466,"{""type"":""MultiPoint"",""coordinates"":[]}"
4230,2024-08-01,0.013863005709621859,"{""type"":""MultiPoint"",""coordinates"":[]}"
4231,2024-08-02,0.013750310067817387,"{""type"":""MultiPoint"",""coordinates"":[]}"
4232,2024-08-03,0.014475394941617786,"{""type"":""MultiPoint"",""coordinates"":[]}"
4233,2024-08-04,0.014342030589224506,"{""type"":""MultiPoint"",""coordinates"":[]}"
4234,2024-08-05,0.014279679911764013,"{""type"":""MultiPoint"",""coordinates"":[]}"
4235,2024-08-06,0.015274131222087919,"{""type"":""MultiPoint"",""coordinates"":[]}"
4236,2024-08-07,0.014815954322860599,"{""type"":""MultiPoint"",""coordinates"":[]}"
4237,2024-08-08,0.014261676713540991,"{""type"":""MultiPoint"",""coordinates"":[]}"
4238,2024-08-09,0.014472659122203383,"{""type"":""MultiPoint"",""coordinates"":[]}"
4239,2024-08-10,0.014884154359106352,"{""type"":""MultiPoint"",""coordinates"":[]}"
4240,2024-08-11,0.01456149132475871,"{""type"":""MultiPoint"",""coordinates"":[]}"
4241,2024-08-12,0.014283023069023681,"{""type"":""MultiPoint"",""coordinates"":[]}"
4242,2024-08-13,0.014621747956855863,"{""type"":""MultiPoint"",""coordinates"":[]}"
4243,2024-08-14,0.014024692872082802,"{""type"":""MultiPoint"",""coordinates"":[]}"
4244,2024-08-15,0.013983199719053494,"{""type"":""MultiPoint"",""coordinates"":[]}"
4245,2024-08-16,0.014785184666800795,"{""type"":""MultiPoint"",""coordinates"":[]}"
4246,2024-08-17,0.013914246754554003,"{""type"":""MultiPoint"",""coordinates"":[]}"
4247,2024-08-18,0.012560529579058692,"{""type"":""MultiPoint"",""coordinates"":[]}"
4248,2024-08-19,0.01349064351712867,"{""type"":""MultiPoint"",""coordinates"":[]}"
4249,2024-08-20,0.014000922393498254,"{""type"":""MultiPoint"",""coordinates"":[]}"
4250,2024-08-21,0.013814113833946063,"{""type"":""MultiPoint"",""coordinates"":[]}"
4251,2024-08-22,0.014473630767797051,"{""type"":""MultiPoint"",""coordinates"":[]}"
4252,2024-08-23,0.015279658643823954,"{""type"":""MultiPoint"",""coordinates"":[]}"
4253,2024-08-24,0.015150820536039415,"{""type"":""MultiPoint"",""coordinates"":[]}"
4254,2024-08-25,0.015193030174133955,"{""type"":""MultiPoint"",""coordinates"":[]}"
4255,2024-08-26,0.014150254948958526,"{""type"":""MultiPoint"",""coordinates"":[]}"
4256,2024-08-27,0.013753703174638627,"{""type"":""MultiPoint"",""coordinates"":[]}"
4257,2024-08-28,0.014297721661845961,"{""type"":""MultiPoint"",""coordinates"":[]}"
4258,2024-08-29,0.014578022950522624,"{""type"":""MultiPoint"",""coordinates"":[]}"
4259,2024-08-30,0.013273185512701404,"{""type"":""MultiPoint"",""coordinates"":[]}"
4260,2024-08-31,0.01243145764307696,"{""type"":""MultiPoint"",""coordinates"":[]}"
4261,2024-09-01,0.013895656954834397,"{""type"":""MultiPoint"",""coordinates"":[]}"
4262,2024-09-02,0.013677623019517053,"{""type"":""MultiPoint"",""coordinates"":[]}"
4263,2024-09-03,0.014119199932296142,"{""type"":""MultiPoint"",""coordinates"":[]}"
4264,2024-09-04,0.014961046659889489,"{""type"":""MultiPoint"",""coordinates"":[]}"
4265,2024-09-05,0.015253099656141902,"{""type"":""MultiPoint"",""coordinates"":[]}"
4266,2024-09-06,0.014047754190118777,"{""type"":""MultiPoint"",""coordinates"":[]}"
4267,2024-09-07,0.013599204546285866,"{""type"":""MultiPoint"",""coordinates"":[]}"
4268,2024-09-08,0.01420268450243163,"{""type"":""MultiPoint"",""coordinates"":[]}"
4269,2024-09-09,0.013867804694140102,"{""type"":""MultiPoint"",""coordinates"":[]}"
4270,2024-09-10,0.014334218329504288,"{""type"":""MultiPoint"",""coordinates"":[]}"
4271,2024-09-11,0.01392401881993406,"{""type"":""MultiPoint"",""coordinates"":[]}"
4272,2024-09-12,0.014156733475665303,"{""type"":""MultiPoint"",""coordinates"":[]}"
4273,2024-09-13,0.015593770317203501,"{""type"":""MultiPoint"",""coordinates"":[]}"
4274,2024-09-14,0.01481586958570445,"{""type"":""MultiPoint"",""coordinates"":[]}"
4275,2024-09-15,0.01583845554669763,"{""type"":""MultiPoint"",""coordinates"":[]}"
4276,2024-09-16,0.015168020693930147,"{""type"":""MultiPoint"",""coordinates"":[]}"
4277,2024-09-17,0.015222691209493473,"{""type"":""MultiPoint"",""coordinates"":[]}"
4278,2024-09-18,0.01437656370719157,"{""type"":""MultiPoint"",""coordinates"":[]}"
4279,2024-09-19,0.015317246318850931,"{""type"":""MultiPoint"",""coordinates"":[]}"
4280,2024-09-20,0.014588198455737734,"{""type"":""MultiPoint"",""coordinates"":[]}"
4281,2024-09-21,0.015303711218535748,"{""type"":""MultiPoint"",""coordinates"":[]}"
4282,2024-09-22,0.01574779030373708,"{""type"":""MultiPoint"",""coordinates"":[]}"
4283,2024-09-23,0.015518326260855619,"{""type"":""MultiPoint"",""coordinates"":[]}"
4284,2024-09-24,0.014709860287408906,"{""type"":""MultiPoint"",""coordinates"":[]}"
4285,2024-09-25,0.014770740586382896,"{""type"":""MultiPoint"",""coordinates"":[]}"
4286,2024-09-26,0.015578576509688422,"{""type"":""MultiPoint"",""coordinates"":[]}"
4287,2024-09-27,0.015118200836135956,"{""type"":""MultiPoint"",""coordinates"":[]}"
4288,2024-09-28,0.015288135144528632,"{""type"":""MultiPoint"",""coordinates"":[]}"
4289,2024-09-29,0.015047240060788723,"{""type"":""MultiPoint"",""coordinates"":[]}"
4290,2024-09-30,0.014610683747072332,"{""type"":""MultiPoint"",""coordinates"":[]}"
4291,2024-10-01,0.014361575118098241,"{""type"":""MultiPoint"",""coordinates"":[]}"
4292,2024-10-02,0.014550161937648106,"{""type"":""MultiPoint"",""coordinates"":[]}"
4293,2024-10-03,0.015298227241444765,"{""type"":""MultiPoint"",""coordinates"":[]}"
4294,2024-10-04,0.01446365798351066,"{""type"":""MultiPoint"",""coordinates"":[]}"
4295,2024-10-05,0.015087052359197937,"{""type"":""MultiPoint"",""coordinates"":[]}"
4296,2024-10-06,0.014662218191682464,"{""type"":""MultiPoint"",""coordinates"":[]}"
4297,2024-10-07,0.014808328527384071,"{""type"":""MultiPoint"",""coordinates"":[]}"
4298,2024-10-08,0.014946509527772859,"{""type"":""MultiPoint"",""coordinates"":[]}"
4299,2024-10-09,0.014341702397260903,"{""type"":""MultiPoint"",""coordinates"":[]}"
4300,2024-10-10,0.01473604392260542,"{""type"":""MultiPoint"",""coordinates"":[]}"
4301,2024-10-11,0.014120664881012032,"{""type"":""MultiPoint"",""coordinates"":[]}"
4302,2024-10-12,0.013983623806719607,"{""type"":""MultiPoint"",""coordinates"":[]}"
4303,2024-10-13,0.015124314925306392,"{""type"":""MultiPoint"",""coordinates"":[]}"
4304,2024-10-14,0.01407614629549761,"{""type"":""MultiPoint"",""coordinates"":[]}"
4305,2024-10-15,0.01369032990237095,"{""type"":""MultiPoint"",""coordinates"":[]}"
4306,2024-10-16,0.013998657189370392,"{""type"":""MultiPoint"",""coordinates"":[]}"
4307,2024-10-17,0.015406805488516057,"{""type"":""MultiPoint"",""coordinates"":[]}"
4308,2024-10-18,0.01563318259200382,"{""type"":""MultiPoint"",""coordinates"":[]}"
4309,2024-10-19,0.0156858487508983,"{""type"":""MultiPoint"",""coordinates"":[]}"
4310,2024-10-20,0.015650542822095676,"{""type"":""MultiPoint"",""coordinates"":[]}"
4311,2024-10-21,0.016090043104599158,"{""type"":""MultiPoint"",""coordinates"":[]}"
4312,2024-10-22,0.015412549139677887,"{""type"":""MultiPoint"",""coordinates"":[]}"
4313,2024-10-23,0.015642453397189764,"{""type"":""MultiPoint"",""coordinates"":[]}"
4314,2024-10-24,0.015182867638765765,"{""type"":""MultiPoint"",""coordinates"":[]}"
4315,2024-10-25,0.014486786305385394,"{""type"":""MultiPoint"",""coordinates"":[]}"
4316,2024-10-26,0.014454602001955147,"{""type"":""MultiPoint"",""coordinates"":[]}"
4317,2024-10-27,0.014466955340034567,"{""type"":""MultiPoint"",""coordinates"":[]}"
4318,2024-10-28,0.015503661844340518,"{""type"":""MultiPoint"",""coordinates"":[]}"
4319,2024-10-29,0.014821936624814508,"{""type"":""MultiPoint"",""coordinates"":[]}"
4320,2024-10-30,0.015678521602890547,"{""type"":""MultiPoint"",""coordinates"":[]}"
4321,2024-10-31,0.016023117019236505,"{""type"":""MultiPoint"",""coordinates"":[]}"
4322,2024-11-01,0.015725731447189265,"{""type"":""MultiPoint"",""coordinates"":[]}"
4323,2024-11-02,0.015352959563985481,"{""type"":""MultiPoint"",""coordinates"":[]}"
4324,2024-11-03,0.01507847748378025,"{""type"":""MultiPoint"",""coordinates"":[]}"
4325,2024-11-04,0.015381428129324073,"{""type"":""MultiPoint"",""coordinates"":[]}"
4326,2024-11-05,0.015006121336017185,"{""type"":""MultiPoint"",""coordinates"":[]}"
4327,2024-11-06,0.015898585297350807,"{""type"":""MultiPoint"",""coordinates"":[]}"
4328,2024-11-07,0.01549939055024041,"{""type"":""MultiPoint"",""coordinates"":[]}"
4329,2024-11-08,0.015597618325457037,"{""type"":""MultiPoint"",""coordinates"":[]}"
4330,2024-11-09,0.01568061184307225,"{""type"":""MultiPoint"",""coordinates"":[]}"
4331,2024-11-10,0.015235157936048462,"{""type"":""MultiPoint"",""coordinates"":[]}"
4332,2024-11-11,0.014885445788561732,"{""type"":""MultiPoint"",""coordinates"":[]}"
4333,2024-11-12,0.015260664650713482,"{""type"":""MultiPoint"",""coordinates"":[]}"
4334,2024-11-13,0.015151485478064981,"{""type"":""MultiPoint"",""coordinates"":[]}"
4335,2024-11-14,0.014952808765442922,"{""type"":""MultiPoint"",""coordinates"":[]}"
4336,2024-11-15,0.0153009775032271,"{""type"":""MultiPoint"",""coordinates"":[]}"
4337,2024-11-16,0.015429217208260827,"{""type"":""MultiPoint"",""coordinates"":[]}"
4338,2024-11-17,0.015275042759869613,"{""type"":""MultiPoint"",""coordinates"":[]}"
4339,2024-11-18,0.015076609744032486,"{""type"":""MultiPoint"",""coordinates"":[]}"
4340,2024-11-19,0.015244355522455103,"{""type"":""MultiPoint"",""coordinates"":[]}"
4341,2024-11-20,0.01511140359466044,"{""type"":""MultiPoint"",""coordinates"":[]}"
4342,2024-11-21,0.01533265846562637,"{""type"":""MultiPoint"",""coordinates"":[]}"
4343,2024-11-22,0.015121121542334944,"{""type"":""MultiPoint"",""coordinates"":[]}"
4344,2024-11-23,0.014969670362545767,"{""type"":""MultiPoint"",""coordinates"":[]}"
4345,2024-11-24,0.01456150840852835,"{""type"":""MultiPoint"",""coordinates"":[]}"
4346,2024-11-25,0.014622057778171884,"{""type"":""MultiPoint"",""coordinates"":[]}"
4347,2024-11-26,0.014741282363602703,"{""type"":""MultiPoint"",""coordinates"":[]}"
4348,2024-11-27,0.015060141050558492,"{""type"":""MultiPoint"",""coordinates"":[]}"
4349,2024-11-28,0.015407817805577024,"{""type"":""MultiPoint"",""coordinates"":[]}"
4350,2024-11-29,0.014645704653987457,"{""type"":""MultiPoint"",""coordinates"":[]}"
4351,2024-11-30,0.014593665919669008,"{""type"":""MultiPoint"",""coordinates"":[]}"
4352,2024-12-01,0.014872974102081797,"{""type"":""MultiPoint"",""coordinates"":[]}"
4353,2024-12-02,0.014778549308208662,"{""type"":""MultiPoint"",""coordinates"":[]}"
4354,2024-12-03,0.014907979262543674,"{""type"":""MultiPoint"",""coordinates"":[]}"
4355,2024-12-04,0.015615408401813744,"{""type"":""MultiPoint"",""coordinates"":[]}"
4356,2024-12-05,0.015181050988658573,"{""type"":""MultiPoint"",""coordinates"":[]}"
4357,2024-12-06,0.015341928232087576,"{""type"":""MultiPoint"",""coordinates"":[]}"
4358,2024-12-07,0.014951770937977652,"{""type"":""MultiPoint"",""coordinates"":[]}"
4359,2024-12-08,0.013725516631917532,"{""type"":""MultiPoint"",""coordinates"":[]}"
4360,2024-12-09,0.013760672097450315,"{""type"":""MultiPoint"",""coordinates"":[]}"
4361,2024-12-10,0.0135663579116211,"{""type"":""MultiPoint"",""coordinates"":[]}"
4362,2024-12-11,0.013528876671711494,"{""type"":""MultiPoint"",""coordinates"":[]}"
4363,2024-12-12,0.013857945617058292,"{""type"":""MultiPoint"",""coordinates"":[]}"
4364,2024-12-13,0.014417497917567704,"{""type"":""MultiPoint"",""coordinates"":[]}"
4365,2024-12-14,0.01411330225731573,"{""type"":""MultiPoint"",""coordinates"":[]}"
4366,2024-12-15,0.013624928571867366,"{""type"":""MultiPoint"",""coordinates"":[]}"
4367,2024-12-16,0.014533847253249814,"{""type"":""MultiPoint"",""coordinates"":[]}"
4368,2024-12-17,0.014307812411140828,"{""type"":""MultiPoint"",""coordinates"":[]}"
4369,2024-12-18,0.015406114379824193,"{""type"":""MultiPoint"",""coordinates"":[]}"
4370,2024-12-19,0.014913966589505015,"{""type"":""MultiPoint"",""coordinates"":[]}"
4371,2024-12-20,0.014201871035344512,"{""type"":""MultiPoint"",""coordinates"":[]}"
4372,2024-12-21,0.014768594480703376,"{""type"":""MultiPoint"",""coordinates"":[]}"
4373,2024-12-22,0.014469376291471806,"{""type"":""MultiPoint"",""coordinates"":[]}"
4374,2024-12-23,0.014385605573611885,"{""type"":""MultiPoint"",""coordinates"":[]}"
4375,2024-12-24,0.014306997589960508,"{""type"":""MultiPoint"",""coordinates"":[]}"
4376,2024-12-25,0.014767221007898427,"{""type"":""MultiPoint"",""coordinates"":[]}"
4377,2024-12-26,0.015651111484278692,"{""type"":""MultiPoint"",""coordinates"":[]}"
4378,2024-12-27,0.015274593597747731,"{""type"":""MultiPoint"",""coordinates"":[]}"
4379,2024-12-28,0.014755207513403252,"{""type"":""MultiPoint"",""coordinates"":[]}"
4380,2024-12-29,0.014504940088094059,"{""type"":""MultiPoint"",""coordinates"":[]}"
4381,2024-12-30,0.0146174569203711,"{""type"":""MultiPoint"",""coordinates"":[]}"
4382,2024-12-31,0.014337983102893595,"{""type"":""MultiPoint"",""coordinates"":[]}"
4383,2025-01-01,0.014647062053542588,"{""type"":""MultiPoint"",""coordinates"":[]}"
4384,2025-01-02,0.014405668940129568,"{""type"":""MultiPoint"",""coordinates"":[]}"
4385,2025-01-03,0.0147954410961886,"{""type"":""MultiPoint"",""coordinates"":[]}"
4386,2025-01-04,0.014506583889148017,"{""type"":""MultiPoint"",""coordinates"":[]}"
4387,2025-01-05,0.014615783835693905,"{""type"":""MultiPoint"",""coordinates"":[]}"
4388,2025-01-06,0.01425646191199745,"{""type"":""MultiPoint"",""coordinates"":[]}"
4389,2025-01-07,0.01444739615747038,"{""type"":""MultiPoint"",""coordinates"":[]}"
4390,2025-01-08,0.01482625887460777,"{""type"":""MultiPoint"",""coordinates"":[]}"
4391,2025-01-09,0.015192460366949219,"{""type"":""MultiPoint"",""coordinates"":[]}"
4392,2025-01-10,0.015287144589464563,"{""type"":""MultiPoint"",""coordinates"":[]}"
4393,2025-01-11,0.014321103198416644,"{""type"":""MultiPoint"",""coordinates"":[]}"
4394,2025-01-12,0.013730271224252652,"{""type"":""MultiPoint"",""coordinates"":[]}"
4395,2025-01-13,0.012833389977079524,"{""type"":""MultiPoint"",""coordinates"":[]}"
4396,2025-01-14,0.013447186499704071,"{""type"":""MultiPoint"",""coordinates"":[]}"
4397,2025-01-15,0.013305788417629959,"{""type"":""MultiPoint"",""coordinates"":[]}"
4398,2025-01-16,0.01350319713448333,"{""type"":""MultiPoint"",""coordinates"":[]}"
4399,2025-01-17,0.013491864297871978,"{""type"":""MultiPoint"",""coordinates"":[]}"
4400,2025-01-18,0.01348297573648046,"{""type"":""MultiPoint"",""coordinates"":[]}"
4401,2025-01-19,0.012891830401167717,"{""type"":""MultiPoint"",""coordinates"":[]}"
4402,2025-01-20,0.012649001263379596,"{""type"":""MultiPoint"",""coordinates"":[]}"
4403,2025-01-21,0.013162085196979761,"{""type"":""MultiPoint"",""coordinates"":[]}"
4404,2025-01-22,0.01100920371912615,"{""type"":""MultiPoint"",""coordinates"":[]}"
4405,2025-01-23,0.01115820843478355,"{""type"":""MultiPoint"",""coordinates"":[]}"
4406,2025-01-24,0.011595604657563834,"{""type"":""MultiPoint"",""coordinates"":[]}"
4407,2025-01-25,0.012805930695944275,"{""type"":""MultiPoint"",""coordinates"":[]}"
4408,2025-01-26,0.014829545745761672,"{""type"":""MultiPoint"",""coordinates"":[]}"
4409,2025-01-27,0.014869230068509966,"{""type"":""MultiPoint"",""coordinates"":[]}"
4410,2025-01-28,0.014418045769087546,"{""type"":""MultiPoint"",""coordinates"":[]}"
4411,2025-01-29,0.01427173606709263,"{""type"":""MultiPoint"",""coordinates"":[]}"
4412,2025-01-30,0.014093265670941582,"{""type"":""MultiPoint"",""coordinates"":[]}"
4413,2025-01-31,0.01544332653779668,"{""type"":""MultiPoint"",""coordinates"":[]}"
4414,2025-02-01,0.015019339727184921,"{""type"":""MultiPoint"",""coordinates"":[]}"
4415,2025-02-02,0.015221650416666552,"{""type"":""MultiPoint"",""coordinates"":[]}"
4416,2025-02-03,0.014305909615498687,"{""type"":""MultiPoint"",""coordinates"":[]}"
4417,2025-02-04,0.014060367050106265,"{""type"":""MultiPoint"",""coordinates"":[]}"
4418,2025-02-05,0.014693028894198533,"{""type"":""MultiPoint"",""coordinates"":[]}"
4419,2025-02-06,0.013969577071434558,"{""type"":""MultiPoint"",""coordinates"":[]}"
4420,2025-02-07,0.013693726038386858,"{""type"":""MultiPoint"",""coordinates"":[]}"
4421,2025-02-08,0.015006122208508185,"{""type"":""MultiPoint"",""coordinates"":[]}"
4422,2025-02-09,0.014699107960284003,"{""type"":""MultiPoint"",""coordinates"":[]}"
4423,2025-02-10,0.014749908487407948,"{""type"":""MultiPoint"",""coordinates"":[]}"
4424,2025-02-11,0.014192577232570421,"{""type"":""MultiPoint"",""coordinates"":[]}"
4425,2025-02-12,0.014256113974103965,"{""type"":""MultiPoint"",""coordinates"":[]}"
4426,2025-02-13,0.014982677792170771,"{""type"":""MultiPoint"",""coordinates"":[]}"
4427,2025-02-14,0.014186546690391039,"{""type"":""MultiPoint"",""coordinates"":[]}"
4428,2025-02-15,0.014560932704584644,"{""type"":""MultiPoint"",""coordinates"":[]}"
4429,2025-02-16,0.014611309906731103,"{""type"":""MultiPoint"",""coordinates"":[]}"
4430,2025-02-17,0.014198266997314147,"{""type"":""MultiPoint"",""coordinates"":[]}"
4431,2025-02-18,0.014673532143565244,"{""type"":""MultiPoint"",""coordinates"":[]}"
4432,2025-02-19,0.01373865432150318,"{""type"":""MultiPoint"",""coordinates"":[]}"
4433,2025-02-20,0.014148831780291223,"{""type"":""MultiPoint"",""coordinates"":[]}"
4434,2025-02-21,0.014721714988056205,"{""type"":""MultiPoint"",""coordinates"":[]}"
4435,2025-02-22,0.014418185582428132,"{""type"":""MultiPoint"",""coordinates"":[]}"
4436,2025-02-23,0.014765389567017213,"{""type"":""MultiPoint"",""coordinates"":[]}"
4437,2025-02-24,0.01540573160639995,"{""type"":""MultiPoint"",""coordinates"":[]}"
4438,2025-02-25,0.016028654164412414,"{""type"":""MultiPoint"",""coordinates"":[]}"
4439,2025-02-26,0.014864232767649534,"{""type"":""MultiPoint"",""coordinates"":[]}"
4440,2025-02-27,0.015380047230304008,"{""type"":""MultiPoint"",""coordinates"":[]}"
4441,2025-02-28,0.014518365224244767,"{""type"":""MultiPoint"",""coordinates"":[]}"
4442,2025-03-01,0.015275132160066762,"{""type"":""MultiPoint"",""coordinates"":[]}"
4443,2025-03-02,0.015043674902877056,"{""type"":""MultiPoint"",""coordinates"":[]}"
4444,2025-03-03,0.015463594743754654,"{""type"":""MultiPoint"",""coordinates"":[]}"
4445,2025-03-04,0.015018637018810092,"{""type"":""MultiPoint"",""coordinates"":[]}"
4446,2025-03-05,0.015043258136684735,"{""type"":""MultiPoint"",""coordinates"":[]}"
4447,2025-03-06,0.015108231611615156,"{""type"":""MultiPoint"",""coordinates"":[]}"
4448,2025-03-07,0.014267613458834726,"{""type"":""MultiPoint"",""coordinates"":[]}"
4449,2025-03-08,0.014247567143981657,"{""type"":""MultiPoint"",""coordinates"":[]}"
4450,2025-03-09,0.013584313697195718,"{""type"":""MultiPoint"",""coordinates"":[]}"
4451,2025-03-10,0.01482064901519186,"{""type"":""MultiPoint"",""coordinates"":[]}"
4452,2025-03-11,0.015177195918939741,"{""type"":""MultiPoint"",""coordinates"":[]}"
4453,2025-03-12,0.015159791361068091,"{""type"":""MultiPoint"",""coordinates"":[]}"
4454,2025-03-13,0.014117037150812417,"{""type"":""MultiPoint"",""coordinates"":[]}"
4455,2025-03-14,0.014533390427441372,"{""type"":""MultiPoint"",""coordinates"":[]}"
4456,2025-03-15,0.014683802245506236,"{""type"":""MultiPoint"",""coordinates"":[]}"
4457,2025-03-16,0.014099664849352574,"{""type"":""MultiPoint"",""coordinates"":[]}"
4458,2025-03-17,0.014495086906837228,"{""type"":""MultiPoint"",""coordinates"":[]}"
4459,2025-03-18,0.014531832429781103,"{""type"":""MultiPoint"",""coordinates"":[]}"
4460,2025-03-19,0.014740672011332166,"{""type"":""MultiPoint"",""coordinates"":[]}"
4461,2025-03-20,0.01554461850748911,"{""type"":""MultiPoint"",""coordinates"":[]}"
4462,2025-03-21,0.015748826876410636,"{""type"":""MultiPoint"",""coordinates"":[]}"
4463,2025-03-22,0.01589062404302055,"{""type"":""MultiPoint"",""coordinates"":[]}"
4464,2025-03-23,0.014908653218451156,"{""type"":""MultiPoint"",""coordinates"":[]}"
4465,2025-03-24,0.01467516596653482,"{""type"":""MultiPoint"",""coordinates"":[]}"
4466,2025-03-25,0.01469370678326056,"{""type"":""MultiPoint"",""coordinates"":[]}"
4467,2025-03-26,0.01521374311793773,"{""type"":""MultiPoint"",""coordinates"":[]}"
4468,2025-03-27,0.015503403045588789,"{""type"":""MultiPoint"",""coordinates"":[]}"
4469,2025-03-28,0.015523177560455792,"{""type"":""MultiPoint"",""coordinates"":[]}"
4470,2025-03-29,0.01486464200632469,"{""type"":""MultiPoint"",""coordinates"":[]}"
4471,2025-03-30,0.01558921569930836,"{""type"":""MultiPoint"",""coordinates"":[]}"
4472,2025-03-31,0.015411214486120295,"{""type"":""MultiPoint"",""coordinates"":[]}"
4473,2025-04-01,0.01469600025628563,"{""type"":""MultiPoint"",""coordinates"":[]}"
4474,2025-04-02,0.015270579155245082,"{""type"":""MultiPoint"",""coordinates"":[]}"
4475,2025-04-03,0.015978360285317336,"{""type"":""MultiPoint"",""coordinates"":[]}"
4476,2025-04-04,0.016001388632216004,"{""type"":""MultiPoint"",""coordinates"":[]}"
4477,2025-04-05,0.01571147799155134,"{""type"":""MultiPoint"",""coordinates"":[]}"
4478,2025-04-06,0.015538171692388483,"{""type"":""MultiPoint"",""coordinates"":[]}"
4479,2025-04-07,0.014871581328818537,"{""type"":""MultiPoint"",""coordinates"":[]}"
4480,2025-04-08,0.015888895692466962,"{""type"":""MultiPoint"",""coordinates"":[]}"
4481,2025-04-09,0.0154042160078601,"{""type"":""MultiPoint"",""coordinates"":[]}"
4482,2025-04-10,0.015517128936174582,"{""type"":""MultiPoint"",""coordinates"":[]}"
4483,2025-04-11,0.015253298949331659,"{""type"":""MultiPoint"",""coordinates"":[]}"
4484,2025-04-12,0.014427308979529862,"{""type"":""MultiPoint"",""coordinates"":[]}"
4485,2025-04-13,0.013929287920565761,"{""type"":""MultiPoint"",""coordinates"":[]}"
4486,2025-04-14,0.014723953966422024,"{""type"":""MultiPoint"",""coordinates"":[]}"
4487,2025-04-15,0.015169601810026462,"{""type"":""MultiPoint"",""coordinates"":[]}"
4488,2025-04-16,0.014456343243133793,"{""type"":""MultiPoint"",""coordinates"":[]}"
4489,2025-04-17,0.014555403766599724,"{""type"":""MultiPoint"",""coordinates"":[]}"
4490,2025-04-18,0.01560321169774207,"{""type"":""MultiPoint"",""coordinates"":[]}"
4491,2025-04-19,0.015694515053978918,"{""type"":""MultiPoint"",""coordinates"":[]}"
4492,2025-04-20,0.015433349151650198,"{""type"":""MultiPoint"",""coordinates"":[]}"
4493,2025-04-21,0.015579170078046519,"{""type"":""MultiPoint"",""coordinates"":[]}"
4494,2025-04-22,0.014855986415065225,"{""type"":""MultiPoint"",""coordinates"":[]}"
4495,2025-04-23,0.015261414775999266,"{""type"":""MultiPoint"",""coordinates"":[]}"
4496,2025-04-24,0.015498450218850162,"{""type"":""MultiPoint"",""coordinates"":[]}"
4497,2025-04-25,0.014598671226079449,"{""type"":""MultiPoint"",""coordinates"":[]}"
4498,2025-04-26,0.01543815136812131,"{""type"":""MultiPoint"",""coordinates"":[]}"
4499,2025-04-27,0.014867674670901746,"{""type"":""MultiPoint"",""coordinates"":[]}"
4500,2025-04-28,0.015375835782645439,"{""type"":""MultiPoint"",""coordinates"":[]}"
4501,2025-04-29,0.015289030115006999,"{""type"":""MultiPoint"",""coordinates"":[]}"
4502,2025-04-30,0.014997908341799758,"{""type"":""MultiPoint"",""coordinates"":[]}"
4503,2025-05-01,0.015107939303546833,"{""type"":""MultiPoint"",""coordinates"":[]}"
4504,2025-05-02,0.01506929109766856,"{""type"":""MultiPoint"",""coordinates"":[]}"
4505,2025-05-03,0.01563974379916726,"{""type"":""MultiPoint"",""coordinates"":[]}"
4506,2025-05-04,0.015303988141140637,"{""type"":""MultiPoint"",""coordinates"":[]}"
4507,2025-05-05,0.015318435095931955,"{""type"":""MultiPoint"",""coordinates"":[]}"
4508,2025-05-06,0.014849064327227659,"{""type"":""MultiPoint"",""coordinates"":[]}"
4509,2025-05-07,0.015258563671457762,"{""type"":""MultiPoint"",""coordinates"":[]}"
4510,2025-05-08,0.014919225159079952,"{""type"":""MultiPoint"",""coordinates"":[]}"
4511,2025-05-09,0.015284292961608536,"{""type"":""MultiPoint"",""coordinates"":[]}"
4512,2025-05-10,0.01557840466117333,"{""type"":""MultiPoint"",""coordinates"":[]}"
4513,2025-05-11,0.014898000648774794,"{""type"":""MultiPoint"",""coordinates"":[]}"
4514,2025-05-12,0.015132431637668295,"{""type"":""MultiPoint"",""coordinates"":[]}"
4515,2025-05-13,0.015532319287959812,"{""type"":""MultiPoint"",""coordinates"":[]}"
4516,2025-05-14,0.015402683094470617,"{""type"":""MultiPoint"",""coordinates"":[]}"
4517,2025-05-15,0.015715201505757354,"{""type"":""MultiPoint"",""coordinates"":[]}"
4518,2025-05-16,0.015157746607783207,"{""type"":""MultiPoint"",""coordinates"":[]}"
4519,2025-05-17,0.014792705742625645,"{""type"":""MultiPoint"",""coordinates"":[]}"
4520,2025-05-18,0.014463373054804574,"{""type"":""MultiPoint"",""coordinates"":[]}"
4521,2025-05-19,0.01525434976099415,"{""type"":""MultiPoint"",""coordinates"":[]}"
4522,2025-05-20,0.01561778453732233,"{""type"":""MultiPoint"",""coordinates"":[]}"
4523,2025-05-21,0.016011292418161596,"{""type"":""MultiPoint"",""coordinates"":[]}"
4524,2025-05-22,0.015493276478486905,"{""type"":""MultiPoint"",""coordinates"":[]}"
4525,2025-05-23,0.015070422438100807,"{""type"":""MultiPoint"",""coordinates"":[]}"
4526,2025-05-24,0.015588000912803634,"{""type"":""MultiPoint"",""coordinates"":[]}"
4527,2025-05-25,0.015147752162200647,"{""type"":""MultiPoint"",""coordinates"":[]}"
4528,2025-05-26,0.015748485063616906,"{""type"":""MultiPoint"",""coordinates"":[]}"
4529,2025-05-27,0.015347383789711226,"{""type"":""MultiPoint"",""coordinates"":[]}"
4530,2025-05-28,0.015665096551311323,"{""type"":""MultiPoint"",""coordinates"":[]}"
4531,2025-05-29,0.015592046721997226,"{""type"":""MultiPoint"",""coordinates"":[]}"
4532,2025-05-30,0.015866601443192862,"{""type"":""MultiPoint"",""coordinates"":[]}"
4533,2025-05-31,0.0156421684213865,"{""type"":""MultiPoint"",""coordinates"":[]}"
4534,2025-06-01,0.015624363663733728,"{""type"":""MultiPoint"",""coordinates"":[]}"
4535,2025-06-02,0.015337651641022833,"{""type"":""MultiPoint"",""coordinates"":[]}"
4536,2025-06-03,0.015066248116361697,"{""type"":""MultiPoint"",""coordinates"":[]}"
4537,2025-06-04,0.014998001006936997,"{""type"":""MultiPoint"",""coordinates"":[]}"
4538,2025-06-05,0.015378785845575069,"{""type"":""MultiPoint"",""coordinates"":[]}"
4539,2025-06-06,0.015226272323321676,"{""type"":""MultiPoint"",""coordinates"":[]}"
4540,2025-06-07,0.013971353572547522,"{""type"":""MultiPoint"",""coordinates"":[]}"
4541,2025-06-08,0.014461336738652896,"{""type"":""MultiPoint"",""coordinates"":[]}"
4542,2025-06-09,0.015529900576290888,"{""type"":""MultiPoint"",""coordinates"":[]}"
4543,2025-06-10,0.015506206571561652,"{""type"":""MultiPoint"",""coordinates"":[]}"
4544,2025-06-11,0.015100345358176623,"{""type"":""MultiPoint"",""coordinates"":[]}"
4545,2025-06-12,0.015544556586837214,"{""type"":""MultiPoint"",""coordinates"":[]}"
4546,2025-06-13,0.015568847665966732,"{""type"":""MultiPoint"",""coordinates"":[]}"
4547,2025-06-14,0.014541343095039105,"{""type"":""MultiPoint"",""coordinates"":[]}"
4548,2025-06-15,0.014233437010193181,"{""type"":""MultiPoint"",""coordinates"":[]}"
4549,2025-06-16,0.015029255028476005,"{""type"":""MultiPoint"",""coordinates"":[]}"
4550,2025-06-17,0.015413089416480194,"{""type"":""MultiPoint"",""coordinates"":[]}"
4551,2025-06-18,0.014741768143625265,"{""type"":""MultiPoint"",""coordinates"":[]}"
4552,2025-06-19,0.014256177932926347,"{""type"":""MultiPoint"",""coordinates"":[]}"
4553,2025-06-20,0.015170553930222883,"{""type"":""MultiPoint"",""coordinates"":[]}"
4554,2025-06-21,0.015351081609877998,"{""type"":""MultiPoint"",""coordinates"":[]}"
4555,2025-06-22,0.015410175379204617,"{""type"":""MultiPoint"",""coordinates"":[]}"
4556,2025-06-23,0.014813096369138525,"{""type"":""MultiPoint"",""coordinates"":[]}"
4557,2025-06-24,0.014824410701430745,"{""type"":""MultiPoint"",""coordinates"":[]}"
4558,2025-06-25,0.014822660422614138,"{""type"":""MultiPoint"",""coordinates"":[]}"
4559,2025-06-26,0.014501563187474838,"{""type"":""MultiPoint"",""coordinates"":[]}"
4560,2025-06-27,0.014811979197272908,"{""type"":""MultiPoint"",""coordinates"":[]}"
4561,2025-06-28,0.014791386829844431,"{""type"":""MultiPoint"",""coordinates"":[]}"
4562,2025-06-29,0.014388833518072068,"{""type"":""MultiPoint"",""coordinates"":[]}"
4563,2025-06-30,0.014683690613015776,"{""type"":""MultiPoint"",""coordinates"":[]}"
4564,2025-07-01,0.01484176955528292,"{""type"":""MultiPoint"",""coordinates"":[]}"
4565,2025-07-02,0.014673139670481318,"{""type"":""MultiPoint"",""coordinates"":[]}"
4566,2025-07-03,0.014852312521362132,"{""type"":""MultiPoint"",""coordinates"":[]}"
4567,2025-07-04,0.013464521981935212,"{""type"":""MultiPoint"",""coordinates"":[]}"
4568,2025-07-05,0.013519354219489485,"{""type"":""MultiPoint"",""coordinates"":[]}"
4569,2025-07-06,0.013901661912823077,"{""type"":""MultiPoint"",""coordinates"":[]}"
4570,2025-07-07,0.013637137156309298,"{""type"":""MultiPoint"",""coordinates"":[]}"
4571,2025-07-08,0.014044469021775308,"{""type"":""MultiPoint"",""coordinates"":[]}"
4572,2025-07-09,0.014269454661595148,"{""type"":""MultiPoint"",""coordinates"":[]}"
4573,2025-07-10,0.014934780746470243,"{""type"":""MultiPoint"",""coordinates"":[]}"
4574,2025-07-11,0.014813874299661614,"{""type"":""MultiPoint"",""coordinates"":[]}"
4575,2025-07-12,0.01414285428554448,"{""type"":""MultiPoint"",""coordinates"":[]}"
4576,2025-07-13,0.014245617881009691,"{""type"":""MultiPoint"",""coordinates"":[]}"
4577,2025-07-14,0.014087555285039265,"{""type"":""MultiPoint"",""coordinates"":[]}"
4578,2025-07-15,0.012838227037721103,"{""type"":""MultiPoint"",""coordinates"":[]}"
4579,2025-07-16,0.013051301034882933,"{""type"":""MultiPoint"",""coordinates"":[]}"
4580,2025-07-17,0.014262057918004495,"{""type"":""MultiPoint"",""coordinates"":[]}"
4581,2025-07-18,0.014625021455953173,"{""type"":""MultiPoint"",""coordinates"":[]}"
4582,2025-07-19,0.014326515184085453,"{""type"":""MultiPoint"",""coordinates"":[]}"
4583,2025-07-20,0.013950013688009265,"{""type"":""MultiPoint"",""coordinates"":[]}"
4584,2025-07-21,0.014111144291433226,"{""type"":""MultiPoint"",""coordinates"":[]}"
4585,2025-07-22,0.014053443825973256,"{""type"":""MultiPoint"",""coordinates"":[]}"
4586,2025-07-23,0.014604475154481635,"{""type"":""MultiPoint"",""coordinates"":[]}"
4587,2025-07-24,0.014547450765900492,"{""type"":""MultiPoint"",""coordinates"":[]}"
4588,2025-07-25,0.014984768737895554,"{""type"":""MultiPoint"",""coordinates"":[]}"
4589,2025-07-26,0.015264858169315228,"{""type"":""MultiPoint"",""coordinates"":[]}"
4590,2025-07-27,0.015069381619161428,"{""type"":""MultiPoint"",""coordinates"":[]}"
4591,2025-07-28,0.0150889349806953,"{""type"":""MultiPoint"",""coordinates"":[]}"
4592,2025-07-29,0.014729318953839192,"{""type"":""MultiPoint"",""coordinates"":[]}"
4593,2025-07-30,0.01482813251449417,"{""type"":""MultiPoint"",""coordinates"":[]}"
4594,2025-07-31,0.013956537614431488,"{""type"":""MultiPoint"",""coordinates"":[]}"
4595,2025-08-01,0.014676120379256722,"{""type"":""MultiPoint"",""coordinates"":[]}"
4596,2025-08-02,0.015009201355467886,"{""type"":""MultiPoint"",""coordinates"":[]}"
4597,2025-08-03,0.015145778055071002,"{""type"":""MultiPoint"",""coordinates"":[]}"
4598,2025-08-04,0.014599334639211212,"{""type"":""MultiPoint"",""coordinates"":[]}"
4599,2025-08-05,0.014039181324161737,"{""type"":""MultiPoint"",""coordinates"":[]}"
4600,2025-08-06,0.01307447115801444,"{""type"":""MultiPoint"",""coordinates"":[]}"
4601,2025-08-07,0.013530920314494444,"{""type"":""MultiPoint"",""coordinates"":[]}"
4602,2025-08-08,0.0142100791543643,"{""type"":""MultiPoint"",""coordinates"":[]}"
4603,2025-08-09,0.014728445390618848,"{""type"":""MultiPoint"",""coordinates"":[]}"
4604,2025-08-10,0.01469711667205067,"{""type"":""MultiPoint"",""coordinates"":[]}"
4605,2025-08-11,0.014482959349244222,"{""type"":""MultiPoint"",""coordinates"":[]}"
4606,2025-08-12,0.01407710477092009,"{""type"":""MultiPoint"",""coordinates"":[]}"
4607,2025-08-13,0.014170201924444065,"{""type"":""MultiPoint"",""coordinates"":[]}"
4608,2025-08-14,0.014596005903762274,"{""type"":""MultiPoint"",""coordinates"":[]}"
4609,2025-08-15,0.015191214934469016,"{""type"":""MultiPoint"",""coordinates"":[]}"
4610,2025-08-16,0.01502660227675702,"{""type"":""MultiPoint"",""coordinates"":[]}"
4611,2025-08-17,0.01467916703375219,"{""type"":""MultiPoint"",""coordinates"":[]}"
4612,2025-08-18,0.014746029912602168,"{""type"":""MultiPoint"",""coordinates"":[]}"
4613,2025-08-19,0.014643615015562736,"{""type"":""MultiPoint"",""coordinates"":[]}"
4614,2025-08-20,0.014657880529378026,"{""type"":""MultiPoint"",""coordinates"":[]}"
4615,2025-08-21,0.015590352545449965,"{""type"":""MultiPoint"",""coordinates"":[]}"
4616,2025-08-22,0.014847064134964354,"{""type"":""MultiPoint"",""coordinates"":[]}"
4617,2025-08-23,0.015000001098935123,"{""type"":""MultiPoint"",""coordinates"":[]}"
4618,2025-08-24,0.014132785248921113,"{""type"":""MultiPoint"",""coordinates"":[]}"
4619,2025-08-25,0.014421799182168253,"{""type"":""MultiPoint"",""coordinates"":[]}"
4620,2025-08-26,0.013566878252325444,"{""type"":""MultiPoint"",""coordinates"":[]}"
4621,2025-08-27,0.014043924744837717,"{""type"":""MultiPoint"",""coordinates"":[]}"
4622,2025-08-28,0.01417088688154044,"{""type"":""MultiPoint"",""coordinates"":[]}"
4623,2025-08-29,0.012979108563821208,"{""type"":""MultiPoint"",""coordinates"":[]}"
4624,2025-08-30,0.013444185719374365,"{""type"":""MultiPoint"",""coordinates"":[]}"
4625,2025-08-31,0.013812007838151855,"{""type"":""MultiPoint"",""coordinates"":[]}"
4626,2025-09-01,0.014673239956672886,"{""type"":""MultiPoint"",""coordinates"":[]}"
4627,2025-09-02,0.014968691940335456,"{""type"":""MultiPoint"",""coordinates"":[]}"
4628,2025-09-03,0.014758767998909267,"{""type"":""MultiPoint"",""coordinates"":[]}"
4629,2025-09-04,0.014821325437168839,"{""type"":""MultiPoint"",""coordinates"":[]}"
4630,2025-09-05,0.014783367267631254,"{""type"":""MultiPoint"",""coordinates"":[]}"
4631,2025-09-06,0.014223484875637425,"{""type"":""MultiPoint"",""coordinates"":[]}"
4632,2025-09-07,0.01440750794846303,"{""type"":""MultiPoint"",""coordinates"":[]}"
4633,2025-09-08,0.014180922941585794,"{""type"":""MultiPoint"",""coordinates"":[]}"
4634,2025-09-09,0.014418582575865682,"{""type"":""MultiPoint"",""coordinates"":[]}"
4635,2025-09-10,0.014513206833739418,"{""type"":""MultiPoint"",""coordinates"":[]}"
4636,2025-09-11,0.014610672846460062,"{""type"":""MultiPoint"",""coordinates"":[]}"
4637,2025-09-12,0.014123046430714633,"{""type"":""MultiPoint"",""coordinates"":[]}"
4638,2025-09-13,0.014283157801203749,"{""type"":""MultiPoint"",""coordinates"":[]}"
4639,2025-09-14,0.013841681140103826,"{""type"":""MultiPoint"",""coordinates"":[]}"
4640,2025-09-15,0.014080962476198661,"{""type"":""MultiPoint"",""coordinates"":[]}"
4641,2025-09-16,0.014268916836579463,"{""type"":""MultiPoint"",""coordinates"":[]}"
4642,2025-09-17,0.014186700443318873,"{""type"":""MultiPoint"",""coordinates"":[]}"
4643,2025-09-18,0.014434564095884866,"{""type"":""MultiPoint"",""coordinates"":[]}"
4644,2025-09-19,0.014354045221481862,"{""type"":""MultiPoint"",""coordinates"":[]}"
4645,2025-09-20,0.014275067402225195,"{""type"":""MultiPoint"",""coordinates"":[]}"
4646,2025-09-21,0.013589303105227315,"{""type"":""MultiPoint"",""coordinates"":[]}"
4647,2025-09-22,0.014686078404924073,"{""type"":""MultiPoint"",""coordinates"":[]}"
4648,2025-09-23,0.015164962980240589,"{""type"":""MultiPoint"",""coordinates"":[]}"
4649,2025-09-24,0.014588227387701208,"{""type"":""MultiPoint"",""coordinates"":[]}"
4650,2025-09-25,0.014612180596679769,"{""type"":""MultiPoint"",""coordinates"":[]}"
4651,2025-09-26,0.014262434544139745,"{""type"":""MultiPoint"",""coordinates"":[]}"
4652,2025-09-27,0.014523031643966731,"{""type"":""MultiPoint"",""coordinates"":[]}"
4653,2025-09-28,0.013993954168075575,"{""type"":""MultiPoint"",""coordinates"":[]}"
4654,2025-09-29,0.015117304408058951,"{""type"":""MultiPoint"",""coordinates"":[]}"
4655,2025-09-30,0.014579340772955708,"{""type"":""MultiPoint"",""coordinates"":[]}"
4656,2025-10-01,0.014253985960464448,"{""type"":""MultiPoint"",""coordinates"":[]}"
4657,2025-10-02,0.014783630179597928,"{""type"":""MultiPoint"",""coordinates"":[]}"
4658,2025-10-03,0.01441410306330559,"{""type"":""MultiPoint"",""coordinates"":[]}"
4659,2025-10-04,0.014212760604436952,"{""type"":""MultiPoint"",""coordinates"":[]}"
4660,2025-10-05,0.014351281420706729,"{""type"":""MultiPoint"",""coordinates"":[]}"
4661,2025-10-06,0.014849745983859812,"{""type"":""MultiPoint"",""coordinates"":[]}"
4662,2025-10-07,0.01406250179733286,"{""type"":""MultiPoint"",""coordinates"":[]}"
4663,2025-10-08,0.014550875592096493,"{""type"":""MultiPoint"",""coordinates"":[]}"
4664,2025-10-09,0.014568523811206253,"{""type"":""MultiPoint"",""coordinates"":[]}"
4665,2025-10-10,0.015111077279752997,"{""type"":""MultiPoint"",""coordinates"":[]}"
4666,2025-10-11,0.014757247592087996,"{""type"":""MultiPoint"",""coordinates"":[]}"
4667,2025-10-12,0.014834529546724323,"{""type"":""MultiPoint"",""coordinates"":[]}"
4668,2025-10-13,0.013666567767697741,"{""type"":""MultiPoint"",""coordinates"":[]}"
4669,2025-10-14,0.013983205636104563,"{""type"":""MultiPoint"",""coordinates"":[]}"
4670,2025-10-15,0.014220416410099893,"{""type"":""MultiPoint"",""coordinates"":[]}"
4671,2025-10-16,0.014830885154167707,"{""type"":""MultiPoint"",""coordinates"":[]}"
4672,2025-10-17,0.014495105403051376,"{""type"":""MultiPoint"",""coordinates"":[]}"
4673,2025-10-18,0.014720645997018082,"{""type"":""MultiPoint"",""coordinates"":[]}"
4674,2025-10-19,0.014865499812963881,"{""type"":""MultiPoint"",""coordinates"":[]}"
4675,2025-10-20,0.015175361917391854,"{""type"":""MultiPoint"",""coordinates"":[]}"
4676,2025-10-21,0.014801766815315214,"{""type"":""MultiPoint"",""coordinates"":[]}"
4677,2025-10-22,0.015541889605374932,"{""type"":""MultiPoint"",""coordinates"":[]}"
4678,2025-10-23,0.015709836531404935,"{""type"":""MultiPoint"",""coordinates"":[]}"
4679,2025-10-24,0.01577417014692807,"{""type"":""MultiPoint"",""coordinates"":[]}"
4680,2025-10-25,0.015692945231344627,"{""type"":""MultiPoint"",""coordinates"":[]}"
4681,2025-10-26,0.015528955504873238,"{""type"":""MultiPoint"",""coordinates"":[]}"
4682,2025-10-27,0.0157195320666156,"{""type"":""MultiPoint"",""coordinates"":[]}"
4683,2025-10-28,0.015154061991063552,"{""type"":""MultiPoint"",""coordinates"":[]}"
4684,2025-10-29,0.015404660284820132,"{""type"":""MultiPoint"",""coordinates"":[]}"
4685,2025-10-30,0.01546732767989168,"{""type"":""MultiPoint"",""coordinates"":[]}"
4686,2025-10-31,0.014907038036300857,"{""type"":""MultiPoint"",""coordinates"":[]}"
4687,2025-11-01,0.015149442178572205,"{""type"":""MultiPoint"",""coordinates"":[]}"
4688,2025-11-02,0.015335952812565208,"{""type"":""MultiPoint"",""coordinates"":[]}"
4689,2025-11-03,0.014809970141121015,"{""type"":""MultiPoint"",""coordinates"":[]}"
4690,2025-11-04,0.015216108204078316,"{""type"":""MultiPoint"",""coordinates"":[]}"
4691,2025-11-05,0.015326658251666092,"{""type"":""MultiPoint"",""coordinates"":[]}"
4692,2025-11-06,0.014319299882380126,"{""type"":""MultiPoint"",""coordinates"":[]}"
4693,2025-11-07,0.015118046824328586,"{""type"":""MultiPoint"",""coordinates"":[]}"
4694,2025-11-08,0.014670340205588448,"{""type"":""MultiPoint"",""coordinates"":[]}"
4695,2025-11-09,0.014965584935638342,"{""type"":""MultiPoint"",""coordinates"":[]}"
4696,2025-11-10,0.01575712642848166,"{""type"":""MultiPoint"",""coordinates"":[]}"
4697,2025-11-11,0.015143110243774663,"{""type"":""MultiPoint"",""coordinates"":[]}"
4698,2025-11-12,0.014791096872123162,"{""type"":""MultiPoint"",""coordinates"":[]}"
4699,2025-11-13,0.015127336279296605,"{""type"":""MultiPoint"",""coordinates"":[]}"
4700,2025-11-14,0.014309849094933415,"{""type"":""MultiPoint"",""coordinates"":[]}"
4701,2025-11-15,0.014393288172406494,"{""type"":""MultiPoint"",""coordinates"":[]}"
4702,2025-11-16,0.015106883387087898,"{""type"":""MultiPoint"",""coordinates"":[]}"
4703,2025-11-17,0.014930127492507097,"{""type"":""MultiPoint"",""coordinates"":[]}"
4704,2025-11-18,0.015321155931199175,"{""type"":""MultiPoint"",""coordinates"":[]}"
4705,2025-11-19,0.014774473794778262,"{""type"":""MultiPoint"",""coordinates"":[]}"
4706,2025-11-20,0.014476198736780408,"{""type"":""MultiPoint"",""coordinates"":[]}"
4707,2025-11-21,0.015011306836674121,"{""type"":""MultiPoint"",""coordinates"":[]}"
4708,2025-11-22,0.014851031724587474,"{""type"":""MultiPoint"",""coordinates"":[]}"
4709,2025-11-23,0.014613258586213825,"{""type"":""MultiPoint"",""coordinates"":[]}"
4710,2025-11-24,0.015374990313571158,"{""type"":""MultiPoint"",""coordinates"":[]}"
4711,2025-11-25,0.014861273581787633,"{""type"":""MultiPoint"",""coordinates"":[]}"
4712,2025-11-26,0.01487796354810491,"{""type"":""MultiPoint"",""coordinates"":[]}"
4713,2025-11-27,0.015491800380202966,"{""type"":""MultiPoint"",""coordinates"":[]}"
4714,2025-11-28,0.014944478110111714,"{""type"":""MultiPoint"",""coordinates"":[]}"
4715,2025-11-29,0.014450732893210414,"{""type"":""MultiPoint"",""coordinates"":[]}"
4716,2025-11-30,0.014851990290416122,"{""type"":""MultiPoint"",""coordinates"":[]}"
4717,2025-12-01,0.015012926446787317,"{""type"":""MultiPoint"",""coordinates"":[]}"
4718,2025-12-02,0.01412175900624575,"{""type"":""MultiPoint"",""coordinates"":[]}"
4719,2025-12-03,0.014326125586661497,"{""type"":""MultiPoint"",""coordinates"":[]}"
4720,2025-12-04,0.01522921510678474,"{""type"":""MultiPoint"",""coordinates"":[]}"
4721,2025-12-05,0.015194878067231696,"{""type"":""MultiPoint"",""coordinates"":[]}"
4722,2025-12-06,0.014312060933343515,"{""type"":""MultiPoint"",""coordinates"":[]}"
4723,2025-12-07,0.015611349216786747,"{""type"":""MultiPoint"",""coordinates"":[]}"
4724,2025-12-08,0.015415932612219912,"{""type"":""MultiPoint"",""coordinates"":[]}"
4725,2025-12-09,0.015209797734918104,"{""type"":""MultiPoint"",""coordinates"":[]}"
4726,2025-12-10,0.014256265816967146,"{""type"":""MultiPoint"",""coordinates"":[]}"
4727,2025-12-11,0.014256693688974158,"{""type"":""MultiPoint"",""coordinates"":[]}"
4728,2025-12-12,0.015190982520284007,"{""type"":""MultiPoint"",""coordinates"":[]}"
4729,2025-12-13,0.013840694052735773,"{""type"":""MultiPoint"",""coordinates"":[]}"
4730,2025-12-14,0.013834277137271504,"{""type"":""MultiPoint"",""coordinates"":[]}"
4731,2025-12-15,0.014692626445888271,"{""type"":""MultiPoint"",""coordinates"":[]}"
4732,2025-12-16,0.015146435574845631,"{""type"":""MultiPoint"",""coordinates"":[]}"
4733,2025-12-17,0.015431271361819569,"{""type"":""MultiPoint"",""coordinates"":[]}"
4734,2025-12-18,0.015009990314912902,"{""type"":""MultiPoint"",""coordinates"":[]}"
4735,2025-12-19,0.015254015739439701,"{""type"":""MultiPoint"",""coordinates"":[]}"
4736,2025-12-20,0.014664596161736723,"{""type"":""MultiPoint"",""coordinates"":[]}"
4737,2025-12-21,0.014317774792726988,"{""type"":""MultiPoint"",""coordinates"":[]}"
4738,2025-12-22,0.014845757823368715,"{""type"":""MultiPoint"",""coordinates"":[]}"
4739,2025-12-23,0.01456841094684106,"{""type"":""MultiPoint"",""coordinates"":[]}"
4740,2025-12-24,0.014735225640611313,"{""type"":""MultiPoint"",""coordinates"":[]}"
4741,2025-12-25,0.0146184383456419,"{""type"":""MultiPoint"",""coordinates"":[]}"
4742,2025-12-26,0.014228132798715225,"{""type"":""MultiPoint"",""coordinates"":[]}"
4743,2025-12-27,0.014182035143183504,"{""type"":""MultiPoint"",""coordinates"":[]}"
4744,2025-12-28,0.013307126462152442,"{""type"":""MultiPoint"",""coordinates"":[]}"
4745,2025-12-29,0.013807538062084046,"{""type"":""MultiPoint"",""coordinates"":[]}"
4746,2025-12-30,0.014647088185718646,"{""type"":""MultiPoint"",""coordinates"":[]}"
