system:index,fecha,precip_mm,.geo
20151231,2015-12-31,0.0,"{""type"":""MultiPoint"",""coordinates"":[]}"
20160101,2016-01-01,0.0,"{""type"":""MultiPoint"",""coordinates"":[]}"
20160102,2016-01-02,0.0,"{""type"":""MultiPoint"",""coordinates"":[]}"
20160103,2016-01-03,0.0,"{""type"":""MultiPoint"",""coordinates"":[]}"
20160104,2016-01-04,33.36311340332031,"{""type"":""MultiPoint"",""coordinates"":[]}"
20160105,2016-01-05,11.121039390563965,"{""type"":""MultiPoint"",""coordinates"":[]}"
20160106,2016-01-06,28.422950744628906,"{""type"":""MultiPoint"",""coordinates"":[]}"
20160107,2016-01-07,0.0,"{""type"":""MultiPoint"",""coordinates"":[]}"
20160108,2016-01-08,0.0,"{""type"":""MultiPoint"",""coordinates"":[]}"
20160109,2016-01-09,0.0,"{""type"":""MultiPoint"",""coordinates"":[]}"
20160110,2016-01-10,0.0,"{""type"":""MultiPoint"",""coordinates"":[]}"
20160111,2016-01-11,0.0,"{""type"":""MultiPoint"",""coordinates"":[]}"
20160112,2016-01-12,0.0,"{""type"":""MultiPoint"",""coordinates"":[]}"
20160113,2016-01-13,0.0,"{""type"":""MultiPoint"",""coordinates"":[]}"
20160114,2016-01-14,0.0,"{""type"":""MultiPoint"",""coordinates"":[]}"
20160115,2016-01-15,0.0,"{""type"":""MultiPoint"",""coordinates"":[]}"
20160116,2016-01-16,0.0,"{""type"":""MultiPoint"",""coordinates"":[]}"
20160117,2016-01-17,0.0,"{""type"":""MultiPoint"",""coordinates"":[]}"
20160118,2016-01-18,0.0,"{""type"":""MultiPoint"",""coordinates"":[]}"
20160119,2016-01-19,0.0,"{""type"":""MultiPoint"",""coordinates"":[]}"
20160120,2016-01-20,0.0,"{""type"":""MultiPoint"",""coordinates"":[]}"
20160121,2016-01-21,0.0,"{""type"":""MultiPoint"",""coordinates"":[]}"
20160122,2016-01-22,0.0,"{""type"":""MultiPoint"",""coordinates"":[]}"
20160123,2016-01-23,0.0,"{""type"":""MultiPoint"",""coordinates"":[]}"
20160124,2016-01-24,0.0,"{""type"":""MultiPoint"",""coordinates"":[]}"
20160125,2016-01-25,0.0,"{""type"":""MultiPoint"",""coordinates"":[]}"
20160126,2016-01-26,0.0,"{""type"":""MultiPoint"",""coordinates"":[]}"
20160127,2016-01-27,0.0,"{""type"":""MultiPoint"",""coordinates"":[]}"
20160128,2016-01-28,0.0,"{""type"":""MultiPoint"",""coordinates"":[]}"
20160129,2016-01-29,0.0,"{""type"":""MultiPoint"",""coordinates"":[]}"
20160130,2016-01-30,0.0,"{""type"":""MultiPoint"",""coordinates"":[]}"
20160131,2016-01-31,0.0,"{""type"":""MultiPoint"",""coordinates"":[]}"
20160201,2016-02-01,0.0,"{""type"":""MultiPoint"",""coordinates"":[]}"
20160202,2016-02-02,0.0,"{""type"":""MultiPoint"",""coordinates"":[]}"
20160203,2016-02-03,0.0,"{""type"":""MultiPoint"",""coordinates"":[]}"
20160204,2016-02-04,0.0,"{""type"":""MultiPoint"",""coordinates"":[]}"
20160205,2016-02-05,17.17185401916504,"{""type"":""MultiPoint"",""coordinates"":[]}"
20160206,2016-02-06,0.0,"{""type"":""MultiPoint"",""coordinates"":[]}"
20160207,2016-02-07,0.0,"{""type"":""MultiPoint"",""coordinates"":[]}"
20160208,2016-02-08,0.0,"{""type"":""MultiPoint"",""coordinates"":[]}"
20160209,2016-02-09,0.0,"{""type"":""MultiPoint"",""coordinates"":[]}"
20160210,2016-02-10,0.0,"{""type"":""MultiPoint"",""coordinates"":[]}"
20160211,2016-02-11,0.0,"{""type"":""MultiPoint"",""coordinates"":[]}"
20160212,2016-02-12,0.0,"{""type"":""MultiPoint"",""coordinates"":[]}"
20160213,2016-02-13,0.0,"{""type"":""MultiPoint"",""coordinates"":[]}"
20160214,2016-02-14,0.0,"{""type"":""MultiPoint"",""coordinates"":[]}"
20160215,2016-02-15,0.0,"{""type"":""MultiPoint"",""coordinates"":[]}"
20160216,2016-02-16,0.0,"{""type"":""MultiPoint"",""coordinates"":[]}"
20160217,2016-02-17,23.309083938598633,"{""type"":""MultiPoint"",""coordinates"":[]}"
20160218,2016-02-18,0.0,"{""type"":""MultiPoint"",""coordinates"":[]}"
20160219,2016-02-19,11.654541969299316,"{""type"":""MultiPoint"",""coordinates"":[]}"
20160220,2016-02-20,0.0,"{""type"":""MultiPoint"",""coordinates"":[]}"
20160221,2016-02-21,12.410346984863281,"{""type"":""MultiPoint"",""coordinates"":[]}"
20160222,2016-02-22,0.0,"{""type"":""MultiPoint"",""coordinates"":[]}"
20160223,2016-02-23,12.410346984863281,"{""type"":""MultiPoint"",""coordinates"":[]}"
20160224,2016-02-24,0.0,"{""type"":""MultiPoint"",""coordinates"":[]}"
20160225,2016-02-25,12.410346984863281,"{""type"":""MultiPoint"",""coordinates"":[]}"
20160226,2016-02-26,0.0,"{""type"":""MultiPoint"",""coordinates"":[]}"
20160227,2016-02-27,0.0,"{""type"":""MultiPoint"",""coordinates"":[]}"
20160228,2016-02-28,0.0,"{""type"":""MultiPoint"",""coordinates"":[]}"
20160229,2016-02-29,0.0,"{""type"":""MultiPoint"",""coordinates"":[]}"
20160301,2016-03-01,0.0,"{""type"":""MultiPoint"",""coordinates"":[]}"
20160302,2016-03-02,0.0,"{""type"":""MultiPoint"",""coordinates"":[]}"
20160303,2016-03-03,0.0,"{""type"":""MultiPoint"",""coordinates"":[]}"
20160304,2016-03-04,0.0,"{""type"":""MultiPoint"",""coordinates"":[]}"
20160305,2016-03-05,0.0,"{""type"":""MultiPoint"",""coordinates"":[]}"
20160306,2016-03-06,14.840702056884766,"{""type"":""MultiPoint"",""coordinates"":[]}"
20160307,2016-03-07,0.0,"{""type"":""MultiPoint"",""coordinates"":[]}"
20160308,2016-03-08,0.0,"{""type"":""MultiPoint"",""coordinates"":[]}"
20160309,2016-03-09,9.893800735473633,"{""type"":""MultiPoint"",""coordinates"":[]}"
20160310,2016-03-10,9.893800735473633,"{""type"":""MultiPoint"",""coordinates"":[]}"
20160311,2016-03-11,0.0,"{""type"":""MultiPoint"",""coordinates"":[]}"
20160312,2016-03-12,0.0,"{""type"":""MultiPoint"",""coordinates"":[]}"
20160313,2016-03-13,15.62392520904541,"{""type"":""MultiPoint"",""coordinates"":[]}"
20160314,2016-03-14,0.0,"{""type"":""MultiPoint"",""coordinates"":[]}"
20160315,2016-03-15,0.0,"{""type"":""MultiPoint"",""coordinates"":[]}"
20160316,2016-03-16,0.0,"{""type"":""MultiPoint"",""coordinates"":[]}"
20160317,2016-03-17,20.040433883666992,"{""type"":""MultiPoint"",""coordinates"":[]}"
20160318,2016-03-18,0.0,"{""type"":""MultiPoint"",""coordinates"":[]}"
20160319,2016-03-19,0.0,"{""type"":""MultiPoint"",""coordinates"":[]}"
20160320,2016-03-20,0.0,"{""type"":""MultiPoint"",""coordinates"":[]}"
20160321,2016-03-21,0.0,"{""type"":""MultiPoint"",""coordinates"":[]}"
20160322,2016-03-22,0.0,"{""type"":""MultiPoint"",""coordinates"":[]}"
20160323,2016-03-23,11.608146667480469,"{""type"":""MultiPoint"",""coordinates"":[]}"
20160324,2016-03-24,0.0,"{""type"":""MultiPoint"",""coordinates"":[]}"
20160325,2016-03-25,0.0,"{""type"":""MultiPoint"",""coordinates"":[]}"
20160326,2016-03-26,0.0,"{""type"":""MultiPoint"",""coordinates"":[]}"
20160327,2016-03-27,8.540694236755371,"{""type"":""MultiPoint"",""coordinates"":[]}"
20160328,2016-03-28,0.0,"{""type"":""MultiPoint"",""coordinates"":[]}"
20160329,2016-03-29,0.0,"{""type"":""MultiPoint"",""coordinates"":[]}"
20160330,2016-03-30,8.540694236755371,"{""type"":""MultiPoint"",""coordinates"":[]}"
20160331,2016-03-31,8.540694236755371,"{""type"":""MultiPoint"",""coordinates"":[]}"
20160401,2016-04-01,0.0,"{""type"":""MultiPoint"",""coordinates"":[]}"
20160402,2016-04-02,0.0,"{""type"":""MultiPoint"",""coordinates"":[]}"
20160403,2016-04-03,0.0,"{""type"":""MultiPoint"",""coordinates"":[]}"
20160404,2016-04-04,0.0,"{""type"":""MultiPoint"",""coordinates"":[]}"
20160405,2016-04-05,20.9246768951416,"{""type"":""MultiPoint"",""coordinates"":[]}"
20160406,2016-04-06,0.0,"{""type"":""MultiPoint"",""coordinates"":[]}"
20160407,2016-04-07,14.833067893981934,"{""type"":""MultiPoint"",""coordinates"":[]}"
20160408,2016-04-08,0.0,"{""type"":""MultiPoint"",""coordinates"":[]}"
20160409,2016-04-09,22.249601364135742,"{""type"":""MultiPoint"",""coordinates"":[]}"
20160410,2016-04-10,7.416533946990967,"{""type"":""MultiPoint"",""coordinates"":[]}"
20160411,2016-04-11,0.0,"{""type"":""MultiPoint"",""coordinates"":[]}"
20160412,2016-04-12,27.50249671936035,"{""type"":""MultiPoint"",""coordinates"":[]}"
20160413,2016-04-13,0.0,"{""type"":""MultiPoint"",""coordinates"":[]}"
20160414,2016-04-14,0.0,"{""type"":""MultiPoint"",""coordinates"":[]}"
20160415,2016-04-15,0.0,"{""type"":""MultiPoint"",""coordinates"":[]}"
20160416,2016-04-16,16.191055297851562,"{""type"":""MultiPoint"",""coordinates"":[]}"
20160417,2016-04-17,16.191055297851562,"{""type"":""MultiPoint"",""coordinates"":[]}"
20160418,2016-04-18,0.0,"{""type"":""MultiPoint"",""coordinates"":[]}"
20160419,2016-04-19,0.0,"{""type"":""MultiPoint"",""coordinates"":[]}"
20160420,2016-04-20,0.0,"{""type"":""MultiPoint"",""coordinates"":[]}"
20160421,2016-04-21,5.177708148956299,"{""type"":""MultiPoint"",""coordinates"":[]}"
20160422,2016-04-22,0.0,"{""type"":""MultiPoint"",""coordinates"":[]}"
20160423,2016-04-23,10.355416297912598,"{""type"":""MultiPoint"",""coordinates"":[]}"
20160424,2016-04-24,20.710832595825195,"{""type"":""MultiPoint"",""coordinates"":[]}"
20160425,2016-04-25,5.177708148956299,"{""type"":""MultiPoint"",""coordinates"":[]}"
20160426,2016-04-26,12.939979553222656,"{""type"":""MultiPoint"",""coordinates"":[]}"
20160427,2016-04-27,6.469989776611328,"{""type"":""MultiPoint"",""coordinates"":[]}"
20160428,2016-04-28,12.939979553222656,"{""type"":""MultiPoint"",""coordinates"":[]}"
20160429,2016-04-29,12.939979553222656,"{""type"":""MultiPoint"",""coordinates"":[]}"
20160430,2016-04-30,0.0,"{""type"":""MultiPoint"",""coordinates"":[]}"
20160501,2016-05-01,5.75324010848999,"{""type"":""MultiPoint"",""coordinates"":[]}"
20160502,2016-05-02,0.0,"{""type"":""MultiPoint"",""coordinates"":[]}"
20160503,2016-05-03,0.0,"{""type"":""MultiPoint"",""coordinates"":[]}"
20160504,2016-05-04,23.01296043395996,"{""type"":""MultiPoint"",""coordinates"":[]}"
20160505,2016-05-05,5.75324010848999,"{""type"":""MultiPoint"",""coordinates"":[]}"
20160506,2016-05-06,23.269529342651367,"{""type"":""MultiPoint"",""coordinates"":[]}"
20160507,2016-05-07,17.452146530151367,"{""type"":""MultiPoint"",""coordinates"":[]}"
20160508,2016-05-08,5.817382335662842,"{""type"":""MultiPoint"",""coordinates"":[]}"
20160509,2016-05-09,5.817382335662842,"{""type"":""MultiPoint"",""coordinates"":[]}"
20160510,2016-05-10,23.269529342651367,"{""type"":""MultiPoint"",""coordinates"":[]}"
20160511,2016-05-11,0.0,"{""type"":""MultiPoint"",""coordinates"":[]}"
20160512,2016-05-12,0.0,"{""type"":""MultiPoint"",""coordinates"":[]}"
20160513,2016-05-13,0.0,"{""type"":""MultiPoint"",""coordinates"":[]}"
20160514,2016-05-14,9.987317085266113,"{""type"":""MultiPoint"",""coordinates"":[]}"
20160515,2016-05-15,0.0,"{""type"":""MultiPoint"",""coordinates"":[]}"
20160516,2016-05-16,3.156822443008423,"{""type"":""MultiPoint"",""coordinates"":[]}"
20160517,2016-05-17,0.0,"{""type"":""MultiPoint"",""coordinates"":[]}"
20160518,2016-05-18,9.470467567443848,"{""type"":""MultiPoint"",""coordinates"":[]}"
20160519,2016-05-19,0.0,"{""type"":""MultiPoint"",""coordinates"":[]}"
20160520,2016-05-20,0.0,"{""type"":""MultiPoint"",""coordinates"":[]}"
20160521,2016-05-21,0.0,"{""type"":""MultiPoint"",""coordinates"":[]}"
20160522,2016-05-22,0.0,"{""type"":""MultiPoint"",""coordinates"":[]}"
20160523,2016-05-23,14.798864364624023,"{""type"":""MultiPoint"",""coordinates"":[]}"
20160524,2016-05-24,0.0,"{""type"":""MultiPoint"",""coordinates"":[]}"
20160525,2016-05-25,0.0,"{""type"":""MultiPoint"",""coordinates"":[]}"
20160526,2016-05-26,12.552436828613281,"{""type"":""MultiPoint"",""coordinates"":[]}"
20160527,2016-05-27,0.0,"{""type"":""MultiPoint"",""coordinates"":[]}"
20160528,2016-05-28,8.368291854858398,"{""type"":""MultiPoint"",""coordinates"":[]}"
20160529,2016-05-29,0.0,"{""type"":""MultiPoint"",""coordinates"":[]}"
20160530,2016-05-30,8.368291854858398,"{""type"":""MultiPoint"",""coordinates"":[]}"
20160531,2016-05-31,12.552436828613281,"{""type"":""MultiPoint"",""coordinates"":[]}"
20160601,2016-06-01,5.388643741607666,"{""type"":""MultiPoint"",""coordinates"":[]}"
20160602,2016-06-02,0.0,"{""type"":""MultiPoint"",""coordinates"":[]}"
20160603,2016-06-03,0.0,"{""type"":""MultiPoint"",""coordinates"":[]}"
20160604,2016-06-04,5.388643741607666,"{""type"":""MultiPoint"",""coordinates"":[]}"
20160605,2016-06-05,0.0,"{""type"":""MultiPoint"",""coordinates"":[]}"
20160606,2016-06-06,5.086502552032471,"{""type"":""MultiPoint"",""coordinates"":[]}"
20160607,2016-06-07,0.0,"{""type"":""MultiPoint"",""coordinates"":[]}"
20160608,2016-06-08,0.0,"{""type"":""MultiPoint"",""coordinates"":[]}"
20160609,2016-06-09,5.086502552032471,"{""type"":""MultiPoint"",""coordinates"":[]}"
20160610,2016-06-10,10.173005104064941,"{""type"":""MultiPoint"",""coordinates"":[]}"
20160611,2016-06-11,0.0,"{""type"":""MultiPoint"",""coordinates"":[]}"
20160612,2016-06-12,8.589070320129395,"{""type"":""MultiPoint"",""coordinates"":[]}"
20160613,2016-06-13,4.294535160064697,"{""type"":""MultiPoint"",""coordinates"":[]}"
20160614,2016-06-14,12.883605003356934,"{""type"":""MultiPoint"",""coordinates"":[]}"
20160615,2016-06-15,0.0,"{""type"":""MultiPoint"",""coordinates"":[]}"
20160616,2016-06-16,4.013687610626221,"{""type"":""MultiPoint"",""coordinates"":[]}"
20160617,2016-06-17,0.0,"{""type"":""MultiPoint"",""coordinates"":[]}"
20160618,2016-06-18,0.0,"{""type"":""MultiPoint"",""coordinates"":[]}"
20160619,2016-06-19,8.027375221252441,"{""type"":""MultiPoint"",""coordinates"":[]}"
20160620,2016-06-20,0.0,"{""type"":""MultiPoint"",""coordinates"":[]}"
20160621,2016-06-21,0.0,"{""type"":""MultiPoint"",""coordinates"":[]}"
20160622,2016-06-22,0.0,"{""type"":""MultiPoint"",""coordinates"":[]}"
20160623,2016-06-23,0.0,"{""type"":""MultiPoint"",""coordinates"":[]}"
20160624,2016-06-24,0.0,"{""type"":""MultiPoint"",""coordinates"":[]}"
20160625,2016-06-25,10.008682250976562,"{""type"":""MultiPoint"",""coordinates"":[]}"
20160626,2016-06-26,0.0,"{""type"":""MultiPoint"",""coordinates"":[]}"
20160627,2016-06-27,0.0,"{""type"":""MultiPoint"",""coordinates"":[]}"
20160628,2016-06-28,14.480435371398926,"{""type"":""MultiPoint"",""coordinates"":[]}"
20160629,2016-06-29,0.0,"{""type"":""MultiPoint"",""coordinates"":[]}"
20160630,2016-06-30,0.0,"{""type"":""MultiPoint"",""coordinates"":[]}"
20160701,2016-07-01,18.506078720092773,"{""type"":""MultiPoint"",""coordinates"":[]}"
20160702,2016-07-02,9.253039360046387,"{""type"":""MultiPoint"",""coordinates"":[]}"
20160703,2016-07-03,4.626519680023193,"{""type"":""MultiPoint"",""coordinates"":[]}"
20160704,2016-07-04,0.0,"{""type"":""MultiPoint"",""coordinates"":[]}"
20160705,2016-07-05,0.0,"{""type"":""MultiPoint"",""coordinates"":[]}"
20160706,2016-07-06,5.096456527709961,"{""type"":""MultiPoint"",""coordinates"":[]}"
20160707,2016-07-07,0.0,"{""type"":""MultiPoint"",""coordinates"":[]}"
20160708,2016-07-08,0.0,"{""type"":""MultiPoint"",""coordinates"":[]}"
20160709,2016-07-09,0.0,"{""type"":""MultiPoint"",""coordinates"":[]}"
20160710,2016-07-10,0.0,"{""type"":""MultiPoint"",""coordinates"":[]}"
20160711,2016-07-11,0.0,"{""type"":""MultiPoint"",""coordinates"":[]}"
20160712,2016-07-12,5.39513635635376,"{""type"":""MultiPoint"",""coordinates"":[]}"
20160713,2016-07-13,0.0,"{""type"":""MultiPoint"",""coordinates"":[]}"
20160714,2016-07-14,10.79027271270752,"{""type"":""MultiPoint"",""coordinates"":[]}"
20160715,2016-07-15,10.79027271270752,"{""type"":""MultiPoint"",""coordinates"":[]}"
20160716,2016-07-16,8.236151695251465,"{""type"":""MultiPoint"",""coordinates"":[]}"
20160717,2016-07-17,4.118075847625732,"{""type"":""MultiPoint"",""coordinates"":[]}"
20160718,2016-07-18,8.236151695251465,"{""type"":""MultiPoint"",""coordinates"":[]}"
20160719,2016-07-19,0.0,"{""type"":""MultiPoint"",""coordinates"":[]}"
20160720,2016-07-20,0.0,"{""type"":""MultiPoint"",""coordinates"":[]}"
20160721,2016-07-21,5.568932056427002,"{""type"":""MultiPoint"",""coordinates"":[]}"
20160722,2016-07-22,0.0,"{""type"":""MultiPoint"",""coordinates"":[]}"
20160723,2016-07-23,5.568932056427002,"{""type"":""MultiPoint"",""coordinates"":[]}"
20160724,2016-07-24,5.568932056427002,"{""type"":""MultiPoint"",""coordinates"":[]}"
20160725,2016-07-25,5.568932056427002,"{""type"":""MultiPoint"",""coordinates"":[]}"
20160726,2016-07-26,3.2144744396209717,"{""type"":""MultiPoint"",""coordinates"":[]}"
20160727,2016-07-27,3.2144744396209717,"{""type"":""MultiPoint"",""coordinates"":[]}"
20160728,2016-07-28,0.0,"{""type"":""MultiPoint"",""coordinates"":[]}"
20160729,2016-07-29,0.0,"{""type"":""MultiPoint"",""coordinates"":[]}"
20160730,2016-07-30,0.0,"{""type"":""MultiPoint"",""coordinates"":[]}"
20160731,2016-07-31,1.6072372198104858,"{""type"":""MultiPoint"",""coordinates"":[]}"
20160801,2016-08-01,5.243167877197266,"{""type"":""MultiPoint"",""coordinates"":[]}"
20160802,2016-08-02,5.243167877197266,"{""type"":""MultiPoint"",""coordinates"":[]}"
20160803,2016-08-03,0.0,"{""type"":""MultiPoint"",""coordinates"":[]}"
20160804,2016-08-04,10.486335754394531,"{""type"":""MultiPoint"",""coordinates"":[]}"
20160805,2016-08-05,0.0,"{""type"":""MultiPoint"",""coordinates"":[]}"
20160806,2016-08-06,0.0,"{""type"":""MultiPoint"",""coordinates"":[]}"
20160807,2016-08-07,0.0,"{""type"":""MultiPoint"",""coordinates"":[]}"
20160808,2016-08-08,4.796085357666016,"{""type"":""MultiPoint"",""coordinates"":[]}"
20160809,2016-08-09,9.592170715332031,"{""type"":""MultiPoint"",""coordinates"":[]}"
20160810,2016-08-10,4.796085357666016,"{""type"":""MultiPoint"",""coordinates"":[]}"
20160811,2016-08-11,2.159742593765259,"{""type"":""MultiPoint"",""coordinates"":[]}"
20160812,2016-08-12,0.0,"{""type"":""MultiPoint"",""coordinates"":[]}"
20160813,2016-08-13,4.319485187530518,"{""type"":""MultiPoint"",""coordinates"":[]}"
20160814,2016-08-14,4.319485187530518,"{""type"":""MultiPoint"",""coordinates"":[]}"
20160815,2016-08-15,0.0,"{""type"":""MultiPoint"",""coordinates"":[]}"
20160816,2016-08-16,3.1755220890045166,"{""type"":""MultiPoint"",""coordinates"":[]}"
20160817,2016-08-17,3.1755220890045166,"{""type"":""MultiPoint"",""coordinates"":[]}"
20160818,2016-08-18,3.1755220890045166,"{""type"":""MultiPoint"",""coordinates"":[]}"
20160819,2016-08-19,3.1755220890045166,"{""type"":""MultiPoint"",""coordinates"":[]}"
20160820,2016-08-20,0.0,"{""type"":""MultiPoint"",""coordinates"":[]}"
20160821,2016-08-21,0.0,"{""type"":""MultiPoint"",""coordinates"":[]}"
20160822,2016-08-22,0.0,"{""type"":""MultiPoint"",""coordinates"":[]}"
20160823,2016-08-23,0.0,"{""type"":""MultiPoint"",""coordinates"":[]}"
20160824,2016-08-24,10.323211669921875,"{""type"":""MultiPoint"",""coordinates"":[]}"
20160825,2016-08-25,0.0,"{""type"":""MultiPoint"",""coordinates"":[]}"
20160826,2016-08-26,6.271901607513428,"{""type"":""MultiPoint"",""coordinates"":[]}"
20160827,2016-08-27,12.543803215026855,"{""type"":""MultiPoint"",""coordinates"":[]}"
20160828,2016-08-28,12.543803215026855,"{""type"":""MultiPoint"",""coordinates"":[]}"
20160829,2016-08-29,0.0,"{""type"":""MultiPoint"",""coordinates"":[]}"
20160830,2016-08-30,12.543803215026855,"{""type"":""MultiPoint"",""coordinates"":[]}"
20160831,2016-08-31,6.271901607513428,"{""type"":""MultiPoint"",""coordinates"":[]}"
20160901,2016-09-01,12.330599784851074,"{""type"":""MultiPoint"",""coordinates"":[]}"
20160902,2016-09-02,0.0,"{""type"":""MultiPoint"",""coordinates"":[]}"
20160903,2016-09-03,0.0,"{""type"":""MultiPoint"",""coordinates"":[]}"
20160904,2016-09-04,16.440799713134766,"{""type"":""MultiPoint"",""coordinates"":[]}"
20160905,2016-09-05,12.330599784851074,"{""type"":""MultiPoint"",""coordinates"":[]}"
20160906,2016-09-06,17.692218780517578,"{""type"":""MultiPoint"",""coordinates"":[]}"
20160907,2016-09-07,5.897406101226807,"{""type"":""MultiPoint"",""coordinates"":[]}"
20160908,2016-09-08,0.0,"{""type"":""MultiPoint"",""coordinates"":[]}"
20160909,2016-09-09,0.0,"{""type"":""MultiPoint"",""coordinates"":[]}"
20160910,2016-09-10,11.794812202453613,"{""type"":""MultiPoint"",""coordinates"":[]}"
20160911,2016-09-11,9.945361137390137,"{""type"":""MultiPoint"",""coordinates"":[]}"
20160912,2016-09-12,4.972680568695068,"{""type"":""MultiPoint"",""coordinates"":[]}"
20160913,2016-09-13,0.0,"{""type"":""MultiPoint"",""coordinates"":[]}"
20160914,2016-09-14,14.918042182922363,"{""type"":""MultiPoint"",""coordinates"":[]}"
20160915,2016-09-15,19.890722274780273,"{""type"":""MultiPoint"",""coordinates"":[]}"
20160916,2016-09-16,0.0,"{""type"":""MultiPoint"",""coordinates"":[]}"
20160917,2016-09-17,2.4088335037231445,"{""type"":""MultiPoint"",""coordinates"":[]}"
20160918,2016-09-18,0.0,"{""type"":""MultiPoint"",""coordinates"":[]}"
20160919,2016-09-19,2.4088335037231445,"{""type"":""MultiPoint"",""coordinates"":[]}"
20160920,2016-09-20,7.226500511169434,"{""type"":""MultiPoint"",""coordinates"":[]}"
20160921,2016-09-21,6.798159599304199,"{""type"":""MultiPoint"",""coordinates"":[]}"
20160922,2016-09-22,0.0,"{""type"":""MultiPoint"",""coordinates"":[]}"
20160923,2016-09-23,0.0,"{""type"":""MultiPoint"",""coordinates"":[]}"
20160924,2016-09-24,1.6995398998260498,"{""type"":""MultiPoint"",""coordinates"":[]}"
20160925,2016-09-25,8.497699737548828,"{""type"":""MultiPoint"",""coordinates"":[]}"
20160926,2016-09-26,0.0,"{""type"":""MultiPoint"",""coordinates"":[]}"
20160927,2016-09-27,18.15447425842285,"{""type"":""MultiPoint"",""coordinates"":[]}"
20160928,2016-09-28,0.0,"{""type"":""MultiPoint"",""coordinates"":[]}"
20160929,2016-09-29,0.0,"{""type"":""MultiPoint"",""coordinates"":[]}"
20160930,2016-09-30,18.15447425842285,"{""type"":""MultiPoint"",""coordinates"":[]}"
20161001,2016-10-01,11.230263710021973,"{""type"":""MultiPoint"",""coordinates"":[]}"
20161002,2016-10-02,0.0,"{""type"":""MultiPoint"",""coordinates"":[]}"
20161003,2016-10-03,0.0,"{""type"":""MultiPoint"",""coordinates"":[]}"
20161004,2016-10-04,5.615131855010986,"{""type"":""MultiPoint"",""coordinates"":[]}"
20161005,2016-10-05,22.460527420043945,"{""type"":""MultiPoint"",""coordinates"":[]}"
20161006,2016-10-06,5.683727264404297,"{""type"":""MultiPoint"",""coordinates"":[]}"
20161007,2016-10-07,12.991376876831055,"{""type"":""MultiPoint"",""coordinates"":[]}"
20161008,2016-10-08,0.0,"{""type"":""MultiPoint"",""coordinates"":[]}"
20161009,2016-10-09,5.683727264404297,"{""type"":""MultiPoint"",""coordinates"":[]}"
20161010,2016-10-10,17.05118179321289,"{""type"":""MultiPoint"",""coordinates"":[]}"
20161011,2016-10-11,5.067127227783203,"{""type"":""MultiPoint"",""coordinates"":[]}"
20161012,2016-10-12,15.20138168334961,"{""type"":""MultiPoint"",""coordinates"":[]}"
20161013,2016-10-13,0.0,"{""type"":""MultiPoint"",""coordinates"":[]}"
20161014,2016-10-14,20.268508911132812,"{""type"":""MultiPoint"",""coordinates"":[]}"
20161015,2016-10-15,5.067127227783203,"{""type"":""MultiPoint"",""coordinates"":[]}"
20161016,2016-10-16,10.293994903564453,"{""type"":""MultiPoint"",""coordinates"":[]}"
20161017,2016-10-17,0.0,"{""type"":""MultiPoint"",""coordinates"":[]}"
20161018,2016-10-18,20.587989807128906,"{""type"":""MultiPoint"",""coordinates"":[]}"
20161019,2016-10-19,0.0,"{""type"":""MultiPoint"",""coordinates"":[]}"
20161020,2016-10-20,5.146997451782227,"{""type"":""MultiPoint"",""coordinates"":[]}"
20161021,2016-10-21,0.0,"{""type"":""MultiPoint"",""coordinates"":[]}"
20161022,2016-10-22,20.093746185302734,"{""type"":""MultiPoint"",""coordinates"":[]}"
20161023,2016-10-23,0.0,"{""type"":""MultiPoint"",""coordinates"":[]}"
20161024,2016-10-24,0.0,"{""type"":""MultiPoint"",""coordinates"":[]}"
20161025,2016-10-25,13.395831108093262,"{""type"":""MultiPoint"",""coordinates"":[]}"
20161026,2016-10-26,0.0,"{""type"":""MultiPoint"",""coordinates"":[]}"
20161027,2016-10-27,0.0,"{""type"":""MultiPoint"",""coordinates"":[]}"
20161028,2016-10-28,0.0,"{""type"":""MultiPoint"",""coordinates"":[]}"
20161029,2016-10-29,41.36277770996094,"{""type"":""MultiPoint"",""coordinates"":[]}"
20161030,2016-10-30,0.0,"{""type"":""MultiPoint"",""coordinates"":[]}"
20161031,2016-10-31,0.0,"{""type"":""MultiPoint"",""coordinates"":[]}"
20161101,2016-11-01,16.08096694946289,"{""type"":""MultiPoint"",""coordinates"":[]}"
20161102,2016-11-02,0.0,"{""type"":""MultiPoint"",""coordinates"":[]}"
20161103,2016-11-03,0.0,"{""type"":""MultiPoint"",""coordinates"":[]}"
20161104,2016-11-04,5.36032247543335,"{""type"":""MultiPoint"",""coordinates"":[]}"
20161105,2016-11-05,0.0,"{""type"":""MultiPoint"",""coordinates"":[]}"
20161106,2016-11-06,21.32125473022461,"{""type"":""MultiPoint"",""coordinates"":[]}"
20161107,2016-11-07,5.330313682556152,"{""type"":""MultiPoint"",""coordinates"":[]}"
20161108,2016-11-08,5.330313682556152,"{""type"":""MultiPoint"",""coordinates"":[]}"
20161109,2016-11-09,5.330313682556152,"{""type"":""MultiPoint"",""coordinates"":[]}"
20161110,2016-11-10,15.990942001342773,"{""type"":""MultiPoint"",""coordinates"":[]}"
20161111,2016-11-11,15.219500541687012,"{""type"":""MultiPoint"",""coordinates"":[]}"
20161112,2016-11-12,3.804875135421753,"{""type"":""MultiPoint"",""coordinates"":[]}"
20161113,2016-11-13,0.0,"{""type"":""MultiPoint"",""coordinates"":[]}"
20161114,2016-11-14,19.024375915527344,"{""type"":""MultiPoint"",""coordinates"":[]}"
20161115,2016-11-15,0.0,"{""type"":""MultiPoint"",""coordinates"":[]}"
20161116,2016-11-16,0.0,"{""type"":""MultiPoint"",""coordinates"":[]}"
20161117,2016-11-17,11.152094841003418,"{""type"":""MultiPoint"",""coordinates"":[]}"
20161118,2016-11-18,11.152094841003418,"{""type"":""MultiPoint"",""coordinates"":[]}"
20161119,2016-11-19,22.304189682006836,"{""type"":""MultiPoint"",""coordinates"":[]}"
20161120,2016-11-20,0.0,"{""type"":""MultiPoint"",""coordinates"":[]}"
20161121,2016-11-21,0.0,"{""type"":""MultiPoint"",""coordinates"":[]}"
20161122,2016-11-22,0.0,"{""type"":""MultiPoint"",""coordinates"":[]}"
20161123,2016-11-23,0.0,"{""type"":""MultiPoint"",""coordinates"":[]}"
20161124,2016-11-24,0.0,"{""type"":""MultiPoint"",""coordinates"":[]}"
20161125,2016-11-25,16.49272346496582,"{""type"":""MultiPoint"",""coordinates"":[]}"
20161126,2016-11-26,33.96582794189453,"{""type"":""MultiPoint"",""coordinates"":[]}"
20161127,2016-11-27,0.0,"{""type"":""MultiPoint"",""coordinates"":[]}"
20161128,2016-11-28,0.0,"{""type"":""MultiPoint"",""coordinates"":[]}"
20161129,2016-11-29,0.0,"{""type"":""MultiPoint"",""coordinates"":[]}"
20161130,2016-11-30,0.0,"{""type"":""MultiPoint"",""coordinates"":[]}"
20161201,2016-12-01,27.921537399291992,"{""type"":""MultiPoint"",""coordinates"":[]}"
20161202,2016-12-02,11.168614387512207,"{""type"":""MultiPoint"",""coordinates"":[]}"
20161203,2016-12-03,11.168614387512207,"{""type"":""MultiPoint"",""coordinates"":[]}"
20161204,2016-12-04,0.0,"{""type"":""MultiPoint"",""coordinates"":[]}"
20161205,2016-12-05,5.5843071937561035,"{""type"":""MultiPoint"",""coordinates"":[]}"
20161206,2016-12-06,0.0,"{""type"":""MultiPoint"",""coordinates"":[]}"
20161207,2016-12-07,42.1787223815918,"{""type"":""MultiPoint"",""coordinates"":[]}"
20161208,2016-12-08,0.0,"{""type"":""MultiPoint"",""coordinates"":[]}"
20161209,2016-12-09,14.059574127197266,"{""type"":""MultiPoint"",""coordinates"":[]}"
20161210,2016-12-10,0.0,"{""type"":""MultiPoint"",""coordinates"":[]}"
20161211,2016-12-11,0.0,"{""type"":""MultiPoint"",""coordinates"":[]}"
20161212,2016-12-12,0.0,"{""type"":""MultiPoint"",""coordinates"":[]}"
20161213,2016-12-13,17.168581008911133,"{""type"":""MultiPoint"",""coordinates"":[]}"
20161214,2016-12-14,0.0,"{""type"":""MultiPoint"",""coordinates"":[]}"
20161215,2016-12-15,0.0,"{""type"":""MultiPoint"",""coordinates"":[]}"
20161216,2016-12-16,0.0,"{""type"":""MultiPoint"",""coordinates"":[]}"
20161217,2016-12-17,11.058660507202148,"{""type"":""MultiPoint"",""coordinates"":[]}"
20161218,2016-12-18,0.0,"{""type"":""MultiPoint"",""coordinates"":[]}"
20161219,2016-12-19,0.0,"{""type"":""MultiPoint"",""coordinates"":[]}"
20161220,2016-12-20,22.117321014404297,"{""type"":""MultiPoint"",""coordinates"":[]}"
20161221,2016-12-21,0.0,"{""type"":""MultiPoint"",""coordinates"":[]}"
20161222,2016-12-22,0.0,"{""type"":""MultiPoint"",""coordinates"":[]}"
20161223,2016-12-23,0.0,"{""type"":""MultiPoint"",""coordinates"":[]}"
20161224,2016-12-24,0.0,"{""type"":""MultiPoint"",""coordinates"":[]}"
20161225,2016-12-25,0.0,"{""type"":""MultiPoint"",""coordinates"":[]}"
20161226,2016-12-26,8.667892456054688,"{""type"":""MultiPoint"",""coordinates"":[]}"
20161227,2016-12-27,17.335784912109375,"{""type"":""MultiPoint"",""coordinates"":[]}"
20161228,2016-12-28,8.667892456054688,"{""type"":""MultiPoint"",""coordinates"":[]}"
20161229,2016-12-29,0.0,"{""type"":""MultiPoint"",""coordinates"":[]}"
20161230,2016-12-30,8.667892456054688,"{""type"":""MultiPoint"",""coordinates"":[]}"
20161231,2016-12-31,17.335784912109375,"{""type"":""MultiPoint"",""coordinates"":[]}"
20170101,2017-01-01,0.0,"{""type"":""MultiPoint"",""coordinates"":[]}"
20170102,2017-01-02,0.0,"{""type"":""MultiPoint"",""coordinates"":[]}"
20170103,2017-01-03,0.0,"{""type"":""MultiPoint"",""coordinates"":[]}"
20170104,2017-01-04,32.978939056396484,"{""type"":""MultiPoint"",""coordinates"":[]}"
20170105,2017-01-05,8.244734764099121,"{""type"":""MultiPoint"",""coordinates"":[]}"
20170106,2017-01-06,13.157198905944824,"{""type"":""MultiPoint"",""coordinates"":[]}"
20170107,2017-01-07,0.0,"{""type"":""MultiPoint"",""coordinates"":[]}"
20170108,2017-01-08,39.471595764160156,"{""type"":""MultiPoint"",""coordinates"":[]}"
20170109,2017-01-09,26.31439781188965,"{""type"":""MultiPoint"",""coordinates"":[]}"
20170110,2017-01-10,13.157198905944824,"{""type"":""MultiPoint"",""coordinates"":[]}"
20170111,2017-01-11,0.0,"{""type"":""MultiPoint"",""coordinates"":[]}"
20170112,2017-01-12,0.0,"{""type"":""MultiPoint"",""coordinates"":[]}"
20170113,2017-01-13,0.0,"{""type"":""MultiPoint"",""coordinates"":[]}"
20170114,2017-01-14,0.0,"{""type"":""MultiPoint"",""coordinates"":[]}"
20170115,2017-01-15,0.0,"{""type"":""MultiPoint"",""coordinates"":[]}"
20170116,2017-01-16,0.0,"{""type"":""MultiPoint"",""coordinates"":[]}"
20170117,2017-01-17,0.0,"{""type"":""MultiPoint"",""coordinates"":[]}"
20170118,2017-01-18,0.0,"{""type"":""MultiPoint"",""coordinates"":[]}"
20170119,2017-01-19,0.0,"{""type"":""MultiPoint"",""coordinates"":[]}"
20170120,2017-01-20,0.0,"{""type"":""MultiPoint"",""coordinates"":[]}"
20170121,2017-01-21,0.0,"{""type"":""MultiPoint"",""coordinates"":[]}"
20170122,2017-01-22,0.0,"{""type"":""MultiPoint"",""coordinates"":[]}"
20170123,2017-01-23,0.0,"{""type"":""MultiPoint"",""coordinates"":[]}"
20170124,2017-01-24,0.0,"{""type"":""MultiPoint"",""coordinates"":[]}"
20170125,2017-01-25,0.0,"{""type"":""MultiPoint"",""coordinates"":[]}"
20170126,2017-01-26,0.0,"{""type"":""MultiPoint"",""coordinates"":[]}"
20170127,2017-01-27,0.0,"{""type"":""MultiPoint"",""coordinates"":[]}"
20170128,2017-01-28,0.0,"{""type"":""MultiPoint"",""coordinates"":[]}"
20170129,2017-01-29,0.0,"{""type"":""MultiPoint"",""coordinates"":[]}"
20170130,2017-01-30,0.0,"{""type"":""MultiPoint"",""coordinates"":[]}"
20170131,2017-01-31,0.0,"{""type"":""MultiPoint"",""coordinates"":[]}"
20170201,2017-02-01,0.0,"{""type"":""MultiPoint"",""coordinates"":[]}"
20170202,2017-02-02,0.0,"{""type"":""MultiPoint"",""coordinates"":[]}"
20170203,2017-02-03,0.0,"{""type"":""MultiPoint"",""coordinates"":[]}"
20170204,2017-02-04,0.0,"{""type"":""MultiPoint"",""coordinates"":[]}"
20170205,2017-02-05,15.715414047241211,"{""type"":""MultiPoint"",""coordinates"":[]}"
20170206,2017-02-06,22.042142868041992,"{""type"":""MultiPoint"",""coordinates"":[]}"
20170207,2017-02-07,0.0,"{""type"":""MultiPoint"",""coordinates"":[]}"
20170208,2017-02-08,0.0,"{""type"":""MultiPoint"",""coordinates"":[]}"
20170209,2017-02-09,11.021071434020996,"{""type"":""MultiPoint"",""coordinates"":[]}"
20170210,2017-02-10,0.0,"{""type"":""MultiPoint"",""coordinates"":[]}"
20170211,2017-02-11,0.0,"{""type"":""MultiPoint"",""coordinates"":[]}"
20170212,2017-02-12,0.0,"{""type"":""MultiPoint"",""coordinates"":[]}"
20170213,2017-02-13,0.0,"{""type"":""MultiPoint"",""coordinates"":[]}"
20170214,2017-02-14,0.0,"{""type"":""MultiPoint"",""coordinates"":[]}"
20170215,2017-02-15,0.0,"{""type"":""MultiPoint"",""coordinates"":[]}"
20170216,2017-02-16,0.0,"{""type"":""MultiPoint"",""coordinates"":[]}"
20170217,2017-02-17,0.0,"{""type"":""MultiPoint"",""coordinates"":[]}"
20170218,2017-02-18,0.0,"{""type"":""MultiPoint"",""coordinates"":[]}"
20170219,2017-02-19,0.0,"{""type"":""MultiPoint"",""coordinates"":[]}"
20170220,2017-02-20,0.0,"{""type"":""MultiPoint"",""coordinates"":[]}"
20170221,2017-02-21,0.0,"{""type"":""MultiPoint"",""coordinates"":[]}"
20170222,2017-02-22,0.0,"{""type"":""MultiPoint"",""coordinates"":[]}"
20170223,2017-02-23,0.0,"{""type"":""MultiPoint"",""coordinates"":[]}"
20170224,2017-02-24,0.0,"{""type"":""MultiPoint"",""coordinates"":[]}"
20170225,2017-02-25,0.0,"{""type"":""MultiPoint"",""coordinates"":[]}"
20170226,2017-02-26,0.0,"{""type"":""MultiPoint"",""coordinates"":[]}"
20170227,2017-02-27,15.97866439819336,"{""type"":""MultiPoint"",""coordinates"":[]}"
20170228,2017-02-28,15.97866439819336,"{""type"":""MultiPoint"",""coordinates"":[]}"
20170301,2017-03-01,9.623104095458984,"{""type"":""MultiPoint"",""coordinates"":[]}"
20170302,2017-03-02,0.0,"{""type"":""MultiPoint"",""coordinates"":[]}"
20170303,2017-03-03,0.0,"{""type"":""MultiPoint"",""coordinates"":[]}"
20170304,2017-03-04,0.0,"{""type"":""MultiPoint"",""coordinates"":[]}"
20170305,2017-03-05,14.43465805053711,"{""type"":""MultiPoint"",""coordinates"":[]}"
20170306,2017-03-06,20.568878173828125,"{""type"":""MultiPoint"",""coordinates"":[]}"
20170307,2017-03-07,6.856293678283691,"{""type"":""MultiPoint"",""coordinates"":[]}"
20170308,2017-03-08,20.568878173828125,"{""type"":""MultiPoint"",""coordinates"":[]}"
20170309,2017-03-09,0.0,"{""type"":""MultiPoint"",""coordinates"":[]}"
20170310,2017-03-10,20.568878173828125,"{""type"":""MultiPoint"",""coordinates"":[]}"
20170311,2017-03-11,0.0,"{""type"":""MultiPoint"",""coordinates"":[]}"
20170312,2017-03-12,46.077083587646484,"{""type"":""MultiPoint"",""coordinates"":[]}"
20170313,2017-03-13,0.0,"{""type"":""MultiPoint"",""coordinates"":[]}"
20170314,2017-03-14,0.0,"{""type"":""MultiPoint"",""coordinates"":[]}"
20170315,2017-03-15,15.359027862548828,"{""type"":""MultiPoint"",""coordinates"":[]}"
20170316,2017-03-16,0.0,"{""type"":""MultiPoint"",""coordinates"":[]}"
20170317,2017-03-17,0.0,"{""type"":""MultiPoint"",""coordinates"":[]}"
20170318,2017-03-18,0.0,"{""type"":""MultiPoint"",""coordinates"":[]}"
20170319,2017-03-19,30.25867462158203,"{""type"":""MultiPoint"",""coordinates"":[]}"
20170320,2017-03-20,0.0,"{""type"":""MultiPoint"",""coordinates"":[]}"
20170321,2017-03-21,7.388774871826172,"{""type"":""MultiPoint"",""coordinates"":[]}"
20170322,2017-03-22,0.0,"{""type"":""MultiPoint"",""coordinates"":[]}"
20170323,2017-03-23,7.388774871826172,"{""type"":""MultiPoint"",""coordinates"":[]}"
20170324,2017-03-24,14.777549743652344,"{""type"":""MultiPoint"",""coordinates"":[]}"
20170325,2017-03-25,7.388774871826172,"{""type"":""MultiPoint"",""coordinates"":[]}"
20170326,2017-03-26,0.0,"{""type"":""MultiPoint"",""coordinates"":[]}"
20170327,2017-03-27,0.0,"{""type"":""MultiPoint"",""coordinates"":[]}"
20170328,2017-03-28,0.0,"{""type"":""MultiPoint"",""coordinates"":[]}"
20170329,2017-03-29,15.626235008239746,"{""type"":""MultiPoint"",""coordinates"":[]}"
20170330,2017-03-30,46.87870407104492,"{""type"":""MultiPoint"",""coordinates"":[]}"
20170331,2017-03-31,0.0,"{""type"":""MultiPoint"",""coordinates"":[]}"
20170401,2017-04-01,0.0,"{""type"":""MultiPoint"",""coordinates"":[]}"
20170402,2017-04-02,0.0,"{""type"":""MultiPoint"",""coordinates"":[]}"
20170403,2017-04-03,0.0,"{""type"":""MultiPoint"",""coordinates"":[]}"
20170404,2017-04-04,0.0,"{""type"":""MultiPoint"",""coordinates"":[]}"
20170405,2017-04-05,0.0,"{""type"":""MultiPoint"",""coordinates"":[]}"
20170406,2017-04-06,0.0,"{""type"":""MultiPoint"",""coordinates"":[]}"
20170407,2017-04-07,0.0,"{""type"":""MultiPoint"",""coordinates"":[]}"
20170408,2017-04-08,33.39790725708008,"{""type"":""MultiPoint"",""coordinates"":[]}"
20170409,2017-04-09,8.34947681427002,"{""type"":""MultiPoint"",""coordinates"":[]}"
20170410,2017-04-10,8.34947681427002,"{""type"":""MultiPoint"",""coordinates"":[]}"
20170411,2017-04-11,2.8277456760406494,"{""type"":""MultiPoint"",""coordinates"":[]}"
20170412,2017-04-12,0.0,"{""type"":""MultiPoint"",""coordinates"":[]}"
20170413,2017-04-13,8.483236312866211,"{""type"":""MultiPoint"",""coordinates"":[]}"
20170414,2017-04-14,16.966472625732422,"{""type"":""MultiPoint"",""coordinates"":[]}"
20170415,2017-04-15,0.0,"{""type"":""MultiPoint"",""coordinates"":[]}"
20170416,2017-04-16,12.23034381866455,"{""type"":""MultiPoint"",""coordinates"":[]}"
20170417,2017-04-17,12.23034381866455,"{""type"":""MultiPoint"",""coordinates"":[]}"
20170418,2017-04-18,3.0575859546661377,"{""type"":""MultiPoint"",""coordinates"":[]}"
20170419,2017-04-19,12.23034381866455,"{""type"":""MultiPoint"",""coordinates"":[]}"
20170420,2017-04-20,9.172757148742676,"{""type"":""MultiPoint"",""coordinates"":[]}"
20170421,2017-04-21,0.0,"{""type"":""MultiPoint"",""coordinates"":[]}"
20170422,2017-04-22,0.0,"{""type"":""MultiPoint"",""coordinates"":[]}"
20170423,2017-04-23,0.0,"{""type"":""MultiPoint"",""coordinates"":[]}"
20170424,2017-04-24,33.67447280883789,"{""type"":""MultiPoint"",""coordinates"":[]}"
20170425,2017-04-25,6.734894752502441,"{""type"":""MultiPoint"",""coordinates"":[]}"
20170426,2017-04-26,11.486026763916016,"{""type"":""MultiPoint"",""coordinates"":[]}"
20170427,2017-04-27,0.0,"{""type"":""MultiPoint"",""coordinates"":[]}"
20170428,2017-04-28,3.8286757469177246,"{""type"":""MultiPoint"",""coordinates"":[]}"
20170429,2017-04-29,3.8286757469177246,"{""type"":""MultiPoint"",""coordinates"":[]}"
20170430,2017-04-30,11.486026763916016,"{""type"":""MultiPoint"",""coordinates"":[]}"
20170501,2017-05-01,10.485906600952148,"{""type"":""MultiPoint"",""coordinates"":[]}"
20170502,2017-05-02,20.971813201904297,"{""type"":""MultiPoint"",""coordinates"":[]}"
20170503,2017-05-03,20.971813201904297,"{""type"":""MultiPoint"",""coordinates"":[]}"
20170504,2017-05-04,0.0,"{""type"":""MultiPoint"",""coordinates"":[]}"
20170505,2017-05-05,31.457719802856445,"{""type"":""MultiPoint"",""coordinates"":[]}"
20170506,2017-05-06,31.391719818115234,"{""type"":""MultiPoint"",""coordinates"":[]}"
20170507,2017-05-07,0.0,"{""type"":""MultiPoint"",""coordinates"":[]}"
20170508,2017-05-08,20.927812576293945,"{""type"":""MultiPoint"",""coordinates"":[]}"
20170509,2017-05-09,20.927812576293945,"{""type"":""MultiPoint"",""coordinates"":[]}"
20170510,2017-05-10,10.463906288146973,"{""type"":""MultiPoint"",""coordinates"":[]}"
20170511,2017-05-11,29.82664680480957,"{""type"":""MultiPoint"",""coordinates"":[]}"
20170512,2017-05-12,0.0,"{""type"":""MultiPoint"",""coordinates"":[]}"
20170513,2017-05-13,0.0,"{""type"":""MultiPoint"",""coordinates"":[]}"
20170514,2017-05-14,29.82664680480957,"{""type"":""MultiPoint"",""coordinates"":[]}"
20170515,2017-05-15,29.82664680480957,"{""type"":""MultiPoint"",""coordinates"":[]}"
20170516,2017-05-16,15.305004119873047,"{""type"":""MultiPoint"",""coordinates"":[]}"
20170517,2017-05-17,5.101667881011963,"{""type"":""MultiPoint"",""coordinates"":[]}"
20170518,2017-05-18,10.203335762023926,"{""type"":""MultiPoint"",""coordinates"":[]}"
20170519,2017-05-19,10.203335762023926,"{""type"":""MultiPoint"",""coordinates"":[]}"
20170520,2017-05-20,15.305004119873047,"{""type"":""MultiPoint"",""coordinates"":[]}"
20170521,2017-05-21,7.014891147613525,"{""type"":""MultiPoint"",""coordinates"":[]}"
20170522,2017-05-22,7.014891147613525,"{""type"":""MultiPoint"",""coordinates"":[]}"
20170523,2017-05-23,0.0,"{""type"":""MultiPoint"",""coordinates"":[]}"
20170524,2017-05-24,0.0,"{""type"":""MultiPoint"",""coordinates"":[]}"
20170525,2017-05-25,0.0,"{""type"":""MultiPoint"",""coordinates"":[]}"
20170526,2017-05-26,0.0,"{""type"":""MultiPoint"",""coordinates"":[]}"
20170527,2017-05-27,0.0,"{""type"":""MultiPoint"",""coordinates"":[]}"
20170528,2017-05-28,0.0,"{""type"":""MultiPoint"",""coordinates"":[]}"
20170529,2017-05-29,3.9437263011932373,"{""type"":""MultiPoint"",""coordinates"":[]}"
20170530,2017-05-30,7.887452602386475,"{""type"":""MultiPoint"",""coordinates"":[]}"
20170531,2017-05-31,7.887452602386475,"{""type"":""MultiPoint"",""coordinates"":[]}"
20170601,2017-06-01,2.238537549972534,"{""type"":""MultiPoint"",""coordinates"":[]}"
20170602,2017-06-02,4.477075099945068,"{""type"":""MultiPoint"",""coordinates"":[]}"
20170603,2017-06-03,0.0,"{""type"":""MultiPoint"",""coordinates"":[]}"
20170604,2017-06-04,4.477075099945068,"{""type"":""MultiPoint"",""coordinates"":[]}"
20170605,2017-06-05,0.0,"{""type"":""MultiPoint"",""coordinates"":[]}"
20170606,2017-06-06,6.489099979400635,"{""type"":""MultiPoint"",""coordinates"":[]}"
20170607,2017-06-07,12.97819995880127,"{""type"":""MultiPoint"",""coordinates"":[]}"
20170608,2017-06-08,6.489099979400635,"{""type"":""MultiPoint"",""coordinates"":[]}"
20170609,2017-06-09,0.0,"{""type"":""MultiPoint"",""coordinates"":[]}"
20170610,2017-06-10,6.489099979400635,"{""type"":""MultiPoint"",""coordinates"":[]}"
20170611,2017-06-11,22.558860778808594,"{""type"":""MultiPoint"",""coordinates"":[]}"
20170612,2017-06-12,15.039240837097168,"{""type"":""MultiPoint"",""coordinates"":[]}"
20170613,2017-06-13,7.519620418548584,"{""type"":""MultiPoint"",""coordinates"":[]}"
20170614,2017-06-14,7.519620418548584,"{""type"":""MultiPoint"",""coordinates"":[]}"
20170615,2017-06-15,7.519620418548584,"{""type"":""MultiPoint"",""coordinates"":[]}"
20170616,2017-06-16,0.0,"{""type"":""MultiPoint"",""coordinates"":[]}"
20170617,2017-06-17,0.0,"{""type"":""MultiPoint"",""coordinates"":[]}"
20170618,2017-06-18,0.0,"{""type"":""MultiPoint"",""coordinates"":[]}"
20170619,2017-06-19,18.99106216430664,"{""type"":""MultiPoint"",""coordinates"":[]}"
20170620,2017-06-20,18.99106216430664,"{""type"":""MultiPoint"",""coordinates"":[]}"
20170621,2017-06-21,19.535152435302734,"{""type"":""MultiPoint"",""coordinates"":[]}"
20170622,2017-06-22,0.0,"{""type"":""MultiPoint"",""coordinates"":[]}"
20170623,2017-06-23,6.511717796325684,"{""type"":""MultiPoint"",""coordinates"":[]}"
20170624,2017-06-24,0.0,"{""type"":""MultiPoint"",""coordinates"":[]}"
20170625,2017-06-25,0.0,"{""type"":""MultiPoint"",""coordinates"":[]}"
20170626,2017-06-26,13.072409629821777,"{""type"":""MultiPoint"",""coordinates"":[]}"
20170627,2017-06-27,13.072409629821777,"{""type"":""MultiPoint"",""coordinates"":[]}"
20170628,2017-06-28,19.608613967895508,"{""type"":""MultiPoint"",""coordinates"":[]}"
20170629,2017-06-29,0.0,"{""type"":""MultiPoint"",""coordinates"":[]}"
20170630,2017-06-30,13.072409629821777,"{""type"":""MultiPoint"",""coordinates"":[]}"
20170701,2017-07-01,0.0,"{""type"":""MultiPoint"",""coordinates"":[]}"
20170702,2017-07-02,0.0,"{""type"":""MultiPoint"",""coordinates"":[]}"
20170703,2017-07-03,0.0,"{""type"":""MultiPoint"",""coordinates"":[]}"
20170704,2017-07-04,0.0,"{""type"":""MultiPoint"",""coordinates"":[]}"
20170705,2017-07-05,0.0,"{""type"":""MultiPoint"",""coordinates"":[]}"
20170706,2017-07-06,2.3367319107055664,"{""type"":""MultiPoint"",""coordinates"":[]}"
20170707,2017-07-07,0.0,"{""type"":""MultiPoint"",""coordinates"":[]}"
20170708,2017-07-08,2.3367319107055664,"{""type"":""MultiPoint"",""coordinates"":[]}"
20170709,2017-07-09,2.3367319107055664,"{""type"":""MultiPoint"",""coordinates"":[]}"
20170710,2017-07-10,0.0,"{""type"":""MultiPoint"",""coordinates"":[]}"
20170711,2017-07-11,25.93777847290039,"{""type"":""MultiPoint"",""coordinates"":[]}"
20170712,2017-07-12,0.0,"{""type"":""MultiPoint"",""coordinates"":[]}"
20170713,2017-07-13,0.0,"{""type"":""MultiPoint"",""coordinates"":[]}"
20170714,2017-07-14,0.0,"{""type"":""MultiPoint"",""coordinates"":[]}"
20170715,2017-07-15,0.0,"{""type"":""MultiPoint"",""coordinates"":[]}"
20170716,2017-07-16,0.0,"{""type"":""MultiPoint"",""coordinates"":[]}"
20170717,2017-07-17,10.115189552307129,"{""type"":""MultiPoint"",""coordinates"":[]}"
20170718,2017-07-18,0.0,"{""type"":""MultiPoint"",""coordinates"":[]}"
20170719,2017-07-19,15.172783851623535,"{""type"":""MultiPoint"",""coordinates"":[]}"
20170720,2017-07-20,5.0575947761535645,"{""type"":""MultiPoint"",""coordinates"":[]}"
20170721,2017-07-21,0.0,"{""type"":""MultiPoint"",""coordinates"":[]}"
20170722,2017-07-22,0.0,"{""type"":""MultiPoint"",""coordinates"":[]}"
20170723,2017-07-23,0.0,"{""type"":""MultiPoint"",""coordinates"":[]}"
20170724,2017-07-24,0.0,"{""type"":""MultiPoint"",""coordinates"":[]}"
20170725,2017-07-25,0.0,"{""type"":""MultiPoint"",""coordinates"":[]}"
20170726,2017-07-26,0.0,"{""type"":""MultiPoint"",""coordinates"":[]}"
20170727,2017-07-27,0.0,"{""type"":""MultiPoint"",""coordinates"":[]}"
20170728,2017-07-28,0.0,"{""type"":""MultiPoint"",""coordinates"":[]}"
20170729,2017-07-29,0.0,"{""type"":""MultiPoint"",""coordinates"":[]}"
20170730,2017-07-30,6.167223930358887,"{""type"":""MultiPoint"",""coordinates"":[]}"
20170731,2017-07-31,0.0,"{""type"":""MultiPoint"",""coordinates"":[]}"
20170801,2017-08-01,0.0,"{""type"":""MultiPoint"",""coordinates"":[]}"
20170802,2017-08-02,0.0,"{""type"":""MultiPoint"",""coordinates"":[]}"
20170803,2017-08-03,0.0,"{""type"":""MultiPoint"",""coordinates"":[]}"
20170804,2017-08-04,17.03891944885254,"{""type"":""MultiPoint"",""coordinates"":[]}"
20170805,2017-08-05,0.0,"{""type"":""MultiPoint"",""coordinates"":[]}"
20170806,2017-08-06,0.0,"{""type"":""MultiPoint"",""coordinates"":[]}"
20170807,2017-08-07,5.911828517913818,"{""type"":""MultiPoint"",""coordinates"":[]}"
20170808,2017-08-08,5.911828517913818,"{""type"":""MultiPoint"",""coordinates"":[]}"
20170809,2017-08-09,5.911828517913818,"{""type"":""MultiPoint"",""coordinates"":[]}"
20170810,2017-08-10,0.0,"{""type"":""MultiPoint"",""coordinates"":[]}"
20170811,2017-08-11,14.68172550201416,"{""type"":""MultiPoint"",""coordinates"":[]}"
20170812,2017-08-12,14.68172550201416,"{""type"":""MultiPoint"",""coordinates"":[]}"
20170813,2017-08-13,0.0,"{""type"":""MultiPoint"",""coordinates"":[]}"
20170814,2017-08-14,0.0,"{""type"":""MultiPoint"",""coordinates"":[]}"
20170815,2017-08-15,0.0,"{""type"":""MultiPoint"",""coordinates"":[]}"
20170816,2017-08-16,16.333860397338867,"{""type"":""MultiPoint"",""coordinates"":[]}"
20170817,2017-08-17,5.444620132446289,"{""type"":""MultiPoint"",""coordinates"":[]}"
20170818,2017-08-18,10.889240264892578,"{""type"":""MultiPoint"",""coordinates"":[]}"
20170819,2017-08-19,27.223100662231445,"{""type"":""MultiPoint"",""coordinates"":[]}"
20170820,2017-08-20,5.444620132446289,"{""type"":""MultiPoint"",""coordinates"":[]}"
20170821,2017-08-21,7.391324996948242,"{""type"":""MultiPoint"",""coordinates"":[]}"
20170822,2017-08-22,0.0,"{""type"":""MultiPoint"",""coordinates"":[]}"
20170823,2017-08-23,0.0,"{""type"":""MultiPoint"",""coordinates"":[]}"
20170824,2017-08-24,0.0,"{""type"":""MultiPoint"",""coordinates"":[]}"
20170825,2017-08-25,0.0,"{""type"":""MultiPoint"",""coordinates"":[]}"
20170826,2017-08-26,5.296412944793701,"{""type"":""MultiPoint"",""coordinates"":[]}"
20170827,2017-08-27,15.889238357543945,"{""type"":""MultiPoint"",""coordinates"":[]}"
20170828,2017-08-28,5.296412944793701,"{""type"":""MultiPoint"",""coordinates"":[]}"
20170829,2017-08-29,5.296412944793701,"{""type"":""MultiPoint"",""coordinates"":[]}"
20170830,2017-08-30,10.592825889587402,"{""type"":""MultiPoint"",""coordinates"":[]}"
20170831,2017-08-31,5.296412944793701,"{""type"":""MultiPoint"",""coordinates"":[]}"
20170901,2017-09-01,0.0,"{""type"":""MultiPoint"",""coordinates"":[]}"
20170902,2017-09-02,9.26789665222168,"{""type"":""MultiPoint"",""coordinates"":[]}"
20170903,2017-09-03,0.0,"{""type"":""MultiPoint"",""coordinates"":[]}"
20170904,2017-09-04,0.0,"{""type"":""MultiPoint"",""coordinates"":[]}"
20170905,2017-09-05,9.26789665222168,"{""type"":""MultiPoint"",""coordinates"":[]}"
20170906,2017-09-06,4.992262840270996,"{""type"":""MultiPoint"",""coordinates"":[]}"
20170907,2017-09-07,14.976788520812988,"{""type"":""MultiPoint"",""coordinates"":[]}"
20170908,2017-09-08,9.984525680541992,"{""type"":""MultiPoint"",""coordinates"":[]}"
20170909,2017-09-09,9.984525680541992,"{""type"":""MultiPoint"",""coordinates"":[]}"
20170910,2017-09-10,19.969051361083984,"{""type"":""MultiPoint"",""coordinates"":[]}"
20170911,2017-09-11,9.024531364440918,"{""type"":""MultiPoint"",""coordinates"":[]}"
20170912,2017-09-12,18.049062728881836,"{""type"":""MultiPoint"",""coordinates"":[]}"
20170913,2017-09-13,27.07359504699707,"{""type"":""MultiPoint"",""coordinates"":[]}"
20170914,2017-09-14,0.0,"{""type"":""MultiPoint"",""coordinates"":[]}"
20170915,2017-09-15,18.049062728881836,"{""type"":""MultiPoint"",""coordinates"":[]}"
20170916,2017-09-16,3.5771896839141846,"{""type"":""MultiPoint"",""coordinates"":[]}"
20170917,2017-09-17,3.5771896839141846,"{""type"":""MultiPoint"",""coordinates"":[]}"
20170918,2017-09-18,3.5771896839141846,"{""type"":""MultiPoint"",""coordinates"":[]}"
20170919,2017-09-19,0.0,"{""type"":""MultiPoint"",""coordinates"":[]}"
20170920,2017-09-20,7.154379367828369,"{""type"":""MultiPoint"",""coordinates"":[]}"
20170921,2017-09-21,0.0,"{""type"":""MultiPoint"",""coordinates"":[]}"
20170922,2017-09-22,6.292153835296631,"{""type"":""MultiPoint"",""coordinates"":[]}"
20170923,2017-09-23,18.876461029052734,"{""type"":""MultiPoint"",""coordinates"":[]}"
20170924,2017-09-24,6.292153835296631,"{""type"":""MultiPoint"",""coordinates"":[]}"
20170925,2017-09-25,6.292153835296631,"{""type"":""MultiPoint"",""coordinates"":[]}"
20170926,2017-09-26,4.798049449920654,"{""type"":""MultiPoint"",""coordinates"":[]}"
20170927,2017-09-27,0.0,"{""type"":""MultiPoint"",""coordinates"":[]}"
20170928,2017-09-28,19.192197799682617,"{""type"":""MultiPoint"",""coordinates"":[]}"
20170929,2017-09-29,4.798049449920654,"{""type"":""MultiPoint"",""coordinates"":[]}"
20170930,2017-09-30,14.394148826599121,"{""type"":""MultiPoint"",""coordinates"":[]}"
20171001,2017-10-01,7.070107936859131,"{""type"":""MultiPoint"",""coordinates"":[]}"
20171002,2017-10-02,14.140215873718262,"{""type"":""MultiPoint"",""coordinates"":[]}"
20171003,2017-10-03,21.210323333740234,"{""type"":""MultiPoint"",""coordinates"":[]}"
20171004,2017-10-04,21.210323333740234,"{""type"":""MultiPoint"",""coordinates"":[]}"
20171005,2017-10-05,0.0,"{""type"":""MultiPoint"",""coordinates"":[]}"
20171006,2017-10-06,4.636929988861084,"{""type"":""MultiPoint"",""coordinates"":[]}"
20171007,2017-10-07,4.636929988861084,"{""type"":""MultiPoint"",""coordinates"":[]}"
20171008,2017-10-08,2.318464994430542,"{""type"":""MultiPoint"",""coordinates"":[]}"
20171009,2017-10-09,11.592325210571289,"{""type"":""MultiPoint"",""coordinates"":[]}"
20171010,2017-10-10,0.0,"{""type"":""MultiPoint"",""coordinates"":[]}"
20171011,2017-10-11,11.473661422729492,"{""type"":""MultiPoint"",""coordinates"":[]}"
20171012,2017-10-12,0.0,"{""type"":""MultiPoint"",""coordinates"":[]}"
20171013,2017-10-13,0.0,"{""type"":""MultiPoint"",""coordinates"":[]}"
20171014,2017-10-14,0.0,"{""type"":""MultiPoint"",""coordinates"":[]}"
20171015,2017-10-15,0.0,"{""type"":""MultiPoint"",""coordinates"":[]}"
20171016,2017-10-16,0.0,"{""type"":""MultiPoint"",""coordinates"":[]}"
20171017,2017-10-17,0.0,"{""type"":""MultiPoint"",""coordinates"":[]}"
20171018,2017-10-18,6.0951642990112305,"{""type"":""MultiPoint"",""coordinates"":[]}"
20171019,2017-10-19,3.0475821495056152,"{""type"":""MultiPoint"",""coordinates"":[]}"
20171020,2017-10-20,3.0475821495056152,"{""type"":""MultiPoint"",""coordinates"":[]}"
20171021,2017-10-21,6.054551601409912,"{""type"":""MultiPoint"",""coordinates"":[]}"
20171022,2017-10-22,24.21820640563965,"{""type"":""MultiPoint"",""coordinates"":[]}"
20171023,2017-10-23,0.0,"{""type"":""MultiPoint"",""coordinates"":[]}"
20171024,2017-10-24,24.21820640563965,"{""type"":""MultiPoint"",""coordinates"":[]}"
20171025,2017-10-25,6.054551601409912,"{""type"":""MultiPoint"",""coordinates"":[]}"
20171026,2017-10-26,19.74250030517578,"{""type"":""MultiPoint"",""coordinates"":[]}"
20171027,2017-10-27,0.0,"{""type"":""MultiPoint"",""coordinates"":[]}"
20171028,2017-10-28,39.48500061035156,"{""type"":""MultiPoint"",""coordinates"":[]}"
20171029,2017-10-29,19.74250030517578,"{""type"":""MultiPoint"",""coordinates"":[]}"
20171030,2017-10-30,0.0,"{""type"":""MultiPoint"",""coordinates"":[]}"
20171031,2017-10-31,9.87125015258789,"{""type"":""MultiPoint"",""coordinates"":[]}"
20171101,2017-11-01,14.16129207611084,"{""type"":""MultiPoint"",""coordinates"":[]}"
20171102,2017-11-02,0.0,"{""type"":""MultiPoint"",""coordinates"":[]}"
20171103,2017-11-03,7.08064603805542,"{""type"":""MultiPoint"",""coordinates"":[]}"
20171104,2017-11-04,21.241939544677734,"{""type"":""MultiPoint"",""coordinates"":[]}"
20171105,2017-11-05,0.0,"{""type"":""MultiPoint"",""coordinates"":[]}"
20171106,2017-11-06,0.0,"{""type"":""MultiPoint"",""coordinates"":[]}"
20171107,2017-11-07,17.345144271850586,"{""type"":""MultiPoint"",""coordinates"":[]}"
20171108,2017-11-08,8.672572135925293,"{""type"":""MultiPoint"",""coordinates"":[]}"
20171109,2017-11-09,0.0,"{""type"":""MultiPoint"",""coordinates"":[]}"
20171110,2017-11-10,0.0,"{""type"":""MultiPoint"",""coordinates"":[]}"
20171111,2017-11-11,0.0,"{""type"":""MultiPoint"",""coordinates"":[]}"
20171112,2017-11-12,0.0,"{""type"":""MultiPoint"",""coordinates"":[]}"
20171113,2017-11-13,40.86210250854492,"{""type"":""MultiPoint"",""coordinates"":[]}"
20171114,2017-11-14,0.0,"{""type"":""MultiPoint"",""coordinates"":[]}"
20171115,2017-11-15,20.43105125427246,"{""type"":""MultiPoint"",""coordinates"":[]}"
20171116,2017-11-16,43.81084060668945,"{""type"":""MultiPoint"",""coordinates"":[]}"
20171117,2017-11-17,0.0,"{""type"":""MultiPoint"",""coordinates"":[]}"
20171118,2017-11-18,0.0,"{""type"":""MultiPoint"",""coordinates"":[]}"
20171119,2017-11-19,0.0,"{""type"":""MultiPoint"",""coordinates"":[]}"
20171120,2017-11-20,10.952710151672363,"{""type"":""MultiPoint"",""coordinates"":[]}"
20171121,2017-11-21,0.0,"{""type"":""MultiPoint"",""coordinates"":[]}"
20171122,2017-11-22,0.0,"{""type"":""MultiPoint"",""coordinates"":[]}"
20171123,2017-11-23,0.0,"{""type"":""MultiPoint"",""coordinates"":[]}"
20171124,2017-11-24,14.012343406677246,"{""type"":""MultiPoint"",""coordinates"":[]}"
20171125,2017-11-25,28.024686813354492,"{""type"":""MultiPoint"",""coordinates"":[]}"
20171126,2017-11-26,0.0,"{""type"":""MultiPoint"",""coordinates"":[]}"
20171127,2017-11-27,19.49654769897461,"{""type"":""MultiPoint"",""coordinates"":[]}"
20171128,2017-11-28,0.0,"{""type"":""MultiPoint"",""coordinates"":[]}"
20171129,2017-11-29,0.0,"{""type"":""MultiPoint"",""coordinates"":[]}"
20171130,2017-11-30,0.0,"{""type"":""MultiPoint"",""coordinates"":[]}"
20171201,2017-12-01,14.524171829223633,"{""type"":""MultiPoint"",""coordinates"":[]}"
20171202,2017-12-02,14.524171829223633,"{""type"":""MultiPoint"",""coordinates"":[]}"
20171203,2017-12-03,0.0,"{""type"":""MultiPoint"",""coordinates"":[]}"
20171204,2017-12-04,0.0,"{""type"":""MultiPoint"",""coordinates"":[]}"
20171205,2017-12-05,0.0,"{""type"":""MultiPoint"",""coordinates"":[]}"
20171206,2017-12-06,0.0,"{""type"":""MultiPoint"",""coordinates"":[]}"
20171207,2017-12-07,20.330373764038086,"{""type"":""MultiPoint"",""coordinates"":[]}"
20171208,2017-12-08,0.0,"{""type"":""MultiPoint"",""coordinates"":[]}"
20171209,2017-12-09,0.0,"{""type"":""MultiPoint"",""coordinates"":[]}"
20171210,2017-12-10,20.330373764038086,"{""type"":""MultiPoint"",""coordinates"":[]}"
20171211,2017-12-11,0.0,"{""type"":""MultiPoint"",""coordinates"":[]}"
20171212,2017-12-12,0.0,"{""type"":""MultiPoint"",""coordinates"":[]}"
20171213,2017-12-13,0.0,"{""type"":""MultiPoint"",""coordinates"":[]}"
20171214,2017-12-14,0.0,"{""type"":""MultiPoint"",""coordinates"":[]}"
20171215,2017-12-15,0.0,"{""type"":""MultiPoint"",""coordinates"":[]}"
20171216,2017-12-16,0.0,"{""type"":""MultiPoint"",""coordinates"":[]}"
20171217,2017-12-17,0.0,"{""type"":""MultiPoint"",""coordinates"":[]}"
20171218,2017-12-18,0.0,"{""type"":""MultiPoint"",""coordinates"":[]}"
20171219,2017-12-19,0.0,"{""type"":""MultiPoint"",""coordinates"":[]}"
20171220,2017-12-20,0.0,"{""type"":""MultiPoint"",""coordinates"":[]}"
20171221,2017-12-21,4.1306328773498535,"{""type"":""MultiPoint"",""coordinates"":[]}"
20171222,2017-12-22,0.0,"{""type"":""MultiPoint"",""coordinates"":[]}"
20171223,2017-12-23,0.0,"{""type"":""MultiPoint"",""coordinates"":[]}"
20171224,2017-12-24,8.261265754699707,"{""type"":""MultiPoint"",""coordinates"":[]}"
20171225,2017-12-25,0.0,"{""type"":""MultiPoint"",""coordinates"":[]}"
20171226,2017-12-26,0.0,"{""type"":""MultiPoint"",""coordinates"":[]}"
20171227,2017-12-27,0.0,"{""type"":""MultiPoint"",""coordinates"":[]}"
20171228,2017-12-28,36.40504455566406,"{""type"":""MultiPoint"",""coordinates"":[]}"
20171229,2017-12-29,36.40504455566406,"{""type"":""MultiPoint"",""coordinates"":[]}"
20171230,2017-12-30,0.0,"{""type"":""MultiPoint"",""coordinates"":[]}"
20171231,2017-12-31,0.0,"{""type"":""MultiPoint"",""coordinates"":[]}"
20180101,2018-01-01,0.0,"{""type"":""MultiPoint"",""coordinates"":[]}"
20180102,2018-01-02,18.54046630859375,"{""type"":""MultiPoint"",""coordinates"":[]}"
20180103,2018-01-03,37.0809326171875,"{""type"":""MultiPoint"",""coordinates"":[]}"
20180104,2018-01-04,18.54046630859375,"{""type"":""MultiPoint"",""coordinates"":[]}"
20180105,2018-01-05,0.0,"{""type"":""MultiPoint"",""coordinates"":[]}"
20180106,2018-01-06,0.0,"{""type"":""MultiPoint"",""coordinates"":[]}"
20180107,2018-01-07,33.42647933959961,"{""type"":""MultiPoint"",""coordinates"":[]}"
20180108,2018-01-08,0.0,"{""type"":""MultiPoint"",""coordinates"":[]}"
20180109,2018-01-09,0.0,"{""type"":""MultiPoint"",""coordinates"":[]}"
20180110,2018-01-10,0.0,"{""type"":""MultiPoint"",""coordinates"":[]}"
20180111,2018-01-11,0.0,"{""type"":""MultiPoint"",""coordinates"":[]}"
20180112,2018-01-12,0.0,"{""type"":""MultiPoint"",""coordinates"":[]}"
20180113,2018-01-13,51.212223052978516,"{""type"":""MultiPoint"",""coordinates"":[]}"
20180114,2018-01-14,0.0,"{""type"":""MultiPoint"",""coordinates"":[]}"
20180115,2018-01-15,0.0,"{""type"":""MultiPoint"",""coordinates"":[]}"
20180116,2018-01-16,0.0,"{""type"":""MultiPoint"",""coordinates"":[]}"
20180117,2018-01-17,0.0,"{""type"":""MultiPoint"",""coordinates"":[]}"
20180118,2018-01-18,0.0,"{""type"":""MultiPoint"",""coordinates"":[]}"
20180119,2018-01-19,0.0,"{""type"":""MultiPoint"",""coordinates"":[]}"
20180120,2018-01-20,0.0,"{""type"":""MultiPoint"",""coordinates"":[]}"
20180121,2018-01-21,0.0,"{""type"":""MultiPoint"",""coordinates"":[]}"
20180122,2018-01-22,8.427358627319336,"{""type"":""MultiPoint"",""coordinates"":[]}"
20180123,2018-01-23,2.106839656829834,"{""type"":""MultiPoint"",""coordinates"":[]}"
20180124,2018-01-24,0.0,"{""type"":""MultiPoint"",""coordinates"":[]}"
20180125,2018-01-25,2.106839656829834,"{""type"":""MultiPoint"",""coordinates"":[]}"
20180126,2018-01-26,0.0,"{""type"":""MultiPoint"",""coordinates"":[]}"
20180127,2018-01-27,0.0,"{""type"":""MultiPoint"",""coordinates"":[]}"
20180128,2018-01-28,9.37149429321289,"{""type"":""MultiPoint"",""coordinates"":[]}"
20180129,2018-01-29,0.0,"{""type"":""MultiPoint"",""coordinates"":[]}"
20180130,2018-01-30,3.1238315105438232,"{""type"":""MultiPoint"",""coordinates"":[]}"
20180131,2018-01-31,12.495326042175293,"{""type"":""MultiPoint"",""coordinates"":[]}"
20180201,2018-02-01,0.0,"{""type"":""MultiPoint"",""coordinates"":[]}"
20180202,2018-02-02,17.125614166259766,"{""type"":""MultiPoint"",""coordinates"":[]}"
20180203,2018-02-03,17.125614166259766,"{""type"":""MultiPoint"",""coordinates"":[]}"
20180204,2018-02-04,0.0,"{""type"":""MultiPoint"",""coordinates"":[]}"
20180205,2018-02-05,0.0,"{""type"":""MultiPoint"",""coordinates"":[]}"
20180206,2018-02-06,0.0,"{""type"":""MultiPoint"",""coordinates"":[]}"
20180207,2018-02-07,0.0,"{""type"":""MultiPoint"",""coordinates"":[]}"
20180208,2018-02-08,0.0,"{""type"":""MultiPoint"",""coordinates"":[]}"
20180209,2018-02-09,0.0,"{""type"":""MultiPoint"",""coordinates"":[]}"
20180210,2018-02-10,0.0,"{""type"":""MultiPoint"",""coordinates"":[]}"
20180211,2018-02-11,0.0,"{""type"":""MultiPoint"",""coordinates"":[]}"
20180212,2018-02-12,0.0,"{""type"":""MultiPoint"",""coordinates"":[]}"
20180213,2018-02-13,0.0,"{""type"":""MultiPoint"",""coordinates"":[]}"
20180214,2018-02-14,0.0,"{""type"":""MultiPoint"",""coordinates"":[]}"
20180215,2018-02-15,0.0,"{""type"":""MultiPoint"",""coordinates"":[]}"
20180216,2018-02-16,10.270545959472656,"{""type"":""MultiPoint"",""coordinates"":[]}"
20180217,2018-02-17,10.270545959472656,"{""type"":""MultiPoint"",""coordinates"":[]}"
20180218,2018-02-18,0.0,"{""type"":""MultiPoint"",""coordinates"":[]}"
20180219,2018-02-19,0.0,"{""type"":""MultiPoint"",""coordinates"":[]}"
20180220,2018-02-20,0.0,"{""type"":""MultiPoint"",""coordinates"":[]}"
20180221,2018-02-21,0.0,"{""type"":""MultiPoint"",""coordinates"":[]}"
20180222,2018-02-22,24.205448150634766,"{""type"":""MultiPoint"",""coordinates"":[]}"
20180223,2018-02-23,0.0,"{""type"":""MultiPoint"",""coordinates"":[]}"
20180224,2018-02-24,0.0,"{""type"":""MultiPoint"",""coordinates"":[]}"
20180225,2018-02-25,0.0,"{""type"":""MultiPoint"",""coordinates"":[]}"
20180226,2018-02-26,0.0,"{""type"":""MultiPoint"",""coordinates"":[]}"
20180227,2018-02-27,0.0,"{""type"":""MultiPoint"",""coordinates"":[]}"
20180228,2018-02-28,0.0,"{""type"":""MultiPoint"",""coordinates"":[]}"
20180301,2018-03-01,0.0,"{""type"":""MultiPoint"",""coordinates"":[]}"
20180302,2018-03-02,0.0,"{""type"":""MultiPoint"",""coordinates"":[]}"
20180303,2018-03-03,0.0,"{""type"":""MultiPoint"",""coordinates"":[]}"
20180304,2018-03-04,0.0,"{""type"":""MultiPoint"",""coordinates"":[]}"
20180305,2018-03-05,0.0,"{""type"":""MultiPoint"",""coordinates"":[]}"
20180306,2018-03-06,0.0,"{""type"":""MultiPoint"",""coordinates"":[]}"
20180307,2018-03-07,0.0,"{""type"":""MultiPoint"",""coordinates"":[]}"
20180308,2018-03-08,0.0,"{""type"":""MultiPoint"",""coordinates"":[]}"
20180309,2018-03-09,8.751781463623047,"{""type"":""MultiPoint"",""coordinates"":[]}"
20180310,2018-03-10,0.0,"{""type"":""MultiPoint"",""coordinates"":[]}"
20180311,2018-03-11,0.0,"{""type"":""MultiPoint"",""coordinates"":[]}"
20180312,2018-03-12,0.0,"{""type"":""MultiPoint"",""coordinates"":[]}"
20180313,2018-03-13,0.0,"{""type"":""MultiPoint"",""coordinates"":[]}"
20180314,2018-03-14,0.0,"{""type"":""MultiPoint"",""coordinates"":[]}"
20180315,2018-03-15,8.196398735046387,"{""type"":""MultiPoint"",""coordinates"":[]}"
20180316,2018-03-16,0.0,"{""type"":""MultiPoint"",""coordinates"":[]}"
20180317,2018-03-17,0.0,"{""type"":""MultiPoint"",""coordinates"":[]}"
20180318,2018-03-18,14.54818058013916,"{""type"":""MultiPoint"",""coordinates"":[]}"
20180319,2018-03-19,0.0,"{""type"":""MultiPoint"",""coordinates"":[]}"
20180320,2018-03-20,29.09636116027832,"{""type"":""MultiPoint"",""coordinates"":[]}"
20180321,2018-03-21,0.0,"{""type"":""MultiPoint"",""coordinates"":[]}"
20180322,2018-03-22,25.791826248168945,"{""type"":""MultiPoint"",""coordinates"":[]}"
20180323,2018-03-23,0.0,"{""type"":""MultiPoint"",""coordinates"":[]}"
20180324,2018-03-24,32.239784240722656,"{""type"":""MultiPoint"",""coordinates"":[]}"
20180325,2018-03-25,0.0,"{""type"":""MultiPoint"",""coordinates"":[]}"
20180326,2018-03-26,10.821956634521484,"{""type"":""MultiPoint"",""coordinates"":[]}"
20180327,2018-03-27,5.410978317260742,"{""type"":""MultiPoint"",""coordinates"":[]}"
20180328,2018-03-28,5.410978317260742,"{""type"":""MultiPoint"",""coordinates"":[]}"
20180329,2018-03-29,32.46586608886719,"{""type"":""MultiPoint"",""coordinates"":[]}"
20180330,2018-03-30,16.232933044433594,"{""type"":""MultiPoint"",""coordinates"":[]}"
20180331,2018-03-31,10.821956634521484,"{""type"":""MultiPoint"",""coordinates"":[]}"
20180401,2018-04-01,32.40467834472656,"{""type"":""MultiPoint"",""coordinates"":[]}"
20180402,2018-04-02,16.20233917236328,"{""type"":""MultiPoint"",""coordinates"":[]}"
20180403,2018-04-03,0.0,"{""type"":""MultiPoint"",""coordinates"":[]}"
20180404,2018-04-04,0.0,"{""type"":""MultiPoint"",""coordinates"":[]}"
20180405,2018-04-05,16.20233917236328,"{""type"":""MultiPoint"",""coordinates"":[]}"
20180406,2018-04-06,9.79067325592041,"{""type"":""MultiPoint"",""coordinates"":[]}"
20180407,2018-04-07,0.0,"{""type"":""MultiPoint"",""coordinates"":[]}"
20180408,2018-04-08,0.0,"{""type"":""MultiPoint"",""coordinates"":[]}"
20180409,2018-04-09,0.0,"{""type"":""MultiPoint"",""coordinates"":[]}"
20180410,2018-04-10,29.372020721435547,"{""type"":""MultiPoint"",""coordinates"":[]}"
20180411,2018-04-11,0.0,"{""type"":""MultiPoint"",""coordinates"":[]}"
20180412,2018-04-12,52.6392707824707,"{""type"":""MultiPoint"",""coordinates"":[]}"
20180413,2018-04-13,0.0,"{""type"":""MultiPoint"",""coordinates"":[]}"
20180414,2018-04-14,0.0,"{""type"":""MultiPoint"",""coordinates"":[]}"
20180415,2018-04-15,0.0,"{""type"":""MultiPoint"",""coordinates"":[]}"
20180416,2018-04-16,1.906852126121521,"{""type"":""MultiPoint"",""coordinates"":[]}"
20180417,2018-04-17,5.720556259155273,"{""type"":""MultiPoint"",""coordinates"":[]}"
20180418,2018-04-18,0.0,"{""type"":""MultiPoint"",""coordinates"":[]}"
20180419,2018-04-19,3.813704252243042,"{""type"":""MultiPoint"",""coordinates"":[]}"
20180420,2018-04-20,11.441112518310547,"{""type"":""MultiPoint"",""coordinates"":[]}"
20180421,2018-04-21,0.0,"{""type"":""MultiPoint"",""coordinates"":[]}"
20180422,2018-04-22,14.877779960632324,"{""type"":""MultiPoint"",""coordinates"":[]}"
20180423,2018-04-23,0.0,"{""type"":""MultiPoint"",""coordinates"":[]}"
20180424,2018-04-24,8.926668167114258,"{""type"":""MultiPoint"",""coordinates"":[]}"
20180425,2018-04-25,8.926668167114258,"{""type"":""MultiPoint"",""coordinates"":[]}"
20180426,2018-04-26,0.0,"{""type"":""MultiPoint"",""coordinates"":[]}"
20180427,2018-04-27,8.995245933532715,"{""type"":""MultiPoint"",""coordinates"":[]}"
20180428,2018-04-28,17.99049186706543,"{""type"":""MultiPoint"",""coordinates"":[]}"
20180429,2018-04-29,17.99049186706543,"{""type"":""MultiPoint"",""coordinates"":[]}"
20180430,2018-04-30,0.0,"{""type"":""MultiPoint"",""coordinates"":[]}"
20180501,2018-05-01,7.109337329864502,"{""type"":""MultiPoint"",""coordinates"":[]}"
20180502,2018-05-02,21.328012466430664,"{""type"":""MultiPoint"",""coordinates"":[]}"
20180503,2018-05-03,7.109337329864502,"{""type"":""MultiPoint"",""coordinates"":[]}"
20180504,2018-05-04,21.328012466430664,"{""type"":""MultiPoint"",""coordinates"":[]}"
20180505,2018-05-05,28.437349319458008,"{""type"":""MultiPoint"",""coordinates"":[]}"
20180506,2018-05-06,0.0,"{""type"":""MultiPoint"",""coordinates"":[]}"
20180507,2018-05-07,32.95598220825195,"{""type"":""MultiPoint"",""coordinates"":[]}"
20180508,2018-05-08,6.591196537017822,"{""type"":""MultiPoint"",""coordinates"":[]}"
20180509,2018-05-09,0.0,"{""type"":""MultiPoint"",""coordinates"":[]}"
20180510,2018-05-10,0.0,"{""type"":""MultiPoint"",""coordinates"":[]}"
20180511,2018-05-11,0.0,"{""type"":""MultiPoint"",""coordinates"":[]}"
20180512,2018-05-12,5.656952381134033,"{""type"":""MultiPoint"",""coordinates"":[]}"
20180513,2018-05-13,16.970857620239258,"{""type"":""MultiPoint"",""coordinates"":[]}"
20180514,2018-05-14,11.313904762268066,"{""type"":""MultiPoint"",""coordinates"":[]}"
20180515,2018-05-15,5.656952381134033,"{""type"":""MultiPoint"",""coordinates"":[]}"
20180516,2018-05-16,8.719512939453125,"{""type"":""MultiPoint"",""coordinates"":[]}"
20180517,2018-05-17,0.0,"{""type"":""MultiPoint"",""coordinates"":[]}"
20180518,2018-05-18,0.0,"{""type"":""MultiPoint"",""coordinates"":[]}"
20180519,2018-05-19,26.158538818359375,"{""type"":""MultiPoint"",""coordinates"":[]}"
20180520,2018-05-20,17.43902587890625,"{""type"":""MultiPoint"",""coordinates"":[]}"
20180521,2018-05-21,0.0,"{""type"":""MultiPoint"",""coordinates"":[]}"
20180522,2018-05-22,0.0,"{""type"":""MultiPoint"",""coordinates"":[]}"
20180523,2018-05-23,33.2657585144043,"{""type"":""MultiPoint"",""coordinates"":[]}"
20180524,2018-05-24,0.0,"{""type"":""MultiPoint"",""coordinates"":[]}"
20180525,2018-05-25,0.0,"{""type"":""MultiPoint"",""coordinates"":[]}"
20180526,2018-05-26,7.146414756774902,"{""type"":""MultiPoint"",""coordinates"":[]}"
20180527,2018-05-27,0.0,"{""type"":""MultiPoint"",""coordinates"":[]}"
20180528,2018-05-28,28.58565902709961,"{""type"":""MultiPoint"",""coordinates"":[]}"
20180529,2018-05-29,0.0,"{""type"":""MultiPoint"",""coordinates"":[]}"
20180530,2018-05-30,14.292829513549805,"{""type"":""MultiPoint"",""coordinates"":[]}"
20180531,2018-05-31,14.292829513549805,"{""type"":""MultiPoint"",""coordinates"":[]}"
20180601,2018-06-01,14.743297576904297,"{""type"":""MultiPoint"",""coordinates"":[]}"
20180602,2018-06-02,11.057472229003906,"{""type"":""MultiPoint"",""coordinates"":[]}"
20180603,2018-06-03,7.371648788452148,"{""type"":""MultiPoint"",""coordinates"":[]}"
20180604,2018-06-04,3.685824394226074,"{""type"":""MultiPoint"",""coordinates"":[]}"
20180605,2018-06-05,0.0,"{""type"":""MultiPoint"",""coordinates"":[]}"
20180606,2018-06-06,0.0,"{""type"":""MultiPoint"",""coordinates"":[]}"
20180607,2018-06-07,0.0,"{""type"":""MultiPoint"",""coordinates"":[]}"
20180608,2018-06-08,0.0,"{""type"":""MultiPoint"",""coordinates"":[]}"
20180609,2018-06-09,4.674402236938477,"{""type"":""MultiPoint"",""coordinates"":[]}"
20180610,2018-06-10,4.674402236938477,"{""type"":""MultiPoint"",""coordinates"":[]}"
20180611,2018-06-11,5.540345191955566,"{""type"":""MultiPoint"",""coordinates"":[]}"
20180612,2018-06-12,8.310518264770508,"{""type"":""MultiPoint"",""coordinates"":[]}"
20180613,2018-06-13,0.0,"{""type"":""MultiPoint"",""coordinates"":[]}"
20180614,2018-06-14,5.540345191955566,"{""type"":""MultiPoint"",""coordinates"":[]}"
20180615,2018-06-15,0.0,"{""type"":""MultiPoint"",""coordinates"":[]}"
20180616,2018-06-16,0.0,"{""type"":""MultiPoint"",""coordinates"":[]}"
20180617,2018-06-17,0.0,"{""type"":""MultiPoint"",""coordinates"":[]}"
20180618,2018-06-18,5.953838348388672,"{""type"":""MultiPoint"",""coordinates"":[]}"
20180619,2018-06-19,0.0,"{""type"":""MultiPoint"",""coordinates"":[]}"
20180620,2018-06-20,0.0,"{""type"":""MultiPoint"",""coordinates"":[]}"
20180621,2018-06-21,0.0,"{""type"":""MultiPoint"",""coordinates"":[]}"
20180622,2018-06-22,0.0,"{""type"":""MultiPoint"",""coordinates"":[]}"
20180623,2018-06-23,8.53280258178711,"{""type"":""MultiPoint"",""coordinates"":[]}"
20180624,2018-06-24,8.53280258178711,"{""type"":""MultiPoint"",""coordinates"":[]}"
20180625,2018-06-25,4.266401290893555,"{""type"":""MultiPoint"",""coordinates"":[]}"
20180626,2018-06-26,5.098469257354736,"{""type"":""MultiPoint"",""coordinates"":[]}"
20180627,2018-06-27,5.098469257354736,"{""type"":""MultiPoint"",""coordinates"":[]}"
20180628,2018-06-28,10.196938514709473,"{""type"":""MultiPoint"",""coordinates"":[]}"
20180629,2018-06-29,5.098469257354736,"{""type"":""MultiPoint"",""coordinates"":[]}"
20180630,2018-06-30,5.098469257354736,"{""type"":""MultiPoint"",""coordinates"":[]}"
20180701,2018-07-01,0.0,"{""type"":""MultiPoint"",""coordinates"":[]}"
20180702,2018-07-02,7.926580905914307,"{""type"":""MultiPoint"",""coordinates"":[]}"
20180703,2018-07-03,11.889871597290039,"{""type"":""MultiPoint"",""coordinates"":[]}"
20180704,2018-07-04,0.0,"{""type"":""MultiPoint"",""coordinates"":[]}"
20180705,2018-07-05,0.0,"{""type"":""MultiPoint"",""coordinates"":[]}"
20180706,2018-07-06,0.0,"{""type"":""MultiPoint"",""coordinates"":[]}"
20180707,2018-07-07,6.083747386932373,"{""type"":""MultiPoint"",""coordinates"":[]}"
20180708,2018-07-08,3.0418736934661865,"{""type"":""MultiPoint"",""coordinates"":[]}"
20180709,2018-07-09,3.0418736934661865,"{""type"":""MultiPoint"",""coordinates"":[]}"
20180710,2018-07-10,3.0418736934661865,"{""type"":""MultiPoint"",""coordinates"":[]}"
20180711,2018-07-11,0.0,"{""type"":""MultiPoint"",""coordinates"":[]}"
20180712,2018-07-12,0.0,"{""type"":""MultiPoint"",""coordinates"":[]}"
20180713,2018-07-13,0.0,"{""type"":""MultiPoint"",""coordinates"":[]}"
20180714,2018-07-14,0.0,"{""type"":""MultiPoint"",""coordinates"":[]}"
20180715,2018-07-15,3.745434522628784,"{""type"":""MultiPoint"",""coordinates"":[]}"
20180716,2018-07-16,0.0,"{""type"":""MultiPoint"",""coordinates"":[]}"
20180717,2018-07-17,0.0,"{""type"":""MultiPoint"",""coordinates"":[]}"
20180718,2018-07-18,0.0,"{""type"":""MultiPoint"",""coordinates"":[]}"
20180719,2018-07-19,0.0,"{""type"":""MultiPoint"",""coordinates"":[]}"
20180720,2018-07-20,1.8177374601364136,"{""type"":""MultiPoint"",""coordinates"":[]}"
20180721,2018-07-21,0.0,"{""type"":""MultiPoint"",""coordinates"":[]}"
20180722,2018-07-22,13.059904098510742,"{""type"":""MultiPoint"",""coordinates"":[]}"
20180723,2018-07-23,0.0,"{""type"":""MultiPoint"",""coordinates"":[]}"
20180724,2018-07-24,6.529952049255371,"{""type"":""MultiPoint"",""coordinates"":[]}"
20180725,2018-07-25,0.0,"{""type"":""MultiPoint"",""coordinates"":[]}"
20180726,2018-07-26,8.260771751403809,"{""type"":""MultiPoint"",""coordinates"":[]}"
20180727,2018-07-27,8.260771751403809,"{""type"":""MultiPoint"",""coordinates"":[]}"
20180728,2018-07-28,0.0,"{""type"":""MultiPoint"",""coordinates"":[]}"
20180729,2018-07-29,0.0,"{""type"":""MultiPoint"",""coordinates"":[]}"
20180730,2018-07-30,8.260771751403809,"{""type"":""MultiPoint"",""coordinates"":[]}"
20180731,2018-07-31,8.260771751403809,"{""type"":""MultiPoint"",""coordinates"":[]}"
20180801,2018-08-01,0.0,"{""type"":""MultiPoint"",""coordinates"":[]}"
20180802,2018-08-02,0.0,"{""type"":""MultiPoint"",""coordinates"":[]}"
20180803,2018-08-03,19.10648536682129,"{""type"":""MultiPoint"",""coordinates"":[]}"
20180804,2018-08-04,19.10648536682129,"{""type"":""MultiPoint"",""coordinates"":[]}"
20180805,2018-08-05,19.10648536682129,"{""type"":""MultiPoint"",""coordinates"":[]}"
20180806,2018-08-06,0.0,"{""type"":""MultiPoint"",""coordinates"":[]}"
20180807,2018-08-07,0.0,"{""type"":""MultiPoint"",""coordinates"":[]}"
20180808,2018-08-08,6.624529838562012,"{""type"":""MultiPoint"",""coordinates"":[]}"
20180809,2018-08-09,0.0,"{""type"":""MultiPoint"",""coordinates"":[]}"
20180810,2018-08-10,0.0,"{""type"":""MultiPoint"",""coordinates"":[]}"
20180811,2018-08-11,0.0,"{""type"":""MultiPoint"",""coordinates"":[]}"
20180812,2018-08-12,0.0,"{""type"":""MultiPoint"",""coordinates"":[]}"
20180813,2018-08-13,0.0,"{""type"":""MultiPoint"",""coordinates"":[]}"
20180814,2018-08-14,24.026622772216797,"{""type"":""MultiPoint"",""coordinates"":[]}"
20180815,2018-08-15,16.01774787902832,"{""type"":""MultiPoint"",""coordinates"":[]}"
20180816,2018-08-16,0.6408364772796631,"{""type"":""MultiPoint"",""coordinates"":[]}"
20180817,2018-08-17,1.9516197443008423,"{""type"":""MultiPoint"",""coordinates"":[]}"
20180818,2018-08-18,8.275912284851074,"{""type"":""MultiPoint"",""coordinates"":[]}"
20180819,2018-08-19,4.191271781921387,"{""type"":""MultiPoint"",""coordinates"":[]}"
20180820,2018-08-20,1.7967041730880737,"{""type"":""MultiPoint"",""coordinates"":[]}"
20180821,2018-08-21,0.0,"{""type"":""MultiPoint"",""coordinates"":[]}"
20180822,2018-08-22,0.0,"{""type"":""MultiPoint"",""coordinates"":[]}"
20180823,2018-08-23,0.0,"{""type"":""MultiPoint"",""coordinates"":[]}"
20180824,2018-08-24,10.681048393249512,"{""type"":""MultiPoint"",""coordinates"":[]}"
20180825,2018-08-25,0.0,"{""type"":""MultiPoint"",""coordinates"":[]}"
20180826,2018-08-26,0.0,"{""type"":""MultiPoint"",""coordinates"":[]}"
20180827,2018-08-27,10.74280071258545,"{""type"":""MultiPoint"",""coordinates"":[]}"
20180828,2018-08-28,0.0,"{""type"":""MultiPoint"",""coordinates"":[]}"
20180829,2018-08-29,0.0,"{""type"":""MultiPoint"",""coordinates"":[]}"
20180830,2018-08-30,16.11420249938965,"{""type"":""MultiPoint"",""coordinates"":[]}"
20180831,2018-08-31,10.74280071258545,"{""type"":""MultiPoint"",""coordinates"":[]}"
20180901,2018-09-01,4.434029579162598,"{""type"":""MultiPoint"",""coordinates"":[]}"
20180902,2018-09-02,4.434029579162598,"{""type"":""MultiPoint"",""coordinates"":[]}"
20180903,2018-09-03,13.302088737487793,"{""type"":""MultiPoint"",""coordinates"":[]}"
20180904,2018-09-04,13.302088737487793,"{""type"":""MultiPoint"",""coordinates"":[]}"
20180905,2018-09-05,0.0,"{""type"":""MultiPoint"",""coordinates"":[]}"
20180906,2018-09-06,8.693085670471191,"{""type"":""MultiPoint"",""coordinates"":[]}"
20180907,2018-09-07,8.693085670471191,"{""type"":""MultiPoint"",""coordinates"":[]}"
20180908,2018-09-08,0.0,"{""type"":""MultiPoint"",""coordinates"":[]}"
20180909,2018-09-09,17.386171340942383,"{""type"":""MultiPoint"",""coordinates"":[]}"
20180910,2018-09-10,8.693085670471191,"{""type"":""MultiPoint"",""coordinates"":[]}"
20180911,2018-09-11,13.176108360290527,"{""type"":""MultiPoint"",""coordinates"":[]}"
20180912,2018-09-12,0.0,"{""type"":""MultiPoint"",""coordinates"":[]}"
20180913,2018-09-13,0.0,"{""type"":""MultiPoint"",""coordinates"":[]}"
20180914,2018-09-14,26.352216720581055,"{""type"":""MultiPoint"",""coordinates"":[]}"
20180915,2018-09-15,26.352216720581055,"{""type"":""MultiPoint"",""coordinates"":[]}"
20180916,2018-09-16,3.6747260093688965,"{""type"":""MultiPoint"",""coordinates"":[]}"
20180917,2018-09-17,0.0,"{""type"":""MultiPoint"",""coordinates"":[]}"
20180918,2018-09-18,7.349452018737793,"{""type"":""MultiPoint"",""coordinates"":[]}"
20180919,2018-09-19,14.698904037475586,"{""type"":""MultiPoint"",""coordinates"":[]}"
20180920,2018-09-20,7.349452018737793,"{""type"":""MultiPoint"",""coordinates"":[]}"
20180921,2018-09-21,0.0,"{""type"":""MultiPoint"",""coordinates"":[]}"
20180922,2018-09-22,5.21502161026001,"{""type"":""MultiPoint"",""coordinates"":[]}"
20180923,2018-09-23,0.0,"{""type"":""MultiPoint"",""coordinates"":[]}"
20180924,2018-09-24,0.0,"{""type"":""MultiPoint"",""coordinates"":[]}"
20180925,2018-09-25,5.21502161026001,"{""type"":""MultiPoint"",""coordinates"":[]}"
20180926,2018-09-26,3.0348153114318848,"{""type"":""MultiPoint"",""coordinates"":[]}"
20180927,2018-09-27,6.0696306228637695,"{""type"":""MultiPoint"",""coordinates"":[]}"
20180928,2018-09-28,0.0,"{""type"":""MultiPoint"",""coordinates"":[]}"
20180929,2018-09-29,6.0696306228637695,"{""type"":""MultiPoint"",""coordinates"":[]}"
20180930,2018-09-30,12.139261245727539,"{""type"":""MultiPoint"",""coordinates"":[]}"
20181001,2018-10-01,0.0,"{""type"":""MultiPoint"",""coordinates"":[]}"
20181002,2018-10-02,13.993297576904297,"{""type"":""MultiPoint"",""coordinates"":[]}"
20181003,2018-10-03,0.0,"{""type"":""MultiPoint"",""coordinates"":[]}"
20181004,2018-10-04,0.0,"{""type"":""MultiPoint"",""coordinates"":[]}"
20181005,2018-10-05,13.993297576904297,"{""type"":""MultiPoint"",""coordinates"":[]}"
20181006,2018-10-06,6.772947311401367,"{""type"":""MultiPoint"",""coordinates"":[]}"
20181007,2018-10-07,0.0,"{""type"":""MultiPoint"",""coordinates"":[]}"
20181008,2018-10-08,27.09178924560547,"{""type"":""MultiPoint"",""coordinates"":[]}"
20181009,2018-10-09,20.3188419342041,"{""type"":""MultiPoint"",""coordinates"":[]}"
20181010,2018-10-10,0.0,"{""type"":""MultiPoint"",""coordinates"":[]}"
20181011,2018-10-11,25.85441780090332,"{""type"":""MultiPoint"",""coordinates"":[]}"
20181012,2018-10-12,0.0,"{""type"":""MultiPoint"",""coordinates"":[]}"
20181013,2018-10-13,0.0,"{""type"":""MultiPoint"",""coordinates"":[]}"
20181014,2018-10-14,0.0,"{""type"":""MultiPoint"",""coordinates"":[]}"
20181015,2018-10-15,12.92720890045166,"{""type"":""MultiPoint"",""coordinates"":[]}"
20181016,2018-10-16,13.543938636779785,"{""type"":""MultiPoint"",""coordinates"":[]}"
20181017,2018-10-17,20.315906524658203,"{""type"":""MultiPoint"",""coordinates"":[]}"
20181018,2018-10-18,0.0,"{""type"":""MultiPoint"",""coordinates"":[]}"
20181019,2018-10-19,0.0,"{""type"":""MultiPoint"",""coordinates"":[]}"
20181020,2018-10-20,20.315906524658203,"{""type"":""MultiPoint"",""coordinates"":[]}"
20181021,2018-10-21,6.693683624267578,"{""type"":""MultiPoint"",""coordinates"":[]}"
20181022,2018-10-22,0.0,"{""type"":""MultiPoint"",""coordinates"":[]}"
20181023,2018-10-23,0.0,"{""type"":""MultiPoint"",""coordinates"":[]}"
20181024,2018-10-24,26.774734497070312,"{""type"":""MultiPoint"",""coordinates"":[]}"
20181025,2018-10-25,6.693683624267578,"{""type"":""MultiPoint"",""coordinates"":[]}"
20181026,2018-10-26,27.928585052490234,"{""type"":""MultiPoint"",""coordinates"":[]}"
20181027,2018-10-27,0.0,"{""type"":""MultiPoint"",""coordinates"":[]}"
20181028,2018-10-28,0.0,"{""type"":""MultiPoint"",""coordinates"":[]}"
20181029,2018-10-29,9.309528350830078,"{""type"":""MultiPoint"",""coordinates"":[]}"
20181030,2018-10-30,9.309528350830078,"{""type"":""MultiPoint"",""coordinates"":[]}"
20181031,2018-10-31,0.0,"{""type"":""MultiPoint"",""coordinates"":[]}"
20181101,2018-11-01,21.320541381835938,"{""type"":""MultiPoint"",""coordinates"":[]}"
20181102,2018-11-02,31.98081398010254,"{""type"":""MultiPoint"",""coordinates"":[]}"
20181103,2018-11-03,0.0,"{""type"":""MultiPoint"",""coordinates"":[]}"
20181104,2018-11-04,10.660270690917969,"{""type"":""MultiPoint"",""coordinates"":[]}"
20181105,2018-11-05,10.660270690917969,"{""type"":""MultiPoint"",""coordinates"":[]}"
20181106,2018-11-06,0.0,"{""type"":""MultiPoint"",""coordinates"":[]}"
20181107,2018-11-07,0.0,"{""type"":""MultiPoint"",""coordinates"":[]}"
20181108,2018-11-08,30.444150924682617,"{""type"":""MultiPoint"",""coordinates"":[]}"
20181109,2018-11-09,15.222075462341309,"{""type"":""MultiPoint"",""coordinates"":[]}"
20181110,2018-11-10,0.0,"{""type"":""MultiPoint"",""coordinates"":[]}"
20181111,2018-11-11,5.831682205200195,"{""type"":""MultiPoint"",""coordinates"":[]}"
20181112,2018-11-12,23.32672882080078,"{""type"":""MultiPoint"",""coordinates"":[]}"
20181113,2018-11-13,0.0,"{""type"":""MultiPoint"",""coordinates"":[]}"
20181114,2018-11-14,5.831682205200195,"{""type"":""MultiPoint"",""coordinates"":[]}"
20181115,2018-11-15,5.831682205200195,"{""type"":""MultiPoint"",""coordinates"":[]}"
20181116,2018-11-16,0.0,"{""type"":""MultiPoint"",""coordinates"":[]}"
20181117,2018-11-17,27.90082359313965,"{""type"":""MultiPoint"",""coordinates"":[]}"
20181118,2018-11-18,13.950411796569824,"{""type"":""MultiPoint"",""coordinates"":[]}"
20181119,2018-11-19,0.0,"{""type"":""MultiPoint"",""coordinates"":[]}"
20181120,2018-11-20,0.0,"{""type"":""MultiPoint"",""coordinates"":[]}"
20181121,2018-11-21,18.376283645629883,"{""type"":""MultiPoint"",""coordinates"":[]}"
20181122,2018-11-22,0.0,"{""type"":""MultiPoint"",""coordinates"":[]}"
20181123,2018-11-23,18.376283645629883,"{""type"":""MultiPoint"",""coordinates"":[]}"
20181124,2018-11-24,0.0,"{""type"":""MultiPoint"",""coordinates"":[]}"
20181125,2018-11-25,0.0,"{""type"":""MultiPoint"",""coordinates"":[]}"
20181126,2018-11-26,12.76387882232666,"{""type"":""MultiPoint"",""coordinates"":[]}"
20181127,2018-11-27,12.76387882232666,"{""type"":""MultiPoint"",""coordinates"":[]}"
20181128,2018-11-28,0.0,"{""type"":""MultiPoint"",""coordinates"":[]}"
20181129,2018-11-29,0.0,"{""type"":""MultiPoint"",""coordinates"":[]}"
20181130,2018-11-30,51.05551528930664,"{""type"":""MultiPoint"",""coordinates"":[]}"
20181201,2018-12-01,69.14608001708984,"{""type"":""MultiPoint"",""coordinates"":[]}"
20181202,2018-12-02,0.0,"{""type"":""MultiPoint"",""coordinates"":[]}"
20181203,2018-12-03,0.0,"{""type"":""MultiPoint"",""coordinates"":[]}"
20181204,2018-12-04,0.0,"{""type"":""MultiPoint"",""coordinates"":[]}"
20181205,2018-12-05,0.0,"{""type"":""MultiPoint"",""coordinates"":[]}"
20181206,2018-12-06,0.0,"{""type"":""MultiPoint"",""coordinates"":[]}"
20181207,2018-12-07,0.0,"{""type"":""MultiPoint"",""coordinates"":[]}"
20181208,2018-12-08,0.0,"{""type"":""MultiPoint"",""coordinates"":[]}"
20181209,2018-12-09,0.0,"{""type"":""MultiPoint"",""coordinates"":[]}"
20181210,2018-12-10,0.0,"{""type"":""MultiPoint"",""coordinates"":[]}"
20181211,2018-12-11,12.043099403381348,"{""type"":""MultiPoint"",""coordinates"":[]}"
20181212,2018-12-12,0.0,"{""type"":""MultiPoint"",""coordinates"":[]}"
20181213,2018-12-13,0.0,"{""type"":""MultiPoint"",""coordinates"":[]}"
20181214,2018-12-14,24.086198806762695,"{""type"":""MultiPoint"",""coordinates"":[]}"
20181215,2018-12-15,0.0,"{""type"":""MultiPoint"",""coordinates"":[]}"
20181216,2018-12-16,0.0,"{""type"":""MultiPoint"",""coordinates"":[]}"
20181217,2018-12-17,0.0,"{""type"":""MultiPoint"",""coordinates"":[]}"
20181218,2018-12-18,0.0,"{""type"":""MultiPoint"",""coordinates"":[]}"
20181219,2018-12-19,0.0,"{""type"":""MultiPoint"",""coordinates"":[]}"
20181220,2018-12-20,0.0,"{""type"":""MultiPoint"",""coordinates"":[]}"
20181221,2018-12-21,3.3542978763580322,"{""type"":""MultiPoint"",""coordinates"":[]}"
20181222,2018-12-22,3.6674771308898926,"{""type"":""MultiPoint"",""coordinates"":[]}"
20181223,2018-12-23,1.0009424686431885,"{""type"":""MultiPoint"",""coordinates"":[]}"
20181224,2018-12-24,1.7275769710540771,"{""type"":""MultiPoint"",""coordinates"":[]}"
20181225,2018-12-25,2.8074889183044434,"{""type"":""MultiPoint"",""coordinates"":[]}"
20181226,2018-12-26,0.0,"{""type"":""MultiPoint"",""coordinates"":[]}"
20181227,2018-12-27,0.0,"{""type"":""MultiPoint"",""coordinates"":[]}"
20181228,2018-12-28,0.0,"{""type"":""MultiPoint"",""coordinates"":[]}"
20181229,2018-12-29,0.0,"{""type"":""MultiPoint"",""coordinates"":[]}"
20181230,2018-12-30,0.0,"{""type"":""MultiPoint"",""coordinates"":[]}"
20181231,2018-12-31,0.0,"{""type"":""MultiPoint"",""coordinates"":[]}"
20190101,2019-01-01,0.0,"{""type"":""MultiPoint"",""coordinates"":[]}"
20190102,2019-01-02,0.0,"{""type"":""MultiPoint"",""coordinates"":[]}"
20190103,2019-01-03,0.0,"{""type"":""MultiPoint"",""coordinates"":[]}"
20190104,2019-01-04,0.0,"{""type"":""MultiPoint"",""coordinates"":[]}"
20190105,2019-01-05,0.0,"{""type"":""MultiPoint"",""coordinates"":[]}"
20190106,2019-01-06,0.0,"{""type"":""MultiPoint"",""coordinates"":[]}"
20190107,2019-01-07,26.4648380279541,"{""type"":""MultiPoint"",""coordinates"":[]}"
20190108,2019-01-08,26.4648380279541,"{""type"":""MultiPoint"",""coordinates"":[]}"
20190109,2019-01-09,0.0,"{""type"":""MultiPoint"",""coordinates"":[]}"
20190110,2019-01-10,0.0,"{""type"":""MultiPoint"",""coordinates"":[]}"
20190111,2019-01-11,0.0,"{""type"":""MultiPoint"",""coordinates"":[]}"
20190112,2019-01-12,0.0,"{""type"":""MultiPoint"",""coordinates"":[]}"
20190113,2019-01-13,0.0,"{""type"":""MultiPoint"",""coordinates"":[]}"
20190114,2019-01-14,0.0,"{""type"":""MultiPoint"",""coordinates"":[]}"
20190115,2019-01-15,0.0,"{""type"":""MultiPoint"",""coordinates"":[]}"
20190116,2019-01-16,5.119940280914307,"{""type"":""MultiPoint"",""coordinates"":[]}"
20190117,2019-01-17,5.119940280914307,"{""type"":""MultiPoint"",""coordinates"":[]}"
20190118,2019-01-18,0.0,"{""type"":""MultiPoint"",""coordinates"":[]}"
20190119,2019-01-19,0.0,"{""type"":""MultiPoint"",""coordinates"":[]}"
20190120,2019-01-20,0.0,"{""type"":""MultiPoint"",""coordinates"":[]}"
20190121,2019-01-21,0.0,"{""type"":""MultiPoint"",""coordinates"":[]}"
20190122,2019-01-22,0.0,"{""type"":""MultiPoint"",""coordinates"":[]}"
20190123,2019-01-23,0.0,"{""type"":""MultiPoint"",""coordinates"":[]}"
20190124,2019-01-24,0.0,"{""type"":""MultiPoint"",""coordinates"":[]}"
20190125,2019-01-25,4.18210506439209,"{""type"":""MultiPoint"",""coordinates"":[]}"
20190126,2019-01-26,0.0,"{""type"":""MultiPoint"",""coordinates"":[]}"
20190127,2019-01-27,0.0,"{""type"":""MultiPoint"",""coordinates"":[]}"
20190128,2019-01-28,20.42695426940918,"{""type"":""MultiPoint"",""coordinates"":[]}"
20190129,2019-01-29,0.0,"{""type"":""MultiPoint"",""coordinates"":[]}"
20190130,2019-01-30,0.0,"{""type"":""MultiPoint"",""coordinates"":[]}"
20190131,2019-01-31,0.0,"{""type"":""MultiPoint"",""coordinates"":[]}"
20190201,2019-02-01,0.0,"{""type"":""MultiPoint"",""coordinates"":[]}"
20190202,2019-02-02,0.0,"{""type"":""MultiPoint"",""coordinates"":[]}"
20190203,2019-02-03,0.0,"{""type"":""MultiPoint"",""coordinates"":[]}"
20190204,2019-02-04,0.0,"{""type"":""MultiPoint"",""coordinates"":[]}"
20190205,2019-02-05,0.0,"{""type"":""MultiPoint"",""coordinates"":[]}"
20190206,2019-02-06,0.0,"{""type"":""MultiPoint"",""coordinates"":[]}"
20190207,2019-02-07,0.0,"{""type"":""MultiPoint"",""coordinates"":[]}"
20190208,2019-02-08,0.0,"{""type"":""MultiPoint"",""coordinates"":[]}"
20190209,2019-02-09,8.13122844696045,"{""type"":""MultiPoint"",""coordinates"":[]}"
20190210,2019-02-10,0.0,"{""type"":""MultiPoint"",""coordinates"":[]}"
20190211,2019-02-11,0.0,"{""type"":""MultiPoint"",""coordinates"":[]}"
20190212,2019-02-12,0.0,"{""type"":""MultiPoint"",""coordinates"":[]}"
20190213,2019-02-13,0.0,"{""type"":""MultiPoint"",""coordinates"":[]}"
20190214,2019-02-14,22.060867309570312,"{""type"":""MultiPoint"",""coordinates"":[]}"
20190215,2019-02-15,0.0,"{""type"":""MultiPoint"",""coordinates"":[]}"
20190216,2019-02-16,0.0,"{""type"":""MultiPoint"",""coordinates"":[]}"
20190217,2019-02-17,0.0,"{""type"":""MultiPoint"",""coordinates"":[]}"
20190218,2019-02-18,0.0,"{""type"":""MultiPoint"",""coordinates"":[]}"
20190219,2019-02-19,10.378026008605957,"{""type"":""MultiPoint"",""coordinates"":[]}"
20190220,2019-02-20,10.378026008605957,"{""type"":""MultiPoint"",""coordinates"":[]}"
20190221,2019-02-21,0.0,"{""type"":""MultiPoint"",""coordinates"":[]}"
20190222,2019-02-22,14.946390151977539,"{""type"":""MultiPoint"",""coordinates"":[]}"
20190223,2019-02-23,14.946390151977539,"{""type"":""MultiPoint"",""coordinates"":[]}"
20190224,2019-02-24,7.4731950759887695,"{""type"":""MultiPoint"",""coordinates"":[]}"
20190225,2019-02-25,14.946390151977539,"{""type"":""MultiPoint"",""coordinates"":[]}"
20190226,2019-02-26,12.295467376708984,"{""type"":""MultiPoint"",""coordinates"":[]}"
20190227,2019-02-27,0.0,"{""type"":""MultiPoint"",""coordinates"":[]}"
20190228,2019-02-28,0.0,"{""type"":""MultiPoint"",""coordinates"":[]}"
20190301,2019-03-01,0.0,"{""type"":""MultiPoint"",""coordinates"":[]}"
20190302,2019-03-02,4.977925777435303,"{""type"":""MultiPoint"",""coordinates"":[]}"
20190303,2019-03-03,4.977925777435303,"{""type"":""MultiPoint"",""coordinates"":[]}"
20190304,2019-03-04,4.977925777435303,"{""type"":""MultiPoint"",""coordinates"":[]}"
20190305,2019-03-05,14.933777809143066,"{""type"":""MultiPoint"",""coordinates"":[]}"
20190306,2019-03-06,4.478577613830566,"{""type"":""MultiPoint"",""coordinates"":[]}"
20190307,2019-03-07,4.478577613830566,"{""type"":""MultiPoint"",""coordinates"":[]}"
20190308,2019-03-08,0.0,"{""type"":""MultiPoint"",""coordinates"":[]}"
20190309,2019-03-09,4.478577613830566,"{""type"":""MultiPoint"",""coordinates"":[]}"
20190310,2019-03-10,13.435731887817383,"{""type"":""MultiPoint"",""coordinates"":[]}"
20190311,2019-03-11,3.4487998485565186,"{""type"":""MultiPoint"",""coordinates"":[]}"
20190312,2019-03-12,6.897599697113037,"{""type"":""MultiPoint"",""coordinates"":[]}"
20190313,2019-03-13,3.4487998485565186,"{""type"":""MultiPoint"",""coordinates"":[]}"
20190314,2019-03-14,0.0,"{""type"":""MultiPoint"",""coordinates"":[]}"
20190315,2019-03-15,0.0,"{""type"":""MultiPoint"",""coordinates"":[]}"
20190316,2019-03-16,19.23133659362793,"{""type"":""MultiPoint"",""coordinates"":[]}"
20190317,2019-03-17,0.0,"{""type"":""MultiPoint"",""coordinates"":[]}"
20190318,2019-03-18,0.0,"{""type"":""MultiPoint"",""coordinates"":[]}"
20190319,2019-03-19,9.615668296813965,"{""type"":""MultiPoint"",""coordinates"":[]}"
20190320,2019-03-20,0.0,"{""type"":""MultiPoint"",""coordinates"":[]}"
20190321,2019-03-21,5.124547004699707,"{""type"":""MultiPoint"",""coordinates"":[]}"
20190322,2019-03-22,10.249094009399414,"{""type"":""MultiPoint"",""coordinates"":[]}"
20190323,2019-03-23,5.124547004699707,"{""type"":""MultiPoint"",""coordinates"":[]}"
20190324,2019-03-24,0.0,"{""type"":""MultiPoint"",""coordinates"":[]}"
20190325,2019-03-25,5.124547004699707,"{""type"":""MultiPoint"",""coordinates"":[]}"
20190326,2019-03-26,0.0,"{""type"":""MultiPoint"",""coordinates"":[]}"
20190327,2019-03-27,7.774760723114014,"{""type"":""MultiPoint"",""coordinates"":[]}"
20190328,2019-03-28,0.0,"{""type"":""MultiPoint"",""coordinates"":[]}"
20190329,2019-03-29,15.549521446228027,"{""type"":""MultiPoint"",""coordinates"":[]}"
20190330,2019-03-30,0.0,"{""type"":""MultiPoint"",""coordinates"":[]}"
20190331,2019-03-31,0.0,"{""type"":""MultiPoint"",""coordinates"":[]}"
20190401,2019-04-01,44.26884078979492,"{""type"":""MultiPoint"",""coordinates"":[]}"
20190402,2019-04-02,0.0,"{""type"":""MultiPoint"",""coordinates"":[]}"
20190403,2019-04-03,0.0,"{""type"":""MultiPoint"",""coordinates"":[]}"
20190404,2019-04-04,29.51255989074707,"{""type"":""MultiPoint"",""coordinates"":[]}"
20190405,2019-04-05,14.756279945373535,"{""type"":""MultiPoint"",""coordinates"":[]}"
20190406,2019-04-06,13.063190460205078,"{""type"":""MultiPoint"",""coordinates"":[]}"
20190407,2019-04-07,0.0,"{""type"":""MultiPoint"",""coordinates"":[]}"
20190408,2019-04-08,0.0,"{""type"":""MultiPoint"",""coordinates"":[]}"
20190409,2019-04-09,26.126380920410156,"{""type"":""MultiPoint"",""coordinates"":[]}"
20190410,2019-04-10,26.126380920410156,"{""type"":""MultiPoint"",""coordinates"":[]}"
20190411,2019-04-11,5.8087077140808105,"{""type"":""MultiPoint"",""coordinates"":[]}"
20190412,2019-04-12,0.0,"{""type"":""MultiPoint"",""coordinates"":[]}"
20190413,2019-04-13,11.617415428161621,"{""type"":""MultiPoint"",""coordinates"":[]}"
20190414,2019-04-14,0.0,"{""type"":""MultiPoint"",""coordinates"":[]}"
20190415,2019-04-15,17.426122665405273,"{""type"":""MultiPoint"",""coordinates"":[]}"
20190416,2019-04-16,0.0,"{""type"":""MultiPoint"",""coordinates"":[]}"
20190417,2019-04-17,20.013689041137695,"{""type"":""MultiPoint"",""coordinates"":[]}"
20190418,2019-04-18,0.0,"{""type"":""MultiPoint"",""coordinates"":[]}"
20190419,2019-04-19,30.020532608032227,"{""type"":""MultiPoint"",""coordinates"":[]}"
20190420,2019-04-20,10.006844520568848,"{""type"":""MultiPoint"",""coordinates"":[]}"
20190421,2019-04-21,12.044702529907227,"{""type"":""MultiPoint"",""coordinates"":[]}"
20190422,2019-04-22,20.43954086303711,"{""type"":""MultiPoint"",""coordinates"":[]}"
20190423,2019-04-23,4.654082775115967,"{""type"":""MultiPoint"",""coordinates"":[]}"
20190424,2019-04-24,9.027128219604492,"{""type"":""MultiPoint"",""coordinates"":[]}"
20190425,2019-04-25,3.311169385910034,"{""type"":""MultiPoint"",""coordinates"":[]}"
20190426,2019-04-26,0.0,"{""type"":""MultiPoint"",""coordinates"":[]}"
20190427,2019-04-27,0.0,"{""type"":""MultiPoint"",""coordinates"":[]}"
20190428,2019-04-28,8.239255905151367,"{""type"":""MultiPoint"",""coordinates"":[]}"
20190429,2019-04-29,8.239255905151367,"{""type"":""MultiPoint"",""coordinates"":[]}"
20190430,2019-04-30,2.7464189529418945,"{""type"":""MultiPoint"",""coordinates"":[]}"
20190501,2019-05-01,0.0,"{""type"":""MultiPoint"",""coordinates"":[]}"
20190502,2019-05-02,5.762257099151611,"{""type"":""MultiPoint"",""coordinates"":[]}"
20190503,2019-05-03,5.762257099151611,"{""type"":""MultiPoint"",""coordinates"":[]}"
20190504,2019-05-04,0.0,"{""type"":""MultiPoint"",""coordinates"":[]}"
20190505,2019-05-05,0.0,"{""type"":""MultiPoint"",""coordinates"":[]}"
20190506,2019-05-06,22.95122528076172,"{""type"":""MultiPoint"",""coordinates"":[]}"
20190507,2019-05-07,11.47561264038086,"{""type"":""MultiPoint"",""coordinates"":[]}"
20190508,2019-05-08,0.0,"{""type"":""MultiPoint"",""coordinates"":[]}"
20190509,2019-05-09,0.0,"{""type"":""MultiPoint"",""coordinates"":[]}"
20190510,2019-05-10,0.0,"{""type"":""MultiPoint"",""coordinates"":[]}"
20190511,2019-05-11,0.0,"{""type"":""MultiPoint"",""coordinates"":[]}"
20190512,2019-05-12,0.0,"{""type"":""MultiPoint"",""coordinates"":[]}"
20190513,2019-05-13,13.828378677368164,"{""type"":""MultiPoint"",""coordinates"":[]}"
20190514,2019-05-14,13.828378677368164,"{""type"":""MultiPoint"",""coordinates"":[]}"
20190515,2019-05-15,6.914189338684082,"{""type"":""MultiPoint"",""coordinates"":[]}"
20190516,2019-05-16,0.0,"{""type"":""MultiPoint"",""coordinates"":[]}"
20190517,2019-05-17,26.593318939208984,"{""type"":""MultiPoint"",""coordinates"":[]}"
20190518,2019-05-18,0.0,"{""type"":""MultiPoint"",""coordinates"":[]}"
20190519,2019-05-19,8.864439010620117,"{""type"":""MultiPoint"",""coordinates"":[]}"
20190520,2019-05-20,26.593318939208984,"{""type"":""MultiPoint"",""coordinates"":[]}"
20190521,2019-05-21,9.5018949508667,"{""type"":""MultiPoint"",""coordinates"":[]}"
20190522,2019-05-22,9.5018949508667,"{""type"":""MultiPoint"",""coordinates"":[]}"
20190523,2019-05-23,9.5018949508667,"{""type"":""MultiPoint"",""coordinates"":[]}"
20190524,2019-05-24,0.0,"{""type"":""MultiPoint"",""coordinates"":[]}"
20190525,2019-05-25,9.5018949508667,"{""type"":""MultiPoint"",""coordinates"":[]}"
20190526,2019-05-26,7.227541923522949,"{""type"":""MultiPoint"",""coordinates"":[]}"
20190527,2019-05-27,28.910167694091797,"{""type"":""MultiPoint"",""coordinates"":[]}"
20190528,2019-05-28,21.682626724243164,"{""type"":""MultiPoint"",""coordinates"":[]}"
20190529,2019-05-29,0.0,"{""type"":""MultiPoint"",""coordinates"":[]}"
20190530,2019-05-30,21.682626724243164,"{""type"":""MultiPoint"",""coordinates"":[]}"
20190531,2019-05-31,14.455083847045898,"{""type"":""MultiPoint"",""coordinates"":[]}"
20190601,2019-06-01,3.891613245010376,"{""type"":""MultiPoint"",""coordinates"":[]}"
20190602,2019-06-02,7.783226490020752,"{""type"":""MultiPoint"",""coordinates"":[]}"
20190603,2019-06-03,3.891613245010376,"{""type"":""MultiPoint"",""coordinates"":[]}"
20190604,2019-06-04,3.891613245010376,"{""type"":""MultiPoint"",""coordinates"":[]}"
20190605,2019-06-05,11.67483901977539,"{""type"":""MultiPoint"",""coordinates"":[]}"
20190606,2019-06-06,7.459532260894775,"{""type"":""MultiPoint"",""coordinates"":[]}"
20190607,2019-06-07,14.91906452178955,"{""type"":""MultiPoint"",""coordinates"":[]}"
20190608,2019-06-08,0.0,"{""type"":""MultiPoint"",""coordinates"":[]}"
20190609,2019-06-09,0.0,"{""type"":""MultiPoint"",""coordinates"":[]}"
20190610,2019-06-10,14.91906452178955,"{""type"":""MultiPoint"",""coordinates"":[]}"
20190611,2019-06-11,8.351268768310547,"{""type"":""MultiPoint"",""coordinates"":[]}"
20190612,2019-06-12,6.071850776672363,"{""type"":""MultiPoint"",""coordinates"":[]}"
20190613,2019-06-13,3.9135866165161133,"{""type"":""MultiPoint"",""coordinates"":[]}"
20190614,2019-06-14,3.5836894512176514,"{""type"":""MultiPoint"",""coordinates"":[]}"
20190615,2019-06-15,7.242764472961426,"{""type"":""MultiPoint"",""coordinates"":[]}"
20190616,2019-06-16,2.4387919902801514,"{""type"":""MultiPoint"",""coordinates"":[]}"
20190617,2019-06-17,0.0,"{""type"":""MultiPoint"",""coordinates"":[]}"
20190618,2019-06-18,2.4387919902801514,"{""type"":""MultiPoint"",""coordinates"":[]}"
20190619,2019-06-19,7.316376209259033,"{""type"":""MultiPoint"",""coordinates"":[]}"
20190620,2019-06-20,2.4387919902801514,"{""type"":""MultiPoint"",""coordinates"":[]}"
20190621,2019-06-21,0.0,"{""type"":""MultiPoint"",""coordinates"":[]}"
20190622,2019-06-22,5.618180751800537,"{""type"":""MultiPoint"",""coordinates"":[]}"
20190623,2019-06-23,5.618180751800537,"{""type"":""MultiPoint"",""coordinates"":[]}"
20190624,2019-06-24,2.8090903759002686,"{""type"":""MultiPoint"",""coordinates"":[]}"
20190625,2019-06-25,5.618180751800537,"{""type"":""MultiPoint"",""coordinates"":[]}"
20190626,2019-06-26,0.0,"{""type"":""MultiPoint"",""coordinates"":[]}"
20190627,2019-06-27,0.0,"{""type"":""MultiPoint"",""coordinates"":[]}"
20190628,2019-06-28,19.84378433227539,"{""type"":""MultiPoint"",""coordinates"":[]}"
20190629,2019-06-29,0.0,"{""type"":""MultiPoint"",""coordinates"":[]}"
20190630,2019-06-30,0.0,"{""type"":""MultiPoint"",""coordinates"":[]}"
20190701,2019-07-01,16.358322143554688,"{""type"":""MultiPoint"",""coordinates"":[]}"
20190702,2019-07-02,0.0,"{""type"":""MultiPoint"",""coordinates"":[]}"
20190703,2019-07-03,8.179161071777344,"{""type"":""MultiPoint"",""coordinates"":[]}"
20190704,2019-07-04,0.0,"{""type"":""MultiPoint"",""coordinates"":[]}"
20190705,2019-07-05,16.358322143554688,"{""type"":""MultiPoint"",""coordinates"":[]}"
20190706,2019-07-06,6.432928085327148,"{""type"":""MultiPoint"",""coordinates"":[]}"
20190707,2019-07-07,0.0,"{""type"":""MultiPoint"",""coordinates"":[]}"
20190708,2019-07-08,0.0,"{""type"":""MultiPoint"",""coordinates"":[]}"
20190709,2019-07-09,3.216464042663574,"{""type"":""MultiPoint"",""coordinates"":[]}"
20190710,2019-07-10,0.0,"{""type"":""MultiPoint"",""coordinates"":[]}"
20190711,2019-07-11,0.0,"{""type"":""MultiPoint"",""coordinates"":[]}"
20190712,2019-07-12,8.924800872802734,"{""type"":""MultiPoint"",""coordinates"":[]}"
20190713,2019-07-13,0.0,"{""type"":""MultiPoint"",""coordinates"":[]}"
20190714,2019-07-14,0.0,"{""type"":""MultiPoint"",""coordinates"":[]}"
20190715,2019-07-15,17.84960174560547,"{""type"":""MultiPoint"",""coordinates"":[]}"
20190716,2019-07-16,3.3999955654144287,"{""type"":""MultiPoint"",""coordinates"":[]}"
20190717,2019-07-17,0.0,"{""type"":""MultiPoint"",""coordinates"":[]}"
20190718,2019-07-18,0.0,"{""type"":""MultiPoint"",""coordinates"":[]}"
20190719,2019-07-19,0.0,"{""type"":""MultiPoint"",""coordinates"":[]}"
20190720,2019-07-20,0.0,"{""type"":""MultiPoint"",""coordinates"":[]}"
20190721,2019-07-21,0.0,"{""type"":""MultiPoint"",""coordinates"":[]}"
20190722,2019-07-22,0.0,"{""type"":""MultiPoint"",""coordinates"":[]}"
20190723,2019-07-23,9.306478500366211,"{""type"":""MultiPoint"",""coordinates"":[]}"
20190724,2019-07-24,13.959716796875,"{""type"":""MultiPoint"",""coordinates"":[]}"
20190725,2019-07-25,0.0,"{""type"":""MultiPoint"",""coordinates"":[]}"
20190726,2019-07-26,7.462292671203613,"{""type"":""MultiPoint"",""coordinates"":[]}"
20190727,2019-07-27,0.0,"{""type"":""MultiPoint"",""coordinates"":[]}"
20190728,2019-07-28,0.0,"{""type"":""MultiPoint"",""coordinates"":[]}"
20190729,2019-07-29,0.0,"{""type"":""MultiPoint"",""coordinates"":[]}"
20190730,2019-07-30,0.0,"{""type"":""MultiPoint"",""coordinates"":[]}"
20190731,2019-07-31,0.0,"{""type"":""MultiPoint"",""coordinates"":[]}"
20190801,2019-08-01,0.0,"{""type"":""MultiPoint"",""coordinates"":[]}"
20190802,2019-08-02,8.735186576843262,"{""type"":""MultiPoint"",""coordinates"":[]}"
20190803,2019-08-03,8.735186576843262,"{""type"":""MultiPoint"",""coordinates"":[]}"
20190804,2019-08-04,0.0,"{""type"":""MultiPoint"",""coordinates"":[]}"
20190805,2019-08-05,0.0,"{""type"":""MultiPoint"",""coordinates"":[]}"
20190806,2019-08-06,2.20231032371521,"{""type"":""MultiPoint"",""coordinates"":[]}"
20190807,2019-08-07,2.20231032371521,"{""type"":""MultiPoint"",""coordinates"":[]}"
20190808,2019-08-08,0.0,"{""type"":""MultiPoint"",""coordinates"":[]}"
20190809,2019-08-09,0.0,"{""type"":""MultiPoint"",""coordinates"":[]}"
20190810,2019-08-10,0.0,"{""type"":""MultiPoint"",""coordinates"":[]}"
20190811,2019-08-11,0.0,"{""type"":""MultiPoint"",""coordinates"":[]}"
20190812,2019-08-12,0.0,"{""type"":""MultiPoint"",""coordinates"":[]}"
20190813,2019-08-13,0.0,"{""type"":""MultiPoint"",""coordinates"":[]}"
20190814,2019-08-14,0.0,"{""type"":""MultiPoint"",""coordinates"":[]}"
20190815,2019-08-15,9.68856430053711,"{""type"":""MultiPoint"",""coordinates"":[]}"
20190816,2019-08-16,0.0,"{""type"":""MultiPoint"",""coordinates"":[]}"
20190817,2019-08-17,0.0,"{""type"":""MultiPoint"",""coordinates"":[]}"
20190818,2019-08-18,0.0,"{""type"":""MultiPoint"",""coordinates"":[]}"
20190819,2019-08-19,0.0,"{""type"":""MultiPoint"",""coordinates"":[]}"
20190820,2019-08-20,0.0,"{""type"":""MultiPoint"",""coordinates"":[]}"
20190821,2019-08-21,0.0,"{""type"":""MultiPoint"",""coordinates"":[]}"
20190822,2019-08-22,0.0,"{""type"":""MultiPoint"",""coordinates"":[]}"
20190823,2019-08-23,0.0,"{""type"":""MultiPoint"",""coordinates"":[]}"
20190824,2019-08-24,0.0,"{""type"":""MultiPoint"",""coordinates"":[]}"
20190825,2019-08-25,4.939327716827393,"{""type"":""MultiPoint"",""coordinates"":[]}"
20190826,2019-08-26,0.0,"{""type"":""MultiPoint"",""coordinates"":[]}"
20190827,2019-08-27,0.0,"{""type"":""MultiPoint"",""coordinates"":[]}"
20190828,2019-08-28,10.010530471801758,"{""type"":""MultiPoint"",""coordinates"":[]}"
20190829,2019-08-29,0.0,"{""type"":""MultiPoint"",""coordinates"":[]}"
20190830,2019-08-30,0.0,"{""type"":""MultiPoint"",""coordinates"":[]}"
20190831,2019-08-31,0.0,"{""type"":""MultiPoint"",""coordinates"":[]}"
20190901,2019-09-01,0.0,"{""type"":""MultiPoint"",""coordinates"":[]}"
20190902,2019-09-02,0.0,"{""type"":""MultiPoint"",""coordinates"":[]}"
20190903,2019-09-03,0.0,"{""type"":""MultiPoint"",""coordinates"":[]}"
20190904,2019-09-04,6.2922539710998535,"{""type"":""MultiPoint"",""coordinates"":[]}"
20190905,2019-09-05,3.1461269855499268,"{""type"":""MultiPoint"",""coordinates"":[]}"
20190906,2019-09-06,8.797629356384277,"{""type"":""MultiPoint"",""coordinates"":[]}"
20190907,2019-09-07,0.0,"{""type"":""MultiPoint"",""coordinates"":[]}"
20190908,2019-09-08,0.0,"{""type"":""MultiPoint"",""coordinates"":[]}"
20190909,2019-09-09,0.0,"{""type"":""MultiPoint"",""coordinates"":[]}"
20190910,2019-09-10,0.0,"{""type"":""MultiPoint"",""coordinates"":[]}"
20190911,2019-09-11,5.934225559234619,"{""type"":""MultiPoint"",""coordinates"":[]}"
20190912,2019-09-12,5.934225559234619,"{""type"":""MultiPoint"",""coordinates"":[]}"
20190913,2019-09-13,5.934225559234619,"{""type"":""MultiPoint"",""coordinates"":[]}"
20190914,2019-09-14,0.0,"{""type"":""MultiPoint"",""coordinates"":[]}"
20190915,2019-09-15,2.9671127796173096,"{""type"":""MultiPoint"",""coordinates"":[]}"
20190916,2019-09-16,0.0,"{""type"":""MultiPoint"",""coordinates"":[]}"
20190917,2019-09-17,0.0,"{""type"":""MultiPoint"",""coordinates"":[]}"
20190918,2019-09-18,33.046775817871094,"{""type"":""MultiPoint"",""coordinates"":[]}"
20190919,2019-09-19,11.01559066772461,"{""type"":""MultiPoint"",""coordinates"":[]}"
20190920,2019-09-20,11.01559066772461,"{""type"":""MultiPoint"",""coordinates"":[]}"
20190921,2019-09-21,8.025108337402344,"{""type"":""MultiPoint"",""coordinates"":[]}"
20190922,2019-09-22,0.0,"{""type"":""MultiPoint"",""coordinates"":[]}"
20190923,2019-09-23,32.100433349609375,"{""type"":""MultiPoint"",""coordinates"":[]}"
20190924,2019-09-24,0.0,"{""type"":""MultiPoint"",""coordinates"":[]}"
20190925,2019-09-25,24.07532501220703,"{""type"":""MultiPoint"",""coordinates"":[]}"
20190926,2019-09-26,11.717535018920898,"{""type"":""MultiPoint"",""coordinates"":[]}"
20190927,2019-09-27,3.9058451652526855,"{""type"":""MultiPoint"",""coordinates"":[]}"
20190928,2019-09-28,3.9058451652526855,"{""type"":""MultiPoint"",""coordinates"":[]}"
20190929,2019-09-29,7.811690330505371,"{""type"":""MultiPoint"",""coordinates"":[]}"
20190930,2019-09-30,3.9058451652526855,"{""type"":""MultiPoint"",""coordinates"":[]}"
20191001,2019-10-01,10.009237289428711,"{""type"":""MultiPoint"",""coordinates"":[]}"
20191002,2019-10-02,0.0,"{""type"":""MultiPoint"",""coordinates"":[]}"
20191003,2019-10-03,15.013856887817383,"{""type"":""MultiPoint"",""coordinates"":[]}"
20191004,2019-10-04,0.0,"{""type"":""MultiPoint"",""coordinates"":[]}"
20191005,2019-10-05,0.0,"{""type"":""MultiPoint"",""coordinates"":[]}"
20191006,2019-10-06,0.0,"{""type"":""MultiPoint"",""coordinates"":[]}"
20191007,2019-10-07,5.516265392303467,"{""type"":""MultiPoint"",""coordinates"":[]}"
20191008,2019-10-08,11.032530784606934,"{""type"":""MultiPoint"",""coordinates"":[]}"
20191009,2019-10-09,5.516265392303467,"{""type"":""MultiPoint"",""coordinates"":[]}"
20191010,2019-10-10,5.516265392303467,"{""type"":""MultiPoint"",""coordinates"":[]}"
20191011,2019-10-11,8.09219741821289,"{""type"":""MultiPoint"",""coordinates"":[]}"
20191012,2019-10-12,16.18439483642578,"{""type"":""MultiPoint"",""coordinates"":[]}"
20191013,2019-10-13,24.276594161987305,"{""type"":""MultiPoint"",""coordinates"":[]}"
20191014,2019-10-14,8.09219741821289,"{""type"":""MultiPoint"",""coordinates"":[]}"
20191015,2019-10-15,0.0,"{""type"":""MultiPoint"",""coordinates"":[]}"
20191016,2019-10-16,17.943212509155273,"{""type"":""MultiPoint"",""coordinates"":[]}"
20191017,2019-10-17,0.0,"{""type"":""MultiPoint"",""coordinates"":[]}"
20191018,2019-10-18,0.0,"{""type"":""MultiPoint"",""coordinates"":[]}"
20191019,2019-10-19,17.943212509155273,"{""type"":""MultiPoint"",""coordinates"":[]}"
20191020,2019-10-20,8.971606254577637,"{""type"":""MultiPoint"",""coordinates"":[]}"
20191021,2019-10-21,0.0,"{""type"":""MultiPoint"",""coordinates"":[]}"
20191022,2019-10-22,42.71194839477539,"{""type"":""MultiPoint"",""coordinates"":[]}"
20191023,2019-10-23,0.0,"{""type"":""MultiPoint"",""coordinates"":[]}"
20191024,2019-10-24,0.0,"{""type"":""MultiPoint"",""coordinates"":[]}"
20191025,2019-10-25,21.355974197387695,"{""type"":""MultiPoint"",""coordinates"":[]}"
20191026,2019-10-26,15.408946990966797,"{""type"":""MultiPoint"",""coordinates"":[]}"
20191027,2019-10-27,23.113420486450195,"{""type"":""MultiPoint"",""coordinates"":[]}"
20191028,2019-10-28,0.0,"{""type"":""MultiPoint"",""coordinates"":[]}"
20191029,2019-10-29,0.0,"{""type"":""MultiPoint"",""coordinates"":[]}"
20191030,2019-10-30,7.704473495483398,"{""type"":""MultiPoint"",""coordinates"":[]}"
20191031,2019-10-31,7.704473495483398,"{""type"":""MultiPoint"",""coordinates"":[]}"
20191101,2019-11-01,0.0,"{""type"":""MultiPoint"",""coordinates"":[]}"
20191102,2019-11-02,7.098544120788574,"{""type"":""MultiPoint"",""coordinates"":[]}"
20191103,2019-11-03,7.098544120788574,"{""type"":""MultiPoint"",""coordinates"":[]}"
20191104,2019-11-04,14.197088241577148,"{""type"":""MultiPoint"",""coordinates"":[]}"
20191105,2019-11-05,21.295631408691406,"{""type"":""MultiPoint"",""coordinates"":[]}"
20191106,2019-11-06,0.0,"{""type"":""MultiPoint"",""coordinates"":[]}"
20191107,2019-11-07,4.510737419128418,"{""type"":""MultiPoint"",""coordinates"":[]}"
20191108,2019-11-08,9.021474838256836,"{""type"":""MultiPoint"",""coordinates"":[]}"
20191109,2019-11-09,27.06442642211914,"{""type"":""MultiPoint"",""coordinates"":[]}"
20191110,2019-11-10,9.021474838256836,"{""type"":""MultiPoint"",""coordinates"":[]}"
20191111,2019-11-11,7.083452224731445,"{""type"":""MultiPoint"",""coordinates"":[]}"
20191112,2019-11-12,13.358595848083496,"{""type"":""MultiPoint"",""coordinates"":[]}"
20191113,2019-11-13,20.935338973999023,"{""type"":""MultiPoint"",""coordinates"":[]}"
20191114,2019-11-14,12.638554573059082,"{""type"":""MultiPoint"",""coordinates"":[]}"
20191115,2019-11-15,16.235902786254883,"{""type"":""MultiPoint"",""coordinates"":[]}"
20191116,2019-11-16,28.512121200561523,"{""type"":""MultiPoint"",""coordinates"":[]}"
20191117,2019-11-17,0.0,"{""type"":""MultiPoint"",""coordinates"":[]}"
20191118,2019-11-18,0.0,"{""type"":""MultiPoint"",""coordinates"":[]}"
20191119,2019-11-19,0.0,"{""type"":""MultiPoint"",""coordinates"":[]}"
20191120,2019-11-20,0.0,"{""type"":""MultiPoint"",""coordinates"":[]}"
20191121,2019-11-21,25.117050170898438,"{""type"":""MultiPoint"",""coordinates"":[]}"
20191122,2019-11-22,0.0,"{""type"":""MultiPoint"",""coordinates"":[]}"
20191123,2019-11-23,0.0,"{""type"":""MultiPoint"",""coordinates"":[]}"
20191124,2019-11-24,0.0,"{""type"":""MultiPoint"",""coordinates"":[]}"
20191125,2019-11-25,0.0,"{""type"":""MultiPoint"",""coordinates"":[]}"
20191126,2019-11-26,0.0,"{""type"":""MultiPoint"",""coordinates"":[]}"
20191127,2019-11-27,9.754051208496094,"{""type"":""MultiPoint"",""coordinates"":[]}"
20191128,2019-11-28,0.0,"{""type"":""MultiPoint"",""coordinates"":[]}"
20191129,2019-11-29,9.754051208496094,"{""type"":""MultiPoint"",""coordinates"":[]}"
20191130,2019-11-30,0.0,"{""type"":""MultiPoint"",""coordinates"":[]}"
20191201,2019-12-01,0.0,"{""type"":""MultiPoint"",""coordinates"":[]}"
20191202,2019-12-02,0.0,"{""type"":""MultiPoint"",""coordinates"":[]}"
20191203,2019-12-03,21.54680633544922,"{""type"":""MultiPoint"",""coordinates"":[]}"
20191204,2019-12-04,0.0,"{""type"":""MultiPoint"",""coordinates"":[]}"
20191205,2019-12-05,0.0,"{""type"":""MultiPoint"",""coordinates"":[]}"
20191206,2019-12-06,0.0,"{""type"":""MultiPoint"",""coordinates"":[]}"
20191207,2019-12-07,28.484342575073242,"{""type"":""MultiPoint"",""coordinates"":[]}"
20191208,2019-12-08,0.0,"{""type"":""MultiPoint"",""coordinates"":[]}"
20191209,2019-12-09,0.0,"{""type"":""MultiPoint"",""coordinates"":[]}"
20191210,2019-12-10,0.0,"{""type"":""MultiPoint"",""coordinates"":[]}"
20191211,2019-12-11,0.0,"{""type"":""MultiPoint"",""coordinates"":[]}"
20191212,2019-12-12,0.0,"{""type"":""MultiPoint"",""coordinates"":[]}"
20191213,2019-12-13,0.0,"{""type"":""MultiPoint"",""coordinates"":[]}"
20191214,2019-12-14,0.0,"{""type"":""MultiPoint"",""coordinates"":[]}"
20191215,2019-12-15,53.65089797973633,"{""type"":""MultiPoint"",""coordinates"":[]}"
20191216,2019-12-16,13.373372077941895,"{""type"":""MultiPoint"",""coordinates"":[]}"
20191217,2019-12-17,0.0,"{""type"":""MultiPoint"",""coordinates"":[]}"
20191218,2019-12-18,0.0,"{""type"":""MultiPoint"",""coordinates"":[]}"
20191219,2019-12-19,0.0,"{""type"":""MultiPoint"",""coordinates"":[]}"
20191220,2019-12-20,0.0,"{""type"":""MultiPoint"",""coordinates"":[]}"
20191221,2019-12-21,0.0,"{""type"":""MultiPoint"",""coordinates"":[]}"
20191222,2019-12-22,0.0,"{""type"":""MultiPoint"",""coordinates"":[]}"
20191223,2019-12-23,0.0,"{""type"":""MultiPoint"",""coordinates"":[]}"
20191224,2019-12-24,0.0,"{""type"":""MultiPoint"",""coordinates"":[]}"
20191225,2019-12-25,0.0,"{""type"":""MultiPoint"",""coordinates"":[]}"
20191226,2019-12-26,5.9961323738098145,"{""type"":""MultiPoint"",""coordinates"":[]}"
20191227,2019-12-27,17.98839569091797,"{""type"":""MultiPoint"",""coordinates"":[]}"
20191228,2019-12-28,0.0,"{""type"":""MultiPoint"",""coordinates"":[]}"
20191229,2019-12-29,0.0,"{""type"":""MultiPoint"",""coordinates"":[]}"
20191230,2019-12-30,17.98839569091797,"{""type"":""MultiPoint"",""coordinates"":[]}"
20191231,2019-12-31,0.0,"{""type"":""MultiPoint"",""coordinates"":[]}"
20200101,2020-01-01,0.0,"{""type"":""MultiPoint"",""coordinates"":[]}"
20200102,2020-01-02,0.0,"{""type"":""MultiPoint"",""coordinates"":[]}"
20200103,2020-01-03,0.0,"{""type"":""MultiPoint"",""coordinates"":[]}"
20200104,2020-01-04,0.0,"{""type"":""MultiPoint"",""coordinates"":[]}"
20200105,2020-01-05,0.0,"{""type"":""MultiPoint"",""coordinates"":[]}"
20200106,2020-01-06,0.0,"{""type"":""MultiPoint"",""coordinates"":[]}"
20200107,2020-01-07,0.0,"{""type"":""MultiPoint"",""coordinates"":[]}"
20200108,2020-01-08,0.0,"{""type"":""MultiPoint"",""coordinates"":[]}"
20200109,2020-01-09,0.0,"{""type"":""MultiPoint"",""coordinates"":[]}"
20200110,2020-01-10,0.0,"{""type"":""MultiPoint"",""coordinates"":[]}"
20200111,2020-01-11,0.0,"{""type"":""MultiPoint"",""coordinates"":[]}"
20200112,2020-01-12,0.0,"{""type"":""MultiPoint"",""coordinates"":[]}"
20200113,2020-01-13,0.0,"{""type"":""MultiPoint"",""coordinates"":[]}"
20200114,2020-01-14,0.0,"{""type"":""MultiPoint"",""coordinates"":[]}"
20200115,2020-01-15,9.113722801208496,"{""type"":""MultiPoint"",""coordinates"":[]}"
20200116,2020-01-16,0.0,"{""type"":""MultiPoint"",""coordinates"":[]}"
20200117,2020-01-17,0.0,"{""type"":""MultiPoint"",""coordinates"":[]}"
20200118,2020-01-18,0.0,"{""type"":""MultiPoint"",""coordinates"":[]}"
20200119,2020-01-19,0.0,"{""type"":""MultiPoint"",""coordinates"":[]}"
20200120,2020-01-20,25.6533145904541,"{""type"":""MultiPoint"",""coordinates"":[]}"
20200121,2020-01-21,0.0,"{""type"":""MultiPoint"",""coordinates"":[]}"
20200122,2020-01-22,62.72539138793945,"{""type"":""MultiPoint"",""coordinates"":[]}"
20200123,2020-01-23,0.0,"{""type"":""MultiPoint"",""coordinates"":[]}"
20200124,2020-01-24,0.0,"{""type"":""MultiPoint"",""coordinates"":[]}"
20200125,2020-01-25,0.0,"{""type"":""MultiPoint"",""coordinates"":[]}"
20200126,2020-01-26,0.0,"{""type"":""MultiPoint"",""coordinates"":[]}"
20200127,2020-01-27,0.0,"{""type"":""MultiPoint"",""coordinates"":[]}"
20200128,2020-01-28,0.0,"{""type"":""MultiPoint"",""coordinates"":[]}"
20200129,2020-01-29,0.0,"{""type"":""MultiPoint"",""coordinates"":[]}"
20200130,2020-01-30,0.0,"{""type"":""MultiPoint"",""coordinates"":[]}"
20200131,2020-01-31,0.0,"{""type"":""MultiPoint"",""coordinates"":[]}"
20200201,2020-02-01,0.0,"{""type"":""MultiPoint"",""coordinates"":[]}"
20200202,2020-02-02,10.815340042114258,"{""type"":""MultiPoint"",""coordinates"":[]}"
20200203,2020-02-03,0.0,"{""type"":""MultiPoint"",""coordinates"":[]}"
20200204,2020-02-04,0.0,"{""type"":""MultiPoint"",""coordinates"":[]}"
20200205,2020-02-05,0.0,"{""type"":""MultiPoint"",""coordinates"":[]}"
20200206,2020-02-06,0.0,"{""type"":""MultiPoint"",""coordinates"":[]}"
20200207,2020-02-07,0.0,"{""type"":""MultiPoint"",""coordinates"":[]}"
20200208,2020-02-08,0.0,"{""type"":""MultiPoint"",""coordinates"":[]}"
20200209,2020-02-09,0.0,"{""type"":""MultiPoint"",""coordinates"":[]}"
20200210,2020-02-10,0.0,"{""type"":""MultiPoint"",""coordinates"":[]}"
20200211,2020-02-11,0.0,"{""type"":""MultiPoint"",""coordinates"":[]}"
20200212,2020-02-12,0.0,"{""type"":""MultiPoint"",""coordinates"":[]}"
20200213,2020-02-13,0.0,"{""type"":""MultiPoint"",""coordinates"":[]}"
20200214,2020-02-14,12.022454261779785,"{""type"":""MultiPoint"",""coordinates"":[]}"
20200215,2020-02-15,0.0,"{""type"":""MultiPoint"",""coordinates"":[]}"
20200216,2020-02-16,0.0,"{""type"":""MultiPoint"",""coordinates"":[]}"
20200217,2020-02-17,0.0,"{""type"":""MultiPoint"",""coordinates"":[]}"
20200218,2020-02-18,0.0,"{""type"":""MultiPoint"",""coordinates"":[]}"
20200219,2020-02-19,0.0,"{""type"":""MultiPoint"",""coordinates"":[]}"
20200220,2020-02-20,12.686086654663086,"{""type"":""MultiPoint"",""coordinates"":[]}"
20200221,2020-02-21,0.0,"{""type"":""MultiPoint"",""coordinates"":[]}"
20200222,2020-02-22,13.911911964416504,"{""type"":""MultiPoint"",""coordinates"":[]}"
20200223,2020-02-23,0.0,"{""type"":""MultiPoint"",""coordinates"":[]}"
20200224,2020-02-24,13.911911964416504,"{""type"":""MultiPoint"",""coordinates"":[]}"
20200225,2020-02-25,27.823823928833008,"{""type"":""MultiPoint"",""coordinates"":[]}"
20200226,2020-02-26,8.922147750854492,"{""type"":""MultiPoint"",""coordinates"":[]}"
20200227,2020-02-27,0.0,"{""type"":""MultiPoint"",""coordinates"":[]}"
20200228,2020-02-28,0.0,"{""type"":""MultiPoint"",""coordinates"":[]}"
20200229,2020-02-29,0.0,"{""type"":""MultiPoint"",""coordinates"":[]}"
20200301,2020-03-01,0.0,"{""type"":""MultiPoint"",""coordinates"":[]}"
20200302,2020-03-02,0.0,"{""type"":""MultiPoint"",""coordinates"":[]}"
20200303,2020-03-03,16.524744033813477,"{""type"":""MultiPoint"",""coordinates"":[]}"
20200304,2020-03-04,16.524744033813477,"{""type"":""MultiPoint"",""coordinates"":[]}"
20200305,2020-03-05,0.0,"{""type"":""MultiPoint"",""coordinates"":[]}"
20200306,2020-03-06,0.0,"{""type"":""MultiPoint"",""coordinates"":[]}"
20200307,2020-03-07,8.105643272399902,"{""type"":""MultiPoint"",""coordinates"":[]}"
20200308,2020-03-08,0.0,"{""type"":""MultiPoint"",""coordinates"":[]}"
20200309,2020-03-09,0.0,"{""type"":""MultiPoint"",""coordinates"":[]}"
20200310,2020-03-10,16.211286544799805,"{""type"":""MultiPoint"",""coordinates"":[]}"
20200311,2020-03-11,36.373661041259766,"{""type"":""MultiPoint"",""coordinates"":[]}"
20200312,2020-03-12,0.0,"{""type"":""MultiPoint"",""coordinates"":[]}"
20200313,2020-03-13,0.0,"{""type"":""MultiPoint"",""coordinates"":[]}"
20200314,2020-03-14,0.0,"{""type"":""MultiPoint"",""coordinates"":[]}"
20200315,2020-03-15,0.0,"{""type"":""MultiPoint"",""coordinates"":[]}"
20200316,2020-03-16,0.0,"{""type"":""MultiPoint"",""coordinates"":[]}"
20200317,2020-03-17,0.0,"{""type"":""MultiPoint"",""coordinates"":[]}"
20200318,2020-03-18,0.0,"{""type"":""MultiPoint"",""coordinates"":[]}"
20200319,2020-03-19,0.0,"{""type"":""MultiPoint"",""coordinates"":[]}"
20200320,2020-03-20,0.0,"{""type"":""MultiPoint"",""coordinates"":[]}"
20200321,2020-03-21,0.0,"{""type"":""MultiPoint"",""coordinates"":[]}"
20200322,2020-03-22,0.0,"{""type"":""MultiPoint"",""coordinates"":[]}"
20200323,2020-03-23,0.0,"{""type"":""MultiPoint"",""coordinates"":[]}"
20200324,2020-03-24,0.0,"{""type"":""MultiPoint"",""coordinates"":[]}"
20200325,2020-03-25,0.0,"{""type"":""MultiPoint"",""coordinates"":[]}"
20200326,2020-03-26,0.0,"{""type"":""MultiPoint"",""coordinates"":[]}"
20200327,2020-03-27,0.0,"{""type"":""MultiPoint"",""coordinates"":[]}"
20200328,2020-03-28,0.0,"{""type"":""MultiPoint"",""coordinates"":[]}"
20200329,2020-03-29,0.0,"{""type"":""MultiPoint"",""coordinates"":[]}"
20200330,2020-03-30,0.0,"{""type"":""MultiPoint"",""coordinates"":[]}"
20200331,2020-03-31,0.0,"{""type"":""MultiPoint"",""coordinates"":[]}"
20200401,2020-04-01,6.4088006019592285,"{""type"":""MultiPoint"",""coordinates"":[]}"
20200402,2020-04-02,0.0,"{""type"":""MultiPoint"",""coordinates"":[]}"
20200403,2020-04-03,6.4088006019592285,"{""type"":""MultiPoint"",""coordinates"":[]}"
20200404,2020-04-04,0.0,"{""type"":""MultiPoint"",""coordinates"":[]}"
20200405,2020-04-05,0.0,"{""type"":""MultiPoint"",""coordinates"":[]}"
20200406,2020-04-06,0.0,"{""type"":""MultiPoint"",""coordinates"":[]}"
20200407,2020-04-07,7.983028888702393,"{""type"":""MultiPoint"",""coordinates"":[]}"
20200408,2020-04-08,0.0,"{""type"":""MultiPoint"",""coordinates"":[]}"
20200409,2020-04-09,15.966057777404785,"{""type"":""MultiPoint"",""coordinates"":[]}"
20200410,2020-04-10,7.983028888702393,"{""type"":""MultiPoint"",""coordinates"":[]}"
20200411,2020-04-11,21.06505584716797,"{""type"":""MultiPoint"",""coordinates"":[]}"
20200412,2020-04-12,12.639033317565918,"{""type"":""MultiPoint"",""coordinates"":[]}"
20200413,2020-04-13,4.213010787963867,"{""type"":""MultiPoint"",""coordinates"":[]}"
20200414,2020-04-14,0.0,"{""type"":""MultiPoint"",""coordinates"":[]}"
20200415,2020-04-15,0.0,"{""type"":""MultiPoint"",""coordinates"":[]}"
20200416,2020-04-16,0.0,"{""type"":""MultiPoint"",""coordinates"":[]}"
20200417,2020-04-17,29.22612953186035,"{""type"":""MultiPoint"",""coordinates"":[]}"
20200418,2020-04-18,0.0,"{""type"":""MultiPoint"",""coordinates"":[]}"
20200419,2020-04-19,0.0,"{""type"":""MultiPoint"",""coordinates"":[]}"
20200420,2020-04-20,0.0,"{""type"":""MultiPoint"",""coordinates"":[]}"
20200421,2020-04-21,20.500028610229492,"{""type"":""MultiPoint"",""coordinates"":[]}"
20200422,2020-04-22,0.0,"{""type"":""MultiPoint"",""coordinates"":[]}"
20200423,2020-04-23,10.250014305114746,"{""type"":""MultiPoint"",""coordinates"":[]}"
20200424,2020-04-24,0.0,"{""type"":""MultiPoint"",""coordinates"":[]}"
20200425,2020-04-25,0.0,"{""type"":""MultiPoint"",""coordinates"":[]}"
20200426,2020-04-26,0.0,"{""type"":""MultiPoint"",""coordinates"":[]}"
20200427,2020-04-27,0.0,"{""type"":""MultiPoint"",""coordinates"":[]}"
20200428,2020-04-28,6.17962121963501,"{""type"":""MultiPoint"",""coordinates"":[]}"
20200429,2020-04-29,6.17962121963501,"{""type"":""MultiPoint"",""coordinates"":[]}"
20200430,2020-04-30,6.17962121963501,"{""type"":""MultiPoint"",""coordinates"":[]}"
20200501,2020-05-01,10.307169914245605,"{""type"":""MultiPoint"",""coordinates"":[]}"
20200502,2020-05-02,0.0,"{""type"":""MultiPoint"",""coordinates"":[]}"
20200503,2020-05-03,0.0,"{""type"":""MultiPoint"",""coordinates"":[]}"
20200504,2020-05-04,10.307169914245605,"{""type"":""MultiPoint"",""coordinates"":[]}"
20200505,2020-05-05,0.0,"{""type"":""MultiPoint"",""coordinates"":[]}"
20200506,2020-05-06,6.474913597106934,"{""type"":""MultiPoint"",""coordinates"":[]}"
20200507,2020-05-07,0.0,"{""type"":""MultiPoint"",""coordinates"":[]}"
20200508,2020-05-08,0.0,"{""type"":""MultiPoint"",""coordinates"":[]}"
20200509,2020-05-09,6.474913597106934,"{""type"":""MultiPoint"",""coordinates"":[]}"
20200510,2020-05-10,0.0,"{""type"":""MultiPoint"",""coordinates"":[]}"
20200511,2020-05-11,9.00537109375,"{""type"":""MultiPoint"",""coordinates"":[]}"
20200512,2020-05-12,9.00537109375,"{""type"":""MultiPoint"",""coordinates"":[]}"
20200513,2020-05-13,9.00537109375,"{""type"":""MultiPoint"",""coordinates"":[]}"
20200514,2020-05-14,9.00537109375,"{""type"":""MultiPoint"",""coordinates"":[]}"
20200515,2020-05-15,9.00537109375,"{""type"":""MultiPoint"",""coordinates"":[]}"
20200516,2020-05-16,0.0,"{""type"":""MultiPoint"",""coordinates"":[]}"
20200517,2020-05-17,0.0,"{""type"":""MultiPoint"",""coordinates"":[]}"
20200518,2020-05-18,8.628556251525879,"{""type"":""MultiPoint"",""coordinates"":[]}"
20200519,2020-05-19,8.628556251525879,"{""type"":""MultiPoint"",""coordinates"":[]}"
20200520,2020-05-20,0.0,"{""type"":""MultiPoint"",""coordinates"":[]}"
20200521,2020-05-21,1.6661732196807861,"{""type"":""MultiPoint"",""coordinates"":[]}"
20200522,2020-05-22,1.9773672819137573,"{""type"":""MultiPoint"",""coordinates"":[]}"
20200523,2020-05-23,0.9456473588943481,"{""type"":""MultiPoint"",""coordinates"":[]}"
20200524,2020-05-24,1.462294101715088,"{""type"":""MultiPoint"",""coordinates"":[]}"
20200525,2020-05-25,0.9966880679130554,"{""type"":""MultiPoint"",""coordinates"":[]}"
20200526,2020-05-26,0.0,"{""type"":""MultiPoint"",""coordinates"":[]}"
20200527,2020-05-27,44.05339050292969,"{""type"":""MultiPoint"",""coordinates"":[]}"
20200528,2020-05-28,17.621356964111328,"{""type"":""MultiPoint"",""coordinates"":[]}"
20200529,2020-05-29,0.0,"{""type"":""MultiPoint"",""coordinates"":[]}"
20200530,2020-05-30,8.810678482055664,"{""type"":""MultiPoint"",""coordinates"":[]}"
20200531,2020-05-31,0.0,"{""type"":""MultiPoint"",""coordinates"":[]}"
20200601,2020-06-01,6.5958051681518555,"{""type"":""MultiPoint"",""coordinates"":[]}"
20200602,2020-06-02,11.818817138671875,"{""type"":""MultiPoint"",""coordinates"":[]}"
20200603,2020-06-03,15.287178039550781,"{""type"":""MultiPoint"",""coordinates"":[]}"
20200604,2020-06-04,9.534659385681152,"{""type"":""MultiPoint"",""coordinates"":[]}"
20200605,2020-06-05,2.490600347518921,"{""type"":""MultiPoint"",""coordinates"":[]}"
20200606,2020-06-06,8.967638969421387,"{""type"":""MultiPoint"",""coordinates"":[]}"
20200607,2020-06-07,2.989212989807129,"{""type"":""MultiPoint"",""coordinates"":[]}"
20200608,2020-06-08,2.989212989807129,"{""type"":""MultiPoint"",""coordinates"":[]}"
20200609,2020-06-09,0.0,"{""type"":""MultiPoint"",""coordinates"":[]}"
20200610,2020-06-10,2.989212989807129,"{""type"":""MultiPoint"",""coordinates"":[]}"
20200611,2020-06-11,0.7597516179084778,"{""type"":""MultiPoint"",""coordinates"":[]}"
20200612,2020-06-12,0.6998692154884338,"{""type"":""MultiPoint"",""coordinates"":[]}"
20200613,2020-06-13,0.8868659734725952,"{""type"":""MultiPoint"",""coordinates"":[]}"
20200614,2020-06-14,1.0057698488235474,"{""type"":""MultiPoint"",""coordinates"":[]}"
20200615,2020-06-15,0.33849310874938965,"{""type"":""MultiPoint"",""coordinates"":[]}"
20200616,2020-06-16,0.0,"{""type"":""MultiPoint"",""coordinates"":[]}"
20200617,2020-06-17,7.2236104011535645,"{""type"":""MultiPoint"",""coordinates"":[]}"
20200618,2020-06-18,0.0,"{""type"":""MultiPoint"",""coordinates"":[]}"
20200619,2020-06-19,7.2236104011535645,"{""type"":""MultiPoint"",""coordinates"":[]}"
20200620,2020-06-20,7.2236104011535645,"{""type"":""MultiPoint"",""coordinates"":[]}"
20200621,2020-06-21,6.637068271636963,"{""type"":""MultiPoint"",""coordinates"":[]}"
20200622,2020-06-22,3.3185341358184814,"{""type"":""MultiPoint"",""coordinates"":[]}"
20200623,2020-06-23,3.3185341358184814,"{""type"":""MultiPoint"",""coordinates"":[]}"
20200624,2020-06-24,3.3185341358184814,"{""type"":""MultiPoint"",""coordinates"":[]}"
20200625,2020-06-25,0.0,"{""type"":""MultiPoint"",""coordinates"":[]}"
20200626,2020-06-26,9.5294771194458,"{""type"":""MultiPoint"",""coordinates"":[]}"
20200627,2020-06-27,0.0,"{""type"":""MultiPoint"",""coordinates"":[]}"
20200628,2020-06-28,28.588430404663086,"{""type"":""MultiPoint"",""coordinates"":[]}"
20200629,2020-06-29,9.5294771194458,"{""type"":""MultiPoint"",""coordinates"":[]}"
20200630,2020-06-30,0.0,"{""type"":""MultiPoint"",""coordinates"":[]}"
20200701,2020-07-01,11.827057838439941,"{""type"":""MultiPoint"",""coordinates"":[]}"
20200702,2020-07-02,23.654115676879883,"{""type"":""MultiPoint"",""coordinates"":[]}"
20200703,2020-07-03,5.913528919219971,"{""type"":""MultiPoint"",""coordinates"":[]}"
20200704,2020-07-04,17.74058723449707,"{""type"":""MultiPoint"",""coordinates"":[]}"
20200705,2020-07-05,17.74058723449707,"{""type"":""MultiPoint"",""coordinates"":[]}"
20200706,2020-07-06,0.0,"{""type"":""MultiPoint"",""coordinates"":[]}"
20200707,2020-07-07,24.182910919189453,"{""type"":""MultiPoint"",""coordinates"":[]}"
20200708,2020-07-08,12.091455459594727,"{""type"":""MultiPoint"",""coordinates"":[]}"
20200709,2020-07-09,12.091455459594727,"{""type"":""MultiPoint"",""coordinates"":[]}"
20200710,2020-07-10,0.0,"{""type"":""MultiPoint"",""coordinates"":[]}"
20200711,2020-07-11,14.092114448547363,"{""type"":""MultiPoint"",""coordinates"":[]}"
20200712,2020-07-12,0.0,"{""type"":""MultiPoint"",""coordinates"":[]}"
20200713,2020-07-13,0.0,"{""type"":""MultiPoint"",""coordinates"":[]}"
20200714,2020-07-14,9.394742965698242,"{""type"":""MultiPoint"",""coordinates"":[]}"
20200715,2020-07-15,0.0,"{""type"":""MultiPoint"",""coordinates"":[]}"
20200716,2020-07-16,1.8296701908111572,"{""type"":""MultiPoint"",""coordinates"":[]}"
20200717,2020-07-17,3.45475697517395,"{""type"":""MultiPoint"",""coordinates"":[]}"
20200718,2020-07-18,3.550819158554077,"{""type"":""MultiPoint"",""coordinates"":[]}"
20200719,2020-07-19,0.8237513899803162,"{""type"":""MultiPoint"",""coordinates"":[]}"
20200720,2020-07-20,1.3375993967056274,"{""type"":""MultiPoint"",""coordinates"":[]}"
20200721,2020-07-21,0.0,"{""type"":""MultiPoint"",""coordinates"":[]}"
20200722,2020-07-22,37.52798080444336,"{""type"":""MultiPoint"",""coordinates"":[]}"
20200723,2020-07-23,9.38199520111084,"{""type"":""MultiPoint"",""coordinates"":[]}"
20200724,2020-07-24,28.145986557006836,"{""type"":""MultiPoint"",""coordinates"":[]}"
20200725,2020-07-25,9.38199520111084,"{""type"":""MultiPoint"",""coordinates"":[]}"
20200726,2020-07-26,0.0,"{""type"":""MultiPoint"",""coordinates"":[]}"
20200727,2020-07-27,26.175914764404297,"{""type"":""MultiPoint"",""coordinates"":[]}"
20200728,2020-07-28,6.543978691101074,"{""type"":""MultiPoint"",""coordinates"":[]}"
20200729,2020-07-29,6.543978691101074,"{""type"":""MultiPoint"",""coordinates"":[]}"
20200730,2020-07-30,6.543978691101074,"{""type"":""MultiPoint"",""coordinates"":[]}"
20200731,2020-07-31,0.0,"{""type"":""MultiPoint"",""coordinates"":[]}"
20200801,2020-08-01,0.0,"{""type"":""MultiPoint"",""coordinates"":[]}"
20200802,2020-08-02,0.0,"{""type"":""MultiPoint"",""coordinates"":[]}"
20200803,2020-08-03,0.0,"{""type"":""MultiPoint"",""coordinates"":[]}"
20200804,2020-08-04,0.0,"{""type"":""MultiPoint"",""coordinates"":[]}"
20200805,2020-08-05,5.139052867889404,"{""type"":""MultiPoint"",""coordinates"":[]}"
20200806,2020-08-06,0.0,"{""type"":""MultiPoint"",""coordinates"":[]}"
20200807,2020-08-07,0.0,"{""type"":""MultiPoint"",""coordinates"":[]}"
20200808,2020-08-08,0.0,"{""type"":""MultiPoint"",""coordinates"":[]}"
20200809,2020-08-09,0.0,"{""type"":""MultiPoint"",""coordinates"":[]}"
20200810,2020-08-10,0.0,"{""type"":""MultiPoint"",""coordinates"":[]}"
20200811,2020-08-11,0.0,"{""type"":""MultiPoint"",""coordinates"":[]}"
20200812,2020-08-12,28.12183952331543,"{""type"":""MultiPoint"",""coordinates"":[]}"
20200813,2020-08-13,7.030459880828857,"{""type"":""MultiPoint"",""coordinates"":[]}"
20200814,2020-08-14,21.091379165649414,"{""type"":""MultiPoint"",""coordinates"":[]}"
20200815,2020-08-15,7.030459880828857,"{""type"":""MultiPoint"",""coordinates"":[]}"
20200816,2020-08-16,12.642396926879883,"{""type"":""MultiPoint"",""coordinates"":[]}"
20200817,2020-08-17,25.284793853759766,"{""type"":""MultiPoint"",""coordinates"":[]}"
20200818,2020-08-18,0.0,"{""type"":""MultiPoint"",""coordinates"":[]}"
20200819,2020-08-19,12.642396926879883,"{""type"":""MultiPoint"",""coordinates"":[]}"
20200820,2020-08-20,18.963594436645508,"{""type"":""MultiPoint"",""coordinates"":[]}"
20200821,2020-08-21,7.801263809204102,"{""type"":""MultiPoint"",""coordinates"":[]}"
20200822,2020-08-22,7.801263809204102,"{""type"":""MultiPoint"",""coordinates"":[]}"
20200823,2020-08-23,7.801263809204102,"{""type"":""MultiPoint"",""coordinates"":[]}"
20200824,2020-08-24,15.602527618408203,"{""type"":""MultiPoint"",""coordinates"":[]}"
20200825,2020-08-25,31.205055236816406,"{""type"":""MultiPoint"",""coordinates"":[]}"
20200826,2020-08-26,5.297031879425049,"{""type"":""MultiPoint"",""coordinates"":[]}"
20200827,2020-08-27,10.594063758850098,"{""type"":""MultiPoint"",""coordinates"":[]}"
20200828,2020-08-28,5.297031879425049,"{""type"":""MultiPoint"",""coordinates"":[]}"
20200829,2020-08-29,15.891095161437988,"{""type"":""MultiPoint"",""coordinates"":[]}"
20200830,2020-08-30,5.297031879425049,"{""type"":""MultiPoint"",""coordinates"":[]}"
20200831,2020-08-31,5.297031879425049,"{""type"":""MultiPoint"",""coordinates"":[]}"
20200901,2020-09-01,9.483112335205078,"{""type"":""MultiPoint"",""coordinates"":[]}"
20200902,2020-09-02,28.4493350982666,"{""type"":""MultiPoint"",""coordinates"":[]}"
20200903,2020-09-03,0.0,"{""type"":""MultiPoint"",""coordinates"":[]}"
20200904,2020-09-04,18.966224670410156,"{""type"":""MultiPoint"",""coordinates"":[]}"
20200905,2020-09-05,0.0,"{""type"":""MultiPoint"",""coordinates"":[]}"
20200906,2020-09-06,6.692209720611572,"{""type"":""MultiPoint"",""coordinates"":[]}"
20200907,2020-09-07,0.0,"{""type"":""MultiPoint"",""coordinates"":[]}"
20200908,2020-09-08,26.76883888244629,"{""type"":""MultiPoint"",""coordinates"":[]}"
20200909,2020-09-09,0.0,"{""type"":""MultiPoint"",""coordinates"":[]}"
20200910,2020-09-10,13.384419441223145,"{""type"":""MultiPoint"",""coordinates"":[]}"
20200911,2020-09-11,32.69286346435547,"{""type"":""MultiPoint"",""coordinates"":[]}"
20200912,2020-09-12,0.0,"{""type"":""MultiPoint"",""coordinates"":[]}"
20200913,2020-09-13,0.0,"{""type"":""MultiPoint"",""coordinates"":[]}"
20200914,2020-09-14,0.0,"{""type"":""MultiPoint"",""coordinates"":[]}"
20200915,2020-09-15,0.0,"{""type"":""MultiPoint"",""coordinates"":[]}"
20200916,2020-09-16,3.1374335289001465,"{""type"":""MultiPoint"",""coordinates"":[]}"
20200917,2020-09-17,8.025537490844727,"{""type"":""MultiPoint"",""coordinates"":[]}"
20200918,2020-09-18,4.778532028198242,"{""type"":""MultiPoint"",""coordinates"":[]}"
20200919,2020-09-19,9.735669136047363,"{""type"":""MultiPoint"",""coordinates"":[]}"
20200920,2020-09-20,15.45776081085205,"{""type"":""MultiPoint"",""coordinates"":[]}"
20200921,2020-09-21,3.469257116317749,"{""type"":""MultiPoint"",""coordinates"":[]}"
20200922,2020-09-22,6.938514232635498,"{""type"":""MultiPoint"",""coordinates"":[]}"
20200923,2020-09-23,6.938514232635498,"{""type"":""MultiPoint"",""coordinates"":[]}"
20200924,2020-09-24,3.469257116317749,"{""type"":""MultiPoint"",""coordinates"":[]}"
20200925,2020-09-25,0.0,"{""type"":""MultiPoint"",""coordinates"":[]}"
20200926,2020-09-26,0.0,"{""type"":""MultiPoint"",""coordinates"":[]}"
20200927,2020-09-27,9.694085121154785,"{""type"":""MultiPoint"",""coordinates"":[]}"
20200928,2020-09-28,19.38817024230957,"{""type"":""MultiPoint"",""coordinates"":[]}"
20200929,2020-09-29,0.0,"{""type"":""MultiPoint"",""coordinates"":[]}"
20200930,2020-09-30,9.694085121154785,"{""type"":""MultiPoint"",""coordinates"":[]}"
20201001,2020-10-01,0.0,"{""type"":""MultiPoint"",""coordinates"":[]}"
20201002,2020-10-02,0.0,"{""type"":""MultiPoint"",""coordinates"":[]}"
20201003,2020-10-03,12.944602012634277,"{""type"":""MultiPoint"",""coordinates"":[]}"
20201004,2020-10-04,38.83380889892578,"{""type"":""MultiPoint"",""coordinates"":[]}"
20201005,2020-10-05,0.0,"{""type"":""MultiPoint"",""coordinates"":[]}"
20201006,2020-10-06,8.038507461547852,"{""type"":""MultiPoint"",""coordinates"":[]}"
20201007,2020-10-07,8.038507461547852,"{""type"":""MultiPoint"",""coordinates"":[]}"
20201008,2020-10-08,0.0,"{""type"":""MultiPoint"",""coordinates"":[]}"
20201009,2020-10-09,4.019253730773926,"{""type"":""MultiPoint"",""coordinates"":[]}"
20201010,2020-10-10,0.0,"{""type"":""MultiPoint"",""coordinates"":[]}"
20201011,2020-10-11,8.402835845947266,"{""type"":""MultiPoint"",""coordinates"":[]}"
20201012,2020-10-12,0.0,"{""type"":""MultiPoint"",""coordinates"":[]}"
20201013,2020-10-13,25.20850944519043,"{""type"":""MultiPoint"",""coordinates"":[]}"
20201014,2020-10-14,8.402835845947266,"{""type"":""MultiPoint"",""coordinates"":[]}"
20201015,2020-10-15,0.0,"{""type"":""MultiPoint"",""coordinates"":[]}"
20201016,2020-10-16,0.0,"{""type"":""MultiPoint"",""coordinates"":[]}"
20201017,2020-10-17,0.0,"{""type"":""MultiPoint"",""coordinates"":[]}"
20201018,2020-10-18,8.52319622039795,"{""type"":""MultiPoint"",""coordinates"":[]}"
20201019,2020-10-19,17.0463924407959,"{""type"":""MultiPoint"",""coordinates"":[]}"
20201020,2020-10-20,0.0,"{""type"":""MultiPoint"",""coordinates"":[]}"
20201021,2020-10-21,8.905322074890137,"{""type"":""MultiPoint"",""coordinates"":[]}"
20201022,2020-10-22,17.810644149780273,"{""type"":""MultiPoint"",""coordinates"":[]}"
20201023,2020-10-23,0.0,"{""type"":""MultiPoint"",""coordinates"":[]}"
20201024,2020-10-24,17.810644149780273,"{""type"":""MultiPoint"",""coordinates"":[]}"
20201025,2020-10-25,0.0,"{""type"":""MultiPoint"",""coordinates"":[]}"
20201026,2020-10-26,4.175867557525635,"{""type"":""MultiPoint"",""coordinates"":[]}"
20201027,2020-10-27,7.330164909362793,"{""type"":""MultiPoint"",""coordinates"":[]}"
20201028,2020-10-28,31.445220947265625,"{""type"":""MultiPoint"",""coordinates"":[]}"
20201029,2020-10-29,3.8148820400238037,"{""type"":""MultiPoint"",""coordinates"":[]}"
20201030,2020-10-30,2.0720982551574707,"{""type"":""MultiPoint"",""coordinates"":[]}"
20201031,2020-10-31,5.996866226196289,"{""type"":""MultiPoint"",""coordinates"":[]}"
20201101,2020-11-01,17.002058029174805,"{""type"":""MultiPoint"",""coordinates"":[]}"
20201102,2020-11-02,0.0,"{""type"":""MultiPoint"",""coordinates"":[]}"
20201103,2020-11-03,0.0,"{""type"":""MultiPoint"",""coordinates"":[]}"
20201104,2020-11-04,8.501029014587402,"{""type"":""MultiPoint"",""coordinates"":[]}"
20201105,2020-11-05,17.002058029174805,"{""type"":""MultiPoint"",""coordinates"":[]}"
20201106,2020-11-06,0.0,"{""type"":""MultiPoint"",""coordinates"":[]}"
20201107,2020-11-07,0.0,"{""type"":""MultiPoint"",""coordinates"":[]}"
20201108,2020-11-08,0.0,"{""type"":""MultiPoint"",""coordinates"":[]}"
20201109,2020-11-09,38.03121566772461,"{""type"":""MultiPoint"",""coordinates"":[]}"
20201110,2020-11-10,12.677072525024414,"{""type"":""MultiPoint"",""coordinates"":[]}"
20201111,2020-11-11,31.244834899902344,"{""type"":""MultiPoint"",""coordinates"":[]}"
20201112,2020-11-12,0.0,"{""type"":""MultiPoint"",""coordinates"":[]}"
20201113,2020-11-13,20.82988929748535,"{""type"":""MultiPoint"",""coordinates"":[]}"
20201114,2020-11-14,10.414944648742676,"{""type"":""MultiPoint"",""coordinates"":[]}"
20201115,2020-11-15,0.0,"{""type"":""MultiPoint"",""coordinates"":[]}"
20201116,2020-11-16,19.513547897338867,"{""type"":""MultiPoint"",""coordinates"":[]}"
20201117,2020-11-17,0.0,"{""type"":""MultiPoint"",""coordinates"":[]}"
20201118,2020-11-18,29.270320892333984,"{""type"":""MultiPoint"",""coordinates"":[]}"
20201119,2020-11-19,0.0,"{""type"":""MultiPoint"",""coordinates"":[]}"
20201120,2020-11-20,9.756773948669434,"{""type"":""MultiPoint"",""coordinates"":[]}"
20201121,2020-11-21,0.0,"{""type"":""MultiPoint"",""coordinates"":[]}"
20201122,2020-11-22,0.0,"{""type"":""MultiPoint"",""coordinates"":[]}"
20201123,2020-11-23,0.0,"{""type"":""MultiPoint"",""coordinates"":[]}"
20201124,2020-11-24,0.0,"{""type"":""MultiPoint"",""coordinates"":[]}"
20201125,2020-11-25,0.0,"{""type"":""MultiPoint"",""coordinates"":[]}"
20201126,2020-11-26,0.0,"{""type"":""MultiPoint"",""coordinates"":[]}"
20201127,2020-11-27,13.304856300354004,"{""type"":""MultiPoint"",""coordinates"":[]}"
20201128,2020-11-28,13.304856300354004,"{""type"":""MultiPoint"",""coordinates"":[]}"
20201129,2020-11-29,0.0,"{""type"":""MultiPoint"",""coordinates"":[]}"
20201130,2020-11-30,0.0,"{""type"":""MultiPoint"",""coordinates"":[]}"
20201201,2020-12-01,7.872193336486816,"{""type"":""MultiPoint"",""coordinates"":[]}"
20201202,2020-12-02,7.872193336486816,"{""type"":""MultiPoint"",""coordinates"":[]}"
20201203,2020-12-03,15.744386672973633,"{""type"":""MultiPoint"",""coordinates"":[]}"
20201204,2020-12-04,0.0,"{""type"":""MultiPoint"",""coordinates"":[]}"
20201205,2020-12-05,0.0,"{""type"":""MultiPoint"",""coordinates"":[]}"
20201206,2020-12-06,0.0,"{""type"":""MultiPoint"",""coordinates"":[]}"
20201207,2020-12-07,0.0,"{""type"":""MultiPoint"",""coordinates"":[]}"
20201208,2020-12-08,30.056781768798828,"{""type"":""MultiPoint"",""coordinates"":[]}"
20201209,2020-12-09,0.0,"{""type"":""MultiPoint"",""coordinates"":[]}"
20201210,2020-12-10,0.0,"{""type"":""MultiPoint"",""coordinates"":[]}"
20201211,2020-12-11,13.615816116333008,"{""type"":""MultiPoint"",""coordinates"":[]}"
20201212,2020-12-12,0.0,"{""type"":""MultiPoint"",""coordinates"":[]}"
20201213,2020-12-13,0.0,"{""type"":""MultiPoint"",""coordinates"":[]}"
20201214,2020-12-14,0.0,"{""type"":""MultiPoint"",""coordinates"":[]}"
20201215,2020-12-15,0.0,"{""type"":""MultiPoint"",""coordinates"":[]}"
20201216,2020-12-16,0.0,"{""type"":""MultiPoint"",""coordinates"":[]}"
20201217,2020-12-17,17.413572311401367,"{""type"":""MultiPoint"",""coordinates"":[]}"
20201218,2020-12-18,17.413572311401367,"{""type"":""MultiPoint"",""coordinates"":[]}"
20201219,2020-12-19,0.0,"{""type"":""MultiPoint"",""coordinates"":[]}"
20201220,2020-12-20,0.0,"{""type"":""MultiPoint"",""coordinates"":[]}"
20201221,2020-12-21,0.0,"{""type"":""MultiPoint"",""coordinates"":[]}"
20201222,2020-12-22,15.16691780090332,"{""type"":""MultiPoint"",""coordinates"":[]}"
20201223,2020-12-23,15.16691780090332,"{""type"":""MultiPoint"",""coordinates"":[]}"
20201224,2020-12-24,0.0,"{""type"":""MultiPoint"",""coordinates"":[]}"
20201225,2020-12-25,15.16691780090332,"{""type"":""MultiPoint"",""coordinates"":[]}"
20201226,2020-12-26,0.0,"{""type"":""MultiPoint"",""coordinates"":[]}"
20201227,2020-12-27,0.0,"{""type"":""MultiPoint"",""coordinates"":[]}"
20201228,2020-12-28,0.0,"{""type"":""MultiPoint"",""coordinates"":[]}"
20201229,2020-12-29,0.0,"{""type"":""MultiPoint"",""coordinates"":[]}"
20201230,2020-12-30,0.0,"{""type"":""MultiPoint"",""coordinates"":[]}"
20201231,2020-12-31,0.0,"{""type"":""MultiPoint"",""coordinates"":[]}"
20210101,2021-01-01,0.0,"{""type"":""MultiPoint"",""coordinates"":[]}"
20210102,2021-01-02,0.0,"{""type"":""MultiPoint"",""coordinates"":[]}"
20210103,2021-01-03,20.991321563720703,"{""type"":""MultiPoint"",""coordinates"":[]}"
20210104,2021-01-04,0.0,"{""type"":""MultiPoint"",""coordinates"":[]}"
20210105,2021-01-05,0.0,"{""type"":""MultiPoint"",""coordinates"":[]}"
20210106,2021-01-06,0.0,"{""type"":""MultiPoint"",""coordinates"":[]}"
20210107,2021-01-07,26.565258026123047,"{""type"":""MultiPoint"",""coordinates"":[]}"
20210108,2021-01-08,0.0,"{""type"":""MultiPoint"",""coordinates"":[]}"
20210109,2021-01-09,0.0,"{""type"":""MultiPoint"",""coordinates"":[]}"
20210110,2021-01-10,0.0,"{""type"":""MultiPoint"",""coordinates"":[]}"
20210111,2021-01-11,11.706768989562988,"{""type"":""MultiPoint"",""coordinates"":[]}"
20210112,2021-01-12,0.0,"{""type"":""MultiPoint"",""coordinates"":[]}"
20210113,2021-01-13,0.0,"{""type"":""MultiPoint"",""coordinates"":[]}"
20210114,2021-01-14,0.0,"{""type"":""MultiPoint"",""coordinates"":[]}"
20210115,2021-01-15,0.0,"{""type"":""MultiPoint"",""coordinates"":[]}"
20210116,2021-01-16,0.0,"{""type"":""MultiPoint"",""coordinates"":[]}"
20210117,2021-01-17,0.0,"{""type"":""MultiPoint"",""coordinates"":[]}"
20210118,2021-01-18,0.0,"{""type"":""MultiPoint"",""coordinates"":[]}"
20210119,2021-01-19,0.0,"{""type"":""MultiPoint"",""coordinates"":[]}"
20210120,2021-01-20,0.0,"{""type"":""MultiPoint"",""coordinates"":[]}"
20210121,2021-01-21,0.0,"{""type"":""MultiPoint"",""coordinates"":[]}"
20210122,2021-01-22,0.0,"{""type"":""MultiPoint"",""coordinates"":[]}"
20210123,2021-01-23,26.26168441772461,"{""type"":""MultiPoint"",""coordinates"":[]}"
20210124,2021-01-24,0.0,"{""type"":""MultiPoint"",""coordinates"":[]}"
20210125,2021-01-25,0.0,"{""type"":""MultiPoint"",""coordinates"":[]}"
20210126,2021-01-26,13.745241165161133,"{""type"":""MultiPoint"",""coordinates"":[]}"
20210127,2021-01-27,0.0,"{""type"":""MultiPoint"",""coordinates"":[]}"
20210128,2021-01-28,0.0,"{""type"":""MultiPoint"",""coordinates"":[]}"
20210129,2021-01-29,0.0,"{""type"":""MultiPoint"",""coordinates"":[]}"
20210130,2021-01-30,0.0,"{""type"":""MultiPoint"",""coordinates"":[]}"
20210131,2021-01-31,0.0,"{""type"":""MultiPoint"",""coordinates"":[]}"
20210201,2021-02-01,0.0,"{""type"":""MultiPoint"",""coordinates"":[]}"
20210202,2021-02-02,0.0,"{""type"":""MultiPoint"",""coordinates"":[]}"
20210203,2021-02-03,14.58852481842041,"{""type"":""MultiPoint"",""coordinates"":[]}"
20210204,2021-02-04,14.58852481842041,"{""type"":""MultiPoint"",""coordinates"":[]}"
20210205,2021-02-05,0.0,"{""type"":""MultiPoint"",""coordinates"":[]}"
20210206,2021-02-06,0.0,"{""type"":""MultiPoint"",""coordinates"":[]}"
20210207,2021-02-07,0.0,"{""type"":""MultiPoint"",""coordinates"":[]}"
20210208,2021-02-08,0.0,"{""type"":""MultiPoint"",""coordinates"":[]}"
20210209,2021-02-09,64.25167846679688,"{""type"":""MultiPoint"",""coordinates"":[]}"
20210210,2021-02-10,0.0,"{""type"":""MultiPoint"",""coordinates"":[]}"
20210211,2021-02-11,0.0,"{""type"":""MultiPoint"",""coordinates"":[]}"
20210212,2021-02-12,0.0,"{""type"":""MultiPoint"",""coordinates"":[]}"
20210213,2021-02-13,0.0,"{""type"":""MultiPoint"",""coordinates"":[]}"
20210214,2021-02-14,0.0,"{""type"":""MultiPoint"",""coordinates"":[]}"
20210215,2021-02-15,0.0,"{""type"":""MultiPoint"",""coordinates"":[]}"
20210216,2021-02-16,0.0,"{""type"":""MultiPoint"",""coordinates"":[]}"
20210217,2021-02-17,0.0,"{""type"":""MultiPoint"",""coordinates"":[]}"
20210218,2021-02-18,0.0,"{""type"":""MultiPoint"",""coordinates"":[]}"
20210219,2021-02-19,0.0,"{""type"":""MultiPoint"",""coordinates"":[]}"
20210220,2021-02-20,0.0,"{""type"":""MultiPoint"",""coordinates"":[]}"
20210221,2021-02-21,0.0,"{""type"":""MultiPoint"",""coordinates"":[]}"
20210222,2021-02-22,0.0,"{""type"":""MultiPoint"",""coordinates"":[]}"
20210223,2021-02-23,0.0,"{""type"":""MultiPoint"",""coordinates"":[]}"
20210224,2021-02-24,0.0,"{""type"":""MultiPoint"",""coordinates"":[]}"
20210225,2021-02-25,0.0,"{""type"":""MultiPoint"",""coordinates"":[]}"
20210226,2021-02-26,0.0,"{""type"":""MultiPoint"",""coordinates"":[]}"
20210227,2021-02-27,43.296546936035156,"{""type"":""MultiPoint"",""coordinates"":[]}"
20210228,2021-02-28,0.0,"{""type"":""MultiPoint"",""coordinates"":[]}"
20210301,2021-03-01,0.0,"{""type"":""MultiPoint"",""coordinates"":[]}"
20210302,2021-03-02,0.0,"{""type"":""MultiPoint"",""coordinates"":[]}"
20210303,2021-03-03,0.0,"{""type"":""MultiPoint"",""coordinates"":[]}"
20210304,2021-03-04,0.0,"{""type"":""MultiPoint"",""coordinates"":[]}"
20210305,2021-03-05,0.0,"{""type"":""MultiPoint"",""coordinates"":[]}"
20210306,2021-03-06,0.0,"{""type"":""MultiPoint"",""coordinates"":[]}"
20210307,2021-03-07,0.0,"{""type"":""MultiPoint"",""coordinates"":[]}"
20210308,2021-03-08,24.22231101989746,"{""type"":""MultiPoint"",""coordinates"":[]}"
20210309,2021-03-09,6.055577754974365,"{""type"":""MultiPoint"",""coordinates"":[]}"
20210310,2021-03-10,6.055577754974365,"{""type"":""MultiPoint"",""coordinates"":[]}"
20210311,2021-03-11,0.0,"{""type"":""MultiPoint"",""coordinates"":[]}"
20210312,2021-03-12,0.0,"{""type"":""MultiPoint"",""coordinates"":[]}"
20210313,2021-03-13,9.500372886657715,"{""type"":""MultiPoint"",""coordinates"":[]}"
20210314,2021-03-14,9.500372886657715,"{""type"":""MultiPoint"",""coordinates"":[]}"
20210315,2021-03-15,0.0,"{""type"":""MultiPoint"",""coordinates"":[]}"
20210316,2021-03-16,10.243875503540039,"{""type"":""MultiPoint"",""coordinates"":[]}"
20210317,2021-03-17,3.414625406265259,"{""type"":""MultiPoint"",""coordinates"":[]}"
20210318,2021-03-18,10.243875503540039,"{""type"":""MultiPoint"",""coordinates"":[]}"
20210319,2021-03-19,3.414625406265259,"{""type"":""MultiPoint"",""coordinates"":[]}"
20210320,2021-03-20,0.0,"{""type"":""MultiPoint"",""coordinates"":[]}"
20210321,2021-03-21,0.0,"{""type"":""MultiPoint"",""coordinates"":[]}"
20210322,2021-03-22,10.279576301574707,"{""type"":""MultiPoint"",""coordinates"":[]}"
20210323,2021-03-23,0.0,"{""type"":""MultiPoint"",""coordinates"":[]}"
20210324,2021-03-24,0.0,"{""type"":""MultiPoint"",""coordinates"":[]}"
20210325,2021-03-25,10.279576301574707,"{""type"":""MultiPoint"",""coordinates"":[]}"
20210326,2021-03-26,0.0,"{""type"":""MultiPoint"",""coordinates"":[]}"
20210327,2021-03-27,15.83303451538086,"{""type"":""MultiPoint"",""coordinates"":[]}"
20210328,2021-03-28,15.83303451538086,"{""type"":""MultiPoint"",""coordinates"":[]}"
20210329,2021-03-29,7.91651725769043,"{""type"":""MultiPoint"",""coordinates"":[]}"
20210330,2021-03-30,0.0,"{""type"":""MultiPoint"",""coordinates"":[]}"
20210331,2021-03-31,23.74955177307129,"{""type"":""MultiPoint"",""coordinates"":[]}"
20210401,2021-04-01,28.78099822998047,"{""type"":""MultiPoint"",""coordinates"":[]}"
20210402,2021-04-02,0.0,"{""type"":""MultiPoint"",""coordinates"":[]}"
20210403,2021-04-03,14.390499114990234,"{""type"":""MultiPoint"",""coordinates"":[]}"
20210404,2021-04-04,4.796833038330078,"{""type"":""MultiPoint"",""coordinates"":[]}"
20210405,2021-04-05,4.796833038330078,"{""type"":""MultiPoint"",""coordinates"":[]}"
20210406,2021-04-06,19.679424285888672,"{""type"":""MultiPoint"",""coordinates"":[]}"
20210407,2021-04-07,0.0,"{""type"":""MultiPoint"",""coordinates"":[]}"
20210408,2021-04-08,0.0,"{""type"":""MultiPoint"",""coordinates"":[]}"
20210409,2021-04-09,9.839712142944336,"{""type"":""MultiPoint"",""coordinates"":[]}"
20210410,2021-04-10,0.0,"{""type"":""MultiPoint"",""coordinates"":[]}"
20210411,2021-04-11,11.425477981567383,"{""type"":""MultiPoint"",""coordinates"":[]}"
20210412,2021-04-12,5.712738990783691,"{""type"":""MultiPoint"",""coordinates"":[]}"
20210413,2021-04-13,0.0,"{""type"":""MultiPoint"",""coordinates"":[]}"
20210414,2021-04-14,34.27643585205078,"{""type"":""MultiPoint"",""coordinates"":[]}"
20210415,2021-04-15,5.712738990783691,"{""type"":""MultiPoint"",""coordinates"":[]}"
20210416,2021-04-16,30.962310791015625,"{""type"":""MultiPoint"",""coordinates"":[]}"
20210417,2021-04-17,10.320770263671875,"{""type"":""MultiPoint"",""coordinates"":[]}"
20210418,2021-04-18,10.320770263671875,"{""type"":""MultiPoint"",""coordinates"":[]}"
20210419,2021-04-19,0.0,"{""type"":""MultiPoint"",""coordinates"":[]}"
20210420,2021-04-20,0.0,"{""type"":""MultiPoint"",""coordinates"":[]}"
20210421,2021-04-21,12.590901374816895,"{""type"":""MultiPoint"",""coordinates"":[]}"
20210422,2021-04-22,0.0,"{""type"":""MultiPoint"",""coordinates"":[]}"
20210423,2021-04-23,12.590901374816895,"{""type"":""MultiPoint"",""coordinates"":[]}"
20210424,2021-04-24,0.0,"{""type"":""MultiPoint"",""coordinates"":[]}"
20210425,2021-04-25,6.295450687408447,"{""type"":""MultiPoint"",""coordinates"":[]}"
20210426,2021-04-26,16.29666519165039,"{""type"":""MultiPoint"",""coordinates"":[]}"
20210427,2021-04-27,8.148332595825195,"{""type"":""MultiPoint"",""coordinates"":[]}"
20210428,2021-04-28,0.0,"{""type"":""MultiPoint"",""coordinates"":[]}"
20210429,2021-04-29,0.0,"{""type"":""MultiPoint"",""coordinates"":[]}"
20210430,2021-04-30,8.148332595825195,"{""type"":""MultiPoint"",""coordinates"":[]}"
20210501,2021-05-01,5.264708518981934,"{""type"":""MultiPoint"",""coordinates"":[]}"
20210502,2021-05-02,5.264708518981934,"{""type"":""MultiPoint"",""coordinates"":[]}"
20210503,2021-05-03,10.529417037963867,"{""type"":""MultiPoint"",""coordinates"":[]}"
20210504,2021-05-04,0.0,"{""type"":""MultiPoint"",""coordinates"":[]}"
20210505,2021-05-05,5.264708518981934,"{""type"":""MultiPoint"",""coordinates"":[]}"
20210506,2021-05-06,5.072341442108154,"{""type"":""MultiPoint"",""coordinates"":[]}"
20210507,2021-05-07,10.144682884216309,"{""type"":""MultiPoint"",""coordinates"":[]}"
20210508,2021-05-08,5.072341442108154,"{""type"":""MultiPoint"",""coordinates"":[]}"
20210509,2021-05-09,10.144682884216309,"{""type"":""MultiPoint"",""coordinates"":[]}"
20210510,2021-05-10,10.144682884216309,"{""type"":""MultiPoint"",""coordinates"":[]}"
20210511,2021-05-11,0.0,"{""type"":""MultiPoint"",""coordinates"":[]}"
20210512,2021-05-12,0.0,"{""type"":""MultiPoint"",""coordinates"":[]}"
20210513,2021-05-13,12.627004623413086,"{""type"":""MultiPoint"",""coordinates"":[]}"
20210514,2021-05-14,4.209001541137695,"{""type"":""MultiPoint"",""coordinates"":[]}"
20210515,2021-05-15,4.209001541137695,"{""type"":""MultiPoint"",""coordinates"":[]}"
20210516,2021-05-16,20.520557403564453,"{""type"":""MultiPoint"",""coordinates"":[]}"
20210517,2021-05-17,5.130139350891113,"{""type"":""MultiPoint"",""coordinates"":[]}"
20210518,2021-05-18,15.39041805267334,"{""type"":""MultiPoint"",""coordinates"":[]}"
20210519,2021-05-19,5.130139350891113,"{""type"":""MultiPoint"",""coordinates"":[]}"
20210520,2021-05-20,0.0,"{""type"":""MultiPoint"",""coordinates"":[]}"
20210521,2021-05-21,13.643674850463867,"{""type"":""MultiPoint"",""coordinates"":[]}"
20210522,2021-05-22,6.821837425231934,"{""type"":""MultiPoint"",""coordinates"":[]}"
20210523,2021-05-23,6.821837425231934,"{""type"":""MultiPoint"",""coordinates"":[]}"
20210524,2021-05-24,0.0,"{""type"":""MultiPoint"",""coordinates"":[]}"
20210525,2021-05-25,0.0,"{""type"":""MultiPoint"",""coordinates"":[]}"
20210526,2021-05-26,20.667299270629883,"{""type"":""MultiPoint"",""coordinates"":[]}"
20210527,2021-05-27,6.889099597930908,"{""type"":""MultiPoint"",""coordinates"":[]}"
20210528,2021-05-28,6.889099597930908,"{""type"":""MultiPoint"",""coordinates"":[]}"
20210529,2021-05-29,7.873257637023926,"{""type"":""MultiPoint"",""coordinates"":[]}"
20210530,2021-05-30,0.0,"{""type"":""MultiPoint"",""coordinates"":[]}"
20210531,2021-05-31,6.889099597930908,"{""type"":""MultiPoint"",""coordinates"":[]}"
20210601,2021-06-01,12.200060844421387,"{""type"":""MultiPoint"",""coordinates"":[]}"
20210602,2021-06-02,12.200060844421387,"{""type"":""MultiPoint"",""coordinates"":[]}"
20210603,2021-06-03,0.0,"{""type"":""MultiPoint"",""coordinates"":[]}"
20210604,2021-06-04,8.133373260498047,"{""type"":""MultiPoint"",""coordinates"":[]}"
20210605,2021-06-05,12.200060844421387,"{""type"":""MultiPoint"",""coordinates"":[]}"
20210606,2021-06-06,3.5512421131134033,"{""type"":""MultiPoint"",""coordinates"":[]}"
20210607,2021-06-07,7.102484226226807,"{""type"":""MultiPoint"",""coordinates"":[]}"
20210608,2021-06-08,0.0,"{""type"":""MultiPoint"",""coordinates"":[]}"
20210609,2021-06-09,0.0,"{""type"":""MultiPoint"",""coordinates"":[]}"
20210610,2021-06-10,7.102484226226807,"{""type"":""MultiPoint"",""coordinates"":[]}"
20210611,2021-06-11,6.080179691314697,"{""type"":""MultiPoint"",""coordinates"":[]}"
20210612,2021-06-12,12.160359382629395,"{""type"":""MultiPoint"",""coordinates"":[]}"
20210613,2021-06-13,18.24053955078125,"{""type"":""MultiPoint"",""coordinates"":[]}"
20210614,2021-06-14,6.080179691314697,"{""type"":""MultiPoint"",""coordinates"":[]}"
20210615,2021-06-15,12.160359382629395,"{""type"":""MultiPoint"",""coordinates"":[]}"
20210616,2021-06-16,5.004604339599609,"{""type"":""MultiPoint"",""coordinates"":[]}"
20210617,2021-06-17,0.0,"{""type"":""MultiPoint"",""coordinates"":[]}"
20210618,2021-06-18,10.009208679199219,"{""type"":""MultiPoint"",""coordinates"":[]}"
20210619,2021-06-19,10.009208679199219,"{""type"":""MultiPoint"",""coordinates"":[]}"
20210620,2021-06-20,0.0,"{""type"":""MultiPoint"",""coordinates"":[]}"
20210621,2021-06-21,13.38577938079834,"{""type"":""MultiPoint"",""coordinates"":[]}"
20210622,2021-06-22,0.0,"{""type"":""MultiPoint"",""coordinates"":[]}"
20210623,2021-06-23,0.0,"{""type"":""MultiPoint"",""coordinates"":[]}"
20210624,2021-06-24,13.38577938079834,"{""type"":""MultiPoint"",""coordinates"":[]}"
20210625,2021-06-25,0.0,"{""type"":""MultiPoint"",""coordinates"":[]}"
20210626,2021-06-26,0.0,"{""type"":""MultiPoint"",""coordinates"":[]}"
20210627,2021-06-27,4.716178894042969,"{""type"":""MultiPoint"",""coordinates"":[]}"
20210628,2021-06-28,0.0,"{""type"":""MultiPoint"",""coordinates"":[]}"
20210629,2021-06-29,9.432357788085938,"{""type"":""MultiPoint"",""coordinates"":[]}"
20210630,2021-06-30,0.0,"{""type"":""MultiPoint"",""coordinates"":[]}"
20210701,2021-07-01,0.0,"{""type"":""MultiPoint"",""coordinates"":[]}"
20210702,2021-07-02,0.0,"{""type"":""MultiPoint"",""coordinates"":[]}"
20210703,2021-07-03,0.0,"{""type"":""MultiPoint"",""coordinates"":[]}"
20210704,2021-07-04,0.0,"{""type"":""MultiPoint"",""coordinates"":[]}"
20210705,2021-07-05,0.0,"{""type"":""MultiPoint"",""coordinates"":[]}"
20210706,2021-07-06,0.0,"{""type"":""MultiPoint"",""coordinates"":[]}"
20210707,2021-07-07,0.0,"{""type"":""MultiPoint"",""coordinates"":[]}"
20210708,2021-07-08,0.0,"{""type"":""MultiPoint"",""coordinates"":[]}"
20210709,2021-07-09,0.0,"{""type"":""MultiPoint"",""coordinates"":[]}"
20210710,2021-07-10,11.723258972167969,"{""type"":""MultiPoint"",""coordinates"":[]}"
20210711,2021-07-11,14.111937522888184,"{""type"":""MultiPoint"",""coordinates"":[]}"
20210712,2021-07-12,0.0,"{""type"":""MultiPoint"",""coordinates"":[]}"
20210713,2021-07-13,0.0,"{""type"":""MultiPoint"",""coordinates"":[]}"
20210714,2021-07-14,0.0,"{""type"":""MultiPoint"",""coordinates"":[]}"
20210715,2021-07-15,0.0,"{""type"":""MultiPoint"",""coordinates"":[]}"
20210716,2021-07-16,4.1525092124938965,"{""type"":""MultiPoint"",""coordinates"":[]}"
20210717,2021-07-17,8.305018424987793,"{""type"":""MultiPoint"",""coordinates"":[]}"
20210718,2021-07-18,4.1525092124938965,"{""type"":""MultiPoint"",""coordinates"":[]}"
20210719,2021-07-19,0.0,"{""type"":""MultiPoint"",""coordinates"":[]}"
20210720,2021-07-20,0.0,"{""type"":""MultiPoint"",""coordinates"":[]}"
20210721,2021-07-21,0.0,"{""type"":""MultiPoint"",""coordinates"":[]}"
20210722,2021-07-22,0.0,"{""type"":""MultiPoint"",""coordinates"":[]}"
20210723,2021-07-23,0.0,"{""type"":""MultiPoint"",""coordinates"":[]}"
20210724,2021-07-24,16.319190979003906,"{""type"":""MultiPoint"",""coordinates"":[]}"
20210725,2021-07-25,16.319190979003906,"{""type"":""MultiPoint"",""coordinates"":[]}"
20210726,2021-07-26,3.9240567684173584,"{""type"":""MultiPoint"",""coordinates"":[]}"
20210727,2021-07-27,11.772170066833496,"{""type"":""MultiPoint"",""coordinates"":[]}"
20210728,2021-07-28,7.848113536834717,"{""type"":""MultiPoint"",""coordinates"":[]}"
20210729,2021-07-29,0.0,"{""type"":""MultiPoint"",""coordinates"":[]}"
20210730,2021-07-30,7.848113536834717,"{""type"":""MultiPoint"",""coordinates"":[]}"
20210731,2021-07-31,0.0,"{""type"":""MultiPoint"",""coordinates"":[]}"
20210801,2021-08-01,0.0,"{""type"":""MultiPoint"",""coordinates"":[]}"
20210802,2021-08-02,0.0,"{""type"":""MultiPoint"",""coordinates"":[]}"
20210803,2021-08-03,5.779716491699219,"{""type"":""MultiPoint"",""coordinates"":[]}"
20210804,2021-08-04,0.0,"{""type"":""MultiPoint"",""coordinates"":[]}"
20210805,2021-08-05,0.0,"{""type"":""MultiPoint"",""coordinates"":[]}"
20210806,2021-08-06,0.0,"{""type"":""MultiPoint"",""coordinates"":[]}"
20210807,2021-08-07,0.0,"{""type"":""MultiPoint"",""coordinates"":[]}"
20210808,2021-08-08,28.374839782714844,"{""type"":""MultiPoint"",""coordinates"":[]}"
20210809,2021-08-09,11.349936485290527,"{""type"":""MultiPoint"",""coordinates"":[]}"
20210810,2021-08-10,11.349936485290527,"{""type"":""MultiPoint"",""coordinates"":[]}"
20210811,2021-08-11,10.961358070373535,"{""type"":""MultiPoint"",""coordinates"":[]}"
20210812,2021-08-12,5.480679035186768,"{""type"":""MultiPoint"",""coordinates"":[]}"
20210813,2021-08-13,16.44203758239746,"{""type"":""MultiPoint"",""coordinates"":[]}"
20210814,2021-08-14,10.961358070373535,"{""type"":""MultiPoint"",""coordinates"":[]}"
20210815,2021-08-15,16.44203758239746,"{""type"":""MultiPoint"",""coordinates"":[]}"
20210816,2021-08-16,10.079781532287598,"{""type"":""MultiPoint"",""coordinates"":[]}"
20210817,2021-08-17,10.079781532287598,"{""type"":""MultiPoint"",""coordinates"":[]}"
20210818,2021-08-18,5.039890766143799,"{""type"":""MultiPoint"",""coordinates"":[]}"
20210819,2021-08-19,15.119671821594238,"{""type"":""MultiPoint"",""coordinates"":[]}"
20210820,2021-08-20,0.0,"{""type"":""MultiPoint"",""coordinates"":[]}"
20210821,2021-08-21,0.0,"{""type"":""MultiPoint"",""coordinates"":[]}"
20210822,2021-08-22,0.0,"{""type"":""MultiPoint"",""coordinates"":[]}"
20210823,2021-08-23,5.626260757446289,"{""type"":""MultiPoint"",""coordinates"":[]}"
20210824,2021-08-24,22.505043029785156,"{""type"":""MultiPoint"",""coordinates"":[]}"
20210825,2021-08-25,0.0,"{""type"":""MultiPoint"",""coordinates"":[]}"
20210826,2021-08-26,8.492026329040527,"{""type"":""MultiPoint"",""coordinates"":[]}"
20210827,2021-08-27,8.492026329040527,"{""type"":""MultiPoint"",""coordinates"":[]}"
20210828,2021-08-28,4.246013164520264,"{""type"":""MultiPoint"",""coordinates"":[]}"
20210829,2021-08-29,8.492026329040527,"{""type"":""MultiPoint"",""coordinates"":[]}"
20210830,2021-08-30,4.246013164520264,"{""type"":""MultiPoint"",""coordinates"":[]}"
20210831,2021-08-31,16.984052658081055,"{""type"":""MultiPoint"",""coordinates"":[]}"
20210901,2021-09-01,0.0,"{""type"":""MultiPoint"",""coordinates"":[]}"
20210902,2021-09-02,0.0,"{""type"":""MultiPoint"",""coordinates"":[]}"
20210903,2021-09-03,0.0,"{""type"":""MultiPoint"",""coordinates"":[]}"
20210904,2021-09-04,7.283567905426025,"{""type"":""MultiPoint"",""coordinates"":[]}"
20210905,2021-09-05,14.56713581085205,"{""type"":""MultiPoint"",""coordinates"":[]}"
20210906,2021-09-06,0.0,"{""type"":""MultiPoint"",""coordinates"":[]}"
20210907,2021-09-07,0.0,"{""type"":""MultiPoint"",""coordinates"":[]}"
20210908,2021-09-08,9.026741027832031,"{""type"":""MultiPoint"",""coordinates"":[]}"
20210909,2021-09-09,0.0,"{""type"":""MultiPoint"",""coordinates"":[]}"
20210910,2021-09-10,18.053482055664062,"{""type"":""MultiPoint"",""coordinates"":[]}"
20210911,2021-09-11,16.064912796020508,"{""type"":""MultiPoint"",""coordinates"":[]}"
20210912,2021-09-12,0.0,"{""type"":""MultiPoint"",""coordinates"":[]}"
20210913,2021-09-13,0.0,"{""type"":""MultiPoint"",""coordinates"":[]}"
20210914,2021-09-14,5.354971408843994,"{""type"":""MultiPoint"",""coordinates"":[]}"
20210915,2021-09-15,5.354971408843994,"{""type"":""MultiPoint"",""coordinates"":[]}"
20210916,2021-09-16,0.0,"{""type"":""MultiPoint"",""coordinates"":[]}"
20210917,2021-09-17,6.340390682220459,"{""type"":""MultiPoint"",""coordinates"":[]}"
20210918,2021-09-18,0.0,"{""type"":""MultiPoint"",""coordinates"":[]}"
20210919,2021-09-19,6.340390682220459,"{""type"":""MultiPoint"",""coordinates"":[]}"
20210920,2021-09-20,0.0,"{""type"":""MultiPoint"",""coordinates"":[]}"
20210921,2021-09-21,5.264298439025879,"{""type"":""MultiPoint"",""coordinates"":[]}"
20210922,2021-09-22,5.264298439025879,"{""type"":""MultiPoint"",""coordinates"":[]}"
20210923,2021-09-23,15.792895317077637,"{""type"":""MultiPoint"",""coordinates"":[]}"
20210924,2021-09-24,5.264298439025879,"{""type"":""MultiPoint"",""coordinates"":[]}"
20210925,2021-09-25,0.0,"{""type"":""MultiPoint"",""coordinates"":[]}"
20210926,2021-09-26,0.0,"{""type"":""MultiPoint"",""coordinates"":[]}"
20210927,2021-09-27,0.0,"{""type"":""MultiPoint"",""coordinates"":[]}"
20210928,2021-09-28,13.615696907043457,"{""type"":""MultiPoint"",""coordinates"":[]}"
20210929,2021-09-29,4.5385661125183105,"{""type"":""MultiPoint"",""coordinates"":[]}"
20210930,2021-09-30,9.077132225036621,"{""type"":""MultiPoint"",""coordinates"":[]}"
20211001,2021-10-01,0.0,"{""type"":""MultiPoint"",""coordinates"":[]}"
20211002,2021-10-02,8.899406433105469,"{""type"":""MultiPoint"",""coordinates"":[]}"
20211003,2021-10-03,0.0,"{""type"":""MultiPoint"",""coordinates"":[]}"
20211004,2021-10-04,0.0,"{""type"":""MultiPoint"",""coordinates"":[]}"
20211005,2021-10-05,8.899406433105469,"{""type"":""MultiPoint"",""coordinates"":[]}"
20211006,2021-10-06,6.979875087738037,"{""type"":""MultiPoint"",""coordinates"":[]}"
20211007,2021-10-07,13.959750175476074,"{""type"":""MultiPoint"",""coordinates"":[]}"
20211008,2021-10-08,6.979875087738037,"{""type"":""MultiPoint"",""coordinates"":[]}"
20211009,2021-10-09,13.959750175476074,"{""type"":""MultiPoint"",""coordinates"":[]}"
20211010,2021-10-10,6.979875087738037,"{""type"":""MultiPoint"",""coordinates"":[]}"
20211011,2021-10-11,0.0,"{""type"":""MultiPoint"",""coordinates"":[]}"
20211012,2021-10-12,0.0,"{""type"":""MultiPoint"",""coordinates"":[]}"
20211013,2021-10-13,0.0,"{""type"":""MultiPoint"",""coordinates"":[]}"
20211014,2021-10-14,11.600703239440918,"{""type"":""MultiPoint"",""coordinates"":[]}"
20211015,2021-10-15,11.600703239440918,"{""type"":""MultiPoint"",""coordinates"":[]}"
20211016,2021-10-16,0.0,"{""type"":""MultiPoint"",""coordinates"":[]}"
20211017,2021-10-17,20.849843978881836,"{""type"":""MultiPoint"",""coordinates"":[]}"
20211018,2021-10-18,0.0,"{""type"":""MultiPoint"",""coordinates"":[]}"
20211019,2021-10-19,0.0,"{""type"":""MultiPoint"",""coordinates"":[]}"
20211020,2021-10-20,20.849843978881836,"{""type"":""MultiPoint"",""coordinates"":[]}"
20211021,2021-10-21,0.0,"{""type"":""MultiPoint"",""coordinates"":[]}"
20211022,2021-10-22,19.29573631286621,"{""type"":""MultiPoint"",""coordinates"":[]}"
20211023,2021-10-23,9.647868156433105,"{""type"":""MultiPoint"",""coordinates"":[]}"
20211024,2021-10-24,9.647868156433105,"{""type"":""MultiPoint"",""coordinates"":[]}"
20211025,2021-10-25,0.0,"{""type"":""MultiPoint"",""coordinates"":[]}"
20211026,2021-10-26,0.0,"{""type"":""MultiPoint"",""coordinates"":[]}"
20211027,2021-10-27,34.325279235839844,"{""type"":""MultiPoint"",""coordinates"":[]}"
20211028,2021-10-28,0.0,"{""type"":""MultiPoint"",""coordinates"":[]}"
20211029,2021-10-29,17.162639617919922,"{""type"":""MultiPoint"",""coordinates"":[]}"
20211030,2021-10-30,0.0,"{""type"":""MultiPoint"",""coordinates"":[]}"
20211031,2021-10-31,0.0,"{""type"":""MultiPoint"",""coordinates"":[]}"
20211101,2021-11-01,0.0,"{""type"":""MultiPoint"",""coordinates"":[]}"
20211102,2021-11-02,0.0,"{""type"":""MultiPoint"",""coordinates"":[]}"
20211103,2021-11-03,0.0,"{""type"":""MultiPoint"",""coordinates"":[]}"
20211104,2021-11-04,0.0,"{""type"":""MultiPoint"",""coordinates"":[]}"
20211105,2021-11-05,0.0,"{""type"":""MultiPoint"",""coordinates"":[]}"
20211106,2021-11-06,0.0,"{""type"":""MultiPoint"",""coordinates"":[]}"
20211107,2021-11-07,0.0,"{""type"":""MultiPoint"",""coordinates"":[]}"
20211108,2021-11-08,31.973529815673828,"{""type"":""MultiPoint"",""coordinates"":[]}"
20211109,2021-11-09,15.986764907836914,"{""type"":""MultiPoint"",""coordinates"":[]}"
20211110,2021-11-10,0.0,"{""type"":""MultiPoint"",""coordinates"":[]}"
20211111,2021-11-11,15.175386428833008,"{""type"":""MultiPoint"",""coordinates"":[]}"
20211112,2021-11-12,0.0,"{""type"":""MultiPoint"",""coordinates"":[]}"
20211113,2021-11-13,15.175386428833008,"{""type"":""MultiPoint"",""coordinates"":[]}"
20211114,2021-11-14,0.0,"{""type"":""MultiPoint"",""coordinates"":[]}"
20211115,2021-11-15,15.175386428833008,"{""type"":""MultiPoint"",""coordinates"":[]}"
20211116,2021-11-16,0.0,"{""type"":""MultiPoint"",""coordinates"":[]}"
20211117,2021-11-17,0.0,"{""type"":""MultiPoint"",""coordinates"":[]}"
20211118,2021-11-18,0.0,"{""type"":""MultiPoint"",""coordinates"":[]}"
20211119,2021-11-19,0.0,"{""type"":""MultiPoint"",""coordinates"":[]}"
20211120,2021-11-20,0.0,"{""type"":""MultiPoint"",""coordinates"":[]}"
20211121,2021-11-21,0.0,"{""type"":""MultiPoint"",""coordinates"":[]}"
20211122,2021-11-22,0.0,"{""type"":""MultiPoint"",""coordinates"":[]}"
20211123,2021-11-23,0.0,"{""type"":""MultiPoint"",""coordinates"":[]}"
20211124,2021-11-24,35.31773376464844,"{""type"":""MultiPoint"",""coordinates"":[]}"
20211125,2021-11-25,35.31773376464844,"{""type"":""MultiPoint"",""coordinates"":[]}"
20211126,2021-11-26,0.0,"{""type"":""MultiPoint"",""coordinates"":[]}"
20211127,2021-11-27,0.0,"{""type"":""MultiPoint"",""coordinates"":[]}"
20211128,2021-11-28,22.51710319519043,"{""type"":""MultiPoint"",""coordinates"":[]}"
20211129,2021-11-29,45.03420639038086,"{""type"":""MultiPoint"",""coordinates"":[]}"
20211130,2021-11-30,0.0,"{""type"":""MultiPoint"",""coordinates"":[]}"
20211201,2021-12-01,7.373108386993408,"{""type"":""MultiPoint"",""coordinates"":[]}"
20211202,2021-12-02,0.0,"{""type"":""MultiPoint"",""coordinates"":[]}"
20211203,2021-12-03,22.119325637817383,"{""type"":""MultiPoint"",""coordinates"":[]}"
20211204,2021-12-04,7.373108386993408,"{""type"":""MultiPoint"",""coordinates"":[]}"
20211205,2021-12-05,7.373108386993408,"{""type"":""MultiPoint"",""coordinates"":[]}"
20211206,2021-12-06,0.0,"{""type"":""MultiPoint"",""coordinates"":[]}"
20211207,2021-12-07,0.0,"{""type"":""MultiPoint"",""coordinates"":[]}"
20211208,2021-12-08,0.0,"{""type"":""MultiPoint"",""coordinates"":[]}"
20211209,2021-12-09,25.8620548248291,"{""type"":""MultiPoint"",""coordinates"":[]}"
20211210,2021-12-10,0.0,"{""type"":""MultiPoint"",""coordinates"":[]}"
20211211,2021-12-11,16.708330154418945,"{""type"":""MultiPoint"",""coordinates"":[]}"
20211212,2021-12-12,33.41666030883789,"{""type"":""MultiPoint"",""coordinates"":[]}"
20211213,2021-12-13,0.0,"{""type"":""MultiPoint"",""coordinates"":[]}"
20211214,2021-12-14,0.0,"{""type"":""MultiPoint"",""coordinates"":[]}"
20211215,2021-12-15,0.0,"{""type"":""MultiPoint"",""coordinates"":[]}"
20211216,2021-12-16,0.0,"{""type"":""MultiPoint"",""coordinates"":[]}"
20211217,2021-12-17,0.0,"{""type"":""MultiPoint"",""coordinates"":[]}"
20211218,2021-12-18,0.0,"{""type"":""MultiPoint"",""coordinates"":[]}"
20211219,2021-12-19,0.0,"{""type"":""MultiPoint"",""coordinates"":[]}"
20211220,2021-12-20,0.0,"{""type"":""MultiPoint"",""coordinates"":[]}"
20211221,2021-12-21,0.0,"{""type"":""MultiPoint"",""coordinates"":[]}"
20211222,2021-12-22,0.0,"{""type"":""MultiPoint"",""coordinates"":[]}"
20211223,2021-12-23,0.0,"{""type"":""MultiPoint"",""coordinates"":[]}"
20211224,2021-12-24,0.0,"{""type"":""MultiPoint"",""coordinates"":[]}"
20211225,2021-12-25,0.0,"{""type"":""MultiPoint"",""coordinates"":[]}"
20211226,2021-12-26,0.0,"{""type"":""MultiPoint"",""coordinates"":[]}"
20211227,2021-12-27,0.0,"{""type"":""MultiPoint"",""coordinates"":[]}"
20211228,2021-12-28,0.0,"{""type"":""MultiPoint"",""coordinates"":[]}"
20211229,2021-12-29,0.0,"{""type"":""MultiPoint"",""coordinates"":[]}"
20211230,2021-12-30,37.4737663269043,"{""type"":""MultiPoint"",""coordinates"":[]}"
20211231,2021-12-31,0.0,"{""type"":""MultiPoint"",""coordinates"":[]}"
20220101,2022-01-01,20.954307556152344,"{""type"":""MultiPoint"",""coordinates"":[]}"
20220102,2022-01-02,20.954307556152344,"{""type"":""MultiPoint"",""coordinates"":[]}"
20220103,2022-01-03,0.0,"{""type"":""MultiPoint"",""coordinates"":[]}"
20220104,2022-01-04,0.0,"{""type"":""MultiPoint"",""coordinates"":[]}"
20220105,2022-01-05,0.0,"{""type"":""MultiPoint"",""coordinates"":[]}"
20220106,2022-01-06,0.0,"{""type"":""MultiPoint"",""coordinates"":[]}"
20220107,2022-01-07,40.93052291870117,"{""type"":""MultiPoint"",""coordinates"":[]}"
20220108,2022-01-08,0.0,"{""type"":""MultiPoint"",""coordinates"":[]}"
20220109,2022-01-09,0.0,"{""type"":""MultiPoint"",""coordinates"":[]}"
20220110,2022-01-10,0.0,"{""type"":""MultiPoint"",""coordinates"":[]}"
20220111,2022-01-11,0.0,"{""type"":""MultiPoint"",""coordinates"":[]}"
20220112,2022-01-12,0.0,"{""type"":""MultiPoint"",""coordinates"":[]}"
20220113,2022-01-13,0.0,"{""type"":""MultiPoint"",""coordinates"":[]}"
20220114,2022-01-14,0.0,"{""type"":""MultiPoint"",""coordinates"":[]}"
20220115,2022-01-15,0.0,"{""type"":""MultiPoint"",""coordinates"":[]}"
20220116,2022-01-16,0.0,"{""type"":""MultiPoint"",""coordinates"":[]}"
20220117,2022-01-17,0.0,"{""type"":""MultiPoint"",""coordinates"":[]}"
20220118,2022-01-18,0.0,"{""type"":""MultiPoint"",""coordinates"":[]}"
20220119,2022-01-19,0.0,"{""type"":""MultiPoint"",""coordinates"":[]}"
20220120,2022-01-20,0.0,"{""type"":""MultiPoint"",""coordinates"":[]}"
20220121,2022-01-21,0.0,"{""type"":""MultiPoint"",""coordinates"":[]}"
20220122,2022-01-22,0.0,"{""type"":""MultiPoint"",""coordinates"":[]}"
20220123,2022-01-23,0.0,"{""type"":""MultiPoint"",""coordinates"":[]}"
20220124,2022-01-24,0.0,"{""type"":""MultiPoint"",""coordinates"":[]}"
20220125,2022-01-25,33.26755142211914,"{""type"":""MultiPoint"",""coordinates"":[]}"
20220126,2022-01-26,0.0,"{""type"":""MultiPoint"",""coordinates"":[]}"
20220127,2022-01-27,0.0,"{""type"":""MultiPoint"",""coordinates"":[]}"
20220128,2022-01-28,0.0,"{""type"":""MultiPoint"",""coordinates"":[]}"
20220129,2022-01-29,0.0,"{""type"":""MultiPoint"",""coordinates"":[]}"
20220130,2022-01-30,0.0,"{""type"":""MultiPoint"",""coordinates"":[]}"
20220131,2022-01-31,0.0,"{""type"":""MultiPoint"",""coordinates"":[]}"
20220201,2022-02-01,0.0,"{""type"":""MultiPoint"",""coordinates"":[]}"
20220202,2022-02-02,0.0,"{""type"":""MultiPoint"",""coordinates"":[]}"
20220203,2022-02-03,0.0,"{""type"":""MultiPoint"",""coordinates"":[]}"
20220204,2022-02-04,0.0,"{""type"":""MultiPoint"",""coordinates"":[]}"
20220205,2022-02-05,0.0,"{""type"":""MultiPoint"",""coordinates"":[]}"
20220206,2022-02-06,0.0,"{""type"":""MultiPoint"",""coordinates"":[]}"
20220207,2022-02-07,0.0,"{""type"":""MultiPoint"",""coordinates"":[]}"
20220208,2022-02-08,53.57738494873047,"{""type"":""MultiPoint"",""coordinates"":[]}"
20220209,2022-02-09,0.0,"{""type"":""MultiPoint"",""coordinates"":[]}"
20220210,2022-02-10,0.0,"{""type"":""MultiPoint"",""coordinates"":[]}"
20220211,2022-02-11,0.0,"{""type"":""MultiPoint"",""coordinates"":[]}"
20220212,2022-02-12,0.0,"{""type"":""MultiPoint"",""coordinates"":[]}"
20220213,2022-02-13,0.0,"{""type"":""MultiPoint"",""coordinates"":[]}"
20220214,2022-02-14,0.0,"{""type"":""MultiPoint"",""coordinates"":[]}"
20220215,2022-02-15,0.0,"{""type"":""MultiPoint"",""coordinates"":[]}"
20220216,2022-02-16,0.0,"{""type"":""MultiPoint"",""coordinates"":[]}"
20220217,2022-02-17,30.715866088867188,"{""type"":""MultiPoint"",""coordinates"":[]}"
20220218,2022-02-18,92.1476058959961,"{""type"":""MultiPoint"",""coordinates"":[]}"
20220219,2022-02-19,0.0,"{""type"":""MultiPoint"",""coordinates"":[]}"
20220220,2022-02-20,0.0,"{""type"":""MultiPoint"",""coordinates"":[]}"
20220221,2022-02-21,0.0,"{""type"":""MultiPoint"",""coordinates"":[]}"
20220222,2022-02-22,0.0,"{""type"":""MultiPoint"",""coordinates"":[]}"
20220223,2022-02-23,0.0,"{""type"":""MultiPoint"",""coordinates"":[]}"
20220224,2022-02-24,19.31041145324707,"{""type"":""MultiPoint"",""coordinates"":[]}"
20220225,2022-02-25,19.31041145324707,"{""type"":""MultiPoint"",""coordinates"":[]}"
20220226,2022-02-26,0.0,"{""type"":""MultiPoint"",""coordinates"":[]}"
20220227,2022-02-27,0.0,"{""type"":""MultiPoint"",""coordinates"":[]}"
20220228,2022-02-28,0.0,"{""type"":""MultiPoint"",""coordinates"":[]}"
20220301,2022-03-01,9.005911827087402,"{""type"":""MultiPoint"",""coordinates"":[]}"
20220302,2022-03-02,36.02364730834961,"{""type"":""MultiPoint"",""coordinates"":[]}"
20220303,2022-03-03,0.0,"{""type"":""MultiPoint"",""coordinates"":[]}"
20220304,2022-03-04,27.017738342285156,"{""type"":""MultiPoint"",""coordinates"":[]}"
20220305,2022-03-05,18.011823654174805,"{""type"":""MultiPoint"",""coordinates"":[]}"
20220306,2022-03-06,22.646665573120117,"{""type"":""MultiPoint"",""coordinates"":[]}"
20220307,2022-03-07,0.0,"{""type"":""MultiPoint"",""coordinates"":[]}"
20220308,2022-03-08,0.0,"{""type"":""MultiPoint"",""coordinates"":[]}"
20220309,2022-03-09,0.0,"{""type"":""MultiPoint"",""coordinates"":[]}"
20220310,2022-03-10,0.0,"{""type"":""MultiPoint"",""coordinates"":[]}"
20220311,2022-03-11,0.0,"{""type"":""MultiPoint"",""coordinates"":[]}"
20220312,2022-03-12,0.0,"{""type"":""MultiPoint"",""coordinates"":[]}"
20220313,2022-03-13,0.0,"{""type"":""MultiPoint"",""coordinates"":[]}"
20220314,2022-03-14,0.0,"{""type"":""MultiPoint"",""coordinates"":[]}"
20220315,2022-03-15,0.0,"{""type"":""MultiPoint"",""coordinates"":[]}"
20220316,2022-03-16,0.0,"{""type"":""MultiPoint"",""coordinates"":[]}"
20220317,2022-03-17,11.111098289489746,"{""type"":""MultiPoint"",""coordinates"":[]}"
20220318,2022-03-18,0.0,"{""type"":""MultiPoint"",""coordinates"":[]}"
20220319,2022-03-19,22.222196578979492,"{""type"":""MultiPoint"",""coordinates"":[]}"
20220320,2022-03-20,11.111098289489746,"{""type"":""MultiPoint"",""coordinates"":[]}"
20220321,2022-03-21,9.994710922241211,"{""type"":""MultiPoint"",""coordinates"":[]}"
20220322,2022-03-22,9.994710922241211,"{""type"":""MultiPoint"",""coordinates"":[]}"
20220323,2022-03-23,0.0,"{""type"":""MultiPoint"",""coordinates"":[]}"
20220324,2022-03-24,0.0,"{""type"":""MultiPoint"",""coordinates"":[]}"
20220325,2022-03-25,29.984132766723633,"{""type"":""MultiPoint"",""coordinates"":[]}"
20220326,2022-03-26,8.009557723999023,"{""type"":""MultiPoint"",""coordinates"":[]}"
20220327,2022-03-27,8.009557723999023,"{""type"":""MultiPoint"",""coordinates"":[]}"
20220328,2022-03-28,16.019115447998047,"{""type"":""MultiPoint"",""coordinates"":[]}"
20220329,2022-03-29,24.02867317199707,"{""type"":""MultiPoint"",""coordinates"":[]}"
20220330,2022-03-30,24.02867317199707,"{""type"":""MultiPoint"",""coordinates"":[]}"
20220331,2022-03-31,24.02867317199707,"{""type"":""MultiPoint"",""coordinates"":[]}"
20220401,2022-04-01,13.081164360046387,"{""type"":""MultiPoint"",""coordinates"":[]}"
20220402,2022-04-02,13.081164360046387,"{""type"":""MultiPoint"",""coordinates"":[]}"
20220403,2022-04-03,0.0,"{""type"":""MultiPoint"",""coordinates"":[]}"
20220404,2022-04-04,19.621747970581055,"{""type"":""MultiPoint"",""coordinates"":[]}"
20220405,2022-04-05,6.540582180023193,"{""type"":""MultiPoint"",""coordinates"":[]}"
20220406,2022-04-06,7.094197750091553,"{""type"":""MultiPoint"",""coordinates"":[]}"
20220407,2022-04-07,14.188395500183105,"{""type"":""MultiPoint"",""coordinates"":[]}"
20220408,2022-04-08,0.0,"{""type"":""MultiPoint"",""coordinates"":[]}"
20220409,2022-04-09,14.188395500183105,"{""type"":""MultiPoint"",""coordinates"":[]}"
20220410,2022-04-10,21.282594680786133,"{""type"":""MultiPoint"",""coordinates"":[]}"
20220411,2022-04-11,0.0,"{""type"":""MultiPoint"",""coordinates"":[]}"
20220412,2022-04-12,0.0,"{""type"":""MultiPoint"",""coordinates"":[]}"
20220413,2022-04-13,9.46752643585205,"{""type"":""MultiPoint"",""coordinates"":[]}"
20220414,2022-04-14,9.46752643585205,"{""type"":""MultiPoint"",""coordinates"":[]}"
20220415,2022-04-15,0.0,"{""type"":""MultiPoint"",""coordinates"":[]}"
20220416,2022-04-16,39.69892501831055,"{""type"":""MultiPoint"",""coordinates"":[]}"
20220417,2022-04-17,7.939784526824951,"{""type"":""MultiPoint"",""coordinates"":[]}"
20220418,2022-04-18,15.879569053649902,"{""type"":""MultiPoint"",""coordinates"":[]}"
20220419,2022-04-19,7.939784526824951,"{""type"":""MultiPoint"",""coordinates"":[]}"
20220420,2022-04-20,0.0,"{""type"":""MultiPoint"",""coordinates"":[]}"
20220421,2022-04-21,0.0,"{""type"":""MultiPoint"",""coordinates"":[]}"
20220422,2022-04-22,0.0,"{""type"":""MultiPoint"",""coordinates"":[]}"
20220423,2022-04-23,0.0,"{""type"":""MultiPoint"",""coordinates"":[]}"
20220424,2022-04-24,19.048355102539062,"{""type"":""MultiPoint"",""coordinates"":[]}"
20220425,2022-04-25,19.048355102539062,"{""type"":""MultiPoint"",""coordinates"":[]}"
20220426,2022-04-26,0.0,"{""type"":""MultiPoint"",""coordinates"":[]}"
20220427,2022-04-27,0.0,"{""type"":""MultiPoint"",""coordinates"":[]}"
20220428,2022-04-28,37.942562103271484,"{""type"":""MultiPoint"",""coordinates"":[]}"
20220429,2022-04-29,0.0,"{""type"":""MultiPoint"",""coordinates"":[]}"
20220430,2022-04-30,0.0,"{""type"":""MultiPoint"",""coordinates"":[]}"
20220501,2022-05-01,8.566341400146484,"{""type"":""MultiPoint"",""coordinates"":[]}"
20220502,2022-05-02,0.0,"{""type"":""MultiPoint"",""coordinates"":[]}"
20220503,2022-05-03,0.0,"{""type"":""MultiPoint"",""coordinates"":[]}"
20220504,2022-05-04,4.283170700073242,"{""type"":""MultiPoint"",""coordinates"":[]}"
20220505,2022-05-05,17.13268280029297,"{""type"":""MultiPoint"",""coordinates"":[]}"
20220506,2022-05-06,6.5512189865112305,"{""type"":""MultiPoint"",""coordinates"":[]}"
20220507,2022-05-07,13.102437973022461,"{""type"":""MultiPoint"",""coordinates"":[]}"
20220508,2022-05-08,0.0,"{""type"":""MultiPoint"",""coordinates"":[]}"
20220509,2022-05-09,13.102437973022461,"{""type"":""MultiPoint"",""coordinates"":[]}"
20220510,2022-05-10,13.102437973022461,"{""type"":""MultiPoint"",""coordinates"":[]}"
20220511,2022-05-11,0.0,"{""type"":""MultiPoint"",""coordinates"":[]}"
20220512,2022-05-12,3.2576889991760254,"{""type"":""MultiPoint"",""coordinates"":[]}"
20220513,2022-05-13,13.030755996704102,"{""type"":""MultiPoint"",""coordinates"":[]}"
20220514,2022-05-14,6.515377998352051,"{""type"":""MultiPoint"",""coordinates"":[]}"
20220515,2022-05-15,0.0,"{""type"":""MultiPoint"",""coordinates"":[]}"
20220516,2022-05-16,9.669803619384766,"{""type"":""MultiPoint"",""coordinates"":[]}"
20220517,2022-05-17,9.669803619384766,"{""type"":""MultiPoint"",""coordinates"":[]}"
20220518,2022-05-18,19.33960723876953,"{""type"":""MultiPoint"",""coordinates"":[]}"
20220519,2022-05-19,0.0,"{""type"":""MultiPoint"",""coordinates"":[]}"
20220520,2022-05-20,9.669803619384766,"{""type"":""MultiPoint"",""coordinates"":[]}"
20220521,2022-05-21,5.981502532958984,"{""type"":""MultiPoint"",""coordinates"":[]}"
20220522,2022-05-22,0.0,"{""type"":""MultiPoint"",""coordinates"":[]}"
20220523,2022-05-23,11.963005065917969,"{""type"":""MultiPoint"",""coordinates"":[]}"
20220524,2022-05-24,0.0,"{""type"":""MultiPoint"",""coordinates"":[]}"
20220525,2022-05-25,11.963005065917969,"{""type"":""MultiPoint"",""coordinates"":[]}"
20220526,2022-05-26,13.12568473815918,"{""type"":""MultiPoint"",""coordinates"":[]}"
20220527,2022-05-27,0.0,"{""type"":""MultiPoint"",""coordinates"":[]}"
20220528,2022-05-28,0.0,"{""type"":""MultiPoint"",""coordinates"":[]}"
20220529,2022-05-29,6.56284236907959,"{""type"":""MultiPoint"",""coordinates"":[]}"
20220530,2022-05-30,13.12568473815918,"{""type"":""MultiPoint"",""coordinates"":[]}"
20220531,2022-05-31,13.12568473815918,"{""type"":""MultiPoint"",""coordinates"":[]}"
20220601,2022-06-01,0.0,"{""type"":""MultiPoint"",""coordinates"":[]}"
20220602,2022-06-02,18.094606399536133,"{""type"":""MultiPoint"",""coordinates"":[]}"
20220603,2022-06-03,0.0,"{""type"":""MultiPoint"",""coordinates"":[]}"
20220604,2022-06-04,0.0,"{""type"":""MultiPoint"",""coordinates"":[]}"
20220605,2022-06-05,0.0,"{""type"":""MultiPoint"",""coordinates"":[]}"
20220606,2022-06-06,7.547548770904541,"{""type"":""MultiPoint"",""coordinates"":[]}"
20220607,2022-06-07,30.190195083618164,"{""type"":""MultiPoint"",""coordinates"":[]}"
20220608,2022-06-08,0.0,"{""type"":""MultiPoint"",""coordinates"":[]}"
20220609,2022-06-09,0.0,"{""type"":""MultiPoint"",""coordinates"":[]}"
20220610,2022-06-10,7.547548770904541,"{""type"":""MultiPoint"",""coordinates"":[]}"
20220611,2022-06-11,14.952945709228516,"{""type"":""MultiPoint"",""coordinates"":[]}"
20220612,2022-06-12,0.0,"{""type"":""MultiPoint"",""coordinates"":[]}"
20220613,2022-06-13,4.984314918518066,"{""type"":""MultiPoint"",""coordinates"":[]}"
20220614,2022-06-14,0.0,"{""type"":""MultiPoint"",""coordinates"":[]}"
20220615,2022-06-15,0.0,"{""type"":""MultiPoint"",""coordinates"":[]}"
20220616,2022-06-16,7.296996593475342,"{""type"":""MultiPoint"",""coordinates"":[]}"
20220617,2022-06-17,6.915154457092285,"{""type"":""MultiPoint"",""coordinates"":[]}"
20220618,2022-06-18,6.198299407958984,"{""type"":""MultiPoint"",""coordinates"":[]}"
20220619,2022-06-19,6.6954874992370605,"{""type"":""MultiPoint"",""coordinates"":[]}"
20220620,2022-06-20,17.298913955688477,"{""type"":""MultiPoint"",""coordinates"":[]}"
20220621,2022-06-21,27.369062423706055,"{""type"":""MultiPoint"",""coordinates"":[]}"
20220622,2022-06-22,9.12302017211914,"{""type"":""MultiPoint"",""coordinates"":[]}"
20220623,2022-06-23,0.0,"{""type"":""MultiPoint"",""coordinates"":[]}"
20220624,2022-06-24,0.0,"{""type"":""MultiPoint"",""coordinates"":[]}"
20220625,2022-06-25,9.12302017211914,"{""type"":""MultiPoint"",""coordinates"":[]}"
20220626,2022-06-26,14.931437492370605,"{""type"":""MultiPoint"",""coordinates"":[]}"
20220627,2022-06-27,0.0,"{""type"":""MultiPoint"",""coordinates"":[]}"
20220628,2022-06-28,0.0,"{""type"":""MultiPoint"",""coordinates"":[]}"
20220629,2022-06-29,29.86287498474121,"{""type"":""MultiPoint"",""coordinates"":[]}"
20220630,2022-06-30,0.0,"{""type"":""MultiPoint"",""coordinates"":[]}"
20220701,2022-07-01,9.816635131835938,"{""type"":""MultiPoint"",""coordinates"":[]}"
20220702,2022-07-02,9.816635131835938,"{""type"":""MultiPoint"",""coordinates"":[]}"
20220703,2022-07-03,0.0,"{""type"":""MultiPoint"",""coordinates"":[]}"
20220704,2022-07-04,0.0,"{""type"":""MultiPoint"",""coordinates"":[]}"
20220705,2022-07-05,0.0,"{""type"":""MultiPoint"",""coordinates"":[]}"
20220706,2022-07-06,0.0,"{""type"":""MultiPoint"",""coordinates"":[]}"
20220707,2022-07-07,0.0,"{""type"":""MultiPoint"",""coordinates"":[]}"
20220708,2022-07-08,0.0,"{""type"":""MultiPoint"",""coordinates"":[]}"
20220709,2022-07-09,0.0,"{""type"":""MultiPoint"",""coordinates"":[]}"
20220710,2022-07-10,0.0,"{""type"":""MultiPoint"",""coordinates"":[]}"
20220711,2022-07-11,10.510289192199707,"{""type"":""MultiPoint"",""coordinates"":[]}"
20220712,2022-07-12,0.0,"{""type"":""MultiPoint"",""coordinates"":[]}"
20220713,2022-07-13,10.510289192199707,"{""type"":""MultiPoint"",""coordinates"":[]}"
20220714,2022-07-14,10.510289192199707,"{""type"":""MultiPoint"",""coordinates"":[]}"
20220715,2022-07-15,0.0,"{""type"":""MultiPoint"",""coordinates"":[]}"
20220716,2022-07-16,3.6043989658355713,"{""type"":""MultiPoint"",""coordinates"":[]}"
20220717,2022-07-17,3.6043989658355713,"{""type"":""MultiPoint"",""coordinates"":[]}"
20220718,2022-07-18,7.208797931671143,"{""type"":""MultiPoint"",""coordinates"":[]}"
20220719,2022-07-19,0.0,"{""type"":""MultiPoint"",""coordinates"":[]}"
20220720,2022-07-20,0.0,"{""type"":""MultiPoint"",""coordinates"":[]}"
20220721,2022-07-21,7.571969509124756,"{""type"":""MultiPoint"",""coordinates"":[]}"
20220722,2022-07-22,7.571969509124756,"{""type"":""MultiPoint"",""coordinates"":[]}"
20220723,2022-07-23,22.71590805053711,"{""type"":""MultiPoint"",""coordinates"":[]}"
20220724,2022-07-24,7.571969509124756,"{""type"":""MultiPoint"",""coordinates"":[]}"
20220725,2022-07-25,15.143939018249512,"{""type"":""MultiPoint"",""coordinates"":[]}"
20220726,2022-07-26,11.055150032043457,"{""type"":""MultiPoint"",""coordinates"":[]}"
20220727,2022-07-27,0.0,"{""type"":""MultiPoint"",""coordinates"":[]}"
20220728,2022-07-28,22.110300064086914,"{""type"":""MultiPoint"",""coordinates"":[]}"
20220729,2022-07-29,11.055150032043457,"{""type"":""MultiPoint"",""coordinates"":[]}"
20220730,2022-07-30,11.055150032043457,"{""type"":""MultiPoint"",""coordinates"":[]}"
20220731,2022-07-31,11.055150032043457,"{""type"":""MultiPoint"",""coordinates"":[]}"
20220801,2022-08-01,22.60761260986328,"{""type"":""MultiPoint"",""coordinates"":[]}"
20220802,2022-08-02,7.5358710289001465,"{""type"":""MultiPoint"",""coordinates"":[]}"
20220803,2022-08-03,15.071742057800293,"{""type"":""MultiPoint"",""coordinates"":[]}"
20220804,2022-08-04,0.0,"{""type"":""MultiPoint"",""coordinates"":[]}"
20220805,2022-08-05,15.071742057800293,"{""type"":""MultiPoint"",""coordinates"":[]}"
20220806,2022-08-06,8.021347999572754,"{""type"":""MultiPoint"",""coordinates"":[]}"
20220807,2022-08-07,0.0,"{""type"":""MultiPoint"",""coordinates"":[]}"
20220808,2022-08-08,0.0,"{""type"":""MultiPoint"",""coordinates"":[]}"
20220809,2022-08-09,0.0,"{""type"":""MultiPoint"",""coordinates"":[]}"
20220810,2022-08-10,2.0053369998931885,"{""type"":""MultiPoint"",""coordinates"":[]}"
20220811,2022-08-11,5.4421610832214355,"{""type"":""MultiPoint"",""coordinates"":[]}"
20220812,2022-08-12,0.0,"{""type"":""MultiPoint"",""coordinates"":[]}"
20220813,2022-08-13,21.768644332885742,"{""type"":""MultiPoint"",""coordinates"":[]}"
20220814,2022-08-14,0.0,"{""type"":""MultiPoint"",""coordinates"":[]}"
20220815,2022-08-15,21.768644332885742,"{""type"":""MultiPoint"",""coordinates"":[]}"
20220816,2022-08-16,5.287338733673096,"{""type"":""MultiPoint"",""coordinates"":[]}"
20220817,2022-08-17,5.287338733673096,"{""type"":""MultiPoint"",""coordinates"":[]}"
20220818,2022-08-18,5.287338733673096,"{""type"":""MultiPoint"",""coordinates"":[]}"
20220819,2022-08-19,0.0,"{""type"":""MultiPoint"",""coordinates"":[]}"
20220820,2022-08-20,10.574677467346191,"{""type"":""MultiPoint"",""coordinates"":[]}"
20220821,2022-08-21,12.146296501159668,"{""type"":""MultiPoint"",""coordinates"":[]}"
20220822,2022-08-22,6.073148250579834,"{""type"":""MultiPoint"",""coordinates"":[]}"
20220823,2022-08-23,6.073148250579834,"{""type"":""MultiPoint"",""coordinates"":[]}"
20220824,2022-08-24,0.0,"{""type"":""MultiPoint"",""coordinates"":[]}"
20220825,2022-08-25,0.0,"{""type"":""MultiPoint"",""coordinates"":[]}"
20220826,2022-08-26,9.09471607208252,"{""type"":""MultiPoint"",""coordinates"":[]}"
20220827,2022-08-27,9.09471607208252,"{""type"":""MultiPoint"",""coordinates"":[]}"
20220828,2022-08-28,18.18943214416504,"{""type"":""MultiPoint"",""coordinates"":[]}"
20220829,2022-08-29,9.09471607208252,"{""type"":""MultiPoint"",""coordinates"":[]}"
20220830,2022-08-30,0.0,"{""type"":""MultiPoint"",""coordinates"":[]}"
20220831,2022-08-31,18.18943214416504,"{""type"":""MultiPoint"",""coordinates"":[]}"
20220901,2022-09-01,0.0,"{""type"":""MultiPoint"",""coordinates"":[]}"
20220902,2022-09-02,6.647942066192627,"{""type"":""MultiPoint"",""coordinates"":[]}"
20220903,2022-09-03,0.0,"{""type"":""MultiPoint"",""coordinates"":[]}"
20220904,2022-09-04,19.94382667541504,"{""type"":""MultiPoint"",""coordinates"":[]}"
20220905,2022-09-05,6.647942066192627,"{""type"":""MultiPoint"",""coordinates"":[]}"
20220906,2022-09-06,0.0,"{""type"":""MultiPoint"",""coordinates"":[]}"
20220907,2022-09-07,0.0,"{""type"":""MultiPoint"",""coordinates"":[]}"
20220908,2022-09-08,10.652212142944336,"{""type"":""MultiPoint"",""coordinates"":[]}"
20220909,2022-09-09,15.978318214416504,"{""type"":""MultiPoint"",""coordinates"":[]}"
20220910,2022-09-10,0.0,"{""type"":""MultiPoint"",""coordinates"":[]}"
20220911,2022-09-11,10.732253074645996,"{""type"":""MultiPoint"",""coordinates"":[]}"
20220912,2022-09-12,0.0,"{""type"":""MultiPoint"",""coordinates"":[]}"
20220913,2022-09-13,5.366126537322998,"{""type"":""MultiPoint"",""coordinates"":[]}"
20220914,2022-09-14,10.732253074645996,"{""type"":""MultiPoint"",""coordinates"":[]}"
20220915,2022-09-15,0.0,"{""type"":""MultiPoint"",""coordinates"":[]}"
20220916,2022-09-16,21.48027992248535,"{""type"":""MultiPoint"",""coordinates"":[]}"
20220917,2022-09-17,5.370069980621338,"{""type"":""MultiPoint"",""coordinates"":[]}"
20220918,2022-09-18,10.740139961242676,"{""type"":""MultiPoint"",""coordinates"":[]}"
20220919,2022-09-19,10.740139961242676,"{""type"":""MultiPoint"",""coordinates"":[]}"
20220920,2022-09-20,0.0,"{""type"":""MultiPoint"",""coordinates"":[]}"
20220921,2022-09-21,0.0,"{""type"":""MultiPoint"",""coordinates"":[]}"
20220922,2022-09-22,9.424691200256348,"{""type"":""MultiPoint"",""coordinates"":[]}"
20220923,2022-09-23,0.0,"{""type"":""MultiPoint"",""coordinates"":[]}"
20220924,2022-09-24,18.849382400512695,"{""type"":""MultiPoint"",""coordinates"":[]}"
20220925,2022-09-25,9.424691200256348,"{""type"":""MultiPoint"",""coordinates"":[]}"
20220926,2022-09-26,5.3322272300720215,"{""type"":""MultiPoint"",""coordinates"":[]}"
20220927,2022-09-27,1.5773897171020508,"{""type"":""MultiPoint"",""coordinates"":[]}"
20220928,2022-09-28,5.0414299964904785,"{""type"":""MultiPoint"",""coordinates"":[]}"
20220929,2022-09-29,9.732967376708984,"{""type"":""MultiPoint"",""coordinates"":[]}"
20220930,2022-09-30,17.3381404876709,"{""type"":""MultiPoint"",""coordinates"":[]}"
20221001,2022-10-01,13.062191009521484,"{""type"":""MultiPoint"",""coordinates"":[]}"
20221002,2022-10-02,0.0,"{""type"":""MultiPoint"",""coordinates"":[]}"
20221003,2022-10-03,0.0,"{""type"":""MultiPoint"",""coordinates"":[]}"
20221004,2022-10-04,13.062191009521484,"{""type"":""MultiPoint"",""coordinates"":[]}"
20221005,2022-10-05,39.18657302856445,"{""type"":""MultiPoint"",""coordinates"":[]}"
20221006,2022-10-06,10.611013412475586,"{""type"":""MultiPoint"",""coordinates"":[]}"
20221007,2022-10-07,10.611013412475586,"{""type"":""MultiPoint"",""coordinates"":[]}"
20221008,2022-10-08,31.833040237426758,"{""type"":""MultiPoint"",""coordinates"":[]}"
20221009,2022-10-09,0.0,"{""type"":""MultiPoint"",""coordinates"":[]}"
20221010,2022-10-10,21.222026824951172,"{""type"":""MultiPoint"",""coordinates"":[]}"
20221011,2022-10-11,0.0,"{""type"":""MultiPoint"",""coordinates"":[]}"
20221012,2022-10-12,20.18964958190918,"{""type"":""MultiPoint"",""coordinates"":[]}"
20221013,2022-10-13,0.0,"{""type"":""MultiPoint"",""coordinates"":[]}"
20221014,2022-10-14,40.37929916381836,"{""type"":""MultiPoint"",""coordinates"":[]}"
20221015,2022-10-15,0.0,"{""type"":""MultiPoint"",""coordinates"":[]}"
20221016,2022-10-16,17.898529052734375,"{""type"":""MultiPoint"",""coordinates"":[]}"
20221017,2022-10-17,53.695587158203125,"{""type"":""MultiPoint"",""coordinates"":[]}"
20221018,2022-10-18,0.0,"{""type"":""MultiPoint"",""coordinates"":[]}"
20221019,2022-10-19,17.898529052734375,"{""type"":""MultiPoint"",""coordinates"":[]}"
20221020,2022-10-20,17.898529052734375,"{""type"":""MultiPoint"",""coordinates"":[]}"
20221021,2022-10-21,10.737872123718262,"{""type"":""MultiPoint"",""coordinates"":[]}"
20221022,2022-10-22,10.737872123718262,"{""type"":""MultiPoint"",""coordinates"":[]}"
20221023,2022-10-23,21.475744247436523,"{""type"":""MultiPoint"",""coordinates"":[]}"
20221024,2022-10-24,10.737872123718262,"{""type"":""MultiPoint"",""coordinates"":[]}"
20221025,2022-10-25,10.737872123718262,"{""type"":""MultiPoint"",""coordinates"":[]}"
20221026,2022-10-26,0.0,"{""type"":""MultiPoint"",""coordinates"":[]}"
20221027,2022-10-27,31.595922470092773,"{""type"":""MultiPoint"",""coordinates"":[]}"
20221028,2022-10-28,31.595922470092773,"{""type"":""MultiPoint"",""coordinates"":[]}"
20221029,2022-10-29,0.0,"{""type"":""MultiPoint"",""coordinates"":[]}"
20221030,2022-10-30,0.0,"{""type"":""MultiPoint"",""coordinates"":[]}"
20221031,2022-10-31,0.0,"{""type"":""MultiPoint"",""coordinates"":[]}"
20221101,2022-11-01,0.0,"{""type"":""MultiPoint"",""coordinates"":[]}"
20221102,2022-11-02,5.684022426605225,"{""type"":""MultiPoint"",""coordinates"":[]}"
20221103,2022-11-03,17.052066802978516,"{""type"":""MultiPoint"",""coordinates"":[]}"
20221104,2022-11-04,5.684022426605225,"{""type"":""MultiPoint"",""coordinates"":[]}"
20221105,2022-11-05,0.0,"{""type"":""MultiPoint"",""coordinates"":[]}"
20221106,2022-11-06,0.0,"{""type"":""MultiPoint"",""coordinates"":[]}"
20221107,2022-11-07,6.373437881469727,"{""type"":""MultiPoint"",""coordinates"":[]}"
20221108,2022-11-08,19.12031364440918,"{""type"":""MultiPoint"",""coordinates"":[]}"
20221109,2022-11-09,19.12031364440918,"{""type"":""MultiPoint"",""coordinates"":[]}"
20221110,2022-11-10,6.373437881469727,"{""type"":""MultiPoint"",""coordinates"":[]}"
20221111,2022-11-11,0.0,"{""type"":""MultiPoint"",""coordinates"":[]}"
20221112,2022-11-12,0.0,"{""type"":""MultiPoint"",""coordinates"":[]}"
20221113,2022-11-13,29.70589256286621,"{""type"":""MultiPoint"",""coordinates"":[]}"
20221114,2022-11-14,0.0,"{""type"":""MultiPoint"",""coordinates"":[]}"
20221115,2022-11-15,0.0,"{""type"":""MultiPoint"",""coordinates"":[]}"
20221116,2022-11-16,8.182433128356934,"{""type"":""MultiPoint"",""coordinates"":[]}"
20221117,2022-11-17,16.364866256713867,"{""type"":""MultiPoint"",""coordinates"":[]}"
20221118,2022-11-18,8.182433128356934,"{""type"":""MultiPoint"",""coordinates"":[]}"
20221119,2022-11-19,0.0,"{""type"":""MultiPoint"",""coordinates"":[]}"
20221120,2022-11-20,8.182433128356934,"{""type"":""MultiPoint"",""coordinates"":[]}"
20221121,2022-11-21,26.67413902282715,"{""type"":""MultiPoint"",""coordinates"":[]}"
20221122,2022-11-22,0.0,"{""type"":""MultiPoint"",""coordinates"":[]}"
20221123,2022-11-23,0.0,"{""type"":""MultiPoint"",""coordinates"":[]}"
20221124,2022-11-24,0.0,"{""type"":""MultiPoint"",""coordinates"":[]}"
20221125,2022-11-25,0.0,"{""type"":""MultiPoint"",""coordinates"":[]}"
20221126,2022-11-26,6.249676704406738,"{""type"":""MultiPoint"",""coordinates"":[]}"
20221127,2022-11-27,0.0,"{""type"":""MultiPoint"",""coordinates"":[]}"
20221128,2022-11-28,0.0,"{""type"":""MultiPoint"",""coordinates"":[]}"
20221129,2022-11-29,12.499353408813477,"{""type"":""MultiPoint"",""coordinates"":[]}"
20221130,2022-11-30,24.998706817626953,"{""type"":""MultiPoint"",""coordinates"":[]}"
20221201,2022-12-01,0.0,"{""type"":""MultiPoint"",""coordinates"":[]}"
20221202,2022-12-02,0.0,"{""type"":""MultiPoint"",""coordinates"":[]}"
20221203,2022-12-03,0.0,"{""type"":""MultiPoint"",""coordinates"":[]}"
20221204,2022-12-04,57.67338180541992,"{""type"":""MultiPoint"",""coordinates"":[]}"
20221205,2022-12-05,0.0,"{""type"":""MultiPoint"",""coordinates"":[]}"
20221206,2022-12-06,0.0,"{""type"":""MultiPoint"",""coordinates"":[]}"
20221207,2022-12-07,0.0,"{""type"":""MultiPoint"",""coordinates"":[]}"
20221208,2022-12-08,0.0,"{""type"":""MultiPoint"",""coordinates"":[]}"
20221209,2022-12-09,0.0,"{""type"":""MultiPoint"",""coordinates"":[]}"
20221210,2022-12-10,0.0,"{""type"":""MultiPoint"",""coordinates"":[]}"
20221211,2022-12-11,34.3397102355957,"{""type"":""MultiPoint"",""coordinates"":[]}"
20221212,2022-12-12,0.0,"{""type"":""MultiPoint"",""coordinates"":[]}"
20221213,2022-12-13,0.0,"{""type"":""MultiPoint"",""coordinates"":[]}"
20221214,2022-12-14,0.0,"{""type"":""MultiPoint"",""coordinates"":[]}"
20221215,2022-12-15,0.0,"{""type"":""MultiPoint"",""coordinates"":[]}"
20221216,2022-12-16,0.0,"{""type"":""MultiPoint"",""coordinates"":[]}"
20221217,2022-12-17,0.0,"{""type"":""MultiPoint"",""coordinates"":[]}"
20221218,2022-12-18,0.0,"{""type"":""MultiPoint"",""coordinates"":[]}"
20221219,2022-12-19,0.0,"{""type"":""MultiPoint"",""coordinates"":[]}"
20221220,2022-12-20,0.0,"{""type"":""MultiPoint"",""coordinates"":[]}"
20221221,2022-12-21,0.0,"{""type"":""MultiPoint"",""coordinates"":[]}"
20221222,2022-12-22,0.0,"{""type"":""MultiPoint"",""coordinates"":[]}"
20221223,2022-12-23,0.0,"{""type"":""MultiPoint"",""coordinates"":[]}"
20221224,2022-12-24,47.93073272705078,"{""type"":""MultiPoint"",""coordinates"":[]}"
20221225,2022-12-25,0.0,"{""type"":""MultiPoint"",""coordinates"":[]}"
20221226,2022-12-26,0.0,"{""type"":""MultiPoint"",""coordinates"":[]}"
20221227,2022-12-27,0.0,"{""type"":""MultiPoint"",""coordinates"":[]}"
20221228,2022-12-28,0.0,"{""type"":""MultiPoint"",""coordinates"":[]}"
20221229,2022-12-29,0.0,"{""type"":""MultiPoint"",""coordinates"":[]}"
20221230,2022-12-30,0.0,"{""type"":""MultiPoint"",""coordinates"":[]}"
20221231,2022-12-31,0.0,"{""type"":""MultiPoint"",""coordinates"":[]}"
20230101,2023-01-01,0.0,"{""type"":""MultiPoint"",""coordinates"":[]}"
20230102,2023-01-02,0.0,"{""type"":""MultiPoint"",""coordinates"":[]}"
20230103,2023-01-03,0.0,"{""type"":""MultiPoint"",""coordinates"":[]}"
20230104,2023-01-04,22.336793899536133,"{""type"":""MultiPoint"",""coordinates"":[]}"
20230105,2023-01-05,0.0,"{""type"":""MultiPoint"",""coordinates"":[]}"
20230106,2023-01-06,0.0,"{""type"":""MultiPoint"",""coordinates"":[]}"
20230107,2023-01-07,18.398488998413086,"{""type"":""MultiPoint"",""coordinates"":[]}"
20230108,2023-01-08,0.0,"{""type"":""MultiPoint"",""coordinates"":[]}"
20230109,2023-01-09,18.398488998413086,"{""type"":""MultiPoint"",""coordinates"":[]}"
20230110,2023-01-10,0.0,"{""type"":""MultiPoint"",""coordinates"":[]}"
20230111,2023-01-11,0.0,"{""type"":""MultiPoint"",""coordinates"":[]}"
20230112,2023-01-12,0.0,"{""type"":""MultiPoint"",""coordinates"":[]}"
20230113,2023-01-13,0.0,"{""type"":""MultiPoint"",""coordinates"":[]}"
20230114,2023-01-14,37.557456970214844,"{""type"":""MultiPoint"",""coordinates"":[]}"
20230115,2023-01-15,18.778728485107422,"{""type"":""MultiPoint"",""coordinates"":[]}"
20230116,2023-01-16,15.514242172241211,"{""type"":""MultiPoint"",""coordinates"":[]}"
20230117,2023-01-17,7.7571210861206055,"{""type"":""MultiPoint"",""coordinates"":[]}"
20230118,2023-01-18,0.0,"{""type"":""MultiPoint"",""coordinates"":[]}"
20230119,2023-01-19,0.0,"{""type"":""MultiPoint"",""coordinates"":[]}"
20230120,2023-01-20,15.514242172241211,"{""type"":""MultiPoint"",""coordinates"":[]}"
20230121,2023-01-21,0.0,"{""type"":""MultiPoint"",""coordinates"":[]}"
20230122,2023-01-22,8.761922836303711,"{""type"":""MultiPoint"",""coordinates"":[]}"
20230123,2023-01-23,0.0,"{""type"":""MultiPoint"",""coordinates"":[]}"
20230124,2023-01-24,0.0,"{""type"":""MultiPoint"",""coordinates"":[]}"
20230125,2023-01-25,0.0,"{""type"":""MultiPoint"",""coordinates"":[]}"
20230126,2023-01-26,0.0,"{""type"":""MultiPoint"",""coordinates"":[]}"
20230127,2023-01-27,0.0,"{""type"":""MultiPoint"",""coordinates"":[]}"
20230128,2023-01-28,0.0,"{""type"":""MultiPoint"",""coordinates"":[]}"
20230129,2023-01-29,0.0,"{""type"":""MultiPoint"",""coordinates"":[]}"
20230130,2023-01-30,0.0,"{""type"":""MultiPoint"",""coordinates"":[]}"
20230131,2023-01-31,0.0,"{""type"":""MultiPoint"",""coordinates"":[]}"
20230201,2023-02-01,0.0,"{""type"":""MultiPoint"",""coordinates"":[]}"
20230202,2023-02-02,0.0,"{""type"":""MultiPoint"",""coordinates"":[]}"
20230203,2023-02-03,0.0,"{""type"":""MultiPoint"",""coordinates"":[]}"
20230204,2023-02-04,0.0,"{""type"":""MultiPoint"",""coordinates"":[]}"
20230205,2023-02-05,0.0,"{""type"":""MultiPoint"",""coordinates"":[]}"
20230206,2023-02-06,0.0,"{""type"":""MultiPoint"",""coordinates"":[]}"
20230207,2023-02-07,0.0,"{""type"":""MultiPoint"",""coordinates"":[]}"
20230208,2023-02-08,0.0,"{""type"":""MultiPoint"",""coordinates"":[]}"
20230209,2023-02-09,0.0,"{""type"":""MultiPoint"",""coordinates"":[]}"
20230210,2023-02-10,0.0,"{""type"":""MultiPoint"",""coordinates"":[]}"
20230211,2023-02-11,0.0,"{""type"":""MultiPoint"",""coordinates"":[]}"
20230212,2023-02-12,16.823331832885742,"{""type"":""MultiPoint"",""coordinates"":[]}"
20230213,2023-02-13,0.0,"{""type"":""MultiPoint"",""coordinates"":[]}"
20230214,2023-02-14,0.0,"{""type"":""MultiPoint"",""coordinates"":[]}"
20230215,2023-02-15,25.234996795654297,"{""type"":""MultiPoint"",""coordinates"":[]}"
20230216,2023-02-16,27.9184627532959,"{""type"":""MultiPoint"",""coordinates"":[]}"
20230217,2023-02-17,0.0,"{""type"":""MultiPoint"",""coordinates"":[]}"
20230218,2023-02-18,13.95923137664795,"{""type"":""MultiPoint"",""coordinates"":[]}"
20230219,2023-02-19,0.0,"{""type"":""MultiPoint"",""coordinates"":[]}"
20230220,2023-02-20,13.95923137664795,"{""type"":""MultiPoint"",""coordinates"":[]}"
20230221,2023-02-21,0.0,"{""type"":""MultiPoint"",""coordinates"":[]}"
20230222,2023-02-22,0.0,"{""type"":""MultiPoint"",""coordinates"":[]}"
20230223,2023-02-23,0.0,"{""type"":""MultiPoint"",""coordinates"":[]}"
20230224,2023-02-24,0.0,"{""type"":""MultiPoint"",""coordinates"":[]}"
20230225,2023-02-25,0.0,"{""type"":""MultiPoint"",""coordinates"":[]}"
20230226,2023-02-26,0.0,"{""type"":""MultiPoint"",""coordinates"":[]}"
20230227,2023-02-27,0.0,"{""type"":""MultiPoint"",""coordinates"":[]}"
20230228,2023-02-28,0.0,"{""type"":""MultiPoint"",""coordinates"":[]}"
20230301,2023-03-01,4.7695794105529785,"{""type"":""MultiPoint"",""coordinates"":[]}"
20230302,2023-03-02,0.0,"{""type"":""MultiPoint"",""coordinates"":[]}"
20230303,2023-03-03,0.0,"{""type"":""MultiPoint"",""coordinates"":[]}"
20230304,2023-03-04,4.7695794105529785,"{""type"":""MultiPoint"",""coordinates"":[]}"
20230305,2023-03-05,9.539158821105957,"{""type"":""MultiPoint"",""coordinates"":[]}"
20230306,2023-03-06,0.0,"{""type"":""MultiPoint"",""coordinates"":[]}"
20230307,2023-03-07,60.8149299621582,"{""type"":""MultiPoint"",""coordinates"":[]}"
20230308,2023-03-08,0.0,"{""type"":""MultiPoint"",""coordinates"":[]}"
20230309,2023-03-09,0.0,"{""type"":""MultiPoint"",""coordinates"":[]}"
20230310,2023-03-10,0.0,"{""type"":""MultiPoint"",""coordinates"":[]}"
20230311,2023-03-11,33.3007926940918,"{""type"":""MultiPoint"",""coordinates"":[]}"
20230312,2023-03-12,0.0,"{""type"":""MultiPoint"",""coordinates"":[]}"
20230313,2023-03-13,33.3007926940918,"{""type"":""MultiPoint"",""coordinates"":[]}"
20230314,2023-03-14,0.0,"{""type"":""MultiPoint"",""coordinates"":[]}"
20230315,2023-03-15,11.100264549255371,"{""type"":""MultiPoint"",""coordinates"":[]}"
20230316,2023-03-16,6.488152027130127,"{""type"":""MultiPoint"",""coordinates"":[]}"
20230317,2023-03-17,6.488152027130127,"{""type"":""MultiPoint"",""coordinates"":[]}"
20230318,2023-03-18,19.46445655822754,"{""type"":""MultiPoint"",""coordinates"":[]}"
20230319,2023-03-19,6.488152027130127,"{""type"":""MultiPoint"",""coordinates"":[]}"
20230320,2023-03-20,0.0,"{""type"":""MultiPoint"",""coordinates"":[]}"
20230321,2023-03-21,0.0,"{""type"":""MultiPoint"",""coordinates"":[]}"
20230322,2023-03-22,0.0,"{""type"":""MultiPoint"",""coordinates"":[]}"
20230323,2023-03-23,0.0,"{""type"":""MultiPoint"",""coordinates"":[]}"
20230324,2023-03-24,23.434572219848633,"{""type"":""MultiPoint"",""coordinates"":[]}"
20230325,2023-03-25,0.0,"{""type"":""MultiPoint"",""coordinates"":[]}"
20230326,2023-03-26,0.0,"{""type"":""MultiPoint"",""coordinates"":[]}"
20230327,2023-03-27,17.72000503540039,"{""type"":""MultiPoint"",""coordinates"":[]}"
20230328,2023-03-28,0.0,"{""type"":""MultiPoint"",""coordinates"":[]}"
20230329,2023-03-29,17.72000503540039,"{""type"":""MultiPoint"",""coordinates"":[]}"
20230330,2023-03-30,8.860002517700195,"{""type"":""MultiPoint"",""coordinates"":[]}"
20230331,2023-03-31,0.0,"{""type"":""MultiPoint"",""coordinates"":[]}"
20230401,2023-04-01,0.0,"{""type"":""MultiPoint"",""coordinates"":[]}"
20230402,2023-04-02,7.716538429260254,"{""type"":""MultiPoint"",""coordinates"":[]}"
20230403,2023-04-03,7.716538429260254,"{""type"":""MultiPoint"",""coordinates"":[]}"
20230404,2023-04-04,38.58268737792969,"{""type"":""MultiPoint"",""coordinates"":[]}"
20230405,2023-04-05,0.0,"{""type"":""MultiPoint"",""coordinates"":[]}"
20230406,2023-04-06,16.138023376464844,"{""type"":""MultiPoint"",""coordinates"":[]}"
20230407,2023-04-07,0.0,"{""type"":""MultiPoint"",""coordinates"":[]}"
20230408,2023-04-08,0.0,"{""type"":""MultiPoint"",""coordinates"":[]}"
20230409,2023-04-09,0.0,"{""type"":""MultiPoint"",""coordinates"":[]}"
20230410,2023-04-10,5.379341125488281,"{""type"":""MultiPoint"",""coordinates"":[]}"
20230411,2023-04-11,4.623133182525635,"{""type"":""MultiPoint"",""coordinates"":[]}"
20230412,2023-04-12,0.0,"{""type"":""MultiPoint"",""coordinates"":[]}"
20230413,2023-04-13,23.115665435791016,"{""type"":""MultiPoint"",""coordinates"":[]}"
20230414,2023-04-14,9.24626636505127,"{""type"":""MultiPoint"",""coordinates"":[]}"
20230415,2023-04-15,0.0,"{""type"":""MultiPoint"",""coordinates"":[]}"
20230416,2023-04-16,30.35249137878418,"{""type"":""MultiPoint"",""coordinates"":[]}"
20230417,2023-04-17,0.0,"{""type"":""MultiPoint"",""coordinates"":[]}"
20230418,2023-04-18,6.070497989654541,"{""type"":""MultiPoint"",""coordinates"":[]}"
20230419,2023-04-19,0.0,"{""type"":""MultiPoint"",""coordinates"":[]}"
20230420,2023-04-20,18.21149444580078,"{""type"":""MultiPoint"",""coordinates"":[]}"
20230421,2023-04-21,15.240923881530762,"{""type"":""MultiPoint"",""coordinates"":[]}"
20230422,2023-04-22,0.0,"{""type"":""MultiPoint"",""coordinates"":[]}"
20230423,2023-04-23,0.0,"{""type"":""MultiPoint"",""coordinates"":[]}"
20230424,2023-04-24,0.0,"{""type"":""MultiPoint"",""coordinates"":[]}"
20230425,2023-04-25,3.8102309703826904,"{""type"":""MultiPoint"",""coordinates"":[]}"
20230426,2023-04-26,0.0,"{""type"":""MultiPoint"",""coordinates"":[]}"
20230427,2023-04-27,0.0,"{""type"":""MultiPoint"",""coordinates"":[]}"
20230428,2023-04-28,13.727863311767578,"{""type"":""MultiPoint"",""coordinates"":[]}"
20230429,2023-04-29,0.0,"{""type"":""MultiPoint"",""coordinates"":[]}"
20230430,2023-04-30,27.455726623535156,"{""type"":""MultiPoint"",""coordinates"":[]}"
20230501,2023-05-01,0.0,"{""type"":""MultiPoint"",""coordinates"":[]}"
20230502,2023-05-02,0.0,"{""type"":""MultiPoint"",""coordinates"":[]}"
20230503,2023-05-03,0.0,"{""type"":""MultiPoint"",""coordinates"":[]}"
20230504,2023-05-04,0.0,"{""type"":""MultiPoint"",""coordinates"":[]}"
20230505,2023-05-05,0.0,"{""type"":""MultiPoint"",""coordinates"":[]}"
20230506,2023-05-06,4.071563720703125,"{""type"":""MultiPoint"",""coordinates"":[]}"
20230507,2023-05-07,4.071563720703125,"{""type"":""MultiPoint"",""coordinates"":[]}"
20230508,2023-05-08,0.0,"{""type"":""MultiPoint"",""coordinates"":[]}"
20230509,2023-05-09,4.071563720703125,"{""type"":""MultiPoint"",""coordinates"":[]}"
20230510,2023-05-10,8.14312744140625,"{""type"":""MultiPoint"",""coordinates"":[]}"
20230511,2023-05-11,6.358572959899902,"{""type"":""MultiPoint"",""coordinates"":[]}"
20230512,2023-05-12,3.179286479949951,"{""type"":""MultiPoint"",""coordinates"":[]}"
20230513,2023-05-13,6.358572959899902,"{""type"":""MultiPoint"",""coordinates"":[]}"
20230514,2023-05-14,12.717145919799805,"{""type"":""MultiPoint"",""coordinates"":[]}"
20230515,2023-05-15,12.717145919799805,"{""type"":""MultiPoint"",""coordinates"":[]}"
20230516,2023-05-16,4.730803489685059,"{""type"":""MultiPoint"",""coordinates"":[]}"
20230517,2023-05-17,14.192412376403809,"{""type"":""MultiPoint"",""coordinates"":[]}"
20230518,2023-05-18,0.0,"{""type"":""MultiPoint"",""coordinates"":[]}"
20230519,2023-05-19,4.730803489685059,"{""type"":""MultiPoint"",""coordinates"":[]}"
20230520,2023-05-20,23.65401840209961,"{""type"":""MultiPoint"",""coordinates"":[]}"
20230521,2023-05-21,14.992636680603027,"{""type"":""MultiPoint"",""coordinates"":[]}"
20230522,2023-05-22,14.992636680603027,"{""type"":""MultiPoint"",""coordinates"":[]}"
20230523,2023-05-23,14.992636680603027,"{""type"":""MultiPoint"",""coordinates"":[]}"
20230524,2023-05-24,22.488954544067383,"{""type"":""MultiPoint"",""coordinates"":[]}"
20230525,2023-05-25,7.496318340301514,"{""type"":""MultiPoint"",""coordinates"":[]}"
20230526,2023-05-26,15.077184677124023,"{""type"":""MultiPoint"",""coordinates"":[]}"
20230527,2023-05-27,0.0,"{""type"":""MultiPoint"",""coordinates"":[]}"
20230528,2023-05-28,22.615779876708984,"{""type"":""MultiPoint"",""coordinates"":[]}"
20230529,2023-05-29,15.077184677124023,"{""type"":""MultiPoint"",""coordinates"":[]}"
20230530,2023-05-30,15.077184677124023,"{""type"":""MultiPoint"",""coordinates"":[]}"
20230531,2023-05-31,0.0,"{""type"":""MultiPoint"",""coordinates"":[]}"
20230601,2023-06-01,16.200349807739258,"{""type"":""MultiPoint"",""coordinates"":[]}"
20230602,2023-06-02,0.0,"{""type"":""MultiPoint"",""coordinates"":[]}"
20230603,2023-06-03,4.0500874519348145,"{""type"":""MultiPoint"",""coordinates"":[]}"
20230604,2023-06-04,8.100174903869629,"{""type"":""MultiPoint"",""coordinates"":[]}"
20230605,2023-06-05,0.0,"{""type"":""MultiPoint"",""coordinates"":[]}"
20230606,2023-06-06,12.13530445098877,"{""type"":""MultiPoint"",""coordinates"":[]}"
20230607,2023-06-07,6.067652225494385,"{""type"":""MultiPoint"",""coordinates"":[]}"
20230608,2023-06-08,0.0,"{""type"":""MultiPoint"",""coordinates"":[]}"
20230609,2023-06-09,6.067652225494385,"{""type"":""MultiPoint"",""coordinates"":[]}"
20230610,2023-06-10,0.0,"{""type"":""MultiPoint"",""coordinates"":[]}"
20230611,2023-06-11,0.0,"{""type"":""MultiPoint"",""coordinates"":[]}"
20230612,2023-06-12,0.0,"{""type"":""MultiPoint"",""coordinates"":[]}"
20230613,2023-06-13,0.0,"{""type"":""MultiPoint"",""coordinates"":[]}"
20230614,2023-06-14,0.0,"{""type"":""MultiPoint"",""coordinates"":[]}"
20230615,2023-06-15,7.0111775398254395,"{""type"":""MultiPoint"",""coordinates"":[]}"
20230616,2023-06-16,0.0,"{""type"":""MultiPoint"",""coordinates"":[]}"
20230617,2023-06-17,0.0,"{""type"":""MultiPoint"",""coordinates"":[]}"
20230618,2023-06-18,0.0,"{""type"":""MultiPoint"",""coordinates"":[]}"
20230619,2023-06-19,0.0,"{""type"":""MultiPoint"",""coordinates"":[]}"
20230620,2023-06-20,0.0,"{""type"":""MultiPoint"",""coordinates"":[]}"
20230621,2023-06-21,0.0,"{""type"":""MultiPoint"",""coordinates"":[]}"
20230622,2023-06-22,0.0,"{""type"":""MultiPoint"",""coordinates"":[]}"
20230623,2023-06-23,14.660171508789062,"{""type"":""MultiPoint"",""coordinates"":[]}"
20230624,2023-06-24,14.660171508789062,"{""type"":""MultiPoint"",""coordinates"":[]}"
20230625,2023-06-25,9.77344799041748,"{""type"":""MultiPoint"",""coordinates"":[]}"
20230626,2023-06-26,1.5311967134475708,"{""type"":""MultiPoint"",""coordinates"":[]}"
20230627,2023-06-27,0.0,"{""type"":""MultiPoint"",""coordinates"":[]}"
20230628,2023-06-28,3.0623934268951416,"{""type"":""MultiPoint"",""coordinates"":[]}"
20230629,2023-06-29,0.0,"{""type"":""MultiPoint"",""coordinates"":[]}"
20230630,2023-06-30,3.0623934268951416,"{""type"":""MultiPoint"",""coordinates"":[]}"
20230701,2023-07-01,10.087090492248535,"{""type"":""MultiPoint"",""coordinates"":[]}"
20230702,2023-07-02,10.087090492248535,"{""type"":""MultiPoint"",""coordinates"":[]}"
20230703,2023-07-03,0.0,"{""type"":""MultiPoint"",""coordinates"":[]}"
20230704,2023-07-04,20.17418098449707,"{""type"":""MultiPoint"",""coordinates"":[]}"
20230705,2023-07-05,0.0,"{""type"":""MultiPoint"",""coordinates"":[]}"
20230706,2023-07-06,5.76783561706543,"{""type"":""MultiPoint"",""coordinates"":[]}"
20230707,2023-07-07,5.76783561706543,"{""type"":""MultiPoint"",""coordinates"":[]}"
20230708,2023-07-08,2.883917808532715,"{""type"":""MultiPoint"",""coordinates"":[]}"
20230709,2023-07-09,5.76783561706543,"{""type"":""MultiPoint"",""coordinates"":[]}"
20230710,2023-07-10,2.883917808532715,"{""type"":""MultiPoint"",""coordinates"":[]}"
20230711,2023-07-11,0.0,"{""type"":""MultiPoint"",""coordinates"":[]}"
20230712,2023-07-12,0.0,"{""type"":""MultiPoint"",""coordinates"":[]}"
20230713,2023-07-13,0.0,"{""type"":""MultiPoint"",""coordinates"":[]}"
20230714,2023-07-14,5.806022644042969,"{""type"":""MultiPoint"",""coordinates"":[]}"
20230715,2023-07-15,5.806022644042969,"{""type"":""MultiPoint"",""coordinates"":[]}"
20230716,2023-07-16,0.0,"{""type"":""MultiPoint"",""coordinates"":[]}"
20230717,2023-07-17,0.0,"{""type"":""MultiPoint"",""coordinates"":[]}"
20230718,2023-07-18,0.0,"{""type"":""MultiPoint"",""coordinates"":[]}"
20230719,2023-07-19,0.0,"{""type"":""MultiPoint"",""coordinates"":[]}"
20230720,2023-07-20,0.0,"{""type"":""MultiPoint"",""coordinates"":[]}"
20230721,2023-07-21,17.334592819213867,"{""type"":""MultiPoint"",""coordinates"":[]}"
20230722,2023-07-22,0.0,"{""type"":""MultiPoint"",""coordinates"":[]}"
20230723,2023-07-23,0.0,"{""type"":""MultiPoint"",""coordinates"":[]}"
20230724,2023-07-24,0.0,"{""type"":""MultiPoint"",""coordinates"":[]}"
20230725,2023-07-25,0.0,"{""type"":""MultiPoint"",""coordinates"":[]}"
20230726,2023-07-26,7.402634620666504,"{""type"":""MultiPoint"",""coordinates"":[]}"
20230727,2023-07-27,3.701317310333252,"{""type"":""MultiPoint"",""coordinates"":[]}"
20230728,2023-07-28,1.850658655166626,"{""type"":""MultiPoint"",""coordinates"":[]}"
20230729,2023-07-29,3.701317310333252,"{""type"":""MultiPoint"",""coordinates"":[]}"
20230730,2023-07-30,0.0,"{""type"":""MultiPoint"",""coordinates"":[]}"
20230731,2023-07-31,1.850658655166626,"{""type"":""MultiPoint"",""coordinates"":[]}"
20230801,2023-08-01,0.0,"{""type"":""MultiPoint"",""coordinates"":[]}"
20230802,2023-08-02,0.0,"{""type"":""MultiPoint"",""coordinates"":[]}"
20230803,2023-08-03,0.0,"{""type"":""MultiPoint"",""coordinates"":[]}"
20230804,2023-08-04,0.0,"{""type"":""MultiPoint"",""coordinates"":[]}"
20230805,2023-08-05,0.0,"{""type"":""MultiPoint"",""coordinates"":[]}"
20230806,2023-08-06,0.0,"{""type"":""MultiPoint"",""coordinates"":[]}"
20230807,2023-08-07,3.3070027828216553,"{""type"":""MultiPoint"",""coordinates"":[]}"
20230808,2023-08-08,0.0,"{""type"":""MultiPoint"",""coordinates"":[]}"
20230809,2023-08-09,6.6140055656433105,"{""type"":""MultiPoint"",""coordinates"":[]}"
20230810,2023-08-10,0.0,"{""type"":""MultiPoint"",""coordinates"":[]}"
20230811,2023-08-11,10.152774810791016,"{""type"":""MultiPoint"",""coordinates"":[]}"
20230812,2023-08-12,3.384258508682251,"{""type"":""MultiPoint"",""coordinates"":[]}"
20230813,2023-08-13,10.152774810791016,"{""type"":""MultiPoint"",""coordinates"":[]}"
20230814,2023-08-14,0.0,"{""type"":""MultiPoint"",""coordinates"":[]}"
20230815,2023-08-15,3.384258508682251,"{""type"":""MultiPoint"",""coordinates"":[]}"
20230816,2023-08-16,8.92466926574707,"{""type"":""MultiPoint"",""coordinates"":[]}"
20230817,2023-08-17,0.0,"{""type"":""MultiPoint"",""coordinates"":[]}"
20230818,2023-08-18,35.69867706298828,"{""type"":""MultiPoint"",""coordinates"":[]}"
20230819,2023-08-19,8.92466926574707,"{""type"":""MultiPoint"",""coordinates"":[]}"
20230820,2023-08-20,17.84933853149414,"{""type"":""MultiPoint"",""coordinates"":[]}"
20230821,2023-08-21,12.638917922973633,"{""type"":""MultiPoint"",""coordinates"":[]}"
20230822,2023-08-22,25.277835845947266,"{""type"":""MultiPoint"",""coordinates"":[]}"
20230823,2023-08-23,6.319458961486816,"{""type"":""MultiPoint"",""coordinates"":[]}"
20230824,2023-08-24,0.0,"{""type"":""MultiPoint"",""coordinates"":[]}"
20230825,2023-08-25,0.0,"{""type"":""MultiPoint"",""coordinates"":[]}"
20230826,2023-08-26,0.0,"{""type"":""MultiPoint"",""coordinates"":[]}"
20230827,2023-08-27,3.546444892883301,"{""type"":""MultiPoint"",""coordinates"":[]}"
20230828,2023-08-28,0.0,"{""type"":""MultiPoint"",""coordinates"":[]}"
20230829,2023-08-29,0.0,"{""type"":""MultiPoint"",""coordinates"":[]}"
20230830,2023-08-30,0.0,"{""type"":""MultiPoint"",""coordinates"":[]}"
20230831,2023-08-31,3.546444892883301,"{""type"":""MultiPoint"",""coordinates"":[]}"
20230901,2023-09-01,0.0,"{""type"":""MultiPoint"",""coordinates"":[]}"
20230902,2023-09-02,13.638298988342285,"{""type"":""MultiPoint"",""coordinates"":[]}"
20230903,2023-09-03,0.0,"{""type"":""MultiPoint"",""coordinates"":[]}"
20230904,2023-09-04,3.4095747470855713,"{""type"":""MultiPoint"",""coordinates"":[]}"
20230905,2023-09-05,0.0,"{""type"":""MultiPoint"",""coordinates"":[]}"
20230906,2023-09-06,0.0,"{""type"":""MultiPoint"",""coordinates"":[]}"
20230907,2023-09-07,0.0,"{""type"":""MultiPoint"",""coordinates"":[]}"
20230908,2023-09-08,6.381049156188965,"{""type"":""MultiPoint"",""coordinates"":[]}"
20230909,2023-09-09,0.0,"{""type"":""MultiPoint"",""coordinates"":[]}"
20230910,2023-09-10,12.76209831237793,"{""type"":""MultiPoint"",""coordinates"":[]}"
20230911,2023-09-11,2.763862371444702,"{""type"":""MultiPoint"",""coordinates"":[]}"
20230912,2023-09-12,2.763862371444702,"{""type"":""MultiPoint"",""coordinates"":[]}"
20230913,2023-09-13,0.0,"{""type"":""MultiPoint"",""coordinates"":[]}"
20230914,2023-09-14,8.291586875915527,"{""type"":""MultiPoint"",""coordinates"":[]}"
20230915,2023-09-15,0.0,"{""type"":""MultiPoint"",""coordinates"":[]}"
20230916,2023-09-16,0.0,"{""type"":""MultiPoint"",""coordinates"":[]}"
20230917,2023-09-17,5.742276191711426,"{""type"":""MultiPoint"",""coordinates"":[]}"
20230918,2023-09-18,0.0,"{""type"":""MultiPoint"",""coordinates"":[]}"
20230919,2023-09-19,2.871138095855713,"{""type"":""MultiPoint"",""coordinates"":[]}"
20230920,2023-09-20,0.0,"{""type"":""MultiPoint"",""coordinates"":[]}"
20230921,2023-09-21,0.0,"{""type"":""MultiPoint"",""coordinates"":[]}"
20230922,2023-09-22,2.86857008934021,"{""type"":""MultiPoint"",""coordinates"":[]}"
20230923,2023-09-23,11.47428035736084,"{""type"":""MultiPoint"",""coordinates"":[]}"
20230924,2023-09-24,8.60571002960205,"{""type"":""MultiPoint"",""coordinates"":[]}"
20230925,2023-09-25,0.0,"{""type"":""MultiPoint"",""coordinates"":[]}"
20230926,2023-09-26,9.163631439208984,"{""type"":""MultiPoint"",""coordinates"":[]}"
20230927,2023-09-27,0.0,"{""type"":""MultiPoint"",""coordinates"":[]}"
20230928,2023-09-28,0.0,"{""type"":""MultiPoint"",""coordinates"":[]}"
20230929,2023-09-29,0.0,"{""type"":""MultiPoint"",""coordinates"":[]}"
20230930,2023-09-30,0.0,"{""type"":""MultiPoint"",""coordinates"":[]}"
20231001,2023-10-01,12.396909713745117,"{""type"":""MultiPoint"",""coordinates"":[]}"
20231002,2023-10-02,0.0,"{""type"":""MultiPoint"",""coordinates"":[]}"
20231003,2023-10-03,12.396909713745117,"{""type"":""MultiPoint"",""coordinates"":[]}"
20231004,2023-10-04,37.19072723388672,"{""type"":""MultiPoint"",""coordinates"":[]}"
20231005,2023-10-05,0.0,"{""type"":""MultiPoint"",""coordinates"":[]}"
20231006,2023-10-06,17.63743782043457,"{""type"":""MultiPoint"",""coordinates"":[]}"
20231007,2023-10-07,8.818718910217285,"{""type"":""MultiPoint"",""coordinates"":[]}"
20231008,2023-10-08,17.63743782043457,"{""type"":""MultiPoint"",""coordinates"":[]}"
20231009,2023-10-09,0.0,"{""type"":""MultiPoint"",""coordinates"":[]}"
20231010,2023-10-10,0.0,"{""type"":""MultiPoint"",""coordinates"":[]}"
20231011,2023-10-11,12.280031204223633,"{""type"":""MultiPoint"",""coordinates"":[]}"
20231012,2023-10-12,0.0,"{""type"":""MultiPoint"",""coordinates"":[]}"
20231013,2023-10-13,6.140015602111816,"{""type"":""MultiPoint"",""coordinates"":[]}"
20231014,2023-10-14,6.140015602111816,"{""type"":""MultiPoint"",""coordinates"":[]}"
20231015,2023-10-15,6.140015602111816,"{""type"":""MultiPoint"",""coordinates"":[]}"
20231016,2023-10-16,5.758490085601807,"{""type"":""MultiPoint"",""coordinates"":[]}"
20231017,2023-10-17,0.0,"{""type"":""MultiPoint"",""coordinates"":[]}"
20231018,2023-10-18,0.0,"{""type"":""MultiPoint"",""coordinates"":[]}"
20231019,2023-10-19,17.275470733642578,"{""type"":""MultiPoint"",""coordinates"":[]}"
20231020,2023-10-20,5.758490085601807,"{""type"":""MultiPoint"",""coordinates"":[]}"
20231021,2023-10-21,0.0,"{""type"":""MultiPoint"",""coordinates"":[]}"
20231022,2023-10-22,8.074110984802246,"{""type"":""MultiPoint"",""coordinates"":[]}"
20231023,2023-10-23,8.074110984802246,"{""type"":""MultiPoint"",""coordinates"":[]}"
20231024,2023-10-24,24.222335815429688,"{""type"":""MultiPoint"",""coordinates"":[]}"
20231025,2023-10-25,0.0,"{""type"":""MultiPoint"",""coordinates"":[]}"
20231026,2023-10-26,0.0,"{""type"":""MultiPoint"",""coordinates"":[]}"
20231027,2023-10-27,14.11521053314209,"{""type"":""MultiPoint"",""coordinates"":[]}"
20231028,2023-10-28,0.0,"{""type"":""MultiPoint"",""coordinates"":[]}"
20231029,2023-10-29,14.11521053314209,"{""type"":""MultiPoint"",""coordinates"":[]}"
20231030,2023-10-30,14.11521053314209,"{""type"":""MultiPoint"",""coordinates"":[]}"
20231031,2023-10-31,28.23042106628418,"{""type"":""MultiPoint"",""coordinates"":[]}"
20231101,2023-11-01,22.582298278808594,"{""type"":""MultiPoint"",""coordinates"":[]}"
20231102,2023-11-02,0.0,"{""type"":""MultiPoint"",""coordinates"":[]}"
20231103,2023-11-03,11.291149139404297,"{""type"":""MultiPoint"",""coordinates"":[]}"
20231104,2023-11-04,0.0,"{""type"":""MultiPoint"",""coordinates"":[]}"
20231105,2023-11-05,11.291149139404297,"{""type"":""MultiPoint"",""coordinates"":[]}"
20231106,2023-11-06,10.662393569946289,"{""type"":""MultiPoint"",""coordinates"":[]}"
20231107,2023-11-07,5.3311967849731445,"{""type"":""MultiPoint"",""coordinates"":[]}"
20231108,2023-11-08,0.0,"{""type"":""MultiPoint"",""coordinates"":[]}"
20231109,2023-11-09,0.0,"{""type"":""MultiPoint"",""coordinates"":[]}"
20231110,2023-11-10,0.0,"{""type"":""MultiPoint"",""coordinates"":[]}"
20231111,2023-11-11,11.968819618225098,"{""type"":""MultiPoint"",""coordinates"":[]}"
20231112,2023-11-12,0.0,"{""type"":""MultiPoint"",""coordinates"":[]}"
20231113,2023-11-13,11.968819618225098,"{""type"":""MultiPoint"",""coordinates"":[]}"
20231114,2023-11-14,11.968819618225098,"{""type"":""MultiPoint"",""coordinates"":[]}"
20231115,2023-11-15,0.0,"{""type"":""MultiPoint"",""coordinates"":[]}"
20231116,2023-11-16,0.0,"{""type"":""MultiPoint"",""coordinates"":[]}"
20231117,2023-11-17,0.0,"{""type"":""MultiPoint"",""coordinates"":[]}"
20231118,2023-11-18,36.164154052734375,"{""type"":""MultiPoint"",""coordinates"":[]}"
20231119,2023-11-19,0.0,"{""type"":""MultiPoint"",""coordinates"":[]}"
20231120,2023-11-20,12.054718017578125,"{""type"":""MultiPoint"",""coordinates"":[]}"
20231121,2023-11-21,9.581085205078125,"{""type"":""MultiPoint"",""coordinates"":[]}"
20231122,2023-11-22,0.0,"{""type"":""MultiPoint"",""coordinates"":[]}"
20231123,2023-11-23,0.0,"{""type"":""MultiPoint"",""coordinates"":[]}"
20231124,2023-11-24,9.581085205078125,"{""type"":""MultiPoint"",""coordinates"":[]}"
20231125,2023-11-25,19.16217041015625,"{""type"":""MultiPoint"",""coordinates"":[]}"
20231126,2023-11-26,0.0,"{""type"":""MultiPoint"",""coordinates"":[]}"
20231127,2023-11-27,0.0,"{""type"":""MultiPoint"",""coordinates"":[]}"
20231128,2023-11-28,0.0,"{""type"":""MultiPoint"",""coordinates"":[]}"
20231129,2023-11-29,0.0,"{""type"":""MultiPoint"",""coordinates"":[]}"
20231130,2023-11-30,0.0,"{""type"":""MultiPoint"",""coordinates"":[]}"
20231201,2023-12-01,0.0,"{""type"":""MultiPoint"",""coordinates"":[]}"
20231202,2023-12-02,0.0,"{""type"":""MultiPoint"",""coordinates"":[]}"
20231203,2023-12-03,0.0,"{""type"":""MultiPoint"",""coordinates"":[]}"
20231204,2023-12-04,0.0,"{""type"":""MultiPoint"",""coordinates"":[]}"
20231205,2023-12-05,0.0,"{""type"":""MultiPoint"",""coordinates"":[]}"
20231206,2023-12-06,10.444197654724121,"{""type"":""MultiPoint"",""coordinates"":[]}"
20231207,2023-12-07,0.0,"{""type"":""MultiPoint"",""coordinates"":[]}"
20231208,2023-12-08,0.0,"{""type"":""MultiPoint"",""coordinates"":[]}"
20231209,2023-12-09,0.0,"{""type"":""MultiPoint"",""coordinates"":[]}"
20231210,2023-12-10,15.66629695892334,"{""type"":""MultiPoint"",""coordinates"":[]}"
20231211,2023-12-11,0.0,"{""type"":""MultiPoint"",""coordinates"":[]}"
20231212,2023-12-12,27.404050827026367,"{""type"":""MultiPoint"",""coordinates"":[]}"
20231213,2023-12-13,0.0,"{""type"":""MultiPoint"",""coordinates"":[]}"
20231214,2023-12-14,0.0,"{""type"":""MultiPoint"",""coordinates"":[]}"
20231215,2023-12-15,18.26936912536621,"{""type"":""MultiPoint"",""coordinates"":[]}"
20231216,2023-12-16,11.744746208190918,"{""type"":""MultiPoint"",""coordinates"":[]}"
20231217,2023-12-17,11.744746208190918,"{""type"":""MultiPoint"",""coordinates"":[]}"
20231218,2023-12-18,11.744746208190918,"{""type"":""MultiPoint"",""coordinates"":[]}"
20231219,2023-12-19,0.0,"{""type"":""MultiPoint"",""coordinates"":[]}"
20231220,2023-12-20,11.744746208190918,"{""type"":""MultiPoint"",""coordinates"":[]}"
20231221,2023-12-21,0.0,"{""type"":""MultiPoint"",""coordinates"":[]}"
20231222,2023-12-22,0.0,"{""type"":""MultiPoint"",""coordinates"":[]}"
20231223,2023-12-23,0.0,"{""type"":""MultiPoint"",""coordinates"":[]}"
20231224,2023-12-24,0.0,"{""type"":""MultiPoint"",""coordinates"":[]}"
20231225,2023-12-25,0.0,"{""type"":""MultiPoint"",""coordinates"":[]}"
20231226,2023-12-26,38.402427673339844,"{""type"":""MultiPoint"",""coordinates"":[]}"
20231227,2023-12-27,0.0,"{""type"":""MultiPoint"",""coordinates"":[]}"
20231228,2023-12-28,0.0,"{""type"":""MultiPoint"",""coordinates"":[]}"
20231229,2023-12-29,0.0,"{""type"":""MultiPoint"",""coordinates"":[]}"
20231230,2023-12-30,0.0,"{""type"":""MultiPoint"",""coordinates"":[]}"
20231231,2023-12-31,0.0,"{""type"":""MultiPoint"",""coordinates"":[]}"
20240101,2024-01-01,0.0,"{""type"":""MultiPoint"",""coordinates"":[]}"
20240102,2024-01-02,0.0,"{""type"":""MultiPoint"",""coordinates"":[]}"
20240103,2024-01-03,0.0,"{""type"":""MultiPoint"",""coordinates"":[]}"
20240104,2024-01-04,0.0,"{""type"":""MultiPoint"",""coordinates"":[]}"
20240105,2024-01-05,0.0,"{""type"":""MultiPoint"",""coordinates"":[]}"
20240106,2024-01-06,0.0,"{""type"":""MultiPoint"",""coordinates"":[]}"
20240107,2024-01-07,0.0,"{""type"":""MultiPoint"",""coordinates"":[]}"
20240108,2024-01-08,0.0,"{""type"":""MultiPoint"",""coordinates"":[]}"
20240109,2024-01-09,0.0,"{""type"":""MultiPoint"",""coordinates"":[]}"
20240110,2024-01-10,0.0,"{""type"":""MultiPoint"",""coordinates"":[]}"
20240111,2024-01-11,0.0,"{""type"":""MultiPoint"",""coordinates"":[]}"
20240112,2024-01-12,0.0,"{""type"":""MultiPoint"",""coordinates"":[]}"
20240113,2024-01-13,0.0,"{""type"":""MultiPoint"",""coordinates"":[]}"
20240114,2024-01-14,0.0,"{""type"":""MultiPoint"",""coordinates"":[]}"
20240115,2024-01-15,0.0,"{""type"":""MultiPoint"",""coordinates"":[]}"
20240116,2024-01-16,0.0,"{""type"":""MultiPoint"",""coordinates"":[]}"
20240117,2024-01-17,0.0,"{""type"":""MultiPoint"",""coordinates"":[]}"
20240118,2024-01-18,0.0,"{""type"":""MultiPoint"",""coordinates"":[]}"
20240119,2024-01-19,8.633482933044434,"{""type"":""MultiPoint"",""coordinates"":[]}"
20240120,2024-01-20,0.0,"{""type"":""MultiPoint"",""coordinates"":[]}"
20240121,2024-01-21,7.734093189239502,"{""type"":""MultiPoint"",""coordinates"":[]}"
20240122,2024-01-22,0.0,"{""type"":""MultiPoint"",""coordinates"":[]}"
20240123,2024-01-23,0.0,"{""type"":""MultiPoint"",""coordinates"":[]}"
20240124,2024-01-24,0.0,"{""type"":""MultiPoint"",""coordinates"":[]}"
20240125,2024-01-25,0.0,"{""type"":""MultiPoint"",""coordinates"":[]}"
20240126,2024-01-26,0.0,"{""type"":""MultiPoint"",""coordinates"":[]}"
20240127,2024-01-27,0.0,"{""type"":""MultiPoint"",""coordinates"":[]}"
20240128,2024-01-28,0.0,"{""type"":""MultiPoint"",""coordinates"":[]}"
20240129,2024-01-29,0.0,"{""type"":""MultiPoint"",""coordinates"":[]}"
20240130,2024-01-30,0.0,"{""type"":""MultiPoint"",""coordinates"":[]}"
20240131,2024-01-31,17.86248016357422,"{""type"":""MultiPoint"",""coordinates"":[]}"
20240201,2024-02-01,11.743474006652832,"{""type"":""MultiPoint"",""coordinates"":[]}"
20240202,2024-02-02,11.743474006652832,"{""type"":""MultiPoint"",""coordinates"":[]}"
20240203,2024-02-03,35.23042297363281,"{""type"":""MultiPoint"",""coordinates"":[]}"
20240204,2024-02-04,0.0,"{""type"":""MultiPoint"",""coordinates"":[]}"
20240205,2024-02-05,23.486948013305664,"{""type"":""MultiPoint"",""coordinates"":[]}"
20240206,2024-02-06,0.0,"{""type"":""MultiPoint"",""coordinates"":[]}"
20240207,2024-02-07,0.0,"{""type"":""MultiPoint"",""coordinates"":[]}"
20240208,2024-02-08,0.0,"{""type"":""MultiPoint"",""coordinates"":[]}"
20240209,2024-02-09,0.0,"{""type"":""MultiPoint"",""coordinates"":[]}"
20240210,2024-02-10,0.0,"{""type"":""MultiPoint"",""coordinates"":[]}"
20240211,2024-02-11,0.0,"{""type"":""MultiPoint"",""coordinates"":[]}"
20240212,2024-02-12,0.0,"{""type"":""MultiPoint"",""coordinates"":[]}"
20240213,2024-02-13,0.0,"{""type"":""MultiPoint"",""coordinates"":[]}"
20240214,2024-02-14,0.0,"{""type"":""MultiPoint"",""coordinates"":[]}"
20240215,2024-02-15,0.0,"{""type"":""MultiPoint"",""coordinates"":[]}"
20240216,2024-02-16,0.0,"{""type"":""MultiPoint"",""coordinates"":[]}"
20240217,2024-02-17,8.119693756103516,"{""type"":""MultiPoint"",""coordinates"":[]}"
20240218,2024-02-18,0.0,"{""type"":""MultiPoint"",""coordinates"":[]}"
20240219,2024-02-19,0.0,"{""type"":""MultiPoint"",""coordinates"":[]}"
20240220,2024-02-20,0.0,"{""type"":""MultiPoint"",""coordinates"":[]}"
20240221,2024-02-21,0.0,"{""type"":""MultiPoint"",""coordinates"":[]}"
20240222,2024-02-22,0.0,"{""type"":""MultiPoint"",""coordinates"":[]}"
20240223,2024-02-23,0.0,"{""type"":""MultiPoint"",""coordinates"":[]}"
20240224,2024-02-24,0.0,"{""type"":""MultiPoint"",""coordinates"":[]}"
20240225,2024-02-25,0.0,"{""type"":""MultiPoint"",""coordinates"":[]}"
20240226,2024-02-26,0.0,"{""type"":""MultiPoint"",""coordinates"":[]}"
20240227,2024-02-27,0.0,"{""type"":""MultiPoint"",""coordinates"":[]}"
20240228,2024-02-28,0.0,"{""type"":""MultiPoint"",""coordinates"":[]}"
20240229,2024-02-29,0.0,"{""type"":""MultiPoint"",""coordinates"":[]}"
20240301,2024-03-01,0.0,"{""type"":""MultiPoint"",""coordinates"":[]}"
20240302,2024-03-02,0.0,"{""type"":""MultiPoint"",""coordinates"":[]}"
20240303,2024-03-03,0.0,"{""type"":""MultiPoint"",""coordinates"":[]}"
20240304,2024-03-04,0.0,"{""type"":""MultiPoint"",""coordinates"":[]}"
20240305,2024-03-05,0.0,"{""type"":""MultiPoint"",""coordinates"":[]}"
20240306,2024-03-06,0.0,"{""type"":""MultiPoint"",""coordinates"":[]}"
20240307,2024-03-07,0.0,"{""type"":""MultiPoint"",""coordinates"":[]}"
20240308,2024-03-08,4.114986419677734,"{""type"":""MultiPoint"",""coordinates"":[]}"
20240309,2024-03-09,12.34496021270752,"{""type"":""MultiPoint"",""coordinates"":[]}"
20240310,2024-03-10,0.0,"{""type"":""MultiPoint"",""coordinates"":[]}"
20240311,2024-03-11,0.0,"{""type"":""MultiPoint"",""coordinates"":[]}"
20240312,2024-03-12,0.0,"{""type"":""MultiPoint"",""coordinates"":[]}"
20240313,2024-03-13,0.0,"{""type"":""MultiPoint"",""coordinates"":[]}"
20240314,2024-03-14,6.65447473526001,"{""type"":""MultiPoint"",""coordinates"":[]}"
20240315,2024-03-15,6.65447473526001,"{""type"":""MultiPoint"",""coordinates"":[]}"
20240316,2024-03-16,0.0,"{""type"":""MultiPoint"",""coordinates"":[]}"
20240317,2024-03-17,0.0,"{""type"":""MultiPoint"",""coordinates"":[]}"
20240318,2024-03-18,0.0,"{""type"":""MultiPoint"",""coordinates"":[]}"
20240319,2024-03-19,16.880695343017578,"{""type"":""MultiPoint"",""coordinates"":[]}"
20240320,2024-03-20,0.0,"{""type"":""MultiPoint"",""coordinates"":[]}"
20240321,2024-03-21,5.952768325805664,"{""type"":""MultiPoint"",""coordinates"":[]}"
20240322,2024-03-22,0.0,"{""type"":""MultiPoint"",""coordinates"":[]}"
20240323,2024-03-23,0.0,"{""type"":""MultiPoint"",""coordinates"":[]}"
20240324,2024-03-24,2.976384162902832,"{""type"":""MultiPoint"",""coordinates"":[]}"
20240325,2024-03-25,5.952768325805664,"{""type"":""MultiPoint"",""coordinates"":[]}"
20240326,2024-03-26,0.0,"{""type"":""MultiPoint"",""coordinates"":[]}"
20240327,2024-03-27,0.0,"{""type"":""MultiPoint"",""coordinates"":[]}"
20240328,2024-03-28,0.0,"{""type"":""MultiPoint"",""coordinates"":[]}"
20240329,2024-03-29,0.0,"{""type"":""MultiPoint"",""coordinates"":[]}"
20240330,2024-03-30,18.118677139282227,"{""type"":""MultiPoint"",""coordinates"":[]}"
20240331,2024-03-31,0.0,"{""type"":""MultiPoint"",""coordinates"":[]}"
20240401,2024-04-01,0.0,"{""type"":""MultiPoint"",""coordinates"":[]}"
20240402,2024-04-02,19.804088592529297,"{""type"":""MultiPoint"",""coordinates"":[]}"
20240403,2024-04-03,19.804088592529297,"{""type"":""MultiPoint"",""coordinates"":[]}"
20240404,2024-04-04,0.0,"{""type"":""MultiPoint"",""coordinates"":[]}"
20240405,2024-04-05,0.0,"{""type"":""MultiPoint"",""coordinates"":[]}"
20240406,2024-04-06,4.283108711242676,"{""type"":""MultiPoint"",""coordinates"":[]}"
20240407,2024-04-07,0.0,"{""type"":""MultiPoint"",""coordinates"":[]}"
20240408,2024-04-08,12.849327087402344,"{""type"":""MultiPoint"",""coordinates"":[]}"
20240409,2024-04-09,0.0,"{""type"":""MultiPoint"",""coordinates"":[]}"
20240410,2024-04-10,0.0,"{""type"":""MultiPoint"",""coordinates"":[]}"
20240411,2024-04-11,1.9647350311279297,"{""type"":""MultiPoint"",""coordinates"":[]}"
20240412,2024-04-12,0.28684934973716736,"{""type"":""MultiPoint"",""coordinates"":[]}"
20240413,2024-04-13,0.17798222601413727,"{""type"":""MultiPoint"",""coordinates"":[]}"
20240414,2024-04-14,1.9165246486663818,"{""type"":""MultiPoint"",""coordinates"":[]}"
20240415,2024-04-15,5.4714884757995605,"{""type"":""MultiPoint"",""coordinates"":[]}"
20240416,2024-04-16,0.0,"{""type"":""MultiPoint"",""coordinates"":[]}"
20240417,2024-04-17,10.172857284545898,"{""type"":""MultiPoint"",""coordinates"":[]}"
20240418,2024-04-18,20.345714569091797,"{""type"":""MultiPoint"",""coordinates"":[]}"
20240419,2024-04-19,20.345714569091797,"{""type"":""MultiPoint"",""coordinates"":[]}"
20240420,2024-04-20,0.0,"{""type"":""MultiPoint"",""coordinates"":[]}"
20240421,2024-04-21,13.534950256347656,"{""type"":""MultiPoint"",""coordinates"":[]}"
20240422,2024-04-22,8.273444175720215,"{""type"":""MultiPoint"",""coordinates"":[]}"
20240423,2024-04-23,7.734257221221924,"{""type"":""MultiPoint"",""coordinates"":[]}"
20240424,2024-04-24,6.767475128173828,"{""type"":""MultiPoint"",""coordinates"":[]}"
20240425,2024-04-25,20.302425384521484,"{""type"":""MultiPoint"",""coordinates"":[]}"
20240426,2024-04-26,15.820985794067383,"{""type"":""MultiPoint"",""coordinates"":[]}"
20240427,2024-04-27,0.0,"{""type"":""MultiPoint"",""coordinates"":[]}"
20240428,2024-04-28,0.0,"{""type"":""MultiPoint"",""coordinates"":[]}"
20240429,2024-04-29,0.0,"{""type"":""MultiPoint"",""coordinates"":[]}"
20240430,2024-04-30,31.641971588134766,"{""type"":""MultiPoint"",""coordinates"":[]}"
20240501,2024-05-01,10.000812530517578,"{""type"":""MultiPoint"",""coordinates"":[]}"
20240502,2024-05-02,40.00325012207031,"{""type"":""MultiPoint"",""coordinates"":[]}"
20240503,2024-05-03,10.000812530517578,"{""type"":""MultiPoint"",""coordinates"":[]}"
20240504,2024-05-04,0.0,"{""type"":""MultiPoint"",""coordinates"":[]}"
20240505,2024-05-05,0.0,"{""type"":""MultiPoint"",""coordinates"":[]}"
20240506,2024-05-06,15.406974792480469,"{""type"":""MultiPoint"",""coordinates"":[]}"
20240507,2024-05-07,0.0,"{""type"":""MultiPoint"",""coordinates"":[]}"
20240508,2024-05-08,30.813949584960938,"{""type"":""MultiPoint"",""coordinates"":[]}"
20240509,2024-05-09,15.406974792480469,"{""type"":""MultiPoint"",""coordinates"":[]}"
20240510,2024-05-10,15.406974792480469,"{""type"":""MultiPoint"",""coordinates"":[]}"
20240511,2024-05-11,7.359633922576904,"{""type"":""MultiPoint"",""coordinates"":[]}"
20240512,2024-05-12,22.078901290893555,"{""type"":""MultiPoint"",""coordinates"":[]}"
20240513,2024-05-13,0.0,"{""type"":""MultiPoint"",""coordinates"":[]}"
20240514,2024-05-14,7.359633922576904,"{""type"":""MultiPoint"",""coordinates"":[]}"
20240515,2024-05-15,22.078901290893555,"{""type"":""MultiPoint"",""coordinates"":[]}"
20240516,2024-05-16,4.686192512512207,"{""type"":""MultiPoint"",""coordinates"":[]}"
20240517,2024-05-17,5.323843002319336,"{""type"":""MultiPoint"",""coordinates"":[]}"
20240518,2024-05-18,4.965460777282715,"{""type"":""MultiPoint"",""coordinates"":[]}"
20240519,2024-05-19,4.072763919830322,"{""type"":""MultiPoint"",""coordinates"":[]}"
20240520,2024-05-20,2.3281805515289307,"{""type"":""MultiPoint"",""coordinates"":[]}"
20240521,2024-05-21,13.624914169311523,"{""type"":""MultiPoint"",""coordinates"":[]}"
20240522,2024-05-22,0.0,"{""type"":""MultiPoint"",""coordinates"":[]}"
20240523,2024-05-23,13.624914169311523,"{""type"":""MultiPoint"",""coordinates"":[]}"
20240524,2024-05-24,9.08327579498291,"{""type"":""MultiPoint"",""coordinates"":[]}"
20240525,2024-05-25,0.0,"{""type"":""MultiPoint"",""coordinates"":[]}"
20240526,2024-05-26,8.720963478088379,"{""type"":""MultiPoint"",""coordinates"":[]}"
20240527,2024-05-27,8.720963478088379,"{""type"":""MultiPoint"",""coordinates"":[]}"
20240528,2024-05-28,8.720963478088379,"{""type"":""MultiPoint"",""coordinates"":[]}"
20240529,2024-05-29,26.162893295288086,"{""type"":""MultiPoint"",""coordinates"":[]}"
20240530,2024-05-30,0.0,"{""type"":""MultiPoint"",""coordinates"":[]}"
20240531,2024-05-31,8.720963478088379,"{""type"":""MultiPoint"",""coordinates"":[]}"
20240601,2024-06-01,0.0,"{""type"":""MultiPoint"",""coordinates"":[]}"
20240602,2024-06-02,0.0,"{""type"":""MultiPoint"",""coordinates"":[]}"
20240603,2024-06-03,4.9445390701293945,"{""type"":""MultiPoint"",""coordinates"":[]}"
20240604,2024-06-04,9.889078140258789,"{""type"":""MultiPoint"",""coordinates"":[]}"
20240605,2024-06-05,4.9445390701293945,"{""type"":""MultiPoint"",""coordinates"":[]}"
20240606,2024-06-06,0.0,"{""type"":""MultiPoint"",""coordinates"":[]}"
20240607,2024-06-07,0.0,"{""type"":""MultiPoint"",""coordinates"":[]}"
20240608,2024-06-08,13.369433403015137,"{""type"":""MultiPoint"",""coordinates"":[]}"
20240609,2024-06-09,13.369433403015137,"{""type"":""MultiPoint"",""coordinates"":[]}"
20240610,2024-06-10,13.369433403015137,"{""type"":""MultiPoint"",""coordinates"":[]}"
20240611,2024-06-11,18.802698135375977,"{""type"":""MultiPoint"",""coordinates"":[]}"
20240612,2024-06-12,5.290097713470459,"{""type"":""MultiPoint"",""coordinates"":[]}"
20240613,2024-06-13,5.42188835144043,"{""type"":""MultiPoint"",""coordinates"":[]}"
20240614,2024-06-14,15.306615829467773,"{""type"":""MultiPoint"",""coordinates"":[]}"
20240615,2024-06-15,21.297746658325195,"{""type"":""MultiPoint"",""coordinates"":[]}"
20240616,2024-06-16,14.257498741149902,"{""type"":""MultiPoint"",""coordinates"":[]}"
20240617,2024-06-17,0.0,"{""type"":""MultiPoint"",""coordinates"":[]}"
20240618,2024-06-18,14.257498741149902,"{""type"":""MultiPoint"",""coordinates"":[]}"
20240619,2024-06-19,0.0,"{""type"":""MultiPoint"",""coordinates"":[]}"
20240620,2024-06-20,4.752499580383301,"{""type"":""MultiPoint"",""coordinates"":[]}"
20240621,2024-06-21,0.0,"{""type"":""MultiPoint"",""coordinates"":[]}"
20240622,2024-06-22,14.559659957885742,"{""type"":""MultiPoint"",""coordinates"":[]}"
20240623,2024-06-23,43.678977966308594,"{""type"":""MultiPoint"",""coordinates"":[]}"
20240624,2024-06-24,0.0,"{""type"":""MultiPoint"",""coordinates"":[]}"
20240625,2024-06-25,0.0,"{""type"":""MultiPoint"",""coordinates"":[]}"
20240626,2024-06-26,3.378769874572754,"{""type"":""MultiPoint"",""coordinates"":[]}"
20240627,2024-06-27,25.418811798095703,"{""type"":""MultiPoint"",""coordinates"":[]}"
20240628,2024-06-28,25.418811798095703,"{""type"":""MultiPoint"",""coordinates"":[]}"
20240629,2024-06-29,0.0,"{""type"":""MultiPoint"",""coordinates"":[]}"
20240630,2024-06-30,0.0,"{""type"":""MultiPoint"",""coordinates"":[]}"
20240701,2024-07-01,0.0,"{""type"":""MultiPoint"",""coordinates"":[]}"
20240702,2024-07-02,20.44415855407715,"{""type"":""MultiPoint"",""coordinates"":[]}"
20240703,2024-07-03,27.258880615234375,"{""type"":""MultiPoint"",""coordinates"":[]}"
20240704,2024-07-04,20.44415855407715,"{""type"":""MultiPoint"",""coordinates"":[]}"
20240705,2024-07-05,27.258880615234375,"{""type"":""MultiPoint"",""coordinates"":[]}"
20240706,2024-07-06,0.0,"{""type"":""MultiPoint"",""coordinates"":[]}"
20240707,2024-07-07,4.93444299697876,"{""type"":""MultiPoint"",""coordinates"":[]}"
20240708,2024-07-08,0.0,"{""type"":""MultiPoint"",""coordinates"":[]}"
20240709,2024-07-09,0.0,"{""type"":""MultiPoint"",""coordinates"":[]}"
20240710,2024-07-10,0.0,"{""type"":""MultiPoint"",""coordinates"":[]}"
20240711,2024-07-11,0.0,"{""type"":""MultiPoint"",""coordinates"":[]}"
20240712,2024-07-12,3.729811191558838,"{""type"":""MultiPoint"",""coordinates"":[]}"
20240713,2024-07-13,3.729811191558838,"{""type"":""MultiPoint"",""coordinates"":[]}"
20240714,2024-07-14,0.0,"{""type"":""MultiPoint"",""coordinates"":[]}"
20240715,2024-07-15,0.0,"{""type"":""MultiPoint"",""coordinates"":[]}"
20240716,2024-07-16,2.35410737991333,"{""type"":""MultiPoint"",""coordinates"":[]}"
20240717,2024-07-17,0.0,"{""type"":""MultiPoint"",""coordinates"":[]}"
20240718,2024-07-18,2.35410737991333,"{""type"":""MultiPoint"",""coordinates"":[]}"
20240719,2024-07-19,2.35410737991333,"{""type"":""MultiPoint"",""coordinates"":[]}"
20240720,2024-07-20,0.0,"{""type"":""MultiPoint"",""coordinates"":[]}"
20240721,2024-07-21,0.0,"{""type"":""MultiPoint"",""coordinates"":[]}"
20240722,2024-07-22,0.0,"{""type"":""MultiPoint"",""coordinates"":[]}"
20240723,2024-07-23,0.0,"{""type"":""MultiPoint"",""coordinates"":[]}"
20240724,2024-07-24,0.0,"{""type"":""MultiPoint"",""coordinates"":[]}"
20240725,2024-07-25,0.0,"{""type"":""MultiPoint"",""coordinates"":[]}"
20240726,2024-07-26,0.0,"{""type"":""MultiPoint"",""coordinates"":[]}"
20240727,2024-07-27,9.308956146240234,"{""type"":""MultiPoint"",""coordinates"":[]}"
20240728,2024-07-28,0.0,"{""type"":""MultiPoint"",""coordinates"":[]}"
20240729,2024-07-29,0.0,"{""type"":""MultiPoint"",""coordinates"":[]}"
20240730,2024-07-30,9.308956146240234,"{""type"":""MultiPoint"",""coordinates"":[]}"
20240731,2024-07-31,0.0,"{""type"":""MultiPoint"",""coordinates"":[]}"
20240801,2024-08-01,0.0,"{""type"":""MultiPoint"",""coordinates"":[]}"
20240802,2024-08-02,0.0,"{""type"":""MultiPoint"",""coordinates"":[]}"
20240803,2024-08-03,33.13613510131836,"{""type"":""MultiPoint"",""coordinates"":[]}"
20240804,2024-08-04,16.56806755065918,"{""type"":""MultiPoint"",""coordinates"":[]}"
20240805,2024-08-05,33.13613510131836,"{""type"":""MultiPoint"",""coordinates"":[]}"
20240806,2024-08-06,5.074539661407471,"{""type"":""MultiPoint"",""coordinates"":[]}"
20240807,2024-08-07,6.76605224609375,"{""type"":""MultiPoint"",""coordinates"":[]}"
20240808,2024-08-08,0.0,"{""type"":""MultiPoint"",""coordinates"":[]}"
20240809,2024-08-09,1.6915130615234375,"{""type"":""MultiPoint"",""coordinates"":[]}"
20240810,2024-08-10,3.383026123046875,"{""type"":""MultiPoint"",""coordinates"":[]}"
20240811,2024-08-11,3.2979464530944824,"{""type"":""MultiPoint"",""coordinates"":[]}"
20240812,2024-08-12,0.0,"{""type"":""MultiPoint"",""coordinates"":[]}"
20240813,2024-08-13,9.893839836120605,"{""type"":""MultiPoint"",""coordinates"":[]}"
20240814,2024-08-14,0.0,"{""type"":""MultiPoint"",""coordinates"":[]}"
20240815,2024-08-15,0.0,"{""type"":""MultiPoint"",""coordinates"":[]}"
20240816,2024-08-16,4.477632999420166,"{""type"":""MultiPoint"",""coordinates"":[]}"
20240817,2024-08-17,4.477632999420166,"{""type"":""MultiPoint"",""coordinates"":[]}"
20240818,2024-08-18,0.0,"{""type"":""MultiPoint"",""coordinates"":[]}"
20240819,2024-08-19,0.0,"{""type"":""MultiPoint"",""coordinates"":[]}"
20240820,2024-08-20,0.0,"{""type"":""MultiPoint"",""coordinates"":[]}"
20240821,2024-08-21,1.1700831651687622,"{""type"":""MultiPoint"",""coordinates"":[]}"
20240822,2024-08-22,2.3468387126922607,"{""type"":""MultiPoint"",""coordinates"":[]}"
20240823,2024-08-23,1.5282560586929321,"{""type"":""MultiPoint"",""coordinates"":[]}"
20240824,2024-08-24,3.419358968734741,"{""type"":""MultiPoint"",""coordinates"":[]}"
20240825,2024-08-25,6.203301429748535,"{""type"":""MultiPoint"",""coordinates"":[]}"
20240826,2024-08-26,5.9928297996521,"{""type"":""MultiPoint"",""coordinates"":[]}"
20240827,2024-08-27,2.58864688873291,"{""type"":""MultiPoint"",""coordinates"":[]}"
20240828,2024-08-28,4.672303676605225,"{""type"":""MultiPoint"",""coordinates"":[]}"
20240829,2024-08-29,3.071338415145874,"{""type"":""MultiPoint"",""coordinates"":[]}"
20240830,2024-08-30,1.8608367443084717,"{""type"":""MultiPoint"",""coordinates"":[]}"
20240831,2024-08-31,5.048368453979492,"{""type"":""MultiPoint"",""coordinates"":[]}"
20240901,2024-09-01,28.4322452545166,"{""type"":""MultiPoint"",""coordinates"":[]}"
20240902,2024-09-02,0.0,"{""type"":""MultiPoint"",""coordinates"":[]}"
20240903,2024-09-03,28.4322452545166,"{""type"":""MultiPoint"",""coordinates"":[]}"
20240904,2024-09-04,0.0,"{""type"":""MultiPoint"",""coordinates"":[]}"
20240905,2024-09-05,28.4322452545166,"{""type"":""MultiPoint"",""coordinates"":[]}"
20240906,2024-09-06,0.0,"{""type"":""MultiPoint"",""coordinates"":[]}"
20240907,2024-09-07,5.9377055168151855,"{""type"":""MultiPoint"",""coordinates"":[]}"
20240908,2024-09-08,0.0,"{""type"":""MultiPoint"",""coordinates"":[]}"
20240909,2024-09-09,0.0,"{""type"":""MultiPoint"",""coordinates"":[]}"
20240910,2024-09-10,0.0,"{""type"":""MultiPoint"",""coordinates"":[]}"
20240911,2024-09-11,2.1958439350128174,"{""type"":""MultiPoint"",""coordinates"":[]}"
20240912,2024-09-12,3.0541930198669434,"{""type"":""MultiPoint"",""coordinates"":[]}"
20240913,2024-09-13,3.718287467956543,"{""type"":""MultiPoint"",""coordinates"":[]}"
20240914,2024-09-14,2.8998184204101562,"{""type"":""MultiPoint"",""coordinates"":[]}"
20240915,2024-09-15,0.9983476996421814,"{""type"":""MultiPoint"",""coordinates"":[]}"
20240916,2024-09-16,3.237546443939209,"{""type"":""MultiPoint"",""coordinates"":[]}"
20240917,2024-09-17,6.475092887878418,"{""type"":""MultiPoint"",""coordinates"":[]}"
20240918,2024-09-18,0.0,"{""type"":""MultiPoint"",""coordinates"":[]}"
20240919,2024-09-19,0.0,"{""type"":""MultiPoint"",""coordinates"":[]}"
20240920,2024-09-20,6.475092887878418,"{""type"":""MultiPoint"",""coordinates"":[]}"
20240921,2024-09-21,0.0,"{""type"":""MultiPoint"",""coordinates"":[]}"
20240922,2024-09-22,6.237794876098633,"{""type"":""MultiPoint"",""coordinates"":[]}"
20240923,2024-09-23,6.237794876098633,"{""type"":""MultiPoint"",""coordinates"":[]}"
20240924,2024-09-24,0.0,"{""type"":""MultiPoint"",""coordinates"":[]}"
20240925,2024-09-25,0.0,"{""type"":""MultiPoint"",""coordinates"":[]}"
20240926,2024-09-26,16.600828170776367,"{""type"":""MultiPoint"",""coordinates"":[]}"
20240927,2024-09-27,0.0,"{""type"":""MultiPoint"",""coordinates"":[]}"
20240928,2024-09-28,4.150207042694092,"{""type"":""MultiPoint"",""coordinates"":[]}"
20240929,2024-09-29,4.150207042694092,"{""type"":""MultiPoint"",""coordinates"":[]}"
20240930,2024-09-30,0.0,"{""type"":""MultiPoint"",""coordinates"":[]}"
20241001,2024-10-01,19.22488784790039,"{""type"":""MultiPoint"",""coordinates"":[]}"
20241002,2024-10-02,9.388907432556152,"{""type"":""MultiPoint"",""coordinates"":[]}"
20241003,2024-10-03,8.601780891418457,"{""type"":""MultiPoint"",""coordinates"":[]}"
20241004,2024-10-04,4.768416404724121,"{""type"":""MultiPoint"",""coordinates"":[]}"
20241005,2024-10-05,17.383874893188477,"{""type"":""MultiPoint"",""coordinates"":[]}"
20241006,2024-10-06,15.285881042480469,"{""type"":""MultiPoint"",""coordinates"":[]}"
20241007,2024-10-07,0.0,"{""type"":""MultiPoint"",""coordinates"":[]}"
20241008,2024-10-08,45.857643127441406,"{""type"":""MultiPoint"",""coordinates"":[]}"
20241009,2024-10-09,0.0,"{""type"":""MultiPoint"",""coordinates"":[]}"
20241010,2024-10-10,0.0,"{""type"":""MultiPoint"",""coordinates"":[]}"
20241011,2024-10-11,0.0,"{""type"":""MultiPoint"",""coordinates"":[]}"
20241012,2024-10-12,0.0,"{""type"":""MultiPoint"",""coordinates"":[]}"
20241013,2024-10-13,0.0,"{""type"":""MultiPoint"",""coordinates"":[]}"
20241014,2024-10-14,13.98346996307373,"{""type"":""MultiPoint"",""coordinates"":[]}"
20241015,2024-10-15,0.0,"{""type"":""MultiPoint"",""coordinates"":[]}"
20241016,2024-10-16,12.098855972290039,"{""type"":""MultiPoint"",""coordinates"":[]}"
20241017,2024-10-17,0.0,"{""type"":""MultiPoint"",""coordinates"":[]}"
20241018,2024-10-18,24.197711944580078,"{""type"":""MultiPoint"",""coordinates"":[]}"
20241019,2024-10-19,36.296566009521484,"{""type"":""MultiPoint"",""coordinates"":[]}"
20241020,2024-10-20,0.0,"{""type"":""MultiPoint"",""coordinates"":[]}"
20241021,2024-10-21,0.0,"{""type"":""MultiPoint"",""coordinates"":[]}"
20241022,2024-10-22,56.88172149658203,"{""type"":""MultiPoint"",""coordinates"":[]}"
20241023,2024-10-23,0.0,"{""type"":""MultiPoint"",""coordinates"":[]}"
20241024,2024-10-24,0.0,"{""type"":""MultiPoint"",""coordinates"":[]}"
20241025,2024-10-25,0.0,"{""type"":""MultiPoint"",""coordinates"":[]}"
20241026,2024-10-26,0.0,"{""type"":""MultiPoint"",""coordinates"":[]}"
20241027,2024-10-27,0.0,"{""type"":""MultiPoint"",""coordinates"":[]}"
20241028,2024-10-28,26.337247848510742,"{""type"":""MultiPoint"",""coordinates"":[]}"
20241029,2024-10-29,13.168623924255371,"{""type"":""MultiPoint"",""coordinates"":[]}"
20241030,2024-10-30,13.168623924255371,"{""type"":""MultiPoint"",""coordinates"":[]}"
20241031,2024-10-31,26.337247848510742,"{""type"":""MultiPoint"",""coordinates"":[]}"
20241101,2024-11-01,0.0,"{""type"":""MultiPoint"",""coordinates"":[]}"
20241102,2024-11-02,0.0,"{""type"":""MultiPoint"",""coordinates"":[]}"
20241103,2024-11-03,0.0,"{""type"":""MultiPoint"",""coordinates"":[]}"
20241104,2024-11-04,41.18611145019531,"{""type"":""MultiPoint"",""coordinates"":[]}"
20241105,2024-11-05,0.0,"{""type"":""MultiPoint"",""coordinates"":[]}"
20241106,2024-11-06,0.0,"{""type"":""MultiPoint"",""coordinates"":[]}"
20241107,2024-11-07,52.975460052490234,"{""type"":""MultiPoint"",""coordinates"":[]}"
20241108,2024-11-08,52.975460052490234,"{""type"":""MultiPoint"",""coordinates"":[]}"
20241109,2024-11-09,0.0,"{""type"":""MultiPoint"",""coordinates"":[]}"
20241110,2024-11-10,0.0,"{""type"":""MultiPoint"",""coordinates"":[]}"
20241111,2024-11-11,0.0,"{""type"":""MultiPoint"",""coordinates"":[]}"
20241112,2024-11-12,0.0,"{""type"":""MultiPoint"",""coordinates"":[]}"
20241113,2024-11-13,0.0,"{""type"":""MultiPoint"",""coordinates"":[]}"
20241114,2024-11-14,18.560680389404297,"{""type"":""MultiPoint"",""coordinates"":[]}"
20241115,2024-11-15,0.0,"{""type"":""MultiPoint"",""coordinates"":[]}"
20241116,2024-11-16,0.0,"{""type"":""MultiPoint"",""coordinates"":[]}"
20241117,2024-11-17,0.0,"{""type"":""MultiPoint"",""coordinates"":[]}"
20241118,2024-11-18,0.0,"{""type"":""MultiPoint"",""coordinates"":[]}"
20241119,2024-11-19,0.0,"{""type"":""MultiPoint"",""coordinates"":[]}"
20241120,2024-11-20,0.0,"{""type"":""MultiPoint"",""coordinates"":[]}"
20241121,2024-11-21,0.0,"{""type"":""MultiPoint"",""coordinates"":[]}"
20241122,2024-11-22,0.0,"{""type"":""MultiPoint"",""coordinates"":[]}"
20241123,2024-11-23,48.43046188354492,"{""type"":""MultiPoint"",""coordinates"":[]}"
20241124,2024-11-24,0.0,"{""type"":""MultiPoint"",""coordinates"":[]}"
20241125,2024-11-25,0.0,"{""type"":""MultiPoint"",""coordinates"":[]}"
20241126,2024-11-26,0.0,"{""type"":""MultiPoint"",""coordinates"":[]}"
20241127,2024-11-27,8.708786964416504,"{""type"":""MultiPoint"",""coordinates"":[]}"
20241128,2024-11-28,0.0,"{""type"":""MultiPoint"",""coordinates"":[]}"
20241129,2024-11-29,8.708786964416504,"{""type"":""MultiPoint"",""coordinates"":[]}"
20241130,2024-11-30,0.0,"{""type"":""MultiPoint"",""coordinates"":[]}"
20241201,2024-12-01,0.0,"{""type"":""MultiPoint"",""coordinates"":[]}"
20241202,2024-12-02,0.0,"{""type"":""MultiPoint"",""coordinates"":[]}"
20241203,2024-12-03,0.0,"{""type"":""MultiPoint"",""coordinates"":[]}"
20241204,2024-12-04,24.60192108154297,"{""type"":""MultiPoint"",""coordinates"":[]}"
20241205,2024-12-05,0.0,"{""type"":""MultiPoint"",""coordinates"":[]}"
20241206,2024-12-06,0.0,"{""type"":""MultiPoint"",""coordinates"":[]}"
20241207,2024-12-07,0.0,"{""type"":""MultiPoint"",""coordinates"":[]}"
20241208,2024-12-08,0.0,"{""type"":""MultiPoint"",""coordinates"":[]}"
20241209,2024-12-09,0.0,"{""type"":""MultiPoint"",""coordinates"":[]}"
20241210,2024-12-10,0.0,"{""type"":""MultiPoint"",""coordinates"":[]}"
20241211,2024-12-11,0.0,"{""type"":""MultiPoint"",""coordinates"":[]}"
20241212,2024-12-12,0.0,"{""type"":""MultiPoint"",""coordinates"":[]}"
20241213,2024-12-13,25.53631019592285,"{""type"":""MultiPoint"",""coordinates"":[]}"
20241214,2024-12-14,0.0,"{""type"":""MultiPoint"",""coordinates"":[]}"
20241215,2024-12-15,0.0,"{""type"":""MultiPoint"",""coordinates"":[]}"
20241216,2024-12-16,0.0,"{""type"":""MultiPoint"",""coordinates"":[]}"
20241217,2024-12-17,0.0,"{""type"":""MultiPoint"",""coordinates"":[]}"
20241218,2024-12-18,0.0,"{""type"":""MultiPoint"",""coordinates"":[]}"
20241219,2024-12-19,16.552549362182617,"{""type"":""MultiPoint"",""coordinates"":[]}"
20241220,2024-12-20,0.0,"{""type"":""MultiPoint"",""coordinates"":[]}"
20241221,2024-12-21,18.858007431030273,"{""type"":""MultiPoint"",""coordinates"":[]}"
20241222,2024-12-22,18.858007431030273,"{""type"":""MultiPoint"",""coordinates"":[]}"
20241223,2024-12-23,0.0,"{""type"":""MultiPoint"",""coordinates"":[]}"
20241224,2024-12-24,18.858007431030273,"{""type"":""MultiPoint"",""coordinates"":[]}"
20241225,2024-12-25,0.0,"{""type"":""MultiPoint"",""coordinates"":[]}"
20241226,2024-12-26,0.0,"{""type"":""MultiPoint"",""coordinates"":[]}"
20241227,2024-12-27,0.0,"{""type"":""MultiPoint"",""coordinates"":[]}"
20241228,2024-12-28,36.79966735839844,"{""type"":""MultiPoint"",""coordinates"":[]}"
20241229,2024-12-29,0.0,"{""type"":""MultiPoint"",""coordinates"":[]}"
20241230,2024-12-30,36.79966735839844,"{""type"":""MultiPoint"",""coordinates"":[]}"
20241231,2024-12-31,0.0,"{""type"":""MultiPoint"",""coordinates"":[]}"
